[0.089s] DEBUG:colcon:Command line arguments: ['/usr/bin/colcon', 'build', '--symlink-install']
[0.089s] DEBUG:colcon:Parsed command line arguments: Namespace(log_base=None, log_level=None, verb_name='build', build_base='build', install_base='install', merge_install=False, symlink_install=True, test_result_base=None, continue_on_error=False, executor='parallel', parallel_workers=4, event_handlers=None, ignore_user_meta=False, metas=['./colcon.meta'], base_paths=['.'], packages_ignore=None, packages_ignore_regex=None, paths=None, packages_up_to=None, packages_up_to_regex=None, packages_above=None, packages_above_and_dependencies=None, packages_above_depth=None, packages_select_by_dep=None, packages_skip_by_dep=None, packages_skip_up_to=None, packages_select_build_failed=False, packages_skip_build_finished=False, packages_select_test_failures=False, packages_skip_test_passed=False, packages_select=None, packages_skip=None, packages_select_regex=None, packages_skip_regex=None, packages_start=None, packages_end=None, allow_overriding=[], cmake_args=None, cmake_target=None, cmake_target_skip_unavailable=False, cmake_clean_cache=False, cmake_clean_first=False, cmake_force_configure=False, ament_cmake_args=None, catkin_cmake_args=None, catkin_skip_building_tests=False, verb_parser=<colcon_defaults.argument_parser.defaults.DefaultArgumentsDecorator object at 0x713a7de6e020>, verb_extension=<colcon_core.verb.build.BuildVerb object at 0x713a7de6db10>, main=<bound method BuildVerb.main of <colcon_core.verb.build.BuildVerb object at 0x713a7de6db10>>)
[0.229s] Level 1:colcon.colcon_core.package_discovery:discover_packages(colcon_meta) check parameters
[0.230s] Level 1:colcon.colcon_core.package_discovery:discover_packages(recursive) check parameters
[0.230s] Level 1:colcon.colcon_core.package_discovery:discover_packages(ignore) check parameters
[0.230s] Level 1:colcon.colcon_core.package_discovery:discover_packages(path) check parameters
[0.230s] Level 1:colcon.colcon_core.package_discovery:discover_packages(colcon_meta) discover
[0.230s] Level 1:colcon.colcon_core.package_discovery:discover_packages(recursive) discover
[0.230s] INFO:colcon.colcon_core.package_discovery:Crawling recursively for packages in '/home/yahboom/intro_ws'
[0.230s] Level 1:colcon.colcon_core.package_identification:_identify(.) by extensions ['ignore', 'ignore_ament_install']
[0.230s] Level 1:colcon.colcon_core.package_identification:_identify(.) by extension 'ignore'
[0.230s] Level 1:colcon.colcon_core.package_identification:_identify(.) by extension 'ignore_ament_install'
[0.230s] Level 1:colcon.colcon_core.package_identification:_identify(.) by extensions ['colcon_pkg']
[0.230s] Level 1:colcon.colcon_core.package_identification:_identify(.) by extension 'colcon_pkg'
[0.230s] Level 1:colcon.colcon_core.package_identification:_identify(.) by extensions ['colcon_meta']
[0.230s] Level 1:colcon.colcon_core.package_identification:_identify(.) by extension 'colcon_meta'
[0.230s] Level 1:colcon.colcon_core.package_identification:_identify(.) by extensions ['ros']
[0.230s] Level 1:colcon.colcon_core.package_identification:_identify(.) by extension 'ros'
[0.243s] Level 1:colcon.colcon_core.package_identification:_identify(.) by extensions ['cmake', 'python']
[0.243s] Level 1:colcon.colcon_core.package_identification:_identify(.) by extension 'cmake'
[0.243s] Level 1:colcon.colcon_core.package_identification:_identify(.) by extension 'python'
[0.243s] Level 1:colcon.colcon_core.package_identification:_identify(.) by extensions ['python_setup_py']
[0.243s] Level 1:colcon.colcon_core.package_identification:_identify(.) by extension 'python_setup_py'
[0.244s] Level 1:colcon.colcon_core.package_identification:_identify(build) by extensions ['ignore', 'ignore_ament_install']
[0.244s] Level 1:colcon.colcon_core.package_identification:_identify(build) by extension 'ignore'
[0.244s] Level 1:colcon.colcon_core.package_identification:_identify(build) ignored
[0.244s] Level 1:colcon.colcon_core.package_identification:_identify(install) by extensions ['ignore', 'ignore_ament_install']
[0.244s] Level 1:colcon.colcon_core.package_identification:_identify(install) by extension 'ignore'
[0.244s] Level 1:colcon.colcon_core.package_identification:_identify(install) ignored
[0.244s] Level 1:colcon.colcon_core.package_identification:_identify(log) by extensions ['ignore', 'ignore_ament_install']
[0.244s] Level 1:colcon.colcon_core.package_identification:_identify(log) by extension 'ignore'
[0.244s] Level 1:colcon.colcon_core.package_identification:_identify(log) ignored
[0.244s] Level 1:colcon.colcon_core.package_identification:_identify(src) by extensions ['ignore', 'ignore_ament_install']
[0.244s] Level 1:colcon.colcon_core.package_identification:_identify(src) by extension 'ignore'
[0.244s] Level 1:colcon.colcon_core.package_identification:_identify(src) by extension 'ignore_ament_install'
[0.244s] Level 1:colcon.colcon_core.package_identification:_identify(src) by extensions ['colcon_pkg']
[0.244s] Level 1:colcon.colcon_core.package_identification:_identify(src) by extension 'colcon_pkg'
[0.244s] Level 1:colcon.colcon_core.package_identification:_identify(src) by extensions ['colcon_meta']
[0.244s] Level 1:colcon.colcon_core.package_identification:_identify(src) by extension 'colcon_meta'
[0.244s] Level 1:colcon.colcon_core.package_identification:_identify(src) by extensions ['ros']
[0.244s] Level 1:colcon.colcon_core.package_identification:_identify(src) by extension 'ros'
[0.244s] Level 1:colcon.colcon_core.package_identification:_identify(src) by extensions ['cmake', 'python']
[0.244s] Level 1:colcon.colcon_core.package_identification:_identify(src) by extension 'cmake'
[0.244s] Level 1:colcon.colcon_core.package_identification:_identify(src) by extension 'python'
[0.244s] Level 1:colcon.colcon_core.package_identification:_identify(src) by extensions ['python_setup_py']
[0.244s] Level 1:colcon.colcon_core.package_identification:_identify(src) by extension 'python_setup_py'
[0.245s] Level 1:colcon.colcon_core.package_identification:_identify(src/examples) by extensions ['ignore', 'ignore_ament_install']
[0.245s] Level 1:colcon.colcon_core.package_identification:_identify(src/examples) by extension 'ignore'
[0.245s] Level 1:colcon.colcon_core.package_identification:_identify(src/examples) by extension 'ignore_ament_install'
[0.245s] Level 1:colcon.colcon_core.package_identification:_identify(src/examples) by extensions ['colcon_pkg']
[0.245s] Level 1:colcon.colcon_core.package_identification:_identify(src/examples) by extension 'colcon_pkg'
[0.245s] Level 1:colcon.colcon_core.package_identification:_identify(src/examples) by extensions ['colcon_meta']
[0.245s] Level 1:colcon.colcon_core.package_identification:_identify(src/examples) by extension 'colcon_meta'
[0.245s] Level 1:colcon.colcon_core.package_identification:_identify(src/examples) by extensions ['ros']
[0.245s] Level 1:colcon.colcon_core.package_identification:_identify(src/examples) by extension 'ros'
[0.245s] Level 1:colcon.colcon_core.package_identification:_identify(src/examples) by extensions ['cmake', 'python']
[0.245s] Level 1:colcon.colcon_core.package_identification:_identify(src/examples) by extension 'cmake'
[0.245s] Level 1:colcon.colcon_core.package_identification:_identify(src/examples) by extension 'python'
[0.245s] Level 1:colcon.colcon_core.package_identification:_identify(src/examples) by extensions ['python_setup_py']
[0.245s] Level 1:colcon.colcon_core.package_identification:_identify(src/examples) by extension 'python_setup_py'
[0.245s] Level 1:colcon.colcon_core.package_identification:_identify(src/examples/launch_testing) by extensions ['ignore', 'ignore_ament_install']
[0.245s] Level 1:colcon.colcon_core.package_identification:_identify(src/examples/launch_testing) by extension 'ignore'
[0.245s] Level 1:colcon.colcon_core.package_identification:_identify(src/examples/launch_testing) by extension 'ignore_ament_install'
[0.245s] Level 1:colcon.colcon_core.package_identification:_identify(src/examples/launch_testing) by extensions ['colcon_pkg']
[0.245s] Level 1:colcon.colcon_core.package_identification:_identify(src/examples/launch_testing) by extension 'colcon_pkg'
[0.245s] Level 1:colcon.colcon_core.package_identification:_identify(src/examples/launch_testing) by extensions ['colcon_meta']
[0.245s] Level 1:colcon.colcon_core.package_identification:_identify(src/examples/launch_testing) by extension 'colcon_meta'
[0.245s] Level 1:colcon.colcon_core.package_identification:_identify(src/examples/launch_testing) by extensions ['ros']
[0.245s] Level 1:colcon.colcon_core.package_identification:_identify(src/examples/launch_testing) by extension 'ros'
[0.245s] Level 1:colcon.colcon_core.package_identification:_identify(src/examples/launch_testing) by extensions ['cmake', 'python']
[0.245s] Level 1:colcon.colcon_core.package_identification:_identify(src/examples/launch_testing) by extension 'cmake'
[0.245s] Level 1:colcon.colcon_core.package_identification:_identify(src/examples/launch_testing) by extension 'python'
[0.245s] Level 1:colcon.colcon_core.package_identification:_identify(src/examples/launch_testing) by extensions ['python_setup_py']
[0.245s] Level 1:colcon.colcon_core.package_identification:_identify(src/examples/launch_testing) by extension 'python_setup_py'
[0.245s] Level 1:colcon.colcon_core.package_identification:_identify(src/examples/launch_testing/launch_testing_examples) by extensions ['ignore', 'ignore_ament_install']
[0.245s] Level 1:colcon.colcon_core.package_identification:_identify(src/examples/launch_testing/launch_testing_examples) by extension 'ignore'
[0.245s] Level 1:colcon.colcon_core.package_identification:_identify(src/examples/launch_testing/launch_testing_examples) by extension 'ignore_ament_install'
[0.245s] Level 1:colcon.colcon_core.package_identification:_identify(src/examples/launch_testing/launch_testing_examples) by extensions ['colcon_pkg']
[0.246s] Level 1:colcon.colcon_core.package_identification:_identify(src/examples/launch_testing/launch_testing_examples) by extension 'colcon_pkg'
[0.246s] Level 1:colcon.colcon_core.package_identification:_identify(src/examples/launch_testing/launch_testing_examples) by extensions ['colcon_meta']
[0.246s] Level 1:colcon.colcon_core.package_identification:_identify(src/examples/launch_testing/launch_testing_examples) by extension 'colcon_meta'
[0.246s] Level 1:colcon.colcon_core.package_identification:_identify(src/examples/launch_testing/launch_testing_examples) by extensions ['ros']
[0.246s] Level 1:colcon.colcon_core.package_identification:_identify(src/examples/launch_testing/launch_testing_examples) by extension 'ros'
[0.248s] DEBUG:colcon.colcon_core.package_identification:Package 'src/examples/launch_testing/launch_testing_examples' with type 'ros.ament_python' and name 'launch_testing_examples'
[0.249s] Level 1:colcon.colcon_core.package_identification:_identify(src/examples/rclcpp) by extensions ['ignore', 'ignore_ament_install']
[0.249s] Level 1:colcon.colcon_core.package_identification:_identify(src/examples/rclcpp) by extension 'ignore'
[0.249s] Level 1:colcon.colcon_core.package_identification:_identify(src/examples/rclcpp) by extension 'ignore_ament_install'
[0.249s] Level 1:colcon.colcon_core.package_identification:_identify(src/examples/rclcpp) by extensions ['colcon_pkg']
[0.249s] Level 1:colcon.colcon_core.package_identification:_identify(src/examples/rclcpp) by extension 'colcon_pkg'
[0.249s] Level 1:colcon.colcon_core.package_identification:_identify(src/examples/rclcpp) by extensions ['colcon_meta']
[0.249s] Level 1:colcon.colcon_core.package_identification:_identify(src/examples/rclcpp) by extension 'colcon_meta'
[0.249s] Level 1:colcon.colcon_core.package_identification:_identify(src/examples/rclcpp) by extensions ['ros']
[0.249s] Level 1:colcon.colcon_core.package_identification:_identify(src/examples/rclcpp) by extension 'ros'
[0.249s] Level 1:colcon.colcon_core.package_identification:_identify(src/examples/rclcpp) by extensions ['cmake', 'python']
[0.249s] Level 1:colcon.colcon_core.package_identification:_identify(src/examples/rclcpp) by extension 'cmake'
[0.249s] Level 1:colcon.colcon_core.package_identification:_identify(src/examples/rclcpp) by extension 'python'
[0.249s] Level 1:colcon.colcon_core.package_identification:_identify(src/examples/rclcpp) by extensions ['python_setup_py']
[0.249s] Level 1:colcon.colcon_core.package_identification:_identify(src/examples/rclcpp) by extension 'python_setup_py'
[0.249s] Level 1:colcon.colcon_core.package_identification:_identify(src/examples/rclcpp/actions) by extensions ['ignore', 'ignore_ament_install']
[0.249s] Level 1:colcon.colcon_core.package_identification:_identify(src/examples/rclcpp/actions) by extension 'ignore'
[0.249s] Level 1:colcon.colcon_core.package_identification:_identify(src/examples/rclcpp/actions) by extension 'ignore_ament_install'
[0.249s] Level 1:colcon.colcon_core.package_identification:_identify(src/examples/rclcpp/actions) by extensions ['colcon_pkg']
[0.249s] Level 1:colcon.colcon_core.package_identification:_identify(src/examples/rclcpp/actions) by extension 'colcon_pkg'
[0.249s] Level 1:colcon.colcon_core.package_identification:_identify(src/examples/rclcpp/actions) by extensions ['colcon_meta']
[0.249s] Level 1:colcon.colcon_core.package_identification:_identify(src/examples/rclcpp/actions) by extension 'colcon_meta'
[0.249s] Level 1:colcon.colcon_core.package_identification:_identify(src/examples/rclcpp/actions) by extensions ['ros']
[0.249s] Level 1:colcon.colcon_core.package_identification:_identify(src/examples/rclcpp/actions) by extension 'ros'
[0.249s] Level 1:colcon.colcon_core.package_identification:_identify(src/examples/rclcpp/actions) by extensions ['cmake', 'python']
[0.249s] Level 1:colcon.colcon_core.package_identification:_identify(src/examples/rclcpp/actions) by extension 'cmake'
[0.249s] Level 1:colcon.colcon_core.package_identification:_identify(src/examples/rclcpp/actions) by extension 'python'
[0.249s] Level 1:colcon.colcon_core.package_identification:_identify(src/examples/rclcpp/actions) by extensions ['python_setup_py']
[0.249s] Level 1:colcon.colcon_core.package_identification:_identify(src/examples/rclcpp/actions) by extension 'python_setup_py'
[0.249s] Level 1:colcon.colcon_core.package_identification:_identify(src/examples/rclcpp/actions/minimal_action_client) by extensions ['ignore', 'ignore_ament_install']
[0.249s] Level 1:colcon.colcon_core.package_identification:_identify(src/examples/rclcpp/actions/minimal_action_client) by extension 'ignore'
[0.249s] Level 1:colcon.colcon_core.package_identification:_identify(src/examples/rclcpp/actions/minimal_action_client) by extension 'ignore_ament_install'
[0.250s] Level 1:colcon.colcon_core.package_identification:_identify(src/examples/rclcpp/actions/minimal_action_client) by extensions ['colcon_pkg']
[0.250s] Level 1:colcon.colcon_core.package_identification:_identify(src/examples/rclcpp/actions/minimal_action_client) by extension 'colcon_pkg'
[0.250s] Level 1:colcon.colcon_core.package_identification:_identify(src/examples/rclcpp/actions/minimal_action_client) by extensions ['colcon_meta']
[0.250s] Level 1:colcon.colcon_core.package_identification:_identify(src/examples/rclcpp/actions/minimal_action_client) by extension 'colcon_meta'
[0.250s] Level 1:colcon.colcon_core.package_identification:_identify(src/examples/rclcpp/actions/minimal_action_client) by extensions ['ros']
[0.250s] Level 1:colcon.colcon_core.package_identification:_identify(src/examples/rclcpp/actions/minimal_action_client) by extension 'ros'
[0.250s] DEBUG:colcon.colcon_core.package_identification:Package 'src/examples/rclcpp/actions/minimal_action_client' with type 'ros.ament_cmake' and name 'examples_rclcpp_minimal_action_client'
[0.250s] Level 1:colcon.colcon_core.package_identification:_identify(src/examples/rclcpp/actions/minimal_action_server) by extensions ['ignore', 'ignore_ament_install']
[0.250s] Level 1:colcon.colcon_core.package_identification:_identify(src/examples/rclcpp/actions/minimal_action_server) by extension 'ignore'
[0.250s] Level 1:colcon.colcon_core.package_identification:_identify(src/examples/rclcpp/actions/minimal_action_server) by extension 'ignore_ament_install'
[0.250s] Level 1:colcon.colcon_core.package_identification:_identify(src/examples/rclcpp/actions/minimal_action_server) by extensions ['colcon_pkg']
[0.250s] Level 1:colcon.colcon_core.package_identification:_identify(src/examples/rclcpp/actions/minimal_action_server) by extension 'colcon_pkg'
[0.250s] Level 1:colcon.colcon_core.package_identification:_identify(src/examples/rclcpp/actions/minimal_action_server) by extensions ['colcon_meta']
[0.250s] Level 1:colcon.colcon_core.package_identification:_identify(src/examples/rclcpp/actions/minimal_action_server) by extension 'colcon_meta'
[0.250s] Level 1:colcon.colcon_core.package_identification:_identify(src/examples/rclcpp/actions/minimal_action_server) by extensions ['ros']
[0.250s] Level 1:colcon.colcon_core.package_identification:_identify(src/examples/rclcpp/actions/minimal_action_server) by extension 'ros'
[0.254s] DEBUG:colcon.colcon_core.package_identification:Package 'src/examples/rclcpp/actions/minimal_action_server' with type 'ros.ament_cmake' and name 'examples_rclcpp_minimal_action_server'
[0.254s] Level 1:colcon.colcon_core.package_identification:_identify(src/examples/rclcpp/composition) by extensions ['ignore', 'ignore_ament_install']
[0.254s] Level 1:colcon.colcon_core.package_identification:_identify(src/examples/rclcpp/composition) by extension 'ignore'
[0.254s] Level 1:colcon.colcon_core.package_identification:_identify(src/examples/rclcpp/composition) by extension 'ignore_ament_install'
[0.254s] Level 1:colcon.colcon_core.package_identification:_identify(src/examples/rclcpp/composition) by extensions ['colcon_pkg']
[0.254s] Level 1:colcon.colcon_core.package_identification:_identify(src/examples/rclcpp/composition) by extension 'colcon_pkg'
[0.254s] Level 1:colcon.colcon_core.package_identification:_identify(src/examples/rclcpp/composition) by extensions ['colcon_meta']
[0.254s] Level 1:colcon.colcon_core.package_identification:_identify(src/examples/rclcpp/composition) by extension 'colcon_meta'
[0.254s] Level 1:colcon.colcon_core.package_identification:_identify(src/examples/rclcpp/composition) by extensions ['ros']
[0.254s] Level 1:colcon.colcon_core.package_identification:_identify(src/examples/rclcpp/composition) by extension 'ros'
[0.254s] Level 1:colcon.colcon_core.package_identification:_identify(src/examples/rclcpp/composition) by extensions ['cmake', 'python']
[0.254s] Level 1:colcon.colcon_core.package_identification:_identify(src/examples/rclcpp/composition) by extension 'cmake'
[0.255s] Level 1:colcon.colcon_core.package_identification:_identify(src/examples/rclcpp/composition) by extension 'python'
[0.255s] Level 1:colcon.colcon_core.package_identification:_identify(src/examples/rclcpp/composition) by extensions ['python_setup_py']
[0.255s] Level 1:colcon.colcon_core.package_identification:_identify(src/examples/rclcpp/composition) by extension 'python_setup_py'
[0.255s] Level 1:colcon.colcon_core.package_identification:_identify(src/examples/rclcpp/composition/minimal_composition) by extensions ['ignore', 'ignore_ament_install']
[0.255s] Level 1:colcon.colcon_core.package_identification:_identify(src/examples/rclcpp/composition/minimal_composition) by extension 'ignore'
[0.255s] Level 1:colcon.colcon_core.package_identification:_identify(src/examples/rclcpp/composition/minimal_composition) by extension 'ignore_ament_install'
[0.255s] Level 1:colcon.colcon_core.package_identification:_identify(src/examples/rclcpp/composition/minimal_composition) by extensions ['colcon_pkg']
[0.255s] Level 1:colcon.colcon_core.package_identification:_identify(src/examples/rclcpp/composition/minimal_composition) by extension 'colcon_pkg'
[0.255s] Level 1:colcon.colcon_core.package_identification:_identify(src/examples/rclcpp/composition/minimal_composition) by extensions ['colcon_meta']
[0.255s] Level 1:colcon.colcon_core.package_identification:_identify(src/examples/rclcpp/composition/minimal_composition) by extension 'colcon_meta'
[0.255s] Level 1:colcon.colcon_core.package_identification:_identify(src/examples/rclcpp/composition/minimal_composition) by extensions ['ros']
[0.255s] Level 1:colcon.colcon_core.package_identification:_identify(src/examples/rclcpp/composition/minimal_composition) by extension 'ros'
[0.255s] DEBUG:colcon.colcon_core.package_identification:Package 'src/examples/rclcpp/composition/minimal_composition' with type 'ros.ament_cmake' and name 'examples_rclcpp_minimal_composition'
[0.255s] Level 1:colcon.colcon_core.package_identification:_identify(src/examples/rclcpp/executors) by extensions ['ignore', 'ignore_ament_install']
[0.255s] Level 1:colcon.colcon_core.package_identification:_identify(src/examples/rclcpp/executors) by extension 'ignore'
[0.255s] Level 1:colcon.colcon_core.package_identification:_identify(src/examples/rclcpp/executors) by extension 'ignore_ament_install'
[0.255s] Level 1:colcon.colcon_core.package_identification:_identify(src/examples/rclcpp/executors) by extensions ['colcon_pkg']
[0.255s] Level 1:colcon.colcon_core.package_identification:_identify(src/examples/rclcpp/executors) by extension 'colcon_pkg'
[0.255s] Level 1:colcon.colcon_core.package_identification:_identify(src/examples/rclcpp/executors) by extensions ['colcon_meta']
[0.256s] Level 1:colcon.colcon_core.package_identification:_identify(src/examples/rclcpp/executors) by extension 'colcon_meta'
[0.256s] Level 1:colcon.colcon_core.package_identification:_identify(src/examples/rclcpp/executors) by extensions ['ros']
[0.256s] Level 1:colcon.colcon_core.package_identification:_identify(src/examples/rclcpp/executors) by extension 'ros'
[0.256s] Level 1:colcon.colcon_core.package_identification:_identify(src/examples/rclcpp/executors) by extensions ['cmake', 'python']
[0.256s] Level 1:colcon.colcon_core.package_identification:_identify(src/examples/rclcpp/executors) by extension 'cmake'
[0.256s] Level 1:colcon.colcon_core.package_identification:_identify(src/examples/rclcpp/executors) by extension 'python'
[0.256s] Level 1:colcon.colcon_core.package_identification:_identify(src/examples/rclcpp/executors) by extensions ['python_setup_py']
[0.256s] Level 1:colcon.colcon_core.package_identification:_identify(src/examples/rclcpp/executors) by extension 'python_setup_py'
[0.256s] Level 1:colcon.colcon_core.package_identification:_identify(src/examples/rclcpp/executors/cbg_executor) by extensions ['ignore', 'ignore_ament_install']
[0.256s] Level 1:colcon.colcon_core.package_identification:_identify(src/examples/rclcpp/executors/cbg_executor) by extension 'ignore'
[0.256s] Level 1:colcon.colcon_core.package_identification:_identify(src/examples/rclcpp/executors/cbg_executor) by extension 'ignore_ament_install'
[0.256s] Level 1:colcon.colcon_core.package_identification:_identify(src/examples/rclcpp/executors/cbg_executor) by extensions ['colcon_pkg']
[0.256s] Level 1:colcon.colcon_core.package_identification:_identify(src/examples/rclcpp/executors/cbg_executor) by extension 'colcon_pkg'
[0.256s] Level 1:colcon.colcon_core.package_identification:_identify(src/examples/rclcpp/executors/cbg_executor) by extensions ['colcon_meta']
[0.256s] Level 1:colcon.colcon_core.package_identification:_identify(src/examples/rclcpp/executors/cbg_executor) by extension 'colcon_meta'
[0.256s] Level 1:colcon.colcon_core.package_identification:_identify(src/examples/rclcpp/executors/cbg_executor) by extensions ['ros']
[0.256s] Level 1:colcon.colcon_core.package_identification:_identify(src/examples/rclcpp/executors/cbg_executor) by extension 'ros'
[0.256s] DEBUG:colcon.colcon_core.package_identification:Package 'src/examples/rclcpp/executors/cbg_executor' with type 'ros.ament_cmake' and name 'examples_rclcpp_cbg_executor'
[0.256s] Level 1:colcon.colcon_core.package_identification:_identify(src/examples/rclcpp/executors/multithreaded_executor) by extensions ['ignore', 'ignore_ament_install']
[0.256s] Level 1:colcon.colcon_core.package_identification:_identify(src/examples/rclcpp/executors/multithreaded_executor) by extension 'ignore'
[0.257s] Level 1:colcon.colcon_core.package_identification:_identify(src/examples/rclcpp/executors/multithreaded_executor) by extension 'ignore_ament_install'
[0.257s] Level 1:colcon.colcon_core.package_identification:_identify(src/examples/rclcpp/executors/multithreaded_executor) by extensions ['colcon_pkg']
[0.257s] Level 1:colcon.colcon_core.package_identification:_identify(src/examples/rclcpp/executors/multithreaded_executor) by extension 'colcon_pkg'
[0.257s] Level 1:colcon.colcon_core.package_identification:_identify(src/examples/rclcpp/executors/multithreaded_executor) by extensions ['colcon_meta']
[0.257s] Level 1:colcon.colcon_core.package_identification:_identify(src/examples/rclcpp/executors/multithreaded_executor) by extension 'colcon_meta'
[0.257s] Level 1:colcon.colcon_core.package_identification:_identify(src/examples/rclcpp/executors/multithreaded_executor) by extensions ['ros']
[0.257s] Level 1:colcon.colcon_core.package_identification:_identify(src/examples/rclcpp/executors/multithreaded_executor) by extension 'ros'
[0.257s] DEBUG:colcon.colcon_core.package_identification:Package 'src/examples/rclcpp/executors/multithreaded_executor' with type 'ros.ament_cmake' and name 'examples_rclcpp_multithreaded_executor'
[0.257s] Level 1:colcon.colcon_core.package_identification:_identify(src/examples/rclcpp/services) by extensions ['ignore', 'ignore_ament_install']
[0.257s] Level 1:colcon.colcon_core.package_identification:_identify(src/examples/rclcpp/services) by extension 'ignore'
[0.257s] Level 1:colcon.colcon_core.package_identification:_identify(src/examples/rclcpp/services) by extension 'ignore_ament_install'
[0.257s] Level 1:colcon.colcon_core.package_identification:_identify(src/examples/rclcpp/services) by extensions ['colcon_pkg']
[0.257s] Level 1:colcon.colcon_core.package_identification:_identify(src/examples/rclcpp/services) by extension 'colcon_pkg'
[0.257s] Level 1:colcon.colcon_core.package_identification:_identify(src/examples/rclcpp/services) by extensions ['colcon_meta']
[0.257s] Level 1:colcon.colcon_core.package_identification:_identify(src/examples/rclcpp/services) by extension 'colcon_meta'
[0.257s] Level 1:colcon.colcon_core.package_identification:_identify(src/examples/rclcpp/services) by extensions ['ros']
[0.257s] Level 1:colcon.colcon_core.package_identification:_identify(src/examples/rclcpp/services) by extension 'ros'
[0.257s] Level 1:colcon.colcon_core.package_identification:_identify(src/examples/rclcpp/services) by extensions ['cmake', 'python']
[0.257s] Level 1:colcon.colcon_core.package_identification:_identify(src/examples/rclcpp/services) by extension 'cmake'
[0.257s] Level 1:colcon.colcon_core.package_identification:_identify(src/examples/rclcpp/services) by extension 'python'
[0.257s] Level 1:colcon.colcon_core.package_identification:_identify(src/examples/rclcpp/services) by extensions ['python_setup_py']
[0.257s] Level 1:colcon.colcon_core.package_identification:_identify(src/examples/rclcpp/services) by extension 'python_setup_py'
[0.257s] Level 1:colcon.colcon_core.package_identification:_identify(src/examples/rclcpp/services/async_client) by extensions ['ignore', 'ignore_ament_install']
[0.257s] Level 1:colcon.colcon_core.package_identification:_identify(src/examples/rclcpp/services/async_client) by extension 'ignore'
[0.257s] Level 1:colcon.colcon_core.package_identification:_identify(src/examples/rclcpp/services/async_client) by extension 'ignore_ament_install'
[0.258s] Level 1:colcon.colcon_core.package_identification:_identify(src/examples/rclcpp/services/async_client) by extensions ['colcon_pkg']
[0.258s] Level 1:colcon.colcon_core.package_identification:_identify(src/examples/rclcpp/services/async_client) by extension 'colcon_pkg'
[0.258s] Level 1:colcon.colcon_core.package_identification:_identify(src/examples/rclcpp/services/async_client) by extensions ['colcon_meta']
[0.258s] Level 1:colcon.colcon_core.package_identification:_identify(src/examples/rclcpp/services/async_client) by extension 'colcon_meta'
[0.258s] Level 1:colcon.colcon_core.package_identification:_identify(src/examples/rclcpp/services/async_client) by extensions ['ros']
[0.258s] Level 1:colcon.colcon_core.package_identification:_identify(src/examples/rclcpp/services/async_client) by extension 'ros'
[0.258s] DEBUG:colcon.colcon_core.package_identification:Package 'src/examples/rclcpp/services/async_client' with type 'ros.ament_cmake' and name 'examples_rclcpp_async_client'
[0.258s] Level 1:colcon.colcon_core.package_identification:_identify(src/examples/rclcpp/services/minimal_client) by extensions ['ignore', 'ignore_ament_install']
[0.258s] Level 1:colcon.colcon_core.package_identification:_identify(src/examples/rclcpp/services/minimal_client) by extension 'ignore'
[0.258s] Level 1:colcon.colcon_core.package_identification:_identify(src/examples/rclcpp/services/minimal_client) by extension 'ignore_ament_install'
[0.258s] Level 1:colcon.colcon_core.package_identification:_identify(src/examples/rclcpp/services/minimal_client) by extensions ['colcon_pkg']
[0.258s] Level 1:colcon.colcon_core.package_identification:_identify(src/examples/rclcpp/services/minimal_client) by extension 'colcon_pkg'
[0.258s] Level 1:colcon.colcon_core.package_identification:_identify(src/examples/rclcpp/services/minimal_client) by extensions ['colcon_meta']
[0.258s] Level 1:colcon.colcon_core.package_identification:_identify(src/examples/rclcpp/services/minimal_client) by extension 'colcon_meta'
[0.258s] Level 1:colcon.colcon_core.package_identification:_identify(src/examples/rclcpp/services/minimal_client) by extensions ['ros']
[0.258s] Level 1:colcon.colcon_core.package_identification:_identify(src/examples/rclcpp/services/minimal_client) by extension 'ros'
[0.273s] DEBUG:colcon.colcon_core.package_identification:Package 'src/examples/rclcpp/services/minimal_client' with type 'ros.ament_cmake' and name 'examples_rclcpp_minimal_client'
[0.273s] Level 1:colcon.colcon_core.package_identification:_identify(src/examples/rclcpp/services/minimal_service) by extensions ['ignore', 'ignore_ament_install']
[0.273s] Level 1:colcon.colcon_core.package_identification:_identify(src/examples/rclcpp/services/minimal_service) by extension 'ignore'
[0.273s] Level 1:colcon.colcon_core.package_identification:_identify(src/examples/rclcpp/services/minimal_service) by extension 'ignore_ament_install'
[0.273s] Level 1:colcon.colcon_core.package_identification:_identify(src/examples/rclcpp/services/minimal_service) by extensions ['colcon_pkg']
[0.273s] Level 1:colcon.colcon_core.package_identification:_identify(src/examples/rclcpp/services/minimal_service) by extension 'colcon_pkg'
[0.273s] Level 1:colcon.colcon_core.package_identification:_identify(src/examples/rclcpp/services/minimal_service) by extensions ['colcon_meta']
[0.273s] Level 1:colcon.colcon_core.package_identification:_identify(src/examples/rclcpp/services/minimal_service) by extension 'colcon_meta'
[0.273s] Level 1:colcon.colcon_core.package_identification:_identify(src/examples/rclcpp/services/minimal_service) by extensions ['ros']
[0.273s] Level 1:colcon.colcon_core.package_identification:_identify(src/examples/rclcpp/services/minimal_service) by extension 'ros'
[0.273s] DEBUG:colcon.colcon_core.package_identification:Package 'src/examples/rclcpp/services/minimal_service' with type 'ros.ament_cmake' and name 'examples_rclcpp_minimal_service'
[0.274s] Level 1:colcon.colcon_core.package_identification:_identify(src/examples/rclcpp/timers) by extensions ['ignore', 'ignore_ament_install']
[0.274s] Level 1:colcon.colcon_core.package_identification:_identify(src/examples/rclcpp/timers) by extension 'ignore'
[0.274s] Level 1:colcon.colcon_core.package_identification:_identify(src/examples/rclcpp/timers) by extension 'ignore_ament_install'
[0.274s] Level 1:colcon.colcon_core.package_identification:_identify(src/examples/rclcpp/timers) by extensions ['colcon_pkg']
[0.274s] Level 1:colcon.colcon_core.package_identification:_identify(src/examples/rclcpp/timers) by extension 'colcon_pkg'
[0.274s] Level 1:colcon.colcon_core.package_identification:_identify(src/examples/rclcpp/timers) by extensions ['colcon_meta']
[0.274s] Level 1:colcon.colcon_core.package_identification:_identify(src/examples/rclcpp/timers) by extension 'colcon_meta'
[0.274s] Level 1:colcon.colcon_core.package_identification:_identify(src/examples/rclcpp/timers) by extensions ['ros']
[0.274s] Level 1:colcon.colcon_core.package_identification:_identify(src/examples/rclcpp/timers) by extension 'ros'
[0.274s] Level 1:colcon.colcon_core.package_identification:_identify(src/examples/rclcpp/timers) by extensions ['cmake', 'python']
[0.274s] Level 1:colcon.colcon_core.package_identification:_identify(src/examples/rclcpp/timers) by extension 'cmake'
[0.274s] Level 1:colcon.colcon_core.package_identification:_identify(src/examples/rclcpp/timers) by extension 'python'
[0.274s] Level 1:colcon.colcon_core.package_identification:_identify(src/examples/rclcpp/timers) by extensions ['python_setup_py']
[0.274s] Level 1:colcon.colcon_core.package_identification:_identify(src/examples/rclcpp/timers) by extension 'python_setup_py'
[0.274s] Level 1:colcon.colcon_core.package_identification:_identify(src/examples/rclcpp/timers/minimal_timer) by extensions ['ignore', 'ignore_ament_install']
[0.274s] Level 1:colcon.colcon_core.package_identification:_identify(src/examples/rclcpp/timers/minimal_timer) by extension 'ignore'
[0.274s] Level 1:colcon.colcon_core.package_identification:_identify(src/examples/rclcpp/timers/minimal_timer) by extension 'ignore_ament_install'
[0.274s] Level 1:colcon.colcon_core.package_identification:_identify(src/examples/rclcpp/timers/minimal_timer) by extensions ['colcon_pkg']
[0.274s] Level 1:colcon.colcon_core.package_identification:_identify(src/examples/rclcpp/timers/minimal_timer) by extension 'colcon_pkg'
[0.274s] Level 1:colcon.colcon_core.package_identification:_identify(src/examples/rclcpp/timers/minimal_timer) by extensions ['colcon_meta']
[0.274s] Level 1:colcon.colcon_core.package_identification:_identify(src/examples/rclcpp/timers/minimal_timer) by extension 'colcon_meta'
[0.274s] Level 1:colcon.colcon_core.package_identification:_identify(src/examples/rclcpp/timers/minimal_timer) by extensions ['ros']
[0.274s] Level 1:colcon.colcon_core.package_identification:_identify(src/examples/rclcpp/timers/minimal_timer) by extension 'ros'
[0.275s] DEBUG:colcon.colcon_core.package_identification:Package 'src/examples/rclcpp/timers/minimal_timer' with type 'ros.ament_cmake' and name 'examples_rclcpp_minimal_timer'
[0.275s] Level 1:colcon.colcon_core.package_identification:_identify(src/examples/rclcpp/topics) by extensions ['ignore', 'ignore_ament_install']
[0.275s] Level 1:colcon.colcon_core.package_identification:_identify(src/examples/rclcpp/topics) by extension 'ignore'
[0.275s] Level 1:colcon.colcon_core.package_identification:_identify(src/examples/rclcpp/topics) by extension 'ignore_ament_install'
[0.275s] Level 1:colcon.colcon_core.package_identification:_identify(src/examples/rclcpp/topics) by extensions ['colcon_pkg']
[0.275s] Level 1:colcon.colcon_core.package_identification:_identify(src/examples/rclcpp/topics) by extension 'colcon_pkg'
[0.275s] Level 1:colcon.colcon_core.package_identification:_identify(src/examples/rclcpp/topics) by extensions ['colcon_meta']
[0.275s] Level 1:colcon.colcon_core.package_identification:_identify(src/examples/rclcpp/topics) by extension 'colcon_meta'
[0.275s] Level 1:colcon.colcon_core.package_identification:_identify(src/examples/rclcpp/topics) by extensions ['ros']
[0.275s] Level 1:colcon.colcon_core.package_identification:_identify(src/examples/rclcpp/topics) by extension 'ros'
[0.275s] Level 1:colcon.colcon_core.package_identification:_identify(src/examples/rclcpp/topics) by extensions ['cmake', 'python']
[0.275s] Level 1:colcon.colcon_core.package_identification:_identify(src/examples/rclcpp/topics) by extension 'cmake'
[0.275s] Level 1:colcon.colcon_core.package_identification:_identify(src/examples/rclcpp/topics) by extension 'python'
[0.275s] Level 1:colcon.colcon_core.package_identification:_identify(src/examples/rclcpp/topics) by extensions ['python_setup_py']
[0.275s] Level 1:colcon.colcon_core.package_identification:_identify(src/examples/rclcpp/topics) by extension 'python_setup_py'
[0.275s] Level 1:colcon.colcon_core.package_identification:_identify(src/examples/rclcpp/topics/minimal_publisher) by extensions ['ignore', 'ignore_ament_install']
[0.275s] Level 1:colcon.colcon_core.package_identification:_identify(src/examples/rclcpp/topics/minimal_publisher) by extension 'ignore'
[0.275s] Level 1:colcon.colcon_core.package_identification:_identify(src/examples/rclcpp/topics/minimal_publisher) by extension 'ignore_ament_install'
[0.275s] Level 1:colcon.colcon_core.package_identification:_identify(src/examples/rclcpp/topics/minimal_publisher) by extensions ['colcon_pkg']
[0.275s] Level 1:colcon.colcon_core.package_identification:_identify(src/examples/rclcpp/topics/minimal_publisher) by extension 'colcon_pkg'
[0.275s] Level 1:colcon.colcon_core.package_identification:_identify(src/examples/rclcpp/topics/minimal_publisher) by extensions ['colcon_meta']
[0.275s] Level 1:colcon.colcon_core.package_identification:_identify(src/examples/rclcpp/topics/minimal_publisher) by extension 'colcon_meta'
[0.275s] Level 1:colcon.colcon_core.package_identification:_identify(src/examples/rclcpp/topics/minimal_publisher) by extensions ['ros']
[0.275s] Level 1:colcon.colcon_core.package_identification:_identify(src/examples/rclcpp/topics/minimal_publisher) by extension 'ros'
[0.275s] DEBUG:colcon.colcon_core.package_identification:Package 'src/examples/rclcpp/topics/minimal_publisher' with type 'ros.ament_cmake' and name 'examples_rclcpp_minimal_publisher'
[0.276s] Level 1:colcon.colcon_core.package_identification:_identify(src/examples/rclcpp/topics/minimal_subscriber) by extensions ['ignore', 'ignore_ament_install']
[0.276s] Level 1:colcon.colcon_core.package_identification:_identify(src/examples/rclcpp/topics/minimal_subscriber) by extension 'ignore'
[0.276s] Level 1:colcon.colcon_core.package_identification:_identify(src/examples/rclcpp/topics/minimal_subscriber) by extension 'ignore_ament_install'
[0.276s] Level 1:colcon.colcon_core.package_identification:_identify(src/examples/rclcpp/topics/minimal_subscriber) by extensions ['colcon_pkg']
[0.276s] Level 1:colcon.colcon_core.package_identification:_identify(src/examples/rclcpp/topics/minimal_subscriber) by extension 'colcon_pkg'
[0.276s] Level 1:colcon.colcon_core.package_identification:_identify(src/examples/rclcpp/topics/minimal_subscriber) by extensions ['colcon_meta']
[0.276s] Level 1:colcon.colcon_core.package_identification:_identify(src/examples/rclcpp/topics/minimal_subscriber) by extension 'colcon_meta'
[0.276s] Level 1:colcon.colcon_core.package_identification:_identify(src/examples/rclcpp/topics/minimal_subscriber) by extensions ['ros']
[0.276s] Level 1:colcon.colcon_core.package_identification:_identify(src/examples/rclcpp/topics/minimal_subscriber) by extension 'ros'
[0.276s] DEBUG:colcon.colcon_core.package_identification:Package 'src/examples/rclcpp/topics/minimal_subscriber' with type 'ros.ament_cmake' and name 'examples_rclcpp_minimal_subscriber'
[0.276s] Level 1:colcon.colcon_core.package_identification:_identify(src/examples/rclcpp/wait_set) by extensions ['ignore', 'ignore_ament_install']
[0.276s] Level 1:colcon.colcon_core.package_identification:_identify(src/examples/rclcpp/wait_set) by extension 'ignore'
[0.276s] Level 1:colcon.colcon_core.package_identification:_identify(src/examples/rclcpp/wait_set) by extension 'ignore_ament_install'
[0.277s] Level 1:colcon.colcon_core.package_identification:_identify(src/examples/rclcpp/wait_set) by extensions ['colcon_pkg']
[0.277s] Level 1:colcon.colcon_core.package_identification:_identify(src/examples/rclcpp/wait_set) by extension 'colcon_pkg'
[0.277s] Level 1:colcon.colcon_core.package_identification:_identify(src/examples/rclcpp/wait_set) by extensions ['colcon_meta']
[0.277s] Level 1:colcon.colcon_core.package_identification:_identify(src/examples/rclcpp/wait_set) by extension 'colcon_meta'
[0.277s] Level 1:colcon.colcon_core.package_identification:_identify(src/examples/rclcpp/wait_set) by extensions ['ros']
[0.277s] Level 1:colcon.colcon_core.package_identification:_identify(src/examples/rclcpp/wait_set) by extension 'ros'
[0.277s] DEBUG:colcon.colcon_core.package_identification:Package 'src/examples/rclcpp/wait_set' with type 'ros.ament_cmake' and name 'examples_rclcpp_wait_set'
[0.277s] Level 1:colcon.colcon_core.package_identification:_identify(src/examples/rclpy) by extensions ['ignore', 'ignore_ament_install']
[0.277s] Level 1:colcon.colcon_core.package_identification:_identify(src/examples/rclpy) by extension 'ignore'
[0.278s] Level 1:colcon.colcon_core.package_identification:_identify(src/examples/rclpy) by extension 'ignore_ament_install'
[0.278s] Level 1:colcon.colcon_core.package_identification:_identify(src/examples/rclpy) by extensions ['colcon_pkg']
[0.278s] Level 1:colcon.colcon_core.package_identification:_identify(src/examples/rclpy) by extension 'colcon_pkg'
[0.278s] Level 1:colcon.colcon_core.package_identification:_identify(src/examples/rclpy) by extensions ['colcon_meta']
[0.278s] Level 1:colcon.colcon_core.package_identification:_identify(src/examples/rclpy) by extension 'colcon_meta'
[0.278s] Level 1:colcon.colcon_core.package_identification:_identify(src/examples/rclpy) by extensions ['ros']
[0.278s] Level 1:colcon.colcon_core.package_identification:_identify(src/examples/rclpy) by extension 'ros'
[0.278s] Level 1:colcon.colcon_core.package_identification:_identify(src/examples/rclpy) by extensions ['cmake', 'python']
[0.278s] Level 1:colcon.colcon_core.package_identification:_identify(src/examples/rclpy) by extension 'cmake'
[0.278s] Level 1:colcon.colcon_core.package_identification:_identify(src/examples/rclpy) by extension 'python'
[0.278s] Level 1:colcon.colcon_core.package_identification:_identify(src/examples/rclpy) by extensions ['python_setup_py']
[0.278s] Level 1:colcon.colcon_core.package_identification:_identify(src/examples/rclpy) by extension 'python_setup_py'
[0.278s] Level 1:colcon.colcon_core.package_identification:_identify(src/examples/rclpy/actions) by extensions ['ignore', 'ignore_ament_install']
[0.278s] Level 1:colcon.colcon_core.package_identification:_identify(src/examples/rclpy/actions) by extension 'ignore'
[0.278s] Level 1:colcon.colcon_core.package_identification:_identify(src/examples/rclpy/actions) by extension 'ignore_ament_install'
[0.278s] Level 1:colcon.colcon_core.package_identification:_identify(src/examples/rclpy/actions) by extensions ['colcon_pkg']
[0.278s] Level 1:colcon.colcon_core.package_identification:_identify(src/examples/rclpy/actions) by extension 'colcon_pkg'
[0.278s] Level 1:colcon.colcon_core.package_identification:_identify(src/examples/rclpy/actions) by extensions ['colcon_meta']
[0.278s] Level 1:colcon.colcon_core.package_identification:_identify(src/examples/rclpy/actions) by extension 'colcon_meta'
[0.278s] Level 1:colcon.colcon_core.package_identification:_identify(src/examples/rclpy/actions) by extensions ['ros']
[0.278s] Level 1:colcon.colcon_core.package_identification:_identify(src/examples/rclpy/actions) by extension 'ros'
[0.278s] Level 1:colcon.colcon_core.package_identification:_identify(src/examples/rclpy/actions) by extensions ['cmake', 'python']
[0.278s] Level 1:colcon.colcon_core.package_identification:_identify(src/examples/rclpy/actions) by extension 'cmake'
[0.278s] Level 1:colcon.colcon_core.package_identification:_identify(src/examples/rclpy/actions) by extension 'python'
[0.278s] Level 1:colcon.colcon_core.package_identification:_identify(src/examples/rclpy/actions) by extensions ['python_setup_py']
[0.278s] Level 1:colcon.colcon_core.package_identification:_identify(src/examples/rclpy/actions) by extension 'python_setup_py'
[0.279s] Level 1:colcon.colcon_core.package_identification:_identify(src/examples/rclpy/actions/minimal_action_client) by extensions ['ignore', 'ignore_ament_install']
[0.279s] Level 1:colcon.colcon_core.package_identification:_identify(src/examples/rclpy/actions/minimal_action_client) by extension 'ignore'
[0.279s] Level 1:colcon.colcon_core.package_identification:_identify(src/examples/rclpy/actions/minimal_action_client) by extension 'ignore_ament_install'
[0.279s] Level 1:colcon.colcon_core.package_identification:_identify(src/examples/rclpy/actions/minimal_action_client) by extensions ['colcon_pkg']
[0.279s] Level 1:colcon.colcon_core.package_identification:_identify(src/examples/rclpy/actions/minimal_action_client) by extension 'colcon_pkg'
[0.279s] Level 1:colcon.colcon_core.package_identification:_identify(src/examples/rclpy/actions/minimal_action_client) by extensions ['colcon_meta']
[0.279s] Level 1:colcon.colcon_core.package_identification:_identify(src/examples/rclpy/actions/minimal_action_client) by extension 'colcon_meta'
[0.279s] Level 1:colcon.colcon_core.package_identification:_identify(src/examples/rclpy/actions/minimal_action_client) by extensions ['ros']
[0.279s] Level 1:colcon.colcon_core.package_identification:_identify(src/examples/rclpy/actions/minimal_action_client) by extension 'ros'
[0.279s] DEBUG:colcon.colcon_core.package_identification:Package 'src/examples/rclpy/actions/minimal_action_client' with type 'ros.ament_python' and name 'examples_rclpy_minimal_action_client'
[0.279s] Level 1:colcon.colcon_core.package_identification:_identify(src/examples/rclpy/actions/minimal_action_server) by extensions ['ignore', 'ignore_ament_install']
[0.280s] Level 1:colcon.colcon_core.package_identification:_identify(src/examples/rclpy/actions/minimal_action_server) by extension 'ignore'
[0.280s] Level 1:colcon.colcon_core.package_identification:_identify(src/examples/rclpy/actions/minimal_action_server) by extension 'ignore_ament_install'
[0.280s] Level 1:colcon.colcon_core.package_identification:_identify(src/examples/rclpy/actions/minimal_action_server) by extensions ['colcon_pkg']
[0.280s] Level 1:colcon.colcon_core.package_identification:_identify(src/examples/rclpy/actions/minimal_action_server) by extension 'colcon_pkg'
[0.280s] Level 1:colcon.colcon_core.package_identification:_identify(src/examples/rclpy/actions/minimal_action_server) by extensions ['colcon_meta']
[0.280s] Level 1:colcon.colcon_core.package_identification:_identify(src/examples/rclpy/actions/minimal_action_server) by extension 'colcon_meta'
[0.280s] Level 1:colcon.colcon_core.package_identification:_identify(src/examples/rclpy/actions/minimal_action_server) by extensions ['ros']
[0.280s] Level 1:colcon.colcon_core.package_identification:_identify(src/examples/rclpy/actions/minimal_action_server) by extension 'ros'
[0.280s] DEBUG:colcon.colcon_core.package_identification:Package 'src/examples/rclpy/actions/minimal_action_server' with type 'ros.ament_python' and name 'examples_rclpy_minimal_action_server'
[0.280s] Level 1:colcon.colcon_core.package_identification:_identify(src/examples/rclpy/executors) by extensions ['ignore', 'ignore_ament_install']
[0.280s] Level 1:colcon.colcon_core.package_identification:_identify(src/examples/rclpy/executors) by extension 'ignore'
[0.280s] Level 1:colcon.colcon_core.package_identification:_identify(src/examples/rclpy/executors) by extension 'ignore_ament_install'
[0.280s] Level 1:colcon.colcon_core.package_identification:_identify(src/examples/rclpy/executors) by extensions ['colcon_pkg']
[0.280s] Level 1:colcon.colcon_core.package_identification:_identify(src/examples/rclpy/executors) by extension 'colcon_pkg'
[0.280s] Level 1:colcon.colcon_core.package_identification:_identify(src/examples/rclpy/executors) by extensions ['colcon_meta']
[0.280s] Level 1:colcon.colcon_core.package_identification:_identify(src/examples/rclpy/executors) by extension 'colcon_meta'
[0.280s] Level 1:colcon.colcon_core.package_identification:_identify(src/examples/rclpy/executors) by extensions ['ros']
[0.280s] Level 1:colcon.colcon_core.package_identification:_identify(src/examples/rclpy/executors) by extension 'ros'
[0.281s] DEBUG:colcon.colcon_core.package_identification:Package 'src/examples/rclpy/executors' with type 'ros.ament_python' and name 'examples_rclpy_executors'
[0.281s] Level 1:colcon.colcon_core.package_identification:_identify(src/examples/rclpy/guard_conditions) by extensions ['ignore', 'ignore_ament_install']
[0.281s] Level 1:colcon.colcon_core.package_identification:_identify(src/examples/rclpy/guard_conditions) by extension 'ignore'
[0.281s] Level 1:colcon.colcon_core.package_identification:_identify(src/examples/rclpy/guard_conditions) by extension 'ignore_ament_install'
[0.281s] Level 1:colcon.colcon_core.package_identification:_identify(src/examples/rclpy/guard_conditions) by extensions ['colcon_pkg']
[0.281s] Level 1:colcon.colcon_core.package_identification:_identify(src/examples/rclpy/guard_conditions) by extension 'colcon_pkg'
[0.281s] Level 1:colcon.colcon_core.package_identification:_identify(src/examples/rclpy/guard_conditions) by extensions ['colcon_meta']
[0.281s] Level 1:colcon.colcon_core.package_identification:_identify(src/examples/rclpy/guard_conditions) by extension 'colcon_meta'
[0.281s] Level 1:colcon.colcon_core.package_identification:_identify(src/examples/rclpy/guard_conditions) by extensions ['ros']
[0.281s] Level 1:colcon.colcon_core.package_identification:_identify(src/examples/rclpy/guard_conditions) by extension 'ros'
[0.281s] DEBUG:colcon.colcon_core.package_identification:Package 'src/examples/rclpy/guard_conditions' with type 'ros.ament_python' and name 'examples_rclpy_guard_conditions'
[0.281s] Level 1:colcon.colcon_core.package_identification:_identify(src/examples/rclpy/services) by extensions ['ignore', 'ignore_ament_install']
[0.281s] Level 1:colcon.colcon_core.package_identification:_identify(src/examples/rclpy/services) by extension 'ignore'
[0.281s] Level 1:colcon.colcon_core.package_identification:_identify(src/examples/rclpy/services) by extension 'ignore_ament_install'
[0.281s] Level 1:colcon.colcon_core.package_identification:_identify(src/examples/rclpy/services) by extensions ['colcon_pkg']
[0.281s] Level 1:colcon.colcon_core.package_identification:_identify(src/examples/rclpy/services) by extension 'colcon_pkg'
[0.281s] Level 1:colcon.colcon_core.package_identification:_identify(src/examples/rclpy/services) by extensions ['colcon_meta']
[0.281s] Level 1:colcon.colcon_core.package_identification:_identify(src/examples/rclpy/services) by extension 'colcon_meta'
[0.281s] Level 1:colcon.colcon_core.package_identification:_identify(src/examples/rclpy/services) by extensions ['ros']
[0.281s] Level 1:colcon.colcon_core.package_identification:_identify(src/examples/rclpy/services) by extension 'ros'
[0.282s] Level 1:colcon.colcon_core.package_identification:_identify(src/examples/rclpy/services) by extensions ['cmake', 'python']
[0.282s] Level 1:colcon.colcon_core.package_identification:_identify(src/examples/rclpy/services) by extension 'cmake'
[0.282s] Level 1:colcon.colcon_core.package_identification:_identify(src/examples/rclpy/services) by extension 'python'
[0.282s] Level 1:colcon.colcon_core.package_identification:_identify(src/examples/rclpy/services) by extensions ['python_setup_py']
[0.282s] Level 1:colcon.colcon_core.package_identification:_identify(src/examples/rclpy/services) by extension 'python_setup_py'
[0.282s] Level 1:colcon.colcon_core.package_identification:_identify(src/examples/rclpy/services/minimal_client) by extensions ['ignore', 'ignore_ament_install']
[0.282s] Level 1:colcon.colcon_core.package_identification:_identify(src/examples/rclpy/services/minimal_client) by extension 'ignore'
[0.282s] Level 1:colcon.colcon_core.package_identification:_identify(src/examples/rclpy/services/minimal_client) by extension 'ignore_ament_install'
[0.282s] Level 1:colcon.colcon_core.package_identification:_identify(src/examples/rclpy/services/minimal_client) by extensions ['colcon_pkg']
[0.282s] Level 1:colcon.colcon_core.package_identification:_identify(src/examples/rclpy/services/minimal_client) by extension 'colcon_pkg'
[0.282s] Level 1:colcon.colcon_core.package_identification:_identify(src/examples/rclpy/services/minimal_client) by extensions ['colcon_meta']
[0.282s] Level 1:colcon.colcon_core.package_identification:_identify(src/examples/rclpy/services/minimal_client) by extension 'colcon_meta'
[0.282s] Level 1:colcon.colcon_core.package_identification:_identify(src/examples/rclpy/services/minimal_client) by extensions ['ros']
[0.282s] Level 1:colcon.colcon_core.package_identification:_identify(src/examples/rclpy/services/minimal_client) by extension 'ros'
[0.282s] DEBUG:colcon.colcon_core.package_identification:Package 'src/examples/rclpy/services/minimal_client' with type 'ros.ament_python' and name 'examples_rclpy_minimal_client'
[0.282s] Level 1:colcon.colcon_core.package_identification:_identify(src/examples/rclpy/services/minimal_service) by extensions ['ignore', 'ignore_ament_install']
[0.282s] Level 1:colcon.colcon_core.package_identification:_identify(src/examples/rclpy/services/minimal_service) by extension 'ignore'
[0.282s] Level 1:colcon.colcon_core.package_identification:_identify(src/examples/rclpy/services/minimal_service) by extension 'ignore_ament_install'
[0.283s] Level 1:colcon.colcon_core.package_identification:_identify(src/examples/rclpy/services/minimal_service) by extensions ['colcon_pkg']
[0.283s] Level 1:colcon.colcon_core.package_identification:_identify(src/examples/rclpy/services/minimal_service) by extension 'colcon_pkg'
[0.283s] Level 1:colcon.colcon_core.package_identification:_identify(src/examples/rclpy/services/minimal_service) by extensions ['colcon_meta']
[0.283s] Level 1:colcon.colcon_core.package_identification:_identify(src/examples/rclpy/services/minimal_service) by extension 'colcon_meta'
[0.283s] Level 1:colcon.colcon_core.package_identification:_identify(src/examples/rclpy/services/minimal_service) by extensions ['ros']
[0.283s] Level 1:colcon.colcon_core.package_identification:_identify(src/examples/rclpy/services/minimal_service) by extension 'ros'
[0.283s] DEBUG:colcon.colcon_core.package_identification:Package 'src/examples/rclpy/services/minimal_service' with type 'ros.ament_python' and name 'examples_rclpy_minimal_service'
[0.283s] Level 1:colcon.colcon_core.package_identification:_identify(src/examples/rclpy/topics) by extensions ['ignore', 'ignore_ament_install']
[0.283s] Level 1:colcon.colcon_core.package_identification:_identify(src/examples/rclpy/topics) by extension 'ignore'
[0.283s] Level 1:colcon.colcon_core.package_identification:_identify(src/examples/rclpy/topics) by extension 'ignore_ament_install'
[0.283s] Level 1:colcon.colcon_core.package_identification:_identify(src/examples/rclpy/topics) by extensions ['colcon_pkg']
[0.283s] Level 1:colcon.colcon_core.package_identification:_identify(src/examples/rclpy/topics) by extension 'colcon_pkg'
[0.283s] Level 1:colcon.colcon_core.package_identification:_identify(src/examples/rclpy/topics) by extensions ['colcon_meta']
[0.283s] Level 1:colcon.colcon_core.package_identification:_identify(src/examples/rclpy/topics) by extension 'colcon_meta'
[0.283s] Level 1:colcon.colcon_core.package_identification:_identify(src/examples/rclpy/topics) by extensions ['ros']
[0.283s] Level 1:colcon.colcon_core.package_identification:_identify(src/examples/rclpy/topics) by extension 'ros'
[0.283s] Level 1:colcon.colcon_core.package_identification:_identify(src/examples/rclpy/topics) by extensions ['cmake', 'python']
[0.283s] Level 1:colcon.colcon_core.package_identification:_identify(src/examples/rclpy/topics) by extension 'cmake'
[0.283s] Level 1:colcon.colcon_core.package_identification:_identify(src/examples/rclpy/topics) by extension 'python'
[0.283s] Level 1:colcon.colcon_core.package_identification:_identify(src/examples/rclpy/topics) by extensions ['python_setup_py']
[0.283s] Level 1:colcon.colcon_core.package_identification:_identify(src/examples/rclpy/topics) by extension 'python_setup_py'
[0.283s] Level 1:colcon.colcon_core.package_identification:_identify(src/examples/rclpy/topics/minimal_publisher) by extensions ['ignore', 'ignore_ament_install']
[0.283s] Level 1:colcon.colcon_core.package_identification:_identify(src/examples/rclpy/topics/minimal_publisher) by extension 'ignore'
[0.283s] Level 1:colcon.colcon_core.package_identification:_identify(src/examples/rclpy/topics/minimal_publisher) by extension 'ignore_ament_install'
[0.283s] Level 1:colcon.colcon_core.package_identification:_identify(src/examples/rclpy/topics/minimal_publisher) by extensions ['colcon_pkg']
[0.283s] Level 1:colcon.colcon_core.package_identification:_identify(src/examples/rclpy/topics/minimal_publisher) by extension 'colcon_pkg'
[0.283s] Level 1:colcon.colcon_core.package_identification:_identify(src/examples/rclpy/topics/minimal_publisher) by extensions ['colcon_meta']
[0.283s] Level 1:colcon.colcon_core.package_identification:_identify(src/examples/rclpy/topics/minimal_publisher) by extension 'colcon_meta'
[0.283s] Level 1:colcon.colcon_core.package_identification:_identify(src/examples/rclpy/topics/minimal_publisher) by extensions ['ros']
[0.283s] Level 1:colcon.colcon_core.package_identification:_identify(src/examples/rclpy/topics/minimal_publisher) by extension 'ros'
[0.284s] DEBUG:colcon.colcon_core.package_identification:Package 'src/examples/rclpy/topics/minimal_publisher' with type 'ros.ament_python' and name 'examples_rclpy_minimal_publisher'
[0.284s] Level 1:colcon.colcon_core.package_identification:_identify(src/examples/rclpy/topics/minimal_subscriber) by extensions ['ignore', 'ignore_ament_install']
[0.284s] Level 1:colcon.colcon_core.package_identification:_identify(src/examples/rclpy/topics/minimal_subscriber) by extension 'ignore'
[0.284s] Level 1:colcon.colcon_core.package_identification:_identify(src/examples/rclpy/topics/minimal_subscriber) by extension 'ignore_ament_install'
[0.284s] Level 1:colcon.colcon_core.package_identification:_identify(src/examples/rclpy/topics/minimal_subscriber) by extensions ['colcon_pkg']
[0.284s] Level 1:colcon.colcon_core.package_identification:_identify(src/examples/rclpy/topics/minimal_subscriber) by extension 'colcon_pkg'
[0.284s] Level 1:colcon.colcon_core.package_identification:_identify(src/examples/rclpy/topics/minimal_subscriber) by extensions ['colcon_meta']
[0.284s] Level 1:colcon.colcon_core.package_identification:_identify(src/examples/rclpy/topics/minimal_subscriber) by extension 'colcon_meta'
[0.284s] Level 1:colcon.colcon_core.package_identification:_identify(src/examples/rclpy/topics/minimal_subscriber) by extensions ['ros']
[0.284s] Level 1:colcon.colcon_core.package_identification:_identify(src/examples/rclpy/topics/minimal_subscriber) by extension 'ros'
[0.284s] DEBUG:colcon.colcon_core.package_identification:Package 'src/examples/rclpy/topics/minimal_subscriber' with type 'ros.ament_python' and name 'examples_rclpy_minimal_subscriber'
[0.284s] Level 1:colcon.colcon_core.package_identification:_identify(src/examples/rclpy/topics/pointcloud_publisher) by extensions ['ignore', 'ignore_ament_install']
[0.284s] Level 1:colcon.colcon_core.package_identification:_identify(src/examples/rclpy/topics/pointcloud_publisher) by extension 'ignore'
[0.285s] Level 1:colcon.colcon_core.package_identification:_identify(src/examples/rclpy/topics/pointcloud_publisher) by extension 'ignore_ament_install'
[0.285s] Level 1:colcon.colcon_core.package_identification:_identify(src/examples/rclpy/topics/pointcloud_publisher) by extensions ['colcon_pkg']
[0.285s] Level 1:colcon.colcon_core.package_identification:_identify(src/examples/rclpy/topics/pointcloud_publisher) by extension 'colcon_pkg'
[0.285s] Level 1:colcon.colcon_core.package_identification:_identify(src/examples/rclpy/topics/pointcloud_publisher) by extensions ['colcon_meta']
[0.285s] Level 1:colcon.colcon_core.package_identification:_identify(src/examples/rclpy/topics/pointcloud_publisher) by extension 'colcon_meta'
[0.285s] Level 1:colcon.colcon_core.package_identification:_identify(src/examples/rclpy/topics/pointcloud_publisher) by extensions ['ros']
[0.285s] Level 1:colcon.colcon_core.package_identification:_identify(src/examples/rclpy/topics/pointcloud_publisher) by extension 'ros'
[0.285s] DEBUG:colcon.colcon_core.package_identification:Package 'src/examples/rclpy/topics/pointcloud_publisher' with type 'ros.ament_python' and name 'examples_rclpy_pointcloud_publisher'
[0.285s] Level 1:colcon.colcon_core.package_identification:_identify(src/python_parameters) by extensions ['ignore', 'ignore_ament_install']
[0.285s] Level 1:colcon.colcon_core.package_identification:_identify(src/python_parameters) by extension 'ignore'
[0.285s] Level 1:colcon.colcon_core.package_identification:_identify(src/python_parameters) by extension 'ignore_ament_install'
[0.285s] Level 1:colcon.colcon_core.package_identification:_identify(src/python_parameters) by extensions ['colcon_pkg']
[0.285s] Level 1:colcon.colcon_core.package_identification:_identify(src/python_parameters) by extension 'colcon_pkg'
[0.285s] Level 1:colcon.colcon_core.package_identification:_identify(src/python_parameters) by extensions ['colcon_meta']
[0.285s] Level 1:colcon.colcon_core.package_identification:_identify(src/python_parameters) by extension 'colcon_meta'
[0.285s] Level 1:colcon.colcon_core.package_identification:_identify(src/python_parameters) by extensions ['ros']
[0.285s] Level 1:colcon.colcon_core.package_identification:_identify(src/python_parameters) by extension 'ros'
[0.286s] DEBUG:colcon.colcon_core.package_identification:Package 'src/python_parameters' with type 'ros.ament_python' and name 'python_parameters'
[0.286s] Level 1:colcon.colcon_core.package_identification:_identify(src/test_tf2_py) by extensions ['ignore', 'ignore_ament_install']
[0.286s] Level 1:colcon.colcon_core.package_identification:_identify(src/test_tf2_py) by extension 'ignore'
[0.286s] Level 1:colcon.colcon_core.package_identification:_identify(src/test_tf2_py) by extension 'ignore_ament_install'
[0.286s] Level 1:colcon.colcon_core.package_identification:_identify(src/test_tf2_py) by extensions ['colcon_pkg']
[0.286s] Level 1:colcon.colcon_core.package_identification:_identify(src/test_tf2_py) by extension 'colcon_pkg'
[0.286s] Level 1:colcon.colcon_core.package_identification:_identify(src/test_tf2_py) by extensions ['colcon_meta']
[0.286s] Level 1:colcon.colcon_core.package_identification:_identify(src/test_tf2_py) by extension 'colcon_meta'
[0.286s] Level 1:colcon.colcon_core.package_identification:_identify(src/test_tf2_py) by extensions ['ros']
[0.286s] Level 1:colcon.colcon_core.package_identification:_identify(src/test_tf2_py) by extension 'ros'
[0.286s] DEBUG:colcon.colcon_core.package_identification:Package 'src/test_tf2_py' with type 'ros.ament_python' and name 'test_tf2_py'
[0.286s] Level 1:colcon.colcon_core.package_identification:_identify(src/turtle_interfaces) by extensions ['ignore', 'ignore_ament_install']
[0.286s] Level 1:colcon.colcon_core.package_identification:_identify(src/turtle_interfaces) by extension 'ignore'
[0.286s] Level 1:colcon.colcon_core.package_identification:_identify(src/turtle_interfaces) by extension 'ignore_ament_install'
[0.286s] Level 1:colcon.colcon_core.package_identification:_identify(src/turtle_interfaces) by extensions ['colcon_pkg']
[0.286s] Level 1:colcon.colcon_core.package_identification:_identify(src/turtle_interfaces) by extension 'colcon_pkg'
[0.286s] Level 1:colcon.colcon_core.package_identification:_identify(src/turtle_interfaces) by extensions ['colcon_meta']
[0.286s] Level 1:colcon.colcon_core.package_identification:_identify(src/turtle_interfaces) by extension 'colcon_meta'
[0.286s] Level 1:colcon.colcon_core.package_identification:_identify(src/turtle_interfaces) by extensions ['ros']
[0.286s] Level 1:colcon.colcon_core.package_identification:_identify(src/turtle_interfaces) by extension 'ros'
[0.287s] DEBUG:colcon.colcon_core.package_identification:Package 'src/turtle_interfaces' with type 'ros.ament_cmake' and name 'turtle_interfaces'
[0.287s] Level 1:colcon.colcon_core.package_identification:_identify(src/turtle_test) by extensions ['ignore', 'ignore_ament_install']
[0.287s] Level 1:colcon.colcon_core.package_identification:_identify(src/turtle_test) by extension 'ignore'
[0.287s] Level 1:colcon.colcon_core.package_identification:_identify(src/turtle_test) by extension 'ignore_ament_install'
[0.287s] Level 1:colcon.colcon_core.package_identification:_identify(src/turtle_test) by extensions ['colcon_pkg']
[0.287s] Level 1:colcon.colcon_core.package_identification:_identify(src/turtle_test) by extension 'colcon_pkg'
[0.287s] Level 1:colcon.colcon_core.package_identification:_identify(src/turtle_test) by extensions ['colcon_meta']
[0.287s] Level 1:colcon.colcon_core.package_identification:_identify(src/turtle_test) by extension 'colcon_meta'
[0.287s] Level 1:colcon.colcon_core.package_identification:_identify(src/turtle_test) by extensions ['ros']
[0.287s] Level 1:colcon.colcon_core.package_identification:_identify(src/turtle_test) by extension 'ros'
[0.287s] DEBUG:colcon.colcon_core.package_identification:Package 'src/turtle_test' with type 'ros.ament_python' and name 'turtle_test'
[0.287s] Level 1:colcon.colcon_core.package_discovery:discover_packages(recursive) using defaults
[0.287s] Level 1:colcon.colcon_core.package_discovery:discover_packages(ignore) discover
[0.288s] Level 1:colcon.colcon_core.package_discovery:discover_packages(ignore) using defaults
[0.288s] Level 1:colcon.colcon_core.package_discovery:discover_packages(path) discover
[0.288s] Level 1:colcon.colcon_core.package_discovery:discover_packages(path) using defaults
[0.307s] Level 1:colcon.colcon_core.package_discovery:discover_packages(prefix_path) check parameters
[0.307s] Level 1:colcon.colcon_core.package_discovery:discover_packages(prefix_path) discover
[0.312s] DEBUG:colcon.colcon_installed_package_information.package_discovery:Found 19 installed packages in /home/yahboom/yahboomcar_ws/install
[0.312s] DEBUG:colcon.colcon_installed_package_information.package_discovery:Found 2 installed packages in /home/yahboom/gmapping_ws/install
[0.314s] DEBUG:colcon.colcon_installed_package_information.package_discovery:Found 76 installed packages in /home/yahboom/cartoros2/install
[0.315s] DEBUG:colcon.colcon_installed_package_information.package_discovery:Found 348 installed packages in /opt/ros/humble
[0.318s] Level 1:colcon.colcon_core.package_discovery:discover_packages(prefix_path) using defaults
[0.351s] WARNING:colcon.colcon_core.package_selection:Some selected packages are already built in one or more underlay workspaces:
	'examples_rclpy_minimal_subscriber' is in: /opt/ros/humble
	'examples_rclcpp_minimal_subscriber' is in: /opt/ros/humble
	'examples_rclcpp_minimal_timer' is in: /opt/ros/humble
	'examples_rclpy_minimal_publisher' is in: /opt/ros/humble
	'examples_rclcpp_minimal_publisher' is in: /opt/ros/humble
	'examples_rclcpp_minimal_service' is in: /opt/ros/humble
	'examples_rclpy_minimal_action_client' is in: /opt/ros/humble
	'examples_rclcpp_minimal_action_server' is in: /opt/ros/humble
	'examples_rclpy_minimal_action_server' is in: /opt/ros/humble
	'examples_rclpy_minimal_service' is in: /opt/ros/humble
	'examples_rclcpp_minimal_client' is in: /opt/ros/humble
	'examples_rclcpp_minimal_composition' is in: /opt/ros/humble
	'examples_rclpy_minimal_client' is in: /opt/ros/humble
	'examples_rclcpp_minimal_action_client' is in: /opt/ros/humble
	'examples_rclpy_executors' is in: /opt/ros/humble
	'examples_rclcpp_multithreaded_executor' is in: /opt/ros/humble
If a package in a merged underlay workspace is overridden and it installs headers, then all packages in the overlay must sort their include directories by workspace order. Failure to do so may result in build failures or undefined behavior at run time.
If the overridden package is used by another package in any underlay, then the overriding package in the overlay must be API and ABI compatible or undefined behavior at run time may occur.

If you understand the risks and want to override a package anyways, add the following to the command line:
	--allow-overriding examples_rclcpp_minimal_action_client examples_rclcpp_minimal_action_server examples_rclcpp_minimal_client examples_rclcpp_minimal_composition examples_rclcpp_minimal_publisher examples_rclcpp_minimal_service examples_rclcpp_minimal_subscriber examples_rclcpp_minimal_timer examples_rclcpp_multithreaded_executor examples_rclpy_executors examples_rclpy_minimal_action_client examples_rclpy_minimal_action_server examples_rclpy_minimal_client examples_rclpy_minimal_publisher examples_rclpy_minimal_service examples_rclpy_minimal_subscriber

This may be promoted to an error in a future release of colcon-override-check.
[0.352s] Level 5:colcon.colcon_core.verb:set package 'examples_rclcpp_async_client' build argument 'cmake_args' from command line to 'None'
[0.352s] Level 5:colcon.colcon_core.verb:set package 'examples_rclcpp_async_client' build argument 'cmake_target' from command line to 'None'
[0.352s] Level 5:colcon.colcon_core.verb:set package 'examples_rclcpp_async_client' build argument 'cmake_target_skip_unavailable' from command line to 'False'
[0.352s] Level 5:colcon.colcon_core.verb:set package 'examples_rclcpp_async_client' build argument 'cmake_clean_cache' from command line to 'False'
[0.352s] Level 5:colcon.colcon_core.verb:set package 'examples_rclcpp_async_client' build argument 'cmake_clean_first' from command line to 'False'
[0.352s] Level 5:colcon.colcon_core.verb:set package 'examples_rclcpp_async_client' build argument 'cmake_force_configure' from command line to 'False'
[0.352s] Level 5:colcon.colcon_core.verb:set package 'examples_rclcpp_async_client' build argument 'ament_cmake_args' from command line to 'None'
[0.352s] Level 5:colcon.colcon_core.verb:set package 'examples_rclcpp_async_client' build argument 'catkin_cmake_args' from command line to 'None'
[0.352s] Level 5:colcon.colcon_core.verb:set package 'examples_rclcpp_async_client' build argument 'catkin_skip_building_tests' from command line to 'False'
[0.352s] DEBUG:colcon.colcon_core.verb:Building package 'examples_rclcpp_async_client' with the following arguments: {'ament_cmake_args': None, 'build_base': '/home/yahboom/intro_ws/build/examples_rclcpp_async_client', 'catkin_cmake_args': None, 'catkin_skip_building_tests': False, 'cmake_args': None, 'cmake_clean_cache': False, 'cmake_clean_first': False, 'cmake_force_configure': False, 'cmake_target': None, 'cmake_target_skip_unavailable': False, 'install_base': '/home/yahboom/intro_ws/install/examples_rclcpp_async_client', 'merge_install': False, 'path': '/home/yahboom/intro_ws/src/examples/rclcpp/services/async_client', 'symlink_install': True, 'test_result_base': None}
[0.353s] Level 5:colcon.colcon_core.verb:set package 'examples_rclcpp_cbg_executor' build argument 'cmake_args' from command line to 'None'
[0.353s] Level 5:colcon.colcon_core.verb:set package 'examples_rclcpp_cbg_executor' build argument 'cmake_target' from command line to 'None'
[0.353s] Level 5:colcon.colcon_core.verb:set package 'examples_rclcpp_cbg_executor' build argument 'cmake_target_skip_unavailable' from command line to 'False'
[0.353s] Level 5:colcon.colcon_core.verb:set package 'examples_rclcpp_cbg_executor' build argument 'cmake_clean_cache' from command line to 'False'
[0.353s] Level 5:colcon.colcon_core.verb:set package 'examples_rclcpp_cbg_executor' build argument 'cmake_clean_first' from command line to 'False'
[0.353s] Level 5:colcon.colcon_core.verb:set package 'examples_rclcpp_cbg_executor' build argument 'cmake_force_configure' from command line to 'False'
[0.353s] Level 5:colcon.colcon_core.verb:set package 'examples_rclcpp_cbg_executor' build argument 'ament_cmake_args' from command line to 'None'
[0.353s] Level 5:colcon.colcon_core.verb:set package 'examples_rclcpp_cbg_executor' build argument 'catkin_cmake_args' from command line to 'None'
[0.353s] Level 5:colcon.colcon_core.verb:set package 'examples_rclcpp_cbg_executor' build argument 'catkin_skip_building_tests' from command line to 'False'
[0.353s] DEBUG:colcon.colcon_core.verb:Building package 'examples_rclcpp_cbg_executor' with the following arguments: {'ament_cmake_args': None, 'build_base': '/home/yahboom/intro_ws/build/examples_rclcpp_cbg_executor', 'catkin_cmake_args': None, 'catkin_skip_building_tests': False, 'cmake_args': None, 'cmake_clean_cache': False, 'cmake_clean_first': False, 'cmake_force_configure': False, 'cmake_target': None, 'cmake_target_skip_unavailable': False, 'install_base': '/home/yahboom/intro_ws/install/examples_rclcpp_cbg_executor', 'merge_install': False, 'path': '/home/yahboom/intro_ws/src/examples/rclcpp/executors/cbg_executor', 'symlink_install': True, 'test_result_base': None}
[0.353s] Level 5:colcon.colcon_core.verb:set package 'examples_rclcpp_minimal_action_client' build argument 'cmake_args' from command line to 'None'
[0.354s] Level 5:colcon.colcon_core.verb:set package 'examples_rclcpp_minimal_action_client' build argument 'cmake_target' from command line to 'None'
[0.354s] Level 5:colcon.colcon_core.verb:set package 'examples_rclcpp_minimal_action_client' build argument 'cmake_target_skip_unavailable' from command line to 'False'
[0.354s] Level 5:colcon.colcon_core.verb:set package 'examples_rclcpp_minimal_action_client' build argument 'cmake_clean_cache' from command line to 'False'
[0.354s] Level 5:colcon.colcon_core.verb:set package 'examples_rclcpp_minimal_action_client' build argument 'cmake_clean_first' from command line to 'False'
[0.354s] Level 5:colcon.colcon_core.verb:set package 'examples_rclcpp_minimal_action_client' build argument 'cmake_force_configure' from command line to 'False'
[0.354s] Level 5:colcon.colcon_core.verb:set package 'examples_rclcpp_minimal_action_client' build argument 'ament_cmake_args' from command line to 'None'
[0.354s] Level 5:colcon.colcon_core.verb:set package 'examples_rclcpp_minimal_action_client' build argument 'catkin_cmake_args' from command line to 'None'
[0.354s] Level 5:colcon.colcon_core.verb:set package 'examples_rclcpp_minimal_action_client' build argument 'catkin_skip_building_tests' from command line to 'False'
[0.354s] DEBUG:colcon.colcon_core.verb:Building package 'examples_rclcpp_minimal_action_client' with the following arguments: {'ament_cmake_args': None, 'build_base': '/home/yahboom/intro_ws/build/examples_rclcpp_minimal_action_client', 'catkin_cmake_args': None, 'catkin_skip_building_tests': False, 'cmake_args': None, 'cmake_clean_cache': False, 'cmake_clean_first': False, 'cmake_force_configure': False, 'cmake_target': None, 'cmake_target_skip_unavailable': False, 'install_base': '/home/yahboom/intro_ws/install/examples_rclcpp_minimal_action_client', 'merge_install': False, 'path': '/home/yahboom/intro_ws/src/examples/rclcpp/actions/minimal_action_client', 'symlink_install': True, 'test_result_base': None}
[0.354s] Level 5:colcon.colcon_core.verb:set package 'examples_rclcpp_minimal_action_server' build argument 'cmake_args' from command line to 'None'
[0.354s] Level 5:colcon.colcon_core.verb:set package 'examples_rclcpp_minimal_action_server' build argument 'cmake_target' from command line to 'None'
[0.354s] Level 5:colcon.colcon_core.verb:set package 'examples_rclcpp_minimal_action_server' build argument 'cmake_target_skip_unavailable' from command line to 'False'
[0.354s] Level 5:colcon.colcon_core.verb:set package 'examples_rclcpp_minimal_action_server' build argument 'cmake_clean_cache' from command line to 'False'
[0.354s] Level 5:colcon.colcon_core.verb:set package 'examples_rclcpp_minimal_action_server' build argument 'cmake_clean_first' from command line to 'False'
[0.354s] Level 5:colcon.colcon_core.verb:set package 'examples_rclcpp_minimal_action_server' build argument 'cmake_force_configure' from command line to 'False'
[0.354s] Level 5:colcon.colcon_core.verb:set package 'examples_rclcpp_minimal_action_server' build argument 'ament_cmake_args' from command line to 'None'
[0.354s] Level 5:colcon.colcon_core.verb:set package 'examples_rclcpp_minimal_action_server' build argument 'catkin_cmake_args' from command line to 'None'
[0.354s] Level 5:colcon.colcon_core.verb:set package 'examples_rclcpp_minimal_action_server' build argument 'catkin_skip_building_tests' from command line to 'False'
[0.354s] DEBUG:colcon.colcon_core.verb:Building package 'examples_rclcpp_minimal_action_server' with the following arguments: {'ament_cmake_args': None, 'build_base': '/home/yahboom/intro_ws/build/examples_rclcpp_minimal_action_server', 'catkin_cmake_args': None, 'catkin_skip_building_tests': False, 'cmake_args': None, 'cmake_clean_cache': False, 'cmake_clean_first': False, 'cmake_force_configure': False, 'cmake_target': None, 'cmake_target_skip_unavailable': False, 'install_base': '/home/yahboom/intro_ws/install/examples_rclcpp_minimal_action_server', 'merge_install': False, 'path': '/home/yahboom/intro_ws/src/examples/rclcpp/actions/minimal_action_server', 'symlink_install': True, 'test_result_base': None}
[0.355s] Level 5:colcon.colcon_core.verb:set package 'examples_rclcpp_minimal_client' build argument 'cmake_args' from command line to 'None'
[0.355s] Level 5:colcon.colcon_core.verb:set package 'examples_rclcpp_minimal_client' build argument 'cmake_target' from command line to 'None'
[0.355s] Level 5:colcon.colcon_core.verb:set package 'examples_rclcpp_minimal_client' build argument 'cmake_target_skip_unavailable' from command line to 'False'
[0.355s] Level 5:colcon.colcon_core.verb:set package 'examples_rclcpp_minimal_client' build argument 'cmake_clean_cache' from command line to 'False'
[0.355s] Level 5:colcon.colcon_core.verb:set package 'examples_rclcpp_minimal_client' build argument 'cmake_clean_first' from command line to 'False'
[0.355s] Level 5:colcon.colcon_core.verb:set package 'examples_rclcpp_minimal_client' build argument 'cmake_force_configure' from command line to 'False'
[0.355s] Level 5:colcon.colcon_core.verb:set package 'examples_rclcpp_minimal_client' build argument 'ament_cmake_args' from command line to 'None'
[0.355s] Level 5:colcon.colcon_core.verb:set package 'examples_rclcpp_minimal_client' build argument 'catkin_cmake_args' from command line to 'None'
[0.355s] Level 5:colcon.colcon_core.verb:set package 'examples_rclcpp_minimal_client' build argument 'catkin_skip_building_tests' from command line to 'False'
[0.355s] DEBUG:colcon.colcon_core.verb:Building package 'examples_rclcpp_minimal_client' with the following arguments: {'ament_cmake_args': None, 'build_base': '/home/yahboom/intro_ws/build/examples_rclcpp_minimal_client', 'catkin_cmake_args': None, 'catkin_skip_building_tests': False, 'cmake_args': None, 'cmake_clean_cache': False, 'cmake_clean_first': False, 'cmake_force_configure': False, 'cmake_target': None, 'cmake_target_skip_unavailable': False, 'install_base': '/home/yahboom/intro_ws/install/examples_rclcpp_minimal_client', 'merge_install': False, 'path': '/home/yahboom/intro_ws/src/examples/rclcpp/services/minimal_client', 'symlink_install': True, 'test_result_base': None}
[0.355s] Level 5:colcon.colcon_core.verb:set package 'examples_rclcpp_minimal_composition' build argument 'cmake_args' from command line to 'None'
[0.355s] Level 5:colcon.colcon_core.verb:set package 'examples_rclcpp_minimal_composition' build argument 'cmake_target' from command line to 'None'
[0.355s] Level 5:colcon.colcon_core.verb:set package 'examples_rclcpp_minimal_composition' build argument 'cmake_target_skip_unavailable' from command line to 'False'
[0.355s] Level 5:colcon.colcon_core.verb:set package 'examples_rclcpp_minimal_composition' build argument 'cmake_clean_cache' from command line to 'False'
[0.355s] Level 5:colcon.colcon_core.verb:set package 'examples_rclcpp_minimal_composition' build argument 'cmake_clean_first' from command line to 'False'
[0.355s] Level 5:colcon.colcon_core.verb:set package 'examples_rclcpp_minimal_composition' build argument 'cmake_force_configure' from command line to 'False'
[0.355s] Level 5:colcon.colcon_core.verb:set package 'examples_rclcpp_minimal_composition' build argument 'ament_cmake_args' from command line to 'None'
[0.355s] Level 5:colcon.colcon_core.verb:set package 'examples_rclcpp_minimal_composition' build argument 'catkin_cmake_args' from command line to 'None'
[0.355s] Level 5:colcon.colcon_core.verb:set package 'examples_rclcpp_minimal_composition' build argument 'catkin_skip_building_tests' from command line to 'False'
[0.355s] DEBUG:colcon.colcon_core.verb:Building package 'examples_rclcpp_minimal_composition' with the following arguments: {'ament_cmake_args': None, 'build_base': '/home/yahboom/intro_ws/build/examples_rclcpp_minimal_composition', 'catkin_cmake_args': None, 'catkin_skip_building_tests': False, 'cmake_args': None, 'cmake_clean_cache': False, 'cmake_clean_first': False, 'cmake_force_configure': False, 'cmake_target': None, 'cmake_target_skip_unavailable': False, 'install_base': '/home/yahboom/intro_ws/install/examples_rclcpp_minimal_composition', 'merge_install': False, 'path': '/home/yahboom/intro_ws/src/examples/rclcpp/composition/minimal_composition', 'symlink_install': True, 'test_result_base': None}
[0.355s] Level 5:colcon.colcon_core.verb:set package 'examples_rclcpp_minimal_publisher' build argument 'cmake_args' from command line to 'None'
[0.355s] Level 5:colcon.colcon_core.verb:set package 'examples_rclcpp_minimal_publisher' build argument 'cmake_target' from command line to 'None'
[0.355s] Level 5:colcon.colcon_core.verb:set package 'examples_rclcpp_minimal_publisher' build argument 'cmake_target_skip_unavailable' from command line to 'False'
[0.355s] Level 5:colcon.colcon_core.verb:set package 'examples_rclcpp_minimal_publisher' build argument 'cmake_clean_cache' from command line to 'False'
[0.355s] Level 5:colcon.colcon_core.verb:set package 'examples_rclcpp_minimal_publisher' build argument 'cmake_clean_first' from command line to 'False'
[0.355s] Level 5:colcon.colcon_core.verb:set package 'examples_rclcpp_minimal_publisher' build argument 'cmake_force_configure' from command line to 'False'
[0.355s] Level 5:colcon.colcon_core.verb:set package 'examples_rclcpp_minimal_publisher' build argument 'ament_cmake_args' from command line to 'None'
[0.355s] Level 5:colcon.colcon_core.verb:set package 'examples_rclcpp_minimal_publisher' build argument 'catkin_cmake_args' from command line to 'None'
[0.355s] Level 5:colcon.colcon_core.verb:set package 'examples_rclcpp_minimal_publisher' build argument 'catkin_skip_building_tests' from command line to 'False'
[0.355s] DEBUG:colcon.colcon_core.verb:Building package 'examples_rclcpp_minimal_publisher' with the following arguments: {'ament_cmake_args': None, 'build_base': '/home/yahboom/intro_ws/build/examples_rclcpp_minimal_publisher', 'catkin_cmake_args': None, 'catkin_skip_building_tests': False, 'cmake_args': None, 'cmake_clean_cache': False, 'cmake_clean_first': False, 'cmake_force_configure': False, 'cmake_target': None, 'cmake_target_skip_unavailable': False, 'install_base': '/home/yahboom/intro_ws/install/examples_rclcpp_minimal_publisher', 'merge_install': False, 'path': '/home/yahboom/intro_ws/src/examples/rclcpp/topics/minimal_publisher', 'symlink_install': True, 'test_result_base': None}
[0.356s] Level 5:colcon.colcon_core.verb:set package 'examples_rclcpp_minimal_service' build argument 'cmake_args' from command line to 'None'
[0.356s] Level 5:colcon.colcon_core.verb:set package 'examples_rclcpp_minimal_service' build argument 'cmake_target' from command line to 'None'
[0.356s] Level 5:colcon.colcon_core.verb:set package 'examples_rclcpp_minimal_service' build argument 'cmake_target_skip_unavailable' from command line to 'False'
[0.356s] Level 5:colcon.colcon_core.verb:set package 'examples_rclcpp_minimal_service' build argument 'cmake_clean_cache' from command line to 'False'
[0.356s] Level 5:colcon.colcon_core.verb:set package 'examples_rclcpp_minimal_service' build argument 'cmake_clean_first' from command line to 'False'
[0.356s] Level 5:colcon.colcon_core.verb:set package 'examples_rclcpp_minimal_service' build argument 'cmake_force_configure' from command line to 'False'
[0.356s] Level 5:colcon.colcon_core.verb:set package 'examples_rclcpp_minimal_service' build argument 'ament_cmake_args' from command line to 'None'
[0.356s] Level 5:colcon.colcon_core.verb:set package 'examples_rclcpp_minimal_service' build argument 'catkin_cmake_args' from command line to 'None'
[0.356s] Level 5:colcon.colcon_core.verb:set package 'examples_rclcpp_minimal_service' build argument 'catkin_skip_building_tests' from command line to 'False'
[0.356s] DEBUG:colcon.colcon_core.verb:Building package 'examples_rclcpp_minimal_service' with the following arguments: {'ament_cmake_args': None, 'build_base': '/home/yahboom/intro_ws/build/examples_rclcpp_minimal_service', 'catkin_cmake_args': None, 'catkin_skip_building_tests': False, 'cmake_args': None, 'cmake_clean_cache': False, 'cmake_clean_first': False, 'cmake_force_configure': False, 'cmake_target': None, 'cmake_target_skip_unavailable': False, 'install_base': '/home/yahboom/intro_ws/install/examples_rclcpp_minimal_service', 'merge_install': False, 'path': '/home/yahboom/intro_ws/src/examples/rclcpp/services/minimal_service', 'symlink_install': True, 'test_result_base': None}
[0.356s] Level 5:colcon.colcon_core.verb:set package 'examples_rclcpp_minimal_subscriber' build argument 'cmake_args' from command line to 'None'
[0.356s] Level 5:colcon.colcon_core.verb:set package 'examples_rclcpp_minimal_subscriber' build argument 'cmake_target' from command line to 'None'
[0.356s] Level 5:colcon.colcon_core.verb:set package 'examples_rclcpp_minimal_subscriber' build argument 'cmake_target_skip_unavailable' from command line to 'False'
[0.356s] Level 5:colcon.colcon_core.verb:set package 'examples_rclcpp_minimal_subscriber' build argument 'cmake_clean_cache' from command line to 'False'
[0.356s] Level 5:colcon.colcon_core.verb:set package 'examples_rclcpp_minimal_subscriber' build argument 'cmake_clean_first' from command line to 'False'
[0.356s] Level 5:colcon.colcon_core.verb:set package 'examples_rclcpp_minimal_subscriber' build argument 'cmake_force_configure' from command line to 'False'
[0.356s] Level 5:colcon.colcon_core.verb:set package 'examples_rclcpp_minimal_subscriber' build argument 'ament_cmake_args' from command line to 'None'
[0.356s] Level 5:colcon.colcon_core.verb:set package 'examples_rclcpp_minimal_subscriber' build argument 'catkin_cmake_args' from command line to 'None'
[0.356s] Level 5:colcon.colcon_core.verb:set package 'examples_rclcpp_minimal_subscriber' build argument 'catkin_skip_building_tests' from command line to 'False'
[0.356s] DEBUG:colcon.colcon_core.verb:Building package 'examples_rclcpp_minimal_subscriber' with the following arguments: {'ament_cmake_args': None, 'build_base': '/home/yahboom/intro_ws/build/examples_rclcpp_minimal_subscriber', 'catkin_cmake_args': None, 'catkin_skip_building_tests': False, 'cmake_args': None, 'cmake_clean_cache': False, 'cmake_clean_first': False, 'cmake_force_configure': False, 'cmake_target': None, 'cmake_target_skip_unavailable': False, 'install_base': '/home/yahboom/intro_ws/install/examples_rclcpp_minimal_subscriber', 'merge_install': False, 'path': '/home/yahboom/intro_ws/src/examples/rclcpp/topics/minimal_subscriber', 'symlink_install': True, 'test_result_base': None}
[0.356s] Level 5:colcon.colcon_core.verb:set package 'examples_rclcpp_minimal_timer' build argument 'cmake_args' from command line to 'None'
[0.356s] Level 5:colcon.colcon_core.verb:set package 'examples_rclcpp_minimal_timer' build argument 'cmake_target' from command line to 'None'
[0.356s] Level 5:colcon.colcon_core.verb:set package 'examples_rclcpp_minimal_timer' build argument 'cmake_target_skip_unavailable' from command line to 'False'
[0.356s] Level 5:colcon.colcon_core.verb:set package 'examples_rclcpp_minimal_timer' build argument 'cmake_clean_cache' from command line to 'False'
[0.356s] Level 5:colcon.colcon_core.verb:set package 'examples_rclcpp_minimal_timer' build argument 'cmake_clean_first' from command line to 'False'
[0.356s] Level 5:colcon.colcon_core.verb:set package 'examples_rclcpp_minimal_timer' build argument 'cmake_force_configure' from command line to 'False'
[0.356s] Level 5:colcon.colcon_core.verb:set package 'examples_rclcpp_minimal_timer' build argument 'ament_cmake_args' from command line to 'None'
[0.356s] Level 5:colcon.colcon_core.verb:set package 'examples_rclcpp_minimal_timer' build argument 'catkin_cmake_args' from command line to 'None'
[0.356s] Level 5:colcon.colcon_core.verb:set package 'examples_rclcpp_minimal_timer' build argument 'catkin_skip_building_tests' from command line to 'False'
[0.356s] DEBUG:colcon.colcon_core.verb:Building package 'examples_rclcpp_minimal_timer' with the following arguments: {'ament_cmake_args': None, 'build_base': '/home/yahboom/intro_ws/build/examples_rclcpp_minimal_timer', 'catkin_cmake_args': None, 'catkin_skip_building_tests': False, 'cmake_args': None, 'cmake_clean_cache': False, 'cmake_clean_first': False, 'cmake_force_configure': False, 'cmake_target': None, 'cmake_target_skip_unavailable': False, 'install_base': '/home/yahboom/intro_ws/install/examples_rclcpp_minimal_timer', 'merge_install': False, 'path': '/home/yahboom/intro_ws/src/examples/rclcpp/timers/minimal_timer', 'symlink_install': True, 'test_result_base': None}
[0.356s] Level 5:colcon.colcon_core.verb:set package 'examples_rclcpp_multithreaded_executor' build argument 'cmake_args' from command line to 'None'
[0.357s] Level 5:colcon.colcon_core.verb:set package 'examples_rclcpp_multithreaded_executor' build argument 'cmake_target' from command line to 'None'
[0.357s] Level 5:colcon.colcon_core.verb:set package 'examples_rclcpp_multithreaded_executor' build argument 'cmake_target_skip_unavailable' from command line to 'False'
[0.357s] Level 5:colcon.colcon_core.verb:set package 'examples_rclcpp_multithreaded_executor' build argument 'cmake_clean_cache' from command line to 'False'
[0.357s] Level 5:colcon.colcon_core.verb:set package 'examples_rclcpp_multithreaded_executor' build argument 'cmake_clean_first' from command line to 'False'
[0.357s] Level 5:colcon.colcon_core.verb:set package 'examples_rclcpp_multithreaded_executor' build argument 'cmake_force_configure' from command line to 'False'
[0.357s] Level 5:colcon.colcon_core.verb:set package 'examples_rclcpp_multithreaded_executor' build argument 'ament_cmake_args' from command line to 'None'
[0.357s] Level 5:colcon.colcon_core.verb:set package 'examples_rclcpp_multithreaded_executor' build argument 'catkin_cmake_args' from command line to 'None'
[0.357s] Level 5:colcon.colcon_core.verb:set package 'examples_rclcpp_multithreaded_executor' build argument 'catkin_skip_building_tests' from command line to 'False'
[0.357s] DEBUG:colcon.colcon_core.verb:Building package 'examples_rclcpp_multithreaded_executor' with the following arguments: {'ament_cmake_args': None, 'build_base': '/home/yahboom/intro_ws/build/examples_rclcpp_multithreaded_executor', 'catkin_cmake_args': None, 'catkin_skip_building_tests': False, 'cmake_args': None, 'cmake_clean_cache': False, 'cmake_clean_first': False, 'cmake_force_configure': False, 'cmake_target': None, 'cmake_target_skip_unavailable': False, 'install_base': '/home/yahboom/intro_ws/install/examples_rclcpp_multithreaded_executor', 'merge_install': False, 'path': '/home/yahboom/intro_ws/src/examples/rclcpp/executors/multithreaded_executor', 'symlink_install': True, 'test_result_base': None}
[0.357s] Level 5:colcon.colcon_core.verb:set package 'examples_rclcpp_wait_set' build argument 'cmake_args' from command line to 'None'
[0.357s] Level 5:colcon.colcon_core.verb:set package 'examples_rclcpp_wait_set' build argument 'cmake_target' from command line to 'None'
[0.357s] Level 5:colcon.colcon_core.verb:set package 'examples_rclcpp_wait_set' build argument 'cmake_target_skip_unavailable' from command line to 'False'
[0.357s] Level 5:colcon.colcon_core.verb:set package 'examples_rclcpp_wait_set' build argument 'cmake_clean_cache' from command line to 'False'
[0.357s] Level 5:colcon.colcon_core.verb:set package 'examples_rclcpp_wait_set' build argument 'cmake_clean_first' from command line to 'False'
[0.357s] Level 5:colcon.colcon_core.verb:set package 'examples_rclcpp_wait_set' build argument 'cmake_force_configure' from command line to 'False'
[0.357s] Level 5:colcon.colcon_core.verb:set package 'examples_rclcpp_wait_set' build argument 'ament_cmake_args' from command line to 'None'
[0.357s] Level 5:colcon.colcon_core.verb:set package 'examples_rclcpp_wait_set' build argument 'catkin_cmake_args' from command line to 'None'
[0.357s] Level 5:colcon.colcon_core.verb:set package 'examples_rclcpp_wait_set' build argument 'catkin_skip_building_tests' from command line to 'False'
[0.357s] DEBUG:colcon.colcon_core.verb:Building package 'examples_rclcpp_wait_set' with the following arguments: {'ament_cmake_args': None, 'build_base': '/home/yahboom/intro_ws/build/examples_rclcpp_wait_set', 'catkin_cmake_args': None, 'catkin_skip_building_tests': False, 'cmake_args': None, 'cmake_clean_cache': False, 'cmake_clean_first': False, 'cmake_force_configure': False, 'cmake_target': None, 'cmake_target_skip_unavailable': False, 'install_base': '/home/yahboom/intro_ws/install/examples_rclcpp_wait_set', 'merge_install': False, 'path': '/home/yahboom/intro_ws/src/examples/rclcpp/wait_set', 'symlink_install': True, 'test_result_base': None}
[0.357s] Level 5:colcon.colcon_core.verb:set package 'examples_rclpy_executors' build argument 'cmake_args' from command line to 'None'
[0.357s] Level 5:colcon.colcon_core.verb:set package 'examples_rclpy_executors' build argument 'cmake_target' from command line to 'None'
[0.357s] Level 5:colcon.colcon_core.verb:set package 'examples_rclpy_executors' build argument 'cmake_target_skip_unavailable' from command line to 'False'
[0.357s] Level 5:colcon.colcon_core.verb:set package 'examples_rclpy_executors' build argument 'cmake_clean_cache' from command line to 'False'
[0.357s] Level 5:colcon.colcon_core.verb:set package 'examples_rclpy_executors' build argument 'cmake_clean_first' from command line to 'False'
[0.357s] Level 5:colcon.colcon_core.verb:set package 'examples_rclpy_executors' build argument 'cmake_force_configure' from command line to 'False'
[0.357s] Level 5:colcon.colcon_core.verb:set package 'examples_rclpy_executors' build argument 'ament_cmake_args' from command line to 'None'
[0.357s] Level 5:colcon.colcon_core.verb:set package 'examples_rclpy_executors' build argument 'catkin_cmake_args' from command line to 'None'
[0.357s] Level 5:colcon.colcon_core.verb:set package 'examples_rclpy_executors' build argument 'catkin_skip_building_tests' from command line to 'False'
[0.357s] DEBUG:colcon.colcon_core.verb:Building package 'examples_rclpy_executors' with the following arguments: {'ament_cmake_args': None, 'build_base': '/home/yahboom/intro_ws/build/examples_rclpy_executors', 'catkin_cmake_args': None, 'catkin_skip_building_tests': False, 'cmake_args': None, 'cmake_clean_cache': False, 'cmake_clean_first': False, 'cmake_force_configure': False, 'cmake_target': None, 'cmake_target_skip_unavailable': False, 'install_base': '/home/yahboom/intro_ws/install/examples_rclpy_executors', 'merge_install': False, 'path': '/home/yahboom/intro_ws/src/examples/rclpy/executors', 'symlink_install': True, 'test_result_base': None}
[0.357s] Level 5:colcon.colcon_core.verb:set package 'examples_rclpy_guard_conditions' build argument 'cmake_args' from command line to 'None'
[0.357s] Level 5:colcon.colcon_core.verb:set package 'examples_rclpy_guard_conditions' build argument 'cmake_target' from command line to 'None'
[0.357s] Level 5:colcon.colcon_core.verb:set package 'examples_rclpy_guard_conditions' build argument 'cmake_target_skip_unavailable' from command line to 'False'
[0.357s] Level 5:colcon.colcon_core.verb:set package 'examples_rclpy_guard_conditions' build argument 'cmake_clean_cache' from command line to 'False'
[0.357s] Level 5:colcon.colcon_core.verb:set package 'examples_rclpy_guard_conditions' build argument 'cmake_clean_first' from command line to 'False'
[0.357s] Level 5:colcon.colcon_core.verb:set package 'examples_rclpy_guard_conditions' build argument 'cmake_force_configure' from command line to 'False'
[0.357s] Level 5:colcon.colcon_core.verb:set package 'examples_rclpy_guard_conditions' build argument 'ament_cmake_args' from command line to 'None'
[0.357s] Level 5:colcon.colcon_core.verb:set package 'examples_rclpy_guard_conditions' build argument 'catkin_cmake_args' from command line to 'None'
[0.357s] Level 5:colcon.colcon_core.verb:set package 'examples_rclpy_guard_conditions' build argument 'catkin_skip_building_tests' from command line to 'False'
[0.357s] DEBUG:colcon.colcon_core.verb:Building package 'examples_rclpy_guard_conditions' with the following arguments: {'ament_cmake_args': None, 'build_base': '/home/yahboom/intro_ws/build/examples_rclpy_guard_conditions', 'catkin_cmake_args': None, 'catkin_skip_building_tests': False, 'cmake_args': None, 'cmake_clean_cache': False, 'cmake_clean_first': False, 'cmake_force_configure': False, 'cmake_target': None, 'cmake_target_skip_unavailable': False, 'install_base': '/home/yahboom/intro_ws/install/examples_rclpy_guard_conditions', 'merge_install': False, 'path': '/home/yahboom/intro_ws/src/examples/rclpy/guard_conditions', 'symlink_install': True, 'test_result_base': None}
[0.358s] Level 5:colcon.colcon_core.verb:set package 'examples_rclpy_minimal_action_client' build argument 'cmake_args' from command line to 'None'
[0.358s] Level 5:colcon.colcon_core.verb:set package 'examples_rclpy_minimal_action_client' build argument 'cmake_target' from command line to 'None'
[0.358s] Level 5:colcon.colcon_core.verb:set package 'examples_rclpy_minimal_action_client' build argument 'cmake_target_skip_unavailable' from command line to 'False'
[0.358s] Level 5:colcon.colcon_core.verb:set package 'examples_rclpy_minimal_action_client' build argument 'cmake_clean_cache' from command line to 'False'
[0.358s] Level 5:colcon.colcon_core.verb:set package 'examples_rclpy_minimal_action_client' build argument 'cmake_clean_first' from command line to 'False'
[0.358s] Level 5:colcon.colcon_core.verb:set package 'examples_rclpy_minimal_action_client' build argument 'cmake_force_configure' from command line to 'False'
[0.358s] Level 5:colcon.colcon_core.verb:set package 'examples_rclpy_minimal_action_client' build argument 'ament_cmake_args' from command line to 'None'
[0.358s] Level 5:colcon.colcon_core.verb:set package 'examples_rclpy_minimal_action_client' build argument 'catkin_cmake_args' from command line to 'None'
[0.358s] Level 5:colcon.colcon_core.verb:set package 'examples_rclpy_minimal_action_client' build argument 'catkin_skip_building_tests' from command line to 'False'
[0.358s] DEBUG:colcon.colcon_core.verb:Building package 'examples_rclpy_minimal_action_client' with the following arguments: {'ament_cmake_args': None, 'build_base': '/home/yahboom/intro_ws/build/examples_rclpy_minimal_action_client', 'catkin_cmake_args': None, 'catkin_skip_building_tests': False, 'cmake_args': None, 'cmake_clean_cache': False, 'cmake_clean_first': False, 'cmake_force_configure': False, 'cmake_target': None, 'cmake_target_skip_unavailable': False, 'install_base': '/home/yahboom/intro_ws/install/examples_rclpy_minimal_action_client', 'merge_install': False, 'path': '/home/yahboom/intro_ws/src/examples/rclpy/actions/minimal_action_client', 'symlink_install': True, 'test_result_base': None}
[0.358s] Level 5:colcon.colcon_core.verb:set package 'examples_rclpy_minimal_action_server' build argument 'cmake_args' from command line to 'None'
[0.358s] Level 5:colcon.colcon_core.verb:set package 'examples_rclpy_minimal_action_server' build argument 'cmake_target' from command line to 'None'
[0.358s] Level 5:colcon.colcon_core.verb:set package 'examples_rclpy_minimal_action_server' build argument 'cmake_target_skip_unavailable' from command line to 'False'
[0.358s] Level 5:colcon.colcon_core.verb:set package 'examples_rclpy_minimal_action_server' build argument 'cmake_clean_cache' from command line to 'False'
[0.358s] Level 5:colcon.colcon_core.verb:set package 'examples_rclpy_minimal_action_server' build argument 'cmake_clean_first' from command line to 'False'
[0.358s] Level 5:colcon.colcon_core.verb:set package 'examples_rclpy_minimal_action_server' build argument 'cmake_force_configure' from command line to 'False'
[0.358s] Level 5:colcon.colcon_core.verb:set package 'examples_rclpy_minimal_action_server' build argument 'ament_cmake_args' from command line to 'None'
[0.358s] Level 5:colcon.colcon_core.verb:set package 'examples_rclpy_minimal_action_server' build argument 'catkin_cmake_args' from command line to 'None'
[0.358s] Level 5:colcon.colcon_core.verb:set package 'examples_rclpy_minimal_action_server' build argument 'catkin_skip_building_tests' from command line to 'False'
[0.358s] DEBUG:colcon.colcon_core.verb:Building package 'examples_rclpy_minimal_action_server' with the following arguments: {'ament_cmake_args': None, 'build_base': '/home/yahboom/intro_ws/build/examples_rclpy_minimal_action_server', 'catkin_cmake_args': None, 'catkin_skip_building_tests': False, 'cmake_args': None, 'cmake_clean_cache': False, 'cmake_clean_first': False, 'cmake_force_configure': False, 'cmake_target': None, 'cmake_target_skip_unavailable': False, 'install_base': '/home/yahboom/intro_ws/install/examples_rclpy_minimal_action_server', 'merge_install': False, 'path': '/home/yahboom/intro_ws/src/examples/rclpy/actions/minimal_action_server', 'symlink_install': True, 'test_result_base': None}
[0.358s] Level 5:colcon.colcon_core.verb:set package 'examples_rclpy_minimal_client' build argument 'cmake_args' from command line to 'None'
[0.358s] Level 5:colcon.colcon_core.verb:set package 'examples_rclpy_minimal_client' build argument 'cmake_target' from command line to 'None'
[0.358s] Level 5:colcon.colcon_core.verb:set package 'examples_rclpy_minimal_client' build argument 'cmake_target_skip_unavailable' from command line to 'False'
[0.358s] Level 5:colcon.colcon_core.verb:set package 'examples_rclpy_minimal_client' build argument 'cmake_clean_cache' from command line to 'False'
[0.358s] Level 5:colcon.colcon_core.verb:set package 'examples_rclpy_minimal_client' build argument 'cmake_clean_first' from command line to 'False'
[0.358s] Level 5:colcon.colcon_core.verb:set package 'examples_rclpy_minimal_client' build argument 'cmake_force_configure' from command line to 'False'
[0.358s] Level 5:colcon.colcon_core.verb:set package 'examples_rclpy_minimal_client' build argument 'ament_cmake_args' from command line to 'None'
[0.358s] Level 5:colcon.colcon_core.verb:set package 'examples_rclpy_minimal_client' build argument 'catkin_cmake_args' from command line to 'None'
[0.358s] Level 5:colcon.colcon_core.verb:set package 'examples_rclpy_minimal_client' build argument 'catkin_skip_building_tests' from command line to 'False'
[0.358s] DEBUG:colcon.colcon_core.verb:Building package 'examples_rclpy_minimal_client' with the following arguments: {'ament_cmake_args': None, 'build_base': '/home/yahboom/intro_ws/build/examples_rclpy_minimal_client', 'catkin_cmake_args': None, 'catkin_skip_building_tests': False, 'cmake_args': None, 'cmake_clean_cache': False, 'cmake_clean_first': False, 'cmake_force_configure': False, 'cmake_target': None, 'cmake_target_skip_unavailable': False, 'install_base': '/home/yahboom/intro_ws/install/examples_rclpy_minimal_client', 'merge_install': False, 'path': '/home/yahboom/intro_ws/src/examples/rclpy/services/minimal_client', 'symlink_install': True, 'test_result_base': None}
[0.359s] Level 5:colcon.colcon_core.verb:set package 'examples_rclpy_minimal_publisher' build argument 'cmake_args' from command line to 'None'
[0.359s] Level 5:colcon.colcon_core.verb:set package 'examples_rclpy_minimal_publisher' build argument 'cmake_target' from command line to 'None'
[0.359s] Level 5:colcon.colcon_core.verb:set package 'examples_rclpy_minimal_publisher' build argument 'cmake_target_skip_unavailable' from command line to 'False'
[0.359s] Level 5:colcon.colcon_core.verb:set package 'examples_rclpy_minimal_publisher' build argument 'cmake_clean_cache' from command line to 'False'
[0.359s] Level 5:colcon.colcon_core.verb:set package 'examples_rclpy_minimal_publisher' build argument 'cmake_clean_first' from command line to 'False'
[0.359s] Level 5:colcon.colcon_core.verb:set package 'examples_rclpy_minimal_publisher' build argument 'cmake_force_configure' from command line to 'False'
[0.359s] Level 5:colcon.colcon_core.verb:set package 'examples_rclpy_minimal_publisher' build argument 'ament_cmake_args' from command line to 'None'
[0.359s] Level 5:colcon.colcon_core.verb:set package 'examples_rclpy_minimal_publisher' build argument 'catkin_cmake_args' from command line to 'None'
[0.359s] Level 5:colcon.colcon_core.verb:set package 'examples_rclpy_minimal_publisher' build argument 'catkin_skip_building_tests' from command line to 'False'
[0.359s] DEBUG:colcon.colcon_core.verb:Building package 'examples_rclpy_minimal_publisher' with the following arguments: {'ament_cmake_args': None, 'build_base': '/home/yahboom/intro_ws/build/examples_rclpy_minimal_publisher', 'catkin_cmake_args': None, 'catkin_skip_building_tests': False, 'cmake_args': None, 'cmake_clean_cache': False, 'cmake_clean_first': False, 'cmake_force_configure': False, 'cmake_target': None, 'cmake_target_skip_unavailable': False, 'install_base': '/home/yahboom/intro_ws/install/examples_rclpy_minimal_publisher', 'merge_install': False, 'path': '/home/yahboom/intro_ws/src/examples/rclpy/topics/minimal_publisher', 'symlink_install': True, 'test_result_base': None}
[0.359s] Level 5:colcon.colcon_core.verb:set package 'examples_rclpy_minimal_service' build argument 'cmake_args' from command line to 'None'
[0.359s] Level 5:colcon.colcon_core.verb:set package 'examples_rclpy_minimal_service' build argument 'cmake_target' from command line to 'None'
[0.359s] Level 5:colcon.colcon_core.verb:set package 'examples_rclpy_minimal_service' build argument 'cmake_target_skip_unavailable' from command line to 'False'
[0.359s] Level 5:colcon.colcon_core.verb:set package 'examples_rclpy_minimal_service' build argument 'cmake_clean_cache' from command line to 'False'
[0.359s] Level 5:colcon.colcon_core.verb:set package 'examples_rclpy_minimal_service' build argument 'cmake_clean_first' from command line to 'False'
[0.359s] Level 5:colcon.colcon_core.verb:set package 'examples_rclpy_minimal_service' build argument 'cmake_force_configure' from command line to 'False'
[0.359s] Level 5:colcon.colcon_core.verb:set package 'examples_rclpy_minimal_service' build argument 'ament_cmake_args' from command line to 'None'
[0.359s] Level 5:colcon.colcon_core.verb:set package 'examples_rclpy_minimal_service' build argument 'catkin_cmake_args' from command line to 'None'
[0.359s] Level 5:colcon.colcon_core.verb:set package 'examples_rclpy_minimal_service' build argument 'catkin_skip_building_tests' from command line to 'False'
[0.359s] DEBUG:colcon.colcon_core.verb:Building package 'examples_rclpy_minimal_service' with the following arguments: {'ament_cmake_args': None, 'build_base': '/home/yahboom/intro_ws/build/examples_rclpy_minimal_service', 'catkin_cmake_args': None, 'catkin_skip_building_tests': False, 'cmake_args': None, 'cmake_clean_cache': False, 'cmake_clean_first': False, 'cmake_force_configure': False, 'cmake_target': None, 'cmake_target_skip_unavailable': False, 'install_base': '/home/yahboom/intro_ws/install/examples_rclpy_minimal_service', 'merge_install': False, 'path': '/home/yahboom/intro_ws/src/examples/rclpy/services/minimal_service', 'symlink_install': True, 'test_result_base': None}
[0.359s] Level 5:colcon.colcon_core.verb:set package 'examples_rclpy_minimal_subscriber' build argument 'cmake_args' from command line to 'None'
[0.359s] Level 5:colcon.colcon_core.verb:set package 'examples_rclpy_minimal_subscriber' build argument 'cmake_target' from command line to 'None'
[0.359s] Level 5:colcon.colcon_core.verb:set package 'examples_rclpy_minimal_subscriber' build argument 'cmake_target_skip_unavailable' from command line to 'False'
[0.359s] Level 5:colcon.colcon_core.verb:set package 'examples_rclpy_minimal_subscriber' build argument 'cmake_clean_cache' from command line to 'False'
[0.359s] Level 5:colcon.colcon_core.verb:set package 'examples_rclpy_minimal_subscriber' build argument 'cmake_clean_first' from command line to 'False'
[0.359s] Level 5:colcon.colcon_core.verb:set package 'examples_rclpy_minimal_subscriber' build argument 'cmake_force_configure' from command line to 'False'
[0.359s] Level 5:colcon.colcon_core.verb:set package 'examples_rclpy_minimal_subscriber' build argument 'ament_cmake_args' from command line to 'None'
[0.359s] Level 5:colcon.colcon_core.verb:set package 'examples_rclpy_minimal_subscriber' build argument 'catkin_cmake_args' from command line to 'None'
[0.359s] Level 5:colcon.colcon_core.verb:set package 'examples_rclpy_minimal_subscriber' build argument 'catkin_skip_building_tests' from command line to 'False'
[0.359s] DEBUG:colcon.colcon_core.verb:Building package 'examples_rclpy_minimal_subscriber' with the following arguments: {'ament_cmake_args': None, 'build_base': '/home/yahboom/intro_ws/build/examples_rclpy_minimal_subscriber', 'catkin_cmake_args': None, 'catkin_skip_building_tests': False, 'cmake_args': None, 'cmake_clean_cache': False, 'cmake_clean_first': False, 'cmake_force_configure': False, 'cmake_target': None, 'cmake_target_skip_unavailable': False, 'install_base': '/home/yahboom/intro_ws/install/examples_rclpy_minimal_subscriber', 'merge_install': False, 'path': '/home/yahboom/intro_ws/src/examples/rclpy/topics/minimal_subscriber', 'symlink_install': True, 'test_result_base': None}
[0.359s] Level 5:colcon.colcon_core.verb:set package 'examples_rclpy_pointcloud_publisher' build argument 'cmake_args' from command line to 'None'
[0.359s] Level 5:colcon.colcon_core.verb:set package 'examples_rclpy_pointcloud_publisher' build argument 'cmake_target' from command line to 'None'
[0.359s] Level 5:colcon.colcon_core.verb:set package 'examples_rclpy_pointcloud_publisher' build argument 'cmake_target_skip_unavailable' from command line to 'False'
[0.359s] Level 5:colcon.colcon_core.verb:set package 'examples_rclpy_pointcloud_publisher' build argument 'cmake_clean_cache' from command line to 'False'
[0.359s] Level 5:colcon.colcon_core.verb:set package 'examples_rclpy_pointcloud_publisher' build argument 'cmake_clean_first' from command line to 'False'
[0.359s] Level 5:colcon.colcon_core.verb:set package 'examples_rclpy_pointcloud_publisher' build argument 'cmake_force_configure' from command line to 'False'
[0.359s] Level 5:colcon.colcon_core.verb:set package 'examples_rclpy_pointcloud_publisher' build argument 'ament_cmake_args' from command line to 'None'
[0.360s] Level 5:colcon.colcon_core.verb:set package 'examples_rclpy_pointcloud_publisher' build argument 'catkin_cmake_args' from command line to 'None'
[0.360s] Level 5:colcon.colcon_core.verb:set package 'examples_rclpy_pointcloud_publisher' build argument 'catkin_skip_building_tests' from command line to 'False'
[0.360s] DEBUG:colcon.colcon_core.verb:Building package 'examples_rclpy_pointcloud_publisher' with the following arguments: {'ament_cmake_args': None, 'build_base': '/home/yahboom/intro_ws/build/examples_rclpy_pointcloud_publisher', 'catkin_cmake_args': None, 'catkin_skip_building_tests': False, 'cmake_args': None, 'cmake_clean_cache': False, 'cmake_clean_first': False, 'cmake_force_configure': False, 'cmake_target': None, 'cmake_target_skip_unavailable': False, 'install_base': '/home/yahboom/intro_ws/install/examples_rclpy_pointcloud_publisher', 'merge_install': False, 'path': '/home/yahboom/intro_ws/src/examples/rclpy/topics/pointcloud_publisher', 'symlink_install': True, 'test_result_base': None}
[0.360s] Level 5:colcon.colcon_core.verb:set package 'launch_testing_examples' build argument 'cmake_args' from command line to 'None'
[0.360s] Level 5:colcon.colcon_core.verb:set package 'launch_testing_examples' build argument 'cmake_target' from command line to 'None'
[0.360s] Level 5:colcon.colcon_core.verb:set package 'launch_testing_examples' build argument 'cmake_target_skip_unavailable' from command line to 'False'
[0.360s] Level 5:colcon.colcon_core.verb:set package 'launch_testing_examples' build argument 'cmake_clean_cache' from command line to 'False'
[0.360s] Level 5:colcon.colcon_core.verb:set package 'launch_testing_examples' build argument 'cmake_clean_first' from command line to 'False'
[0.360s] Level 5:colcon.colcon_core.verb:set package 'launch_testing_examples' build argument 'cmake_force_configure' from command line to 'False'
[0.360s] Level 5:colcon.colcon_core.verb:set package 'launch_testing_examples' build argument 'ament_cmake_args' from command line to 'None'
[0.360s] Level 5:colcon.colcon_core.verb:set package 'launch_testing_examples' build argument 'catkin_cmake_args' from command line to 'None'
[0.360s] Level 5:colcon.colcon_core.verb:set package 'launch_testing_examples' build argument 'catkin_skip_building_tests' from command line to 'False'
[0.360s] DEBUG:colcon.colcon_core.verb:Building package 'launch_testing_examples' with the following arguments: {'ament_cmake_args': None, 'build_base': '/home/yahboom/intro_ws/build/launch_testing_examples', 'catkin_cmake_args': None, 'catkin_skip_building_tests': False, 'cmake_args': None, 'cmake_clean_cache': False, 'cmake_clean_first': False, 'cmake_force_configure': False, 'cmake_target': None, 'cmake_target_skip_unavailable': False, 'install_base': '/home/yahboom/intro_ws/install/launch_testing_examples', 'merge_install': False, 'path': '/home/yahboom/intro_ws/src/examples/launch_testing/launch_testing_examples', 'symlink_install': True, 'test_result_base': None}
[0.360s] Level 5:colcon.colcon_core.verb:set package 'python_parameters' build argument 'cmake_args' from command line to 'None'
[0.360s] Level 5:colcon.colcon_core.verb:set package 'python_parameters' build argument 'cmake_target' from command line to 'None'
[0.360s] Level 5:colcon.colcon_core.verb:set package 'python_parameters' build argument 'cmake_target_skip_unavailable' from command line to 'False'
[0.360s] Level 5:colcon.colcon_core.verb:set package 'python_parameters' build argument 'cmake_clean_cache' from command line to 'False'
[0.360s] Level 5:colcon.colcon_core.verb:set package 'python_parameters' build argument 'cmake_clean_first' from command line to 'False'
[0.360s] Level 5:colcon.colcon_core.verb:set package 'python_parameters' build argument 'cmake_force_configure' from command line to 'False'
[0.360s] Level 5:colcon.colcon_core.verb:set package 'python_parameters' build argument 'ament_cmake_args' from command line to 'None'
[0.360s] Level 5:colcon.colcon_core.verb:set package 'python_parameters' build argument 'catkin_cmake_args' from command line to 'None'
[0.360s] Level 5:colcon.colcon_core.verb:set package 'python_parameters' build argument 'catkin_skip_building_tests' from command line to 'False'
[0.360s] DEBUG:colcon.colcon_core.verb:Building package 'python_parameters' with the following arguments: {'ament_cmake_args': None, 'build_base': '/home/yahboom/intro_ws/build/python_parameters', 'catkin_cmake_args': None, 'catkin_skip_building_tests': False, 'cmake_args': None, 'cmake_clean_cache': False, 'cmake_clean_first': False, 'cmake_force_configure': False, 'cmake_target': None, 'cmake_target_skip_unavailable': False, 'install_base': '/home/yahboom/intro_ws/install/python_parameters', 'merge_install': False, 'path': '/home/yahboom/intro_ws/src/python_parameters', 'symlink_install': True, 'test_result_base': None}
[0.360s] Level 5:colcon.colcon_core.verb:set package 'test_tf2_py' build argument 'cmake_args' from command line to 'None'
[0.360s] Level 5:colcon.colcon_core.verb:set package 'test_tf2_py' build argument 'cmake_target' from command line to 'None'
[0.360s] Level 5:colcon.colcon_core.verb:set package 'test_tf2_py' build argument 'cmake_target_skip_unavailable' from command line to 'False'
[0.360s] Level 5:colcon.colcon_core.verb:set package 'test_tf2_py' build argument 'cmake_clean_cache' from command line to 'False'
[0.360s] Level 5:colcon.colcon_core.verb:set package 'test_tf2_py' build argument 'cmake_clean_first' from command line to 'False'
[0.360s] Level 5:colcon.colcon_core.verb:set package 'test_tf2_py' build argument 'cmake_force_configure' from command line to 'False'
[0.361s] Level 5:colcon.colcon_core.verb:set package 'test_tf2_py' build argument 'ament_cmake_args' from command line to 'None'
[0.361s] Level 5:colcon.colcon_core.verb:set package 'test_tf2_py' build argument 'catkin_cmake_args' from command line to 'None'
[0.361s] Level 5:colcon.colcon_core.verb:set package 'test_tf2_py' build argument 'catkin_skip_building_tests' from command line to 'False'
[0.361s] DEBUG:colcon.colcon_core.verb:Building package 'test_tf2_py' with the following arguments: {'ament_cmake_args': None, 'build_base': '/home/yahboom/intro_ws/build/test_tf2_py', 'catkin_cmake_args': None, 'catkin_skip_building_tests': False, 'cmake_args': None, 'cmake_clean_cache': False, 'cmake_clean_first': False, 'cmake_force_configure': False, 'cmake_target': None, 'cmake_target_skip_unavailable': False, 'install_base': '/home/yahboom/intro_ws/install/test_tf2_py', 'merge_install': False, 'path': '/home/yahboom/intro_ws/src/test_tf2_py', 'symlink_install': True, 'test_result_base': None}
[0.361s] Level 5:colcon.colcon_core.verb:set package 'turtle_interfaces' build argument 'cmake_args' from command line to 'None'
[0.361s] Level 5:colcon.colcon_core.verb:set package 'turtle_interfaces' build argument 'cmake_target' from command line to 'None'
[0.361s] Level 5:colcon.colcon_core.verb:set package 'turtle_interfaces' build argument 'cmake_target_skip_unavailable' from command line to 'False'
[0.361s] Level 5:colcon.colcon_core.verb:set package 'turtle_interfaces' build argument 'cmake_clean_cache' from command line to 'False'
[0.361s] Level 5:colcon.colcon_core.verb:set package 'turtle_interfaces' build argument 'cmake_clean_first' from command line to 'False'
[0.361s] Level 5:colcon.colcon_core.verb:set package 'turtle_interfaces' build argument 'cmake_force_configure' from command line to 'False'
[0.361s] Level 5:colcon.colcon_core.verb:set package 'turtle_interfaces' build argument 'ament_cmake_args' from command line to 'None'
[0.361s] Level 5:colcon.colcon_core.verb:set package 'turtle_interfaces' build argument 'catkin_cmake_args' from command line to 'None'
[0.361s] Level 5:colcon.colcon_core.verb:set package 'turtle_interfaces' build argument 'catkin_skip_building_tests' from command line to 'False'
[0.361s] DEBUG:colcon.colcon_core.verb:Building package 'turtle_interfaces' with the following arguments: {'ament_cmake_args': None, 'build_base': '/home/yahboom/intro_ws/build/turtle_interfaces', 'catkin_cmake_args': None, 'catkin_skip_building_tests': False, 'cmake_args': None, 'cmake_clean_cache': False, 'cmake_clean_first': False, 'cmake_force_configure': False, 'cmake_target': None, 'cmake_target_skip_unavailable': False, 'install_base': '/home/yahboom/intro_ws/install/turtle_interfaces', 'merge_install': False, 'path': '/home/yahboom/intro_ws/src/turtle_interfaces', 'symlink_install': True, 'test_result_base': None}
[0.361s] Level 5:colcon.colcon_core.verb:set package 'turtle_test' build argument 'cmake_args' from command line to 'None'
[0.361s] Level 5:colcon.colcon_core.verb:set package 'turtle_test' build argument 'cmake_target' from command line to 'None'
[0.361s] Level 5:colcon.colcon_core.verb:set package 'turtle_test' build argument 'cmake_target_skip_unavailable' from command line to 'False'
[0.361s] Level 5:colcon.colcon_core.verb:set package 'turtle_test' build argument 'cmake_clean_cache' from command line to 'False'
[0.361s] Level 5:colcon.colcon_core.verb:set package 'turtle_test' build argument 'cmake_clean_first' from command line to 'False'
[0.361s] Level 5:colcon.colcon_core.verb:set package 'turtle_test' build argument 'cmake_force_configure' from command line to 'False'
[0.361s] Level 5:colcon.colcon_core.verb:set package 'turtle_test' build argument 'ament_cmake_args' from command line to 'None'
[0.361s] Level 5:colcon.colcon_core.verb:set package 'turtle_test' build argument 'catkin_cmake_args' from command line to 'None'
[0.361s] Level 5:colcon.colcon_core.verb:set package 'turtle_test' build argument 'catkin_skip_building_tests' from command line to 'False'
[0.361s] DEBUG:colcon.colcon_core.verb:Building package 'turtle_test' with the following arguments: {'ament_cmake_args': None, 'build_base': '/home/yahboom/intro_ws/build/turtle_test', 'catkin_cmake_args': None, 'catkin_skip_building_tests': False, 'cmake_args': None, 'cmake_clean_cache': False, 'cmake_clean_first': False, 'cmake_force_configure': False, 'cmake_target': None, 'cmake_target_skip_unavailable': False, 'install_base': '/home/yahboom/intro_ws/install/turtle_test', 'merge_install': False, 'path': '/home/yahboom/intro_ws/src/turtle_test', 'symlink_install': True, 'test_result_base': None}
[0.361s] INFO:colcon.colcon_core.executor:Executing jobs using 'parallel' executor
[0.362s] DEBUG:colcon.colcon_parallel_executor.executor.parallel:run_until_complete
[0.363s] INFO:colcon.colcon_ros.task.ament_cmake.build:Building ROS package in '/home/yahboom/intro_ws/src/turtle_interfaces' with build type 'ament_cmake'
[0.363s] INFO:colcon.colcon_cmake.task.cmake.build:Building CMake package in '/home/yahboom/intro_ws/src/turtle_interfaces'
[0.366s] INFO:colcon.colcon_core.plugin_system:Skipping extension 'colcon_core.shell.bat': Not used on non-Windows systems
[0.366s] INFO:colcon.colcon_core.shell:Skip shell extension 'powershell' for command environment: Not usable outside of PowerShell
[0.366s] DEBUG:colcon.colcon_core.shell:Skip shell extension 'dsv' for command environment
[0.375s] INFO:colcon.colcon_ros.task.ament_cmake.build:Building ROS package in '/home/yahboom/intro_ws/src/examples/rclcpp/services/async_client' with build type 'ament_cmake'
[0.375s] INFO:colcon.colcon_cmake.task.cmake.build:Building CMake package in '/home/yahboom/intro_ws/src/examples/rclcpp/services/async_client'
[0.375s] INFO:colcon.colcon_core.shell:Skip shell extension 'powershell' for command environment: Not usable outside of PowerShell
[0.375s] DEBUG:colcon.colcon_core.shell:Skip shell extension 'dsv' for command environment
[0.385s] INFO:colcon.colcon_ros.task.ament_cmake.build:Building ROS package in '/home/yahboom/intro_ws/src/examples/rclcpp/executors/cbg_executor' with build type 'ament_cmake'
[0.385s] INFO:colcon.colcon_cmake.task.cmake.build:Building CMake package in '/home/yahboom/intro_ws/src/examples/rclcpp/executors/cbg_executor'
[0.386s] INFO:colcon.colcon_core.shell:Skip shell extension 'powershell' for command environment: Not usable outside of PowerShell
[0.386s] DEBUG:colcon.colcon_core.shell:Skip shell extension 'dsv' for command environment
[0.395s] INFO:colcon.colcon_ros.task.ament_cmake.build:Building ROS package in '/home/yahboom/intro_ws/src/examples/rclcpp/actions/minimal_action_client' with build type 'ament_cmake'
[0.395s] INFO:colcon.colcon_cmake.task.cmake.build:Building CMake package in '/home/yahboom/intro_ws/src/examples/rclcpp/actions/minimal_action_client'
[0.395s] INFO:colcon.colcon_core.shell:Skip shell extension 'powershell' for command environment: Not usable outside of PowerShell
[0.395s] DEBUG:colcon.colcon_core.shell:Skip shell extension 'dsv' for command environment
[0.407s] DEBUG:colcon.colcon_core.event_handler.log_command:Invoking command in '/home/yahboom/intro_ws/build/turtle_interfaces': CMAKE_PREFIX_PATH=${CMAKE_PREFIX_PATH}:/home/yahboom/cartoros2/install/yahboomcar_nav:/home/yahboom/cartoros2/install/yahboomcar_ctrl:/home/yahboom/cartoros2/install/yahboom_visual:/home/yahboom/cartoros2/install/yahboom_dog_joint_state:/home/yahboom/cartoros2/install/yahboom_description:/home/yahboom/cartoros2/install/yahboom_color_identify_server:/home/yahboom/cartoros2/install/yahboom_bringup:/home/yahboom/cartoros2/install/yahboom_base:/home/yahboom/cartoros2/install/yahboom_app_save_map:/home/yahboom/cartoros2/install/update_map:/home/yahboom/cartoros2/install/rosboard:/home/yahboom/cartoros2/install/path_planner_server:/home/yahboom/cartoros2/install/nav2_simple_commander:/home/yahboom/cartoros2/install/nav2_gazebo_spawner:/home/yahboom/cartoros2/install/localization_server:/home/yahboom/cartoros2/install/laserscan_to_point_pulisher:/home/yahboom/yahboomcar_ws/install/yahboom_dog_example:/opt/ros/humble /usr/bin/cmake /home/yahboom/intro_ws/src/turtle_interfaces -DAMENT_CMAKE_SYMLINK_INSTALL=1 -DCMAKE_INSTALL_PREFIX=/home/yahboom/intro_ws/install/turtle_interfaces
[0.414s] DEBUG:colcon.colcon_core.event_handler.log_command:Invoking command in '/home/yahboom/intro_ws/build/examples_rclcpp_async_client': CMAKE_PREFIX_PATH=${CMAKE_PREFIX_PATH}:/home/yahboom/cartoros2/install/yahboomcar_nav:/home/yahboom/cartoros2/install/yahboomcar_ctrl:/home/yahboom/cartoros2/install/yahboom_visual:/home/yahboom/cartoros2/install/yahboom_dog_joint_state:/home/yahboom/cartoros2/install/yahboom_description:/home/yahboom/cartoros2/install/yahboom_color_identify_server:/home/yahboom/cartoros2/install/yahboom_bringup:/home/yahboom/cartoros2/install/yahboom_base:/home/yahboom/cartoros2/install/yahboom_app_save_map:/home/yahboom/cartoros2/install/update_map:/home/yahboom/cartoros2/install/rosboard:/home/yahboom/cartoros2/install/path_planner_server:/home/yahboom/cartoros2/install/nav2_simple_commander:/home/yahboom/cartoros2/install/nav2_gazebo_spawner:/home/yahboom/cartoros2/install/localization_server:/home/yahboom/cartoros2/install/laserscan_to_point_pulisher:/home/yahboom/yahboomcar_ws/install/yahboom_dog_example:/opt/ros/humble /usr/bin/cmake /home/yahboom/intro_ws/src/examples/rclcpp/services/async_client -DAMENT_CMAKE_SYMLINK_INSTALL=1 -DCMAKE_INSTALL_PREFIX=/home/yahboom/intro_ws/install/examples_rclcpp_async_client
[0.415s] DEBUG:colcon.colcon_core.event_handler.log_command:Invoking command in '/home/yahboom/intro_ws/build/examples_rclcpp_cbg_executor': CMAKE_PREFIX_PATH=${CMAKE_PREFIX_PATH}:/home/yahboom/cartoros2/install/yahboomcar_nav:/home/yahboom/cartoros2/install/yahboomcar_ctrl:/home/yahboom/cartoros2/install/yahboom_visual:/home/yahboom/cartoros2/install/yahboom_dog_joint_state:/home/yahboom/cartoros2/install/yahboom_description:/home/yahboom/cartoros2/install/yahboom_color_identify_server:/home/yahboom/cartoros2/install/yahboom_bringup:/home/yahboom/cartoros2/install/yahboom_base:/home/yahboom/cartoros2/install/yahboom_app_save_map:/home/yahboom/cartoros2/install/update_map:/home/yahboom/cartoros2/install/rosboard:/home/yahboom/cartoros2/install/path_planner_server:/home/yahboom/cartoros2/install/nav2_simple_commander:/home/yahboom/cartoros2/install/nav2_gazebo_spawner:/home/yahboom/cartoros2/install/localization_server:/home/yahboom/cartoros2/install/laserscan_to_point_pulisher:/home/yahboom/yahboomcar_ws/install/yahboom_dog_example:/opt/ros/humble /usr/bin/cmake /home/yahboom/intro_ws/src/examples/rclcpp/executors/cbg_executor -DAMENT_CMAKE_SYMLINK_INSTALL=1 -DCMAKE_INSTALL_PREFIX=/home/yahboom/intro_ws/install/examples_rclcpp_cbg_executor
[0.427s] DEBUG:colcon.colcon_core.event_handler.log_command:Invoking command in '/home/yahboom/intro_ws/build/examples_rclcpp_minimal_action_client': CMAKE_PREFIX_PATH=${CMAKE_PREFIX_PATH}:/home/yahboom/cartoros2/install/yahboomcar_nav:/home/yahboom/cartoros2/install/yahboomcar_ctrl:/home/yahboom/cartoros2/install/yahboom_visual:/home/yahboom/cartoros2/install/yahboom_dog_joint_state:/home/yahboom/cartoros2/install/yahboom_description:/home/yahboom/cartoros2/install/yahboom_color_identify_server:/home/yahboom/cartoros2/install/yahboom_bringup:/home/yahboom/cartoros2/install/yahboom_base:/home/yahboom/cartoros2/install/yahboom_app_save_map:/home/yahboom/cartoros2/install/update_map:/home/yahboom/cartoros2/install/rosboard:/home/yahboom/cartoros2/install/path_planner_server:/home/yahboom/cartoros2/install/nav2_simple_commander:/home/yahboom/cartoros2/install/nav2_gazebo_spawner:/home/yahboom/cartoros2/install/localization_server:/home/yahboom/cartoros2/install/laserscan_to_point_pulisher:/home/yahboom/yahboomcar_ws/install/yahboom_dog_example:/opt/ros/humble /usr/bin/cmake /home/yahboom/intro_ws/src/examples/rclcpp/actions/minimal_action_client -DAMENT_CMAKE_SYMLINK_INSTALL=1 -DCMAKE_INSTALL_PREFIX=/home/yahboom/intro_ws/install/examples_rclcpp_minimal_action_client
[3.022s] DEBUG:colcon.colcon_core.event_handler.log_command:Invoked command in '/home/yahboom/intro_ws/build/examples_rclcpp_cbg_executor' returned '0': CMAKE_PREFIX_PATH=${CMAKE_PREFIX_PATH}:/home/yahboom/cartoros2/install/yahboomcar_nav:/home/yahboom/cartoros2/install/yahboomcar_ctrl:/home/yahboom/cartoros2/install/yahboom_visual:/home/yahboom/cartoros2/install/yahboom_dog_joint_state:/home/yahboom/cartoros2/install/yahboom_description:/home/yahboom/cartoros2/install/yahboom_color_identify_server:/home/yahboom/cartoros2/install/yahboom_bringup:/home/yahboom/cartoros2/install/yahboom_base:/home/yahboom/cartoros2/install/yahboom_app_save_map:/home/yahboom/cartoros2/install/update_map:/home/yahboom/cartoros2/install/rosboard:/home/yahboom/cartoros2/install/path_planner_server:/home/yahboom/cartoros2/install/nav2_simple_commander:/home/yahboom/cartoros2/install/nav2_gazebo_spawner:/home/yahboom/cartoros2/install/localization_server:/home/yahboom/cartoros2/install/laserscan_to_point_pulisher:/home/yahboom/yahboomcar_ws/install/yahboom_dog_example:/opt/ros/humble /usr/bin/cmake /home/yahboom/intro_ws/src/examples/rclcpp/executors/cbg_executor -DAMENT_CMAKE_SYMLINK_INSTALL=1 -DCMAKE_INSTALL_PREFIX=/home/yahboom/intro_ws/install/examples_rclcpp_cbg_executor
[3.022s] DEBUG:colcon.colcon_core.event_handler.log_command:Invoking command in '/home/yahboom/intro_ws/build/examples_rclcpp_cbg_executor': CMAKE_PREFIX_PATH=${CMAKE_PREFIX_PATH}:/home/yahboom/cartoros2/install/yahboomcar_nav:/home/yahboom/cartoros2/install/yahboomcar_ctrl:/home/yahboom/cartoros2/install/yahboom_visual:/home/yahboom/cartoros2/install/yahboom_dog_joint_state:/home/yahboom/cartoros2/install/yahboom_description:/home/yahboom/cartoros2/install/yahboom_color_identify_server:/home/yahboom/cartoros2/install/yahboom_bringup:/home/yahboom/cartoros2/install/yahboom_base:/home/yahboom/cartoros2/install/yahboom_app_save_map:/home/yahboom/cartoros2/install/update_map:/home/yahboom/cartoros2/install/rosboard:/home/yahboom/cartoros2/install/path_planner_server:/home/yahboom/cartoros2/install/nav2_simple_commander:/home/yahboom/cartoros2/install/nav2_gazebo_spawner:/home/yahboom/cartoros2/install/localization_server:/home/yahboom/cartoros2/install/laserscan_to_point_pulisher:/home/yahboom/yahboomcar_ws/install/yahboom_dog_example:/opt/ros/humble /usr/bin/cmake --build /home/yahboom/intro_ws/build/examples_rclcpp_cbg_executor -- -j4 -l4
[3.084s] DEBUG:colcon.colcon_core.event_handler.log_command:Invoked command in '/home/yahboom/intro_ws/build/turtle_interfaces' returned '0': CMAKE_PREFIX_PATH=${CMAKE_PREFIX_PATH}:/home/yahboom/cartoros2/install/yahboomcar_nav:/home/yahboom/cartoros2/install/yahboomcar_ctrl:/home/yahboom/cartoros2/install/yahboom_visual:/home/yahboom/cartoros2/install/yahboom_dog_joint_state:/home/yahboom/cartoros2/install/yahboom_description:/home/yahboom/cartoros2/install/yahboom_color_identify_server:/home/yahboom/cartoros2/install/yahboom_bringup:/home/yahboom/cartoros2/install/yahboom_base:/home/yahboom/cartoros2/install/yahboom_app_save_map:/home/yahboom/cartoros2/install/update_map:/home/yahboom/cartoros2/install/rosboard:/home/yahboom/cartoros2/install/path_planner_server:/home/yahboom/cartoros2/install/nav2_simple_commander:/home/yahboom/cartoros2/install/nav2_gazebo_spawner:/home/yahboom/cartoros2/install/localization_server:/home/yahboom/cartoros2/install/laserscan_to_point_pulisher:/home/yahboom/yahboomcar_ws/install/yahboom_dog_example:/opt/ros/humble /usr/bin/cmake /home/yahboom/intro_ws/src/turtle_interfaces -DAMENT_CMAKE_SYMLINK_INSTALL=1 -DCMAKE_INSTALL_PREFIX=/home/yahboom/intro_ws/install/turtle_interfaces
[3.086s] DEBUG:colcon.colcon_core.event_handler.log_command:Invoking command in '/home/yahboom/intro_ws/build/turtle_interfaces': CMAKE_PREFIX_PATH=${CMAKE_PREFIX_PATH}:/home/yahboom/cartoros2/install/yahboomcar_nav:/home/yahboom/cartoros2/install/yahboomcar_ctrl:/home/yahboom/cartoros2/install/yahboom_visual:/home/yahboom/cartoros2/install/yahboom_dog_joint_state:/home/yahboom/cartoros2/install/yahboom_description:/home/yahboom/cartoros2/install/yahboom_color_identify_server:/home/yahboom/cartoros2/install/yahboom_bringup:/home/yahboom/cartoros2/install/yahboom_base:/home/yahboom/cartoros2/install/yahboom_app_save_map:/home/yahboom/cartoros2/install/update_map:/home/yahboom/cartoros2/install/rosboard:/home/yahboom/cartoros2/install/path_planner_server:/home/yahboom/cartoros2/install/nav2_simple_commander:/home/yahboom/cartoros2/install/nav2_gazebo_spawner:/home/yahboom/cartoros2/install/localization_server:/home/yahboom/cartoros2/install/laserscan_to_point_pulisher:/home/yahboom/yahboomcar_ws/install/yahboom_dog_example:/opt/ros/humble /usr/bin/cmake --build /home/yahboom/intro_ws/build/turtle_interfaces -- -j4 -l4
[3.098s] DEBUG:colcon.colcon_core.event_handler.log_command:Invoked command in '/home/yahboom/intro_ws/build/examples_rclcpp_minimal_action_client' returned '0': CMAKE_PREFIX_PATH=${CMAKE_PREFIX_PATH}:/home/yahboom/cartoros2/install/yahboomcar_nav:/home/yahboom/cartoros2/install/yahboomcar_ctrl:/home/yahboom/cartoros2/install/yahboom_visual:/home/yahboom/cartoros2/install/yahboom_dog_joint_state:/home/yahboom/cartoros2/install/yahboom_description:/home/yahboom/cartoros2/install/yahboom_color_identify_server:/home/yahboom/cartoros2/install/yahboom_bringup:/home/yahboom/cartoros2/install/yahboom_base:/home/yahboom/cartoros2/install/yahboom_app_save_map:/home/yahboom/cartoros2/install/update_map:/home/yahboom/cartoros2/install/rosboard:/home/yahboom/cartoros2/install/path_planner_server:/home/yahboom/cartoros2/install/nav2_simple_commander:/home/yahboom/cartoros2/install/nav2_gazebo_spawner:/home/yahboom/cartoros2/install/localization_server:/home/yahboom/cartoros2/install/laserscan_to_point_pulisher:/home/yahboom/yahboomcar_ws/install/yahboom_dog_example:/opt/ros/humble /usr/bin/cmake /home/yahboom/intro_ws/src/examples/rclcpp/actions/minimal_action_client -DAMENT_CMAKE_SYMLINK_INSTALL=1 -DCMAKE_INSTALL_PREFIX=/home/yahboom/intro_ws/install/examples_rclcpp_minimal_action_client
[3.106s] DEBUG:colcon.colcon_core.event_handler.log_command:Invoking command in '/home/yahboom/intro_ws/build/examples_rclcpp_minimal_action_client': CMAKE_PREFIX_PATH=${CMAKE_PREFIX_PATH}:/home/yahboom/cartoros2/install/yahboomcar_nav:/home/yahboom/cartoros2/install/yahboomcar_ctrl:/home/yahboom/cartoros2/install/yahboom_visual:/home/yahboom/cartoros2/install/yahboom_dog_joint_state:/home/yahboom/cartoros2/install/yahboom_description:/home/yahboom/cartoros2/install/yahboom_color_identify_server:/home/yahboom/cartoros2/install/yahboom_bringup:/home/yahboom/cartoros2/install/yahboom_base:/home/yahboom/cartoros2/install/yahboom_app_save_map:/home/yahboom/cartoros2/install/update_map:/home/yahboom/cartoros2/install/rosboard:/home/yahboom/cartoros2/install/path_planner_server:/home/yahboom/cartoros2/install/nav2_simple_commander:/home/yahboom/cartoros2/install/nav2_gazebo_spawner:/home/yahboom/cartoros2/install/localization_server:/home/yahboom/cartoros2/install/laserscan_to_point_pulisher:/home/yahboom/yahboomcar_ws/install/yahboom_dog_example:/opt/ros/humble /usr/bin/cmake --build /home/yahboom/intro_ws/build/examples_rclcpp_minimal_action_client -- -j4 -l4
[3.106s] DEBUG:colcon.colcon_core.event_handler.log_command:Invoked command in '/home/yahboom/intro_ws/build/examples_rclcpp_async_client' returned '0': CMAKE_PREFIX_PATH=${CMAKE_PREFIX_PATH}:/home/yahboom/cartoros2/install/yahboomcar_nav:/home/yahboom/cartoros2/install/yahboomcar_ctrl:/home/yahboom/cartoros2/install/yahboom_visual:/home/yahboom/cartoros2/install/yahboom_dog_joint_state:/home/yahboom/cartoros2/install/yahboom_description:/home/yahboom/cartoros2/install/yahboom_color_identify_server:/home/yahboom/cartoros2/install/yahboom_bringup:/home/yahboom/cartoros2/install/yahboom_base:/home/yahboom/cartoros2/install/yahboom_app_save_map:/home/yahboom/cartoros2/install/update_map:/home/yahboom/cartoros2/install/rosboard:/home/yahboom/cartoros2/install/path_planner_server:/home/yahboom/cartoros2/install/nav2_simple_commander:/home/yahboom/cartoros2/install/nav2_gazebo_spawner:/home/yahboom/cartoros2/install/localization_server:/home/yahboom/cartoros2/install/laserscan_to_point_pulisher:/home/yahboom/yahboomcar_ws/install/yahboom_dog_example:/opt/ros/humble /usr/bin/cmake /home/yahboom/intro_ws/src/examples/rclcpp/services/async_client -DAMENT_CMAKE_SYMLINK_INSTALL=1 -DCMAKE_INSTALL_PREFIX=/home/yahboom/intro_ws/install/examples_rclcpp_async_client
[3.106s] DEBUG:colcon.colcon_core.event_handler.log_command:Invoking command in '/home/yahboom/intro_ws/build/examples_rclcpp_async_client': CMAKE_PREFIX_PATH=${CMAKE_PREFIX_PATH}:/home/yahboom/cartoros2/install/yahboomcar_nav:/home/yahboom/cartoros2/install/yahboomcar_ctrl:/home/yahboom/cartoros2/install/yahboom_visual:/home/yahboom/cartoros2/install/yahboom_dog_joint_state:/home/yahboom/cartoros2/install/yahboom_description:/home/yahboom/cartoros2/install/yahboom_color_identify_server:/home/yahboom/cartoros2/install/yahboom_bringup:/home/yahboom/cartoros2/install/yahboom_base:/home/yahboom/cartoros2/install/yahboom_app_save_map:/home/yahboom/cartoros2/install/update_map:/home/yahboom/cartoros2/install/rosboard:/home/yahboom/cartoros2/install/path_planner_server:/home/yahboom/cartoros2/install/nav2_simple_commander:/home/yahboom/cartoros2/install/nav2_gazebo_spawner:/home/yahboom/cartoros2/install/localization_server:/home/yahboom/cartoros2/install/laserscan_to_point_pulisher:/home/yahboom/yahboomcar_ws/install/yahboom_dog_example:/opt/ros/humble /usr/bin/cmake --build /home/yahboom/intro_ws/build/examples_rclcpp_async_client -- -j4 -l4
[20.656s] DEBUG:colcon.colcon_core.event_handler.log_command:Invoked command in '/home/yahboom/intro_ws/build/turtle_interfaces' returned '0': CMAKE_PREFIX_PATH=${CMAKE_PREFIX_PATH}:/home/yahboom/cartoros2/install/yahboomcar_nav:/home/yahboom/cartoros2/install/yahboomcar_ctrl:/home/yahboom/cartoros2/install/yahboom_visual:/home/yahboom/cartoros2/install/yahboom_dog_joint_state:/home/yahboom/cartoros2/install/yahboom_description:/home/yahboom/cartoros2/install/yahboom_color_identify_server:/home/yahboom/cartoros2/install/yahboom_bringup:/home/yahboom/cartoros2/install/yahboom_base:/home/yahboom/cartoros2/install/yahboom_app_save_map:/home/yahboom/cartoros2/install/update_map:/home/yahboom/cartoros2/install/rosboard:/home/yahboom/cartoros2/install/path_planner_server:/home/yahboom/cartoros2/install/nav2_simple_commander:/home/yahboom/cartoros2/install/nav2_gazebo_spawner:/home/yahboom/cartoros2/install/localization_server:/home/yahboom/cartoros2/install/laserscan_to_point_pulisher:/home/yahboom/yahboomcar_ws/install/yahboom_dog_example:/opt/ros/humble /usr/bin/cmake --build /home/yahboom/intro_ws/build/turtle_interfaces -- -j4 -l4
[21.148s] DEBUG:colcon.colcon_core.event_handler.log_command:Invoked command in '/home/yahboom/intro_ws/build/examples_rclcpp_async_client' returned '0': CMAKE_PREFIX_PATH=${CMAKE_PREFIX_PATH}:/home/yahboom/cartoros2/install/yahboomcar_nav:/home/yahboom/cartoros2/install/yahboomcar_ctrl:/home/yahboom/cartoros2/install/yahboom_visual:/home/yahboom/cartoros2/install/yahboom_dog_joint_state:/home/yahboom/cartoros2/install/yahboom_description:/home/yahboom/cartoros2/install/yahboom_color_identify_server:/home/yahboom/cartoros2/install/yahboom_bringup:/home/yahboom/cartoros2/install/yahboom_base:/home/yahboom/cartoros2/install/yahboom_app_save_map:/home/yahboom/cartoros2/install/update_map:/home/yahboom/cartoros2/install/rosboard:/home/yahboom/cartoros2/install/path_planner_server:/home/yahboom/cartoros2/install/nav2_simple_commander:/home/yahboom/cartoros2/install/nav2_gazebo_spawner:/home/yahboom/cartoros2/install/localization_server:/home/yahboom/cartoros2/install/laserscan_to_point_pulisher:/home/yahboom/yahboomcar_ws/install/yahboom_dog_example:/opt/ros/humble /usr/bin/cmake --build /home/yahboom/intro_ws/build/examples_rclcpp_async_client -- -j4 -l4
[21.361s] DEBUG:colcon.colcon_core.event_handler.log_command:Invoking command in '/home/yahboom/intro_ws/build/examples_rclcpp_async_client': CMAKE_PREFIX_PATH=${CMAKE_PREFIX_PATH}:/home/yahboom/cartoros2/install/yahboomcar_nav:/home/yahboom/cartoros2/install/yahboomcar_ctrl:/home/yahboom/cartoros2/install/yahboom_visual:/home/yahboom/cartoros2/install/yahboom_dog_joint_state:/home/yahboom/cartoros2/install/yahboom_description:/home/yahboom/cartoros2/install/yahboom_color_identify_server:/home/yahboom/cartoros2/install/yahboom_bringup:/home/yahboom/cartoros2/install/yahboom_base:/home/yahboom/cartoros2/install/yahboom_app_save_map:/home/yahboom/cartoros2/install/update_map:/home/yahboom/cartoros2/install/rosboard:/home/yahboom/cartoros2/install/path_planner_server:/home/yahboom/cartoros2/install/nav2_simple_commander:/home/yahboom/cartoros2/install/nav2_gazebo_spawner:/home/yahboom/cartoros2/install/localization_server:/home/yahboom/cartoros2/install/laserscan_to_point_pulisher:/home/yahboom/yahboomcar_ws/install/yahboom_dog_example:/opt/ros/humble /usr/bin/cmake --install /home/yahboom/intro_ws/build/examples_rclcpp_async_client
[21.419s] DEBUG:colcon.colcon_core.event_handler.log_command:Invoked command in '/home/yahboom/intro_ws/build/examples_rclcpp_minimal_action_client' returned '0': CMAKE_PREFIX_PATH=${CMAKE_PREFIX_PATH}:/home/yahboom/cartoros2/install/yahboomcar_nav:/home/yahboom/cartoros2/install/yahboomcar_ctrl:/home/yahboom/cartoros2/install/yahboom_visual:/home/yahboom/cartoros2/install/yahboom_dog_joint_state:/home/yahboom/cartoros2/install/yahboom_description:/home/yahboom/cartoros2/install/yahboom_color_identify_server:/home/yahboom/cartoros2/install/yahboom_bringup:/home/yahboom/cartoros2/install/yahboom_base:/home/yahboom/cartoros2/install/yahboom_app_save_map:/home/yahboom/cartoros2/install/update_map:/home/yahboom/cartoros2/install/rosboard:/home/yahboom/cartoros2/install/path_planner_server:/home/yahboom/cartoros2/install/nav2_simple_commander:/home/yahboom/cartoros2/install/nav2_gazebo_spawner:/home/yahboom/cartoros2/install/localization_server:/home/yahboom/cartoros2/install/laserscan_to_point_pulisher:/home/yahboom/yahboomcar_ws/install/yahboom_dog_example:/opt/ros/humble /usr/bin/cmake --build /home/yahboom/intro_ws/build/examples_rclcpp_minimal_action_client -- -j4 -l4
[21.592s] DEBUG:colcon.colcon_core.event_handler.log_command:Invoking command in '/home/yahboom/intro_ws/build/turtle_interfaces': CMAKE_PREFIX_PATH=${CMAKE_PREFIX_PATH}:/home/yahboom/cartoros2/install/yahboomcar_nav:/home/yahboom/cartoros2/install/yahboomcar_ctrl:/home/yahboom/cartoros2/install/yahboom_visual:/home/yahboom/cartoros2/install/yahboom_dog_joint_state:/home/yahboom/cartoros2/install/yahboom_description:/home/yahboom/cartoros2/install/yahboom_color_identify_server:/home/yahboom/cartoros2/install/yahboom_bringup:/home/yahboom/cartoros2/install/yahboom_base:/home/yahboom/cartoros2/install/yahboom_app_save_map:/home/yahboom/cartoros2/install/update_map:/home/yahboom/cartoros2/install/rosboard:/home/yahboom/cartoros2/install/path_planner_server:/home/yahboom/cartoros2/install/nav2_simple_commander:/home/yahboom/cartoros2/install/nav2_gazebo_spawner:/home/yahboom/cartoros2/install/localization_server:/home/yahboom/cartoros2/install/laserscan_to_point_pulisher:/home/yahboom/yahboomcar_ws/install/yahboom_dog_example:/opt/ros/humble /usr/bin/cmake --install /home/yahboom/intro_ws/build/turtle_interfaces
[21.684s] DEBUG:colcon.colcon_core.event_handler.log_command:Invoking command in '/home/yahboom/intro_ws/build/examples_rclcpp_minimal_action_client': CMAKE_PREFIX_PATH=${CMAKE_PREFIX_PATH}:/home/yahboom/cartoros2/install/yahboomcar_nav:/home/yahboom/cartoros2/install/yahboomcar_ctrl:/home/yahboom/cartoros2/install/yahboom_visual:/home/yahboom/cartoros2/install/yahboom_dog_joint_state:/home/yahboom/cartoros2/install/yahboom_description:/home/yahboom/cartoros2/install/yahboom_color_identify_server:/home/yahboom/cartoros2/install/yahboom_bringup:/home/yahboom/cartoros2/install/yahboom_base:/home/yahboom/cartoros2/install/yahboom_app_save_map:/home/yahboom/cartoros2/install/update_map:/home/yahboom/cartoros2/install/rosboard:/home/yahboom/cartoros2/install/path_planner_server:/home/yahboom/cartoros2/install/nav2_simple_commander:/home/yahboom/cartoros2/install/nav2_gazebo_spawner:/home/yahboom/cartoros2/install/localization_server:/home/yahboom/cartoros2/install/laserscan_to_point_pulisher:/home/yahboom/yahboomcar_ws/install/yahboom_dog_example:/opt/ros/humble /usr/bin/cmake --install /home/yahboom/intro_ws/build/examples_rclcpp_minimal_action_client
[21.924s] Level 1:colcon.colcon_core.environment:create_environment_scripts_only(examples_rclcpp_async_client)
[21.927s] DEBUG:colcon.colcon_core.event_handler.log_command:Invoked command in '/home/yahboom/intro_ws/build/examples_rclcpp_async_client' returned '0': CMAKE_PREFIX_PATH=${CMAKE_PREFIX_PATH}:/home/yahboom/cartoros2/install/yahboomcar_nav:/home/yahboom/cartoros2/install/yahboomcar_ctrl:/home/yahboom/cartoros2/install/yahboom_visual:/home/yahboom/cartoros2/install/yahboom_dog_joint_state:/home/yahboom/cartoros2/install/yahboom_description:/home/yahboom/cartoros2/install/yahboom_color_identify_server:/home/yahboom/cartoros2/install/yahboom_bringup:/home/yahboom/cartoros2/install/yahboom_base:/home/yahboom/cartoros2/install/yahboom_app_save_map:/home/yahboom/cartoros2/install/update_map:/home/yahboom/cartoros2/install/rosboard:/home/yahboom/cartoros2/install/path_planner_server:/home/yahboom/cartoros2/install/nav2_simple_commander:/home/yahboom/cartoros2/install/nav2_gazebo_spawner:/home/yahboom/cartoros2/install/localization_server:/home/yahboom/cartoros2/install/laserscan_to_point_pulisher:/home/yahboom/yahboomcar_ws/install/yahboom_dog_example:/opt/ros/humble /usr/bin/cmake --install /home/yahboom/intro_ws/build/examples_rclcpp_async_client
[21.934s] Level 1:colcon.colcon_core.environment:checking '/home/yahboom/intro_ws/install/examples_rclcpp_async_client' for CMake module files
[21.935s] Level 1:colcon.colcon_core.environment:checking '/home/yahboom/intro_ws/install/examples_rclcpp_async_client' for CMake config files
[21.935s] Level 1:colcon.colcon_core.shell:create_environment_hook('examples_rclcpp_async_client', 'cmake_prefix_path')
[21.936s] INFO:colcon.colcon_core.shell:Creating environment hook '/home/yahboom/intro_ws/install/examples_rclcpp_async_client/share/examples_rclcpp_async_client/hook/cmake_prefix_path.ps1'
[21.939s] INFO:colcon.colcon_core.shell:Creating environment descriptor '/home/yahboom/intro_ws/install/examples_rclcpp_async_client/share/examples_rclcpp_async_client/hook/cmake_prefix_path.dsv'
[21.943s] INFO:colcon.colcon_core.shell:Creating environment hook '/home/yahboom/intro_ws/install/examples_rclcpp_async_client/share/examples_rclcpp_async_client/hook/cmake_prefix_path.sh'
[21.944s] Level 1:colcon.colcon_core.environment:checking '/home/yahboom/intro_ws/install/examples_rclcpp_async_client/lib'
[21.944s] Level 1:colcon.colcon_core.environment:checking '/home/yahboom/intro_ws/install/examples_rclcpp_async_client/bin'
[21.944s] Level 1:colcon.colcon_core.environment:checking '/home/yahboom/intro_ws/install/examples_rclcpp_async_client/lib/pkgconfig/examples_rclcpp_async_client.pc'
[21.945s] Level 1:colcon.colcon_core.environment:checking '/home/yahboom/intro_ws/install/examples_rclcpp_async_client/lib/python3.10/site-packages'
[21.945s] Level 1:colcon.colcon_core.environment:checking '/home/yahboom/intro_ws/install/examples_rclcpp_async_client/bin'
[21.945s] INFO:colcon.colcon_core.shell:Creating package script '/home/yahboom/intro_ws/install/examples_rclcpp_async_client/share/examples_rclcpp_async_client/package.ps1'
[21.948s] INFO:colcon.colcon_core.shell:Creating package descriptor '/home/yahboom/intro_ws/install/examples_rclcpp_async_client/share/examples_rclcpp_async_client/package.dsv'
[21.949s] INFO:colcon.colcon_core.shell:Creating package script '/home/yahboom/intro_ws/install/examples_rclcpp_async_client/share/examples_rclcpp_async_client/package.sh'
[21.950s] INFO:colcon.colcon_core.shell:Creating package script '/home/yahboom/intro_ws/install/examples_rclcpp_async_client/share/examples_rclcpp_async_client/package.bash'
[21.952s] INFO:colcon.colcon_core.shell:Creating package script '/home/yahboom/intro_ws/install/examples_rclcpp_async_client/share/examples_rclcpp_async_client/package.zsh'
[21.955s] Level 1:colcon.colcon_core.environment:create_file_with_runtime_dependencies(/home/yahboom/intro_ws/install/examples_rclcpp_async_client/share/colcon-core/packages/examples_rclcpp_async_client)
[22.109s] Level 1:colcon.colcon_core.environment:create_environment_scripts_only(examples_rclcpp_async_client)
[22.110s] Level 1:colcon.colcon_core.environment:checking '/home/yahboom/intro_ws/install/examples_rclcpp_async_client' for CMake module files
[22.110s] Level 1:colcon.colcon_core.environment:checking '/home/yahboom/intro_ws/install/examples_rclcpp_async_client' for CMake config files
[22.110s] Level 1:colcon.colcon_core.shell:create_environment_hook('examples_rclcpp_async_client', 'cmake_prefix_path')
[22.110s] INFO:colcon.colcon_core.shell:Creating environment hook '/home/yahboom/intro_ws/install/examples_rclcpp_async_client/share/examples_rclcpp_async_client/hook/cmake_prefix_path.ps1'
[22.115s] INFO:colcon.colcon_core.shell:Creating environment descriptor '/home/yahboom/intro_ws/install/examples_rclcpp_async_client/share/examples_rclcpp_async_client/hook/cmake_prefix_path.dsv'
[22.128s] INFO:colcon.colcon_core.shell:Creating environment hook '/home/yahboom/intro_ws/install/examples_rclcpp_async_client/share/examples_rclcpp_async_client/hook/cmake_prefix_path.sh'
[22.132s] Level 1:colcon.colcon_core.environment:checking '/home/yahboom/intro_ws/install/examples_rclcpp_async_client/lib'
[22.132s] Level 1:colcon.colcon_core.environment:checking '/home/yahboom/intro_ws/install/examples_rclcpp_async_client/bin'
[22.132s] Level 1:colcon.colcon_core.environment:checking '/home/yahboom/intro_ws/install/examples_rclcpp_async_client/lib/pkgconfig/examples_rclcpp_async_client.pc'
[22.132s] Level 1:colcon.colcon_core.environment:checking '/home/yahboom/intro_ws/install/examples_rclcpp_async_client/lib/python3.10/site-packages'
[22.132s] Level 1:colcon.colcon_core.environment:checking '/home/yahboom/intro_ws/install/examples_rclcpp_async_client/bin'
[22.133s] INFO:colcon.colcon_core.shell:Creating package script '/home/yahboom/intro_ws/install/examples_rclcpp_async_client/share/examples_rclcpp_async_client/package.ps1'
[22.136s] INFO:colcon.colcon_core.shell:Creating package descriptor '/home/yahboom/intro_ws/install/examples_rclcpp_async_client/share/examples_rclcpp_async_client/package.dsv'
[22.138s] INFO:colcon.colcon_core.shell:Creating package script '/home/yahboom/intro_ws/install/examples_rclcpp_async_client/share/examples_rclcpp_async_client/package.sh'
[22.141s] INFO:colcon.colcon_core.shell:Creating package script '/home/yahboom/intro_ws/install/examples_rclcpp_async_client/share/examples_rclcpp_async_client/package.bash'
[22.143s] INFO:colcon.colcon_core.shell:Creating package script '/home/yahboom/intro_ws/install/examples_rclcpp_async_client/share/examples_rclcpp_async_client/package.zsh'
[22.144s] Level 1:colcon.colcon_core.environment:create_file_with_runtime_dependencies(/home/yahboom/intro_ws/install/examples_rclcpp_async_client/share/colcon-core/packages/examples_rclcpp_async_client)
[22.147s] INFO:colcon.colcon_ros.task.ament_cmake.build:Building ROS package in '/home/yahboom/intro_ws/src/examples/rclcpp/actions/minimal_action_server' with build type 'ament_cmake'
[22.147s] INFO:colcon.colcon_cmake.task.cmake.build:Building CMake package in '/home/yahboom/intro_ws/src/examples/rclcpp/actions/minimal_action_server'
[22.147s] INFO:colcon.colcon_core.shell:Skip shell extension 'powershell' for command environment: Not usable outside of PowerShell
[22.147s] DEBUG:colcon.colcon_core.shell:Skip shell extension 'dsv' for command environment
[22.236s] DEBUG:colcon.colcon_core.event_handler.log_command:Invoking command in '/home/yahboom/intro_ws/build/examples_rclcpp_minimal_action_server': CMAKE_PREFIX_PATH=${CMAKE_PREFIX_PATH}:/home/yahboom/cartoros2/install/yahboomcar_nav:/home/yahboom/cartoros2/install/yahboomcar_ctrl:/home/yahboom/cartoros2/install/yahboom_visual:/home/yahboom/cartoros2/install/yahboom_dog_joint_state:/home/yahboom/cartoros2/install/yahboom_description:/home/yahboom/cartoros2/install/yahboom_color_identify_server:/home/yahboom/cartoros2/install/yahboom_bringup:/home/yahboom/cartoros2/install/yahboom_base:/home/yahboom/cartoros2/install/yahboom_app_save_map:/home/yahboom/cartoros2/install/update_map:/home/yahboom/cartoros2/install/rosboard:/home/yahboom/cartoros2/install/path_planner_server:/home/yahboom/cartoros2/install/nav2_simple_commander:/home/yahboom/cartoros2/install/nav2_gazebo_spawner:/home/yahboom/cartoros2/install/localization_server:/home/yahboom/cartoros2/install/laserscan_to_point_pulisher:/home/yahboom/yahboomcar_ws/install/yahboom_dog_example:/opt/ros/humble /usr/bin/cmake /home/yahboom/intro_ws/src/examples/rclcpp/actions/minimal_action_server -DAMENT_CMAKE_SYMLINK_INSTALL=1 -DCMAKE_INSTALL_PREFIX=/home/yahboom/intro_ws/install/examples_rclcpp_minimal_action_server
[22.447s] Level 1:colcon.colcon_core.environment:create_environment_scripts_only(examples_rclcpp_minimal_action_client)
[22.447s] Level 1:colcon.colcon_core.environment:checking '/home/yahboom/intro_ws/install/examples_rclcpp_minimal_action_client' for CMake module files
[22.447s] Level 1:colcon.colcon_core.environment:checking '/home/yahboom/intro_ws/install/examples_rclcpp_minimal_action_client' for CMake config files
[22.448s] Level 1:colcon.colcon_core.shell:create_environment_hook('examples_rclcpp_minimal_action_client', 'cmake_prefix_path')
[22.448s] INFO:colcon.colcon_core.shell:Creating environment hook '/home/yahboom/intro_ws/install/examples_rclcpp_minimal_action_client/share/examples_rclcpp_minimal_action_client/hook/cmake_prefix_path.ps1'
[22.448s] INFO:colcon.colcon_core.shell:Creating environment descriptor '/home/yahboom/intro_ws/install/examples_rclcpp_minimal_action_client/share/examples_rclcpp_minimal_action_client/hook/cmake_prefix_path.dsv'
[22.449s] INFO:colcon.colcon_core.shell:Creating environment hook '/home/yahboom/intro_ws/install/examples_rclcpp_minimal_action_client/share/examples_rclcpp_minimal_action_client/hook/cmake_prefix_path.sh'
[22.449s] Level 1:colcon.colcon_core.environment:checking '/home/yahboom/intro_ws/install/examples_rclcpp_minimal_action_client/lib'
[22.449s] Level 1:colcon.colcon_core.environment:checking '/home/yahboom/intro_ws/install/examples_rclcpp_minimal_action_client/bin'
[22.449s] DEBUG:colcon.colcon_core.event_handler.log_command:Invoked command in '/home/yahboom/intro_ws/build/examples_rclcpp_minimal_action_client' returned '0': CMAKE_PREFIX_PATH=${CMAKE_PREFIX_PATH}:/home/yahboom/cartoros2/install/yahboomcar_nav:/home/yahboom/cartoros2/install/yahboomcar_ctrl:/home/yahboom/cartoros2/install/yahboom_visual:/home/yahboom/cartoros2/install/yahboom_dog_joint_state:/home/yahboom/cartoros2/install/yahboom_description:/home/yahboom/cartoros2/install/yahboom_color_identify_server:/home/yahboom/cartoros2/install/yahboom_bringup:/home/yahboom/cartoros2/install/yahboom_base:/home/yahboom/cartoros2/install/yahboom_app_save_map:/home/yahboom/cartoros2/install/update_map:/home/yahboom/cartoros2/install/rosboard:/home/yahboom/cartoros2/install/path_planner_server:/home/yahboom/cartoros2/install/nav2_simple_commander:/home/yahboom/cartoros2/install/nav2_gazebo_spawner:/home/yahboom/cartoros2/install/localization_server:/home/yahboom/cartoros2/install/laserscan_to_point_pulisher:/home/yahboom/yahboomcar_ws/install/yahboom_dog_example:/opt/ros/humble /usr/bin/cmake --install /home/yahboom/intro_ws/build/examples_rclcpp_minimal_action_client
[22.451s] Level 1:colcon.colcon_core.environment:checking '/home/yahboom/intro_ws/install/examples_rclcpp_minimal_action_client/lib/pkgconfig/examples_rclcpp_minimal_action_client.pc'
[22.452s] Level 1:colcon.colcon_core.environment:checking '/home/yahboom/intro_ws/install/examples_rclcpp_minimal_action_client/lib/python3.10/site-packages'
[22.452s] Level 1:colcon.colcon_core.environment:checking '/home/yahboom/intro_ws/install/examples_rclcpp_minimal_action_client/bin'
[22.452s] INFO:colcon.colcon_core.shell:Creating package script '/home/yahboom/intro_ws/install/examples_rclcpp_minimal_action_client/share/examples_rclcpp_minimal_action_client/package.ps1'
[22.452s] INFO:colcon.colcon_core.shell:Creating package descriptor '/home/yahboom/intro_ws/install/examples_rclcpp_minimal_action_client/share/examples_rclcpp_minimal_action_client/package.dsv'
[22.453s] INFO:colcon.colcon_core.shell:Creating package script '/home/yahboom/intro_ws/install/examples_rclcpp_minimal_action_client/share/examples_rclcpp_minimal_action_client/package.sh'
[22.453s] INFO:colcon.colcon_core.shell:Creating package script '/home/yahboom/intro_ws/install/examples_rclcpp_minimal_action_client/share/examples_rclcpp_minimal_action_client/package.bash'
[22.453s] INFO:colcon.colcon_core.shell:Creating package script '/home/yahboom/intro_ws/install/examples_rclcpp_minimal_action_client/share/examples_rclcpp_minimal_action_client/package.zsh'
[22.453s] Level 1:colcon.colcon_core.environment:create_file_with_runtime_dependencies(/home/yahboom/intro_ws/install/examples_rclcpp_minimal_action_client/share/colcon-core/packages/examples_rclcpp_minimal_action_client)
[22.729s] Level 1:colcon.colcon_core.environment:create_environment_scripts_only(examples_rclcpp_minimal_action_client)
[22.729s] Level 1:colcon.colcon_core.environment:checking '/home/yahboom/intro_ws/install/examples_rclcpp_minimal_action_client' for CMake module files
[22.731s] Level 1:colcon.colcon_core.environment:checking '/home/yahboom/intro_ws/install/examples_rclcpp_minimal_action_client' for CMake config files
[22.731s] Level 1:colcon.colcon_core.shell:create_environment_hook('examples_rclcpp_minimal_action_client', 'cmake_prefix_path')
[22.731s] INFO:colcon.colcon_core.shell:Creating environment hook '/home/yahboom/intro_ws/install/examples_rclcpp_minimal_action_client/share/examples_rclcpp_minimal_action_client/hook/cmake_prefix_path.ps1'
[22.734s] INFO:colcon.colcon_core.shell:Creating environment descriptor '/home/yahboom/intro_ws/install/examples_rclcpp_minimal_action_client/share/examples_rclcpp_minimal_action_client/hook/cmake_prefix_path.dsv'
[22.735s] INFO:colcon.colcon_core.shell:Creating environment hook '/home/yahboom/intro_ws/install/examples_rclcpp_minimal_action_client/share/examples_rclcpp_minimal_action_client/hook/cmake_prefix_path.sh'
[22.738s] Level 1:colcon.colcon_core.environment:checking '/home/yahboom/intro_ws/install/examples_rclcpp_minimal_action_client/lib'
[22.739s] Level 1:colcon.colcon_core.environment:checking '/home/yahboom/intro_ws/install/examples_rclcpp_minimal_action_client/bin'
[22.739s] Level 1:colcon.colcon_core.environment:checking '/home/yahboom/intro_ws/install/examples_rclcpp_minimal_action_client/lib/pkgconfig/examples_rclcpp_minimal_action_client.pc'
[22.739s] Level 1:colcon.colcon_core.environment:checking '/home/yahboom/intro_ws/install/examples_rclcpp_minimal_action_client/lib/python3.10/site-packages'
[22.739s] Level 1:colcon.colcon_core.environment:checking '/home/yahboom/intro_ws/install/examples_rclcpp_minimal_action_client/bin'
[22.739s] INFO:colcon.colcon_core.shell:Creating package script '/home/yahboom/intro_ws/install/examples_rclcpp_minimal_action_client/share/examples_rclcpp_minimal_action_client/package.ps1'
[22.740s] INFO:colcon.colcon_core.shell:Creating package descriptor '/home/yahboom/intro_ws/install/examples_rclcpp_minimal_action_client/share/examples_rclcpp_minimal_action_client/package.dsv'
[22.745s] INFO:colcon.colcon_core.shell:Creating package script '/home/yahboom/intro_ws/install/examples_rclcpp_minimal_action_client/share/examples_rclcpp_minimal_action_client/package.sh'
[22.746s] INFO:colcon.colcon_core.shell:Creating package script '/home/yahboom/intro_ws/install/examples_rclcpp_minimal_action_client/share/examples_rclcpp_minimal_action_client/package.bash'
[22.749s] INFO:colcon.colcon_core.shell:Creating package script '/home/yahboom/intro_ws/install/examples_rclcpp_minimal_action_client/share/examples_rclcpp_minimal_action_client/package.zsh'
[22.750s] Level 1:colcon.colcon_core.environment:create_file_with_runtime_dependencies(/home/yahboom/intro_ws/install/examples_rclcpp_minimal_action_client/share/colcon-core/packages/examples_rclcpp_minimal_action_client)
[22.753s] INFO:colcon.colcon_ros.task.ament_cmake.build:Building ROS package in '/home/yahboom/intro_ws/src/examples/rclcpp/services/minimal_client' with build type 'ament_cmake'
[22.753s] INFO:colcon.colcon_cmake.task.cmake.build:Building CMake package in '/home/yahboom/intro_ws/src/examples/rclcpp/services/minimal_client'
[22.753s] INFO:colcon.colcon_core.shell:Skip shell extension 'powershell' for command environment: Not usable outside of PowerShell
[22.753s] DEBUG:colcon.colcon_core.shell:Skip shell extension 'dsv' for command environment
[22.786s] DEBUG:colcon.colcon_core.event_handler.log_command:Invoking command in '/home/yahboom/intro_ws/build/examples_rclcpp_minimal_client': CMAKE_PREFIX_PATH=${CMAKE_PREFIX_PATH}:/home/yahboom/cartoros2/install/yahboomcar_nav:/home/yahboom/cartoros2/install/yahboomcar_ctrl:/home/yahboom/cartoros2/install/yahboom_visual:/home/yahboom/cartoros2/install/yahboom_dog_joint_state:/home/yahboom/cartoros2/install/yahboom_description:/home/yahboom/cartoros2/install/yahboom_color_identify_server:/home/yahboom/cartoros2/install/yahboom_bringup:/home/yahboom/cartoros2/install/yahboom_base:/home/yahboom/cartoros2/install/yahboom_app_save_map:/home/yahboom/cartoros2/install/update_map:/home/yahboom/cartoros2/install/rosboard:/home/yahboom/cartoros2/install/path_planner_server:/home/yahboom/cartoros2/install/nav2_simple_commander:/home/yahboom/cartoros2/install/nav2_gazebo_spawner:/home/yahboom/cartoros2/install/localization_server:/home/yahboom/cartoros2/install/laserscan_to_point_pulisher:/home/yahboom/yahboomcar_ws/install/yahboom_dog_example:/opt/ros/humble /usr/bin/cmake /home/yahboom/intro_ws/src/examples/rclcpp/services/minimal_client -DAMENT_CMAKE_SYMLINK_INSTALL=1 -DCMAKE_INSTALL_PREFIX=/home/yahboom/intro_ws/install/examples_rclcpp_minimal_client
[25.270s] Level 1:colcon.colcon_core.environment:create_environment_scripts_only(turtle_interfaces)
[25.271s] Level 1:colcon.colcon_core.environment:checking '/home/yahboom/intro_ws/install/turtle_interfaces' for CMake module files
[25.271s] Level 1:colcon.colcon_core.environment:checking '/home/yahboom/intro_ws/install/turtle_interfaces' for CMake config files
[25.272s] Level 1:colcon.colcon_core.shell:create_environment_hook('turtle_interfaces', 'cmake_prefix_path')
[25.272s] INFO:colcon.colcon_core.shell:Creating environment hook '/home/yahboom/intro_ws/install/turtle_interfaces/share/turtle_interfaces/hook/cmake_prefix_path.ps1'
[25.273s] INFO:colcon.colcon_core.shell:Creating environment descriptor '/home/yahboom/intro_ws/install/turtle_interfaces/share/turtle_interfaces/hook/cmake_prefix_path.dsv'
[25.273s] INFO:colcon.colcon_core.shell:Creating environment hook '/home/yahboom/intro_ws/install/turtle_interfaces/share/turtle_interfaces/hook/cmake_prefix_path.sh'
[25.275s] DEBUG:colcon.colcon_core.event_handler.log_command:Invoked command in '/home/yahboom/intro_ws/build/turtle_interfaces' returned '0': CMAKE_PREFIX_PATH=${CMAKE_PREFIX_PATH}:/home/yahboom/cartoros2/install/yahboomcar_nav:/home/yahboom/cartoros2/install/yahboomcar_ctrl:/home/yahboom/cartoros2/install/yahboom_visual:/home/yahboom/cartoros2/install/yahboom_dog_joint_state:/home/yahboom/cartoros2/install/yahboom_description:/home/yahboom/cartoros2/install/yahboom_color_identify_server:/home/yahboom/cartoros2/install/yahboom_bringup:/home/yahboom/cartoros2/install/yahboom_base:/home/yahboom/cartoros2/install/yahboom_app_save_map:/home/yahboom/cartoros2/install/update_map:/home/yahboom/cartoros2/install/rosboard:/home/yahboom/cartoros2/install/path_planner_server:/home/yahboom/cartoros2/install/nav2_simple_commander:/home/yahboom/cartoros2/install/nav2_gazebo_spawner:/home/yahboom/cartoros2/install/localization_server:/home/yahboom/cartoros2/install/laserscan_to_point_pulisher:/home/yahboom/yahboomcar_ws/install/yahboom_dog_example:/opt/ros/humble /usr/bin/cmake --install /home/yahboom/intro_ws/build/turtle_interfaces
[25.276s] Level 1:colcon.colcon_core.environment:checking '/home/yahboom/intro_ws/install/turtle_interfaces/lib'
[25.276s] Level 1:colcon.colcon_core.shell:create_environment_hook('turtle_interfaces', 'ld_library_path_lib')
[25.276s] INFO:colcon.colcon_core.shell:Creating environment hook '/home/yahboom/intro_ws/install/turtle_interfaces/share/turtle_interfaces/hook/ld_library_path_lib.ps1'
[25.276s] INFO:colcon.colcon_core.shell:Creating environment descriptor '/home/yahboom/intro_ws/install/turtle_interfaces/share/turtle_interfaces/hook/ld_library_path_lib.dsv'
[25.276s] INFO:colcon.colcon_core.shell:Creating environment hook '/home/yahboom/intro_ws/install/turtle_interfaces/share/turtle_interfaces/hook/ld_library_path_lib.sh'
[25.277s] Level 1:colcon.colcon_core.environment:checking '/home/yahboom/intro_ws/install/turtle_interfaces/bin'
[25.277s] Level 1:colcon.colcon_core.environment:checking '/home/yahboom/intro_ws/install/turtle_interfaces/lib/pkgconfig/turtle_interfaces.pc'
[25.277s] Level 1:colcon.colcon_core.environment:checking '/home/yahboom/intro_ws/install/turtle_interfaces/lib/python3.10/site-packages'
[25.277s] Level 1:colcon.colcon_core.environment:checking '/home/yahboom/intro_ws/install/turtle_interfaces/bin'
[25.277s] INFO:colcon.colcon_core.shell:Creating package script '/home/yahboom/intro_ws/install/turtle_interfaces/share/turtle_interfaces/package.ps1'
[25.278s] INFO:colcon.colcon_core.shell:Creating package descriptor '/home/yahboom/intro_ws/install/turtle_interfaces/share/turtle_interfaces/package.dsv'
[25.278s] INFO:colcon.colcon_core.shell:Creating package script '/home/yahboom/intro_ws/install/turtle_interfaces/share/turtle_interfaces/package.sh'
[25.278s] INFO:colcon.colcon_core.shell:Creating package script '/home/yahboom/intro_ws/install/turtle_interfaces/share/turtle_interfaces/package.bash'
[25.284s] INFO:colcon.colcon_core.shell:Creating package script '/home/yahboom/intro_ws/install/turtle_interfaces/share/turtle_interfaces/package.zsh'
[25.285s] Level 1:colcon.colcon_core.environment:create_file_with_runtime_dependencies(/home/yahboom/intro_ws/install/turtle_interfaces/share/colcon-core/packages/turtle_interfaces)
[26.202s] Level 1:colcon.colcon_core.environment:create_environment_scripts_only(turtle_interfaces)
[26.203s] Level 1:colcon.colcon_core.environment:checking '/home/yahboom/intro_ws/install/turtle_interfaces' for CMake module files
[26.203s] Level 1:colcon.colcon_core.environment:checking '/home/yahboom/intro_ws/install/turtle_interfaces' for CMake config files
[26.204s] Level 1:colcon.colcon_core.shell:create_environment_hook('turtle_interfaces', 'cmake_prefix_path')
[26.204s] INFO:colcon.colcon_core.shell:Creating environment hook '/home/yahboom/intro_ws/install/turtle_interfaces/share/turtle_interfaces/hook/cmake_prefix_path.ps1'
[26.210s] INFO:colcon.colcon_core.shell:Creating environment descriptor '/home/yahboom/intro_ws/install/turtle_interfaces/share/turtle_interfaces/hook/cmake_prefix_path.dsv'
[26.211s] INFO:colcon.colcon_core.shell:Creating environment hook '/home/yahboom/intro_ws/install/turtle_interfaces/share/turtle_interfaces/hook/cmake_prefix_path.sh'
[26.216s] Level 1:colcon.colcon_core.environment:checking '/home/yahboom/intro_ws/install/turtle_interfaces/lib'
[26.216s] Level 1:colcon.colcon_core.shell:create_environment_hook('turtle_interfaces', 'ld_library_path_lib')
[26.217s] INFO:colcon.colcon_core.shell:Creating environment hook '/home/yahboom/intro_ws/install/turtle_interfaces/share/turtle_interfaces/hook/ld_library_path_lib.ps1'
[26.218s] INFO:colcon.colcon_core.shell:Creating environment descriptor '/home/yahboom/intro_ws/install/turtle_interfaces/share/turtle_interfaces/hook/ld_library_path_lib.dsv'
[26.219s] INFO:colcon.colcon_core.shell:Creating environment hook '/home/yahboom/intro_ws/install/turtle_interfaces/share/turtle_interfaces/hook/ld_library_path_lib.sh'
[26.220s] Level 1:colcon.colcon_core.environment:checking '/home/yahboom/intro_ws/install/turtle_interfaces/bin'
[26.220s] Level 1:colcon.colcon_core.environment:checking '/home/yahboom/intro_ws/install/turtle_interfaces/lib/pkgconfig/turtle_interfaces.pc'
[26.220s] Level 1:colcon.colcon_core.environment:checking '/home/yahboom/intro_ws/install/turtle_interfaces/lib/python3.10/site-packages'
[26.222s] Level 1:colcon.colcon_core.environment:checking '/home/yahboom/intro_ws/install/turtle_interfaces/bin'
[26.223s] INFO:colcon.colcon_core.shell:Creating package script '/home/yahboom/intro_ws/install/turtle_interfaces/share/turtle_interfaces/package.ps1'
[26.224s] INFO:colcon.colcon_core.shell:Creating package descriptor '/home/yahboom/intro_ws/install/turtle_interfaces/share/turtle_interfaces/package.dsv'
[26.227s] INFO:colcon.colcon_core.shell:Creating package script '/home/yahboom/intro_ws/install/turtle_interfaces/share/turtle_interfaces/package.sh'
[26.228s] INFO:colcon.colcon_core.shell:Creating package script '/home/yahboom/intro_ws/install/turtle_interfaces/share/turtle_interfaces/package.bash'
[26.229s] INFO:colcon.colcon_core.shell:Creating package script '/home/yahboom/intro_ws/install/turtle_interfaces/share/turtle_interfaces/package.zsh'
[26.230s] Level 1:colcon.colcon_core.environment:create_file_with_runtime_dependencies(/home/yahboom/intro_ws/install/turtle_interfaces/share/colcon-core/packages/turtle_interfaces)
[26.234s] INFO:colcon.colcon_ros.task.ament_cmake.build:Building ROS package in '/home/yahboom/intro_ws/src/examples/rclcpp/composition/minimal_composition' with build type 'ament_cmake'
[26.234s] INFO:colcon.colcon_cmake.task.cmake.build:Building CMake package in '/home/yahboom/intro_ws/src/examples/rclcpp/composition/minimal_composition'
[26.234s] INFO:colcon.colcon_core.shell:Skip shell extension 'powershell' for command environment: Not usable outside of PowerShell
[26.234s] DEBUG:colcon.colcon_core.shell:Skip shell extension 'dsv' for command environment
[26.282s] DEBUG:colcon.colcon_core.event_handler.log_command:Invoking command in '/home/yahboom/intro_ws/build/examples_rclcpp_minimal_composition': CMAKE_PREFIX_PATH=${CMAKE_PREFIX_PATH}:/home/yahboom/cartoros2/install/yahboomcar_nav:/home/yahboom/cartoros2/install/yahboomcar_ctrl:/home/yahboom/cartoros2/install/yahboom_visual:/home/yahboom/cartoros2/install/yahboom_dog_joint_state:/home/yahboom/cartoros2/install/yahboom_description:/home/yahboom/cartoros2/install/yahboom_color_identify_server:/home/yahboom/cartoros2/install/yahboom_bringup:/home/yahboom/cartoros2/install/yahboom_base:/home/yahboom/cartoros2/install/yahboom_app_save_map:/home/yahboom/cartoros2/install/update_map:/home/yahboom/cartoros2/install/rosboard:/home/yahboom/cartoros2/install/path_planner_server:/home/yahboom/cartoros2/install/nav2_simple_commander:/home/yahboom/cartoros2/install/nav2_gazebo_spawner:/home/yahboom/cartoros2/install/localization_server:/home/yahboom/cartoros2/install/laserscan_to_point_pulisher:/home/yahboom/yahboomcar_ws/install/yahboom_dog_example:/opt/ros/humble /usr/bin/cmake /home/yahboom/intro_ws/src/examples/rclcpp/composition/minimal_composition -DAMENT_CMAKE_SYMLINK_INSTALL=1 -DCMAKE_INSTALL_PREFIX=/home/yahboom/intro_ws/install/examples_rclcpp_minimal_composition
[28.428s] DEBUG:colcon.colcon_core.event_handler.log_command:Invoked command in '/home/yahboom/intro_ws/build/examples_rclcpp_minimal_client' returned '0': CMAKE_PREFIX_PATH=${CMAKE_PREFIX_PATH}:/home/yahboom/cartoros2/install/yahboomcar_nav:/home/yahboom/cartoros2/install/yahboomcar_ctrl:/home/yahboom/cartoros2/install/yahboom_visual:/home/yahboom/cartoros2/install/yahboom_dog_joint_state:/home/yahboom/cartoros2/install/yahboom_description:/home/yahboom/cartoros2/install/yahboom_color_identify_server:/home/yahboom/cartoros2/install/yahboom_bringup:/home/yahboom/cartoros2/install/yahboom_base:/home/yahboom/cartoros2/install/yahboom_app_save_map:/home/yahboom/cartoros2/install/update_map:/home/yahboom/cartoros2/install/rosboard:/home/yahboom/cartoros2/install/path_planner_server:/home/yahboom/cartoros2/install/nav2_simple_commander:/home/yahboom/cartoros2/install/nav2_gazebo_spawner:/home/yahboom/cartoros2/install/localization_server:/home/yahboom/cartoros2/install/laserscan_to_point_pulisher:/home/yahboom/yahboomcar_ws/install/yahboom_dog_example:/opt/ros/humble /usr/bin/cmake /home/yahboom/intro_ws/src/examples/rclcpp/services/minimal_client -DAMENT_CMAKE_SYMLINK_INSTALL=1 -DCMAKE_INSTALL_PREFIX=/home/yahboom/intro_ws/install/examples_rclcpp_minimal_client
[28.436s] DEBUG:colcon.colcon_core.event_handler.log_command:Invoking command in '/home/yahboom/intro_ws/build/examples_rclcpp_minimal_client': CMAKE_PREFIX_PATH=${CMAKE_PREFIX_PATH}:/home/yahboom/cartoros2/install/yahboomcar_nav:/home/yahboom/cartoros2/install/yahboomcar_ctrl:/home/yahboom/cartoros2/install/yahboom_visual:/home/yahboom/cartoros2/install/yahboom_dog_joint_state:/home/yahboom/cartoros2/install/yahboom_description:/home/yahboom/cartoros2/install/yahboom_color_identify_server:/home/yahboom/cartoros2/install/yahboom_bringup:/home/yahboom/cartoros2/install/yahboom_base:/home/yahboom/cartoros2/install/yahboom_app_save_map:/home/yahboom/cartoros2/install/update_map:/home/yahboom/cartoros2/install/rosboard:/home/yahboom/cartoros2/install/path_planner_server:/home/yahboom/cartoros2/install/nav2_simple_commander:/home/yahboom/cartoros2/install/nav2_gazebo_spawner:/home/yahboom/cartoros2/install/localization_server:/home/yahboom/cartoros2/install/laserscan_to_point_pulisher:/home/yahboom/yahboomcar_ws/install/yahboom_dog_example:/opt/ros/humble /usr/bin/cmake --build /home/yahboom/intro_ws/build/examples_rclcpp_minimal_client -- -j4 -l4
[28.494s] DEBUG:colcon.colcon_core.event_handler.log_command:Invoked command in '/home/yahboom/intro_ws/build/examples_rclcpp_minimal_action_server' returned '0': CMAKE_PREFIX_PATH=${CMAKE_PREFIX_PATH}:/home/yahboom/cartoros2/install/yahboomcar_nav:/home/yahboom/cartoros2/install/yahboomcar_ctrl:/home/yahboom/cartoros2/install/yahboom_visual:/home/yahboom/cartoros2/install/yahboom_dog_joint_state:/home/yahboom/cartoros2/install/yahboom_description:/home/yahboom/cartoros2/install/yahboom_color_identify_server:/home/yahboom/cartoros2/install/yahboom_bringup:/home/yahboom/cartoros2/install/yahboom_base:/home/yahboom/cartoros2/install/yahboom_app_save_map:/home/yahboom/cartoros2/install/update_map:/home/yahboom/cartoros2/install/rosboard:/home/yahboom/cartoros2/install/path_planner_server:/home/yahboom/cartoros2/install/nav2_simple_commander:/home/yahboom/cartoros2/install/nav2_gazebo_spawner:/home/yahboom/cartoros2/install/localization_server:/home/yahboom/cartoros2/install/laserscan_to_point_pulisher:/home/yahboom/yahboomcar_ws/install/yahboom_dog_example:/opt/ros/humble /usr/bin/cmake /home/yahboom/intro_ws/src/examples/rclcpp/actions/minimal_action_server -DAMENT_CMAKE_SYMLINK_INSTALL=1 -DCMAKE_INSTALL_PREFIX=/home/yahboom/intro_ws/install/examples_rclcpp_minimal_action_server
[28.496s] DEBUG:colcon.colcon_core.event_handler.log_command:Invoking command in '/home/yahboom/intro_ws/build/examples_rclcpp_minimal_action_server': CMAKE_PREFIX_PATH=${CMAKE_PREFIX_PATH}:/home/yahboom/cartoros2/install/yahboomcar_nav:/home/yahboom/cartoros2/install/yahboomcar_ctrl:/home/yahboom/cartoros2/install/yahboom_visual:/home/yahboom/cartoros2/install/yahboom_dog_joint_state:/home/yahboom/cartoros2/install/yahboom_description:/home/yahboom/cartoros2/install/yahboom_color_identify_server:/home/yahboom/cartoros2/install/yahboom_bringup:/home/yahboom/cartoros2/install/yahboom_base:/home/yahboom/cartoros2/install/yahboom_app_save_map:/home/yahboom/cartoros2/install/update_map:/home/yahboom/cartoros2/install/rosboard:/home/yahboom/cartoros2/install/path_planner_server:/home/yahboom/cartoros2/install/nav2_simple_commander:/home/yahboom/cartoros2/install/nav2_gazebo_spawner:/home/yahboom/cartoros2/install/localization_server:/home/yahboom/cartoros2/install/laserscan_to_point_pulisher:/home/yahboom/yahboomcar_ws/install/yahboom_dog_example:/opt/ros/humble /usr/bin/cmake --build /home/yahboom/intro_ws/build/examples_rclcpp_minimal_action_server -- -j4 -l4
[31.669s] DEBUG:colcon.colcon_core.event_handler.log_command:Invoked command in '/home/yahboom/intro_ws/build/examples_rclcpp_minimal_composition' returned '0': CMAKE_PREFIX_PATH=${CMAKE_PREFIX_PATH}:/home/yahboom/cartoros2/install/yahboomcar_nav:/home/yahboom/cartoros2/install/yahboomcar_ctrl:/home/yahboom/cartoros2/install/yahboom_visual:/home/yahboom/cartoros2/install/yahboom_dog_joint_state:/home/yahboom/cartoros2/install/yahboom_description:/home/yahboom/cartoros2/install/yahboom_color_identify_server:/home/yahboom/cartoros2/install/yahboom_bringup:/home/yahboom/cartoros2/install/yahboom_base:/home/yahboom/cartoros2/install/yahboom_app_save_map:/home/yahboom/cartoros2/install/update_map:/home/yahboom/cartoros2/install/rosboard:/home/yahboom/cartoros2/install/path_planner_server:/home/yahboom/cartoros2/install/nav2_simple_commander:/home/yahboom/cartoros2/install/nav2_gazebo_spawner:/home/yahboom/cartoros2/install/localization_server:/home/yahboom/cartoros2/install/laserscan_to_point_pulisher:/home/yahboom/yahboomcar_ws/install/yahboom_dog_example:/opt/ros/humble /usr/bin/cmake /home/yahboom/intro_ws/src/examples/rclcpp/composition/minimal_composition -DAMENT_CMAKE_SYMLINK_INSTALL=1 -DCMAKE_INSTALL_PREFIX=/home/yahboom/intro_ws/install/examples_rclcpp_minimal_composition
[31.680s] DEBUG:colcon.colcon_core.event_handler.log_command:Invoking command in '/home/yahboom/intro_ws/build/examples_rclcpp_minimal_composition': CMAKE_PREFIX_PATH=${CMAKE_PREFIX_PATH}:/home/yahboom/cartoros2/install/yahboomcar_nav:/home/yahboom/cartoros2/install/yahboomcar_ctrl:/home/yahboom/cartoros2/install/yahboom_visual:/home/yahboom/cartoros2/install/yahboom_dog_joint_state:/home/yahboom/cartoros2/install/yahboom_description:/home/yahboom/cartoros2/install/yahboom_color_identify_server:/home/yahboom/cartoros2/install/yahboom_bringup:/home/yahboom/cartoros2/install/yahboom_base:/home/yahboom/cartoros2/install/yahboom_app_save_map:/home/yahboom/cartoros2/install/update_map:/home/yahboom/cartoros2/install/rosboard:/home/yahboom/cartoros2/install/path_planner_server:/home/yahboom/cartoros2/install/nav2_simple_commander:/home/yahboom/cartoros2/install/nav2_gazebo_spawner:/home/yahboom/cartoros2/install/localization_server:/home/yahboom/cartoros2/install/laserscan_to_point_pulisher:/home/yahboom/yahboomcar_ws/install/yahboom_dog_example:/opt/ros/humble /usr/bin/cmake --build /home/yahboom/intro_ws/build/examples_rclcpp_minimal_composition -- -j4 -l4
[34.230s] DEBUG:colcon.colcon_core.event_handler.log_command:Invoked command in '/home/yahboom/intro_ws/build/examples_rclcpp_minimal_client' returned '0': CMAKE_PREFIX_PATH=${CMAKE_PREFIX_PATH}:/home/yahboom/cartoros2/install/yahboomcar_nav:/home/yahboom/cartoros2/install/yahboomcar_ctrl:/home/yahboom/cartoros2/install/yahboom_visual:/home/yahboom/cartoros2/install/yahboom_dog_joint_state:/home/yahboom/cartoros2/install/yahboom_description:/home/yahboom/cartoros2/install/yahboom_color_identify_server:/home/yahboom/cartoros2/install/yahboom_bringup:/home/yahboom/cartoros2/install/yahboom_base:/home/yahboom/cartoros2/install/yahboom_app_save_map:/home/yahboom/cartoros2/install/update_map:/home/yahboom/cartoros2/install/rosboard:/home/yahboom/cartoros2/install/path_planner_server:/home/yahboom/cartoros2/install/nav2_simple_commander:/home/yahboom/cartoros2/install/nav2_gazebo_spawner:/home/yahboom/cartoros2/install/localization_server:/home/yahboom/cartoros2/install/laserscan_to_point_pulisher:/home/yahboom/yahboomcar_ws/install/yahboom_dog_example:/opt/ros/humble /usr/bin/cmake --build /home/yahboom/intro_ws/build/examples_rclcpp_minimal_client -- -j4 -l4
[34.319s] DEBUG:colcon.colcon_core.event_handler.log_command:Invoking command in '/home/yahboom/intro_ws/build/examples_rclcpp_minimal_client': CMAKE_PREFIX_PATH=${CMAKE_PREFIX_PATH}:/home/yahboom/cartoros2/install/yahboomcar_nav:/home/yahboom/cartoros2/install/yahboomcar_ctrl:/home/yahboom/cartoros2/install/yahboom_visual:/home/yahboom/cartoros2/install/yahboom_dog_joint_state:/home/yahboom/cartoros2/install/yahboom_description:/home/yahboom/cartoros2/install/yahboom_color_identify_server:/home/yahboom/cartoros2/install/yahboom_bringup:/home/yahboom/cartoros2/install/yahboom_base:/home/yahboom/cartoros2/install/yahboom_app_save_map:/home/yahboom/cartoros2/install/update_map:/home/yahboom/cartoros2/install/rosboard:/home/yahboom/cartoros2/install/path_planner_server:/home/yahboom/cartoros2/install/nav2_simple_commander:/home/yahboom/cartoros2/install/nav2_gazebo_spawner:/home/yahboom/cartoros2/install/localization_server:/home/yahboom/cartoros2/install/laserscan_to_point_pulisher:/home/yahboom/yahboomcar_ws/install/yahboom_dog_example:/opt/ros/humble /usr/bin/cmake --install /home/yahboom/intro_ws/build/examples_rclcpp_minimal_client
[34.555s] DEBUG:colcon.colcon_core.event_handler.log_command:Invoked command in '/home/yahboom/intro_ws/build/examples_rclcpp_cbg_executor' returned '0': CMAKE_PREFIX_PATH=${CMAKE_PREFIX_PATH}:/home/yahboom/cartoros2/install/yahboomcar_nav:/home/yahboom/cartoros2/install/yahboomcar_ctrl:/home/yahboom/cartoros2/install/yahboom_visual:/home/yahboom/cartoros2/install/yahboom_dog_joint_state:/home/yahboom/cartoros2/install/yahboom_description:/home/yahboom/cartoros2/install/yahboom_color_identify_server:/home/yahboom/cartoros2/install/yahboom_bringup:/home/yahboom/cartoros2/install/yahboom_base:/home/yahboom/cartoros2/install/yahboom_app_save_map:/home/yahboom/cartoros2/install/update_map:/home/yahboom/cartoros2/install/rosboard:/home/yahboom/cartoros2/install/path_planner_server:/home/yahboom/cartoros2/install/nav2_simple_commander:/home/yahboom/cartoros2/install/nav2_gazebo_spawner:/home/yahboom/cartoros2/install/localization_server:/home/yahboom/cartoros2/install/laserscan_to_point_pulisher:/home/yahboom/yahboomcar_ws/install/yahboom_dog_example:/opt/ros/humble /usr/bin/cmake --build /home/yahboom/intro_ws/build/examples_rclcpp_cbg_executor -- -j4 -l4
[34.642s] Level 1:colcon.colcon_core.environment:create_environment_scripts_only(examples_rclcpp_minimal_client)
[34.642s] Level 1:colcon.colcon_core.environment:checking '/home/yahboom/intro_ws/install/examples_rclcpp_minimal_client' for CMake module files
[34.643s] Level 1:colcon.colcon_core.environment:checking '/home/yahboom/intro_ws/install/examples_rclcpp_minimal_client' for CMake config files
[34.643s] Level 1:colcon.colcon_core.shell:create_environment_hook('examples_rclcpp_minimal_client', 'cmake_prefix_path')
[34.643s] INFO:colcon.colcon_core.shell:Creating environment hook '/home/yahboom/intro_ws/install/examples_rclcpp_minimal_client/share/examples_rclcpp_minimal_client/hook/cmake_prefix_path.ps1'
[34.644s] INFO:colcon.colcon_core.shell:Creating environment descriptor '/home/yahboom/intro_ws/install/examples_rclcpp_minimal_client/share/examples_rclcpp_minimal_client/hook/cmake_prefix_path.dsv'
[34.644s] INFO:colcon.colcon_core.shell:Creating environment hook '/home/yahboom/intro_ws/install/examples_rclcpp_minimal_client/share/examples_rclcpp_minimal_client/hook/cmake_prefix_path.sh'
[34.644s] Level 1:colcon.colcon_core.environment:checking '/home/yahboom/intro_ws/install/examples_rclcpp_minimal_client/lib'
[34.644s] Level 1:colcon.colcon_core.environment:checking '/home/yahboom/intro_ws/install/examples_rclcpp_minimal_client/bin'
[34.644s] Level 1:colcon.colcon_core.environment:checking '/home/yahboom/intro_ws/install/examples_rclcpp_minimal_client/lib/pkgconfig/examples_rclcpp_minimal_client.pc'
[34.644s] Level 1:colcon.colcon_core.environment:checking '/home/yahboom/intro_ws/install/examples_rclcpp_minimal_client/lib/python3.10/site-packages'
[34.644s] Level 1:colcon.colcon_core.environment:checking '/home/yahboom/intro_ws/install/examples_rclcpp_minimal_client/bin'
[34.645s] INFO:colcon.colcon_core.shell:Creating package script '/home/yahboom/intro_ws/install/examples_rclcpp_minimal_client/share/examples_rclcpp_minimal_client/package.ps1'
[34.645s] INFO:colcon.colcon_core.shell:Creating package descriptor '/home/yahboom/intro_ws/install/examples_rclcpp_minimal_client/share/examples_rclcpp_minimal_client/package.dsv'
[34.645s] INFO:colcon.colcon_core.shell:Creating package script '/home/yahboom/intro_ws/install/examples_rclcpp_minimal_client/share/examples_rclcpp_minimal_client/package.sh'
[34.645s] INFO:colcon.colcon_core.shell:Creating package script '/home/yahboom/intro_ws/install/examples_rclcpp_minimal_client/share/examples_rclcpp_minimal_client/package.bash'
[34.646s] INFO:colcon.colcon_core.shell:Creating package script '/home/yahboom/intro_ws/install/examples_rclcpp_minimal_client/share/examples_rclcpp_minimal_client/package.zsh'
[34.646s] Level 1:colcon.colcon_core.environment:create_file_with_runtime_dependencies(/home/yahboom/intro_ws/install/examples_rclcpp_minimal_client/share/colcon-core/packages/examples_rclcpp_minimal_client)
[34.649s] DEBUG:colcon.colcon_core.event_handler.log_command:Invoked command in '/home/yahboom/intro_ws/build/examples_rclcpp_minimal_client' returned '0': CMAKE_PREFIX_PATH=${CMAKE_PREFIX_PATH}:/home/yahboom/cartoros2/install/yahboomcar_nav:/home/yahboom/cartoros2/install/yahboomcar_ctrl:/home/yahboom/cartoros2/install/yahboom_visual:/home/yahboom/cartoros2/install/yahboom_dog_joint_state:/home/yahboom/cartoros2/install/yahboom_description:/home/yahboom/cartoros2/install/yahboom_color_identify_server:/home/yahboom/cartoros2/install/yahboom_bringup:/home/yahboom/cartoros2/install/yahboom_base:/home/yahboom/cartoros2/install/yahboom_app_save_map:/home/yahboom/cartoros2/install/update_map:/home/yahboom/cartoros2/install/rosboard:/home/yahboom/cartoros2/install/path_planner_server:/home/yahboom/cartoros2/install/nav2_simple_commander:/home/yahboom/cartoros2/install/nav2_gazebo_spawner:/home/yahboom/cartoros2/install/localization_server:/home/yahboom/cartoros2/install/laserscan_to_point_pulisher:/home/yahboom/yahboomcar_ws/install/yahboom_dog_example:/opt/ros/humble /usr/bin/cmake --install /home/yahboom/intro_ws/build/examples_rclcpp_minimal_client
[34.675s] DEBUG:colcon.colcon_core.event_handler.log_command:Invoking command in '/home/yahboom/intro_ws/build/examples_rclcpp_cbg_executor': CMAKE_PREFIX_PATH=${CMAKE_PREFIX_PATH}:/home/yahboom/cartoros2/install/yahboomcar_nav:/home/yahboom/cartoros2/install/yahboomcar_ctrl:/home/yahboom/cartoros2/install/yahboom_visual:/home/yahboom/cartoros2/install/yahboom_dog_joint_state:/home/yahboom/cartoros2/install/yahboom_description:/home/yahboom/cartoros2/install/yahboom_color_identify_server:/home/yahboom/cartoros2/install/yahboom_bringup:/home/yahboom/cartoros2/install/yahboom_base:/home/yahboom/cartoros2/install/yahboom_app_save_map:/home/yahboom/cartoros2/install/update_map:/home/yahboom/cartoros2/install/rosboard:/home/yahboom/cartoros2/install/path_planner_server:/home/yahboom/cartoros2/install/nav2_simple_commander:/home/yahboom/cartoros2/install/nav2_gazebo_spawner:/home/yahboom/cartoros2/install/localization_server:/home/yahboom/cartoros2/install/laserscan_to_point_pulisher:/home/yahboom/yahboomcar_ws/install/yahboom_dog_example:/opt/ros/humble /usr/bin/cmake --install /home/yahboom/intro_ws/build/examples_rclcpp_cbg_executor
[34.732s] Level 1:colcon.colcon_core.environment:create_environment_scripts_only(examples_rclcpp_minimal_client)
[34.732s] Level 1:colcon.colcon_core.environment:checking '/home/yahboom/intro_ws/install/examples_rclcpp_minimal_client' for CMake module files
[34.733s] Level 1:colcon.colcon_core.environment:checking '/home/yahboom/intro_ws/install/examples_rclcpp_minimal_client' for CMake config files
[34.733s] Level 1:colcon.colcon_core.shell:create_environment_hook('examples_rclcpp_minimal_client', 'cmake_prefix_path')
[34.733s] INFO:colcon.colcon_core.shell:Creating environment hook '/home/yahboom/intro_ws/install/examples_rclcpp_minimal_client/share/examples_rclcpp_minimal_client/hook/cmake_prefix_path.ps1'
[34.735s] INFO:colcon.colcon_core.shell:Creating environment descriptor '/home/yahboom/intro_ws/install/examples_rclcpp_minimal_client/share/examples_rclcpp_minimal_client/hook/cmake_prefix_path.dsv'
[34.736s] INFO:colcon.colcon_core.shell:Creating environment hook '/home/yahboom/intro_ws/install/examples_rclcpp_minimal_client/share/examples_rclcpp_minimal_client/hook/cmake_prefix_path.sh'
[34.737s] Level 1:colcon.colcon_core.environment:checking '/home/yahboom/intro_ws/install/examples_rclcpp_minimal_client/lib'
[34.737s] Level 1:colcon.colcon_core.environment:checking '/home/yahboom/intro_ws/install/examples_rclcpp_minimal_client/bin'
[34.737s] Level 1:colcon.colcon_core.environment:checking '/home/yahboom/intro_ws/install/examples_rclcpp_minimal_client/lib/pkgconfig/examples_rclcpp_minimal_client.pc'
[34.737s] Level 1:colcon.colcon_core.environment:checking '/home/yahboom/intro_ws/install/examples_rclcpp_minimal_client/lib/python3.10/site-packages'
[34.737s] Level 1:colcon.colcon_core.environment:checking '/home/yahboom/intro_ws/install/examples_rclcpp_minimal_client/bin'
[34.738s] INFO:colcon.colcon_core.shell:Creating package script '/home/yahboom/intro_ws/install/examples_rclcpp_minimal_client/share/examples_rclcpp_minimal_client/package.ps1'
[34.738s] INFO:colcon.colcon_core.shell:Creating package descriptor '/home/yahboom/intro_ws/install/examples_rclcpp_minimal_client/share/examples_rclcpp_minimal_client/package.dsv'
[34.739s] INFO:colcon.colcon_core.shell:Creating package script '/home/yahboom/intro_ws/install/examples_rclcpp_minimal_client/share/examples_rclcpp_minimal_client/package.sh'
[34.740s] INFO:colcon.colcon_core.shell:Creating package script '/home/yahboom/intro_ws/install/examples_rclcpp_minimal_client/share/examples_rclcpp_minimal_client/package.bash'
[34.741s] INFO:colcon.colcon_core.shell:Creating package script '/home/yahboom/intro_ws/install/examples_rclcpp_minimal_client/share/examples_rclcpp_minimal_client/package.zsh'
[34.741s] Level 1:colcon.colcon_core.environment:create_file_with_runtime_dependencies(/home/yahboom/intro_ws/install/examples_rclcpp_minimal_client/share/colcon-core/packages/examples_rclcpp_minimal_client)
[34.742s] INFO:colcon.colcon_ros.task.ament_cmake.build:Building ROS package in '/home/yahboom/intro_ws/src/examples/rclcpp/topics/minimal_publisher' with build type 'ament_cmake'
[34.743s] INFO:colcon.colcon_cmake.task.cmake.build:Building CMake package in '/home/yahboom/intro_ws/src/examples/rclcpp/topics/minimal_publisher'
[34.743s] INFO:colcon.colcon_core.shell:Skip shell extension 'powershell' for command environment: Not usable outside of PowerShell
[34.743s] DEBUG:colcon.colcon_core.shell:Skip shell extension 'dsv' for command environment
[34.762s] DEBUG:colcon.colcon_core.event_handler.log_command:Invoking command in '/home/yahboom/intro_ws/build/examples_rclcpp_minimal_publisher': CMAKE_PREFIX_PATH=${CMAKE_PREFIX_PATH}:/home/yahboom/cartoros2/install/yahboomcar_nav:/home/yahboom/cartoros2/install/yahboomcar_ctrl:/home/yahboom/cartoros2/install/yahboom_visual:/home/yahboom/cartoros2/install/yahboom_dog_joint_state:/home/yahboom/cartoros2/install/yahboom_description:/home/yahboom/cartoros2/install/yahboom_color_identify_server:/home/yahboom/cartoros2/install/yahboom_bringup:/home/yahboom/cartoros2/install/yahboom_base:/home/yahboom/cartoros2/install/yahboom_app_save_map:/home/yahboom/cartoros2/install/update_map:/home/yahboom/cartoros2/install/rosboard:/home/yahboom/cartoros2/install/path_planner_server:/home/yahboom/cartoros2/install/nav2_simple_commander:/home/yahboom/cartoros2/install/nav2_gazebo_spawner:/home/yahboom/cartoros2/install/localization_server:/home/yahboom/cartoros2/install/laserscan_to_point_pulisher:/home/yahboom/yahboomcar_ws/install/yahboom_dog_example:/opt/ros/humble /usr/bin/cmake /home/yahboom/intro_ws/src/examples/rclcpp/topics/minimal_publisher -DAMENT_CMAKE_SYMLINK_INSTALL=1 -DCMAKE_INSTALL_PREFIX=/home/yahboom/intro_ws/install/examples_rclcpp_minimal_publisher
[35.106s] Level 1:colcon.colcon_core.environment:create_environment_scripts_only(examples_rclcpp_cbg_executor)
[35.106s] Level 1:colcon.colcon_core.environment:checking '/home/yahboom/intro_ws/install/examples_rclcpp_cbg_executor' for CMake module files
[35.106s] Level 1:colcon.colcon_core.environment:checking '/home/yahboom/intro_ws/install/examples_rclcpp_cbg_executor' for CMake config files
[35.107s] Level 1:colcon.colcon_core.shell:create_environment_hook('examples_rclcpp_cbg_executor', 'cmake_prefix_path')
[35.107s] INFO:colcon.colcon_core.shell:Creating environment hook '/home/yahboom/intro_ws/install/examples_rclcpp_cbg_executor/share/examples_rclcpp_cbg_executor/hook/cmake_prefix_path.ps1'
[35.107s] INFO:colcon.colcon_core.shell:Creating environment descriptor '/home/yahboom/intro_ws/install/examples_rclcpp_cbg_executor/share/examples_rclcpp_cbg_executor/hook/cmake_prefix_path.dsv'
[35.108s] INFO:colcon.colcon_core.shell:Creating environment hook '/home/yahboom/intro_ws/install/examples_rclcpp_cbg_executor/share/examples_rclcpp_cbg_executor/hook/cmake_prefix_path.sh'
[35.108s] DEBUG:colcon.colcon_core.event_handler.log_command:Invoked command in '/home/yahboom/intro_ws/build/examples_rclcpp_cbg_executor' returned '0': CMAKE_PREFIX_PATH=${CMAKE_PREFIX_PATH}:/home/yahboom/cartoros2/install/yahboomcar_nav:/home/yahboom/cartoros2/install/yahboomcar_ctrl:/home/yahboom/cartoros2/install/yahboom_visual:/home/yahboom/cartoros2/install/yahboom_dog_joint_state:/home/yahboom/cartoros2/install/yahboom_description:/home/yahboom/cartoros2/install/yahboom_color_identify_server:/home/yahboom/cartoros2/install/yahboom_bringup:/home/yahboom/cartoros2/install/yahboom_base:/home/yahboom/cartoros2/install/yahboom_app_save_map:/home/yahboom/cartoros2/install/update_map:/home/yahboom/cartoros2/install/rosboard:/home/yahboom/cartoros2/install/path_planner_server:/home/yahboom/cartoros2/install/nav2_simple_commander:/home/yahboom/cartoros2/install/nav2_gazebo_spawner:/home/yahboom/cartoros2/install/localization_server:/home/yahboom/cartoros2/install/laserscan_to_point_pulisher:/home/yahboom/yahboomcar_ws/install/yahboom_dog_example:/opt/ros/humble /usr/bin/cmake --install /home/yahboom/intro_ws/build/examples_rclcpp_cbg_executor
[35.109s] Level 1:colcon.colcon_core.environment:checking '/home/yahboom/intro_ws/install/examples_rclcpp_cbg_executor/lib'
[35.109s] Level 1:colcon.colcon_core.environment:checking '/home/yahboom/intro_ws/install/examples_rclcpp_cbg_executor/bin'
[35.109s] Level 1:colcon.colcon_core.environment:checking '/home/yahboom/intro_ws/install/examples_rclcpp_cbg_executor/lib/pkgconfig/examples_rclcpp_cbg_executor.pc'
[35.109s] Level 1:colcon.colcon_core.environment:checking '/home/yahboom/intro_ws/install/examples_rclcpp_cbg_executor/lib/python3.10/site-packages'
[35.109s] Level 1:colcon.colcon_core.environment:checking '/home/yahboom/intro_ws/install/examples_rclcpp_cbg_executor/bin'
[35.109s] INFO:colcon.colcon_core.shell:Creating package script '/home/yahboom/intro_ws/install/examples_rclcpp_cbg_executor/share/examples_rclcpp_cbg_executor/package.ps1'
[35.110s] INFO:colcon.colcon_core.shell:Creating package descriptor '/home/yahboom/intro_ws/install/examples_rclcpp_cbg_executor/share/examples_rclcpp_cbg_executor/package.dsv'
[35.110s] INFO:colcon.colcon_core.shell:Creating package script '/home/yahboom/intro_ws/install/examples_rclcpp_cbg_executor/share/examples_rclcpp_cbg_executor/package.sh'
[35.110s] INFO:colcon.colcon_core.shell:Creating package script '/home/yahboom/intro_ws/install/examples_rclcpp_cbg_executor/share/examples_rclcpp_cbg_executor/package.bash'
[35.110s] INFO:colcon.colcon_core.shell:Creating package script '/home/yahboom/intro_ws/install/examples_rclcpp_cbg_executor/share/examples_rclcpp_cbg_executor/package.zsh'
[35.111s] Level 1:colcon.colcon_core.environment:create_file_with_runtime_dependencies(/home/yahboom/intro_ws/install/examples_rclcpp_cbg_executor/share/colcon-core/packages/examples_rclcpp_cbg_executor)
[35.235s] Level 1:colcon.colcon_core.environment:create_environment_scripts_only(examples_rclcpp_cbg_executor)
[35.236s] Level 1:colcon.colcon_core.environment:checking '/home/yahboom/intro_ws/install/examples_rclcpp_cbg_executor' for CMake module files
[35.236s] Level 1:colcon.colcon_core.environment:checking '/home/yahboom/intro_ws/install/examples_rclcpp_cbg_executor' for CMake config files
[35.236s] Level 1:colcon.colcon_core.shell:create_environment_hook('examples_rclcpp_cbg_executor', 'cmake_prefix_path')
[35.237s] INFO:colcon.colcon_core.shell:Creating environment hook '/home/yahboom/intro_ws/install/examples_rclcpp_cbg_executor/share/examples_rclcpp_cbg_executor/hook/cmake_prefix_path.ps1'
[35.238s] INFO:colcon.colcon_core.shell:Creating environment descriptor '/home/yahboom/intro_ws/install/examples_rclcpp_cbg_executor/share/examples_rclcpp_cbg_executor/hook/cmake_prefix_path.dsv'
[35.239s] INFO:colcon.colcon_core.shell:Creating environment hook '/home/yahboom/intro_ws/install/examples_rclcpp_cbg_executor/share/examples_rclcpp_cbg_executor/hook/cmake_prefix_path.sh'
[35.240s] Level 1:colcon.colcon_core.environment:checking '/home/yahboom/intro_ws/install/examples_rclcpp_cbg_executor/lib'
[35.240s] Level 1:colcon.colcon_core.environment:checking '/home/yahboom/intro_ws/install/examples_rclcpp_cbg_executor/bin'
[35.240s] Level 1:colcon.colcon_core.environment:checking '/home/yahboom/intro_ws/install/examples_rclcpp_cbg_executor/lib/pkgconfig/examples_rclcpp_cbg_executor.pc'
[35.240s] Level 1:colcon.colcon_core.environment:checking '/home/yahboom/intro_ws/install/examples_rclcpp_cbg_executor/lib/python3.10/site-packages'
[35.240s] Level 1:colcon.colcon_core.environment:checking '/home/yahboom/intro_ws/install/examples_rclcpp_cbg_executor/bin'
[35.241s] INFO:colcon.colcon_core.shell:Creating package script '/home/yahboom/intro_ws/install/examples_rclcpp_cbg_executor/share/examples_rclcpp_cbg_executor/package.ps1'
[35.242s] INFO:colcon.colcon_core.shell:Creating package descriptor '/home/yahboom/intro_ws/install/examples_rclcpp_cbg_executor/share/examples_rclcpp_cbg_executor/package.dsv'
[35.242s] INFO:colcon.colcon_core.shell:Creating package script '/home/yahboom/intro_ws/install/examples_rclcpp_cbg_executor/share/examples_rclcpp_cbg_executor/package.sh'
[35.243s] INFO:colcon.colcon_core.shell:Creating package script '/home/yahboom/intro_ws/install/examples_rclcpp_cbg_executor/share/examples_rclcpp_cbg_executor/package.bash'
[35.244s] INFO:colcon.colcon_core.shell:Creating package script '/home/yahboom/intro_ws/install/examples_rclcpp_cbg_executor/share/examples_rclcpp_cbg_executor/package.zsh'
[35.245s] Level 1:colcon.colcon_core.environment:create_file_with_runtime_dependencies(/home/yahboom/intro_ws/install/examples_rclcpp_cbg_executor/share/colcon-core/packages/examples_rclcpp_cbg_executor)
[35.246s] INFO:colcon.colcon_ros.task.ament_cmake.build:Building ROS package in '/home/yahboom/intro_ws/src/examples/rclcpp/services/minimal_service' with build type 'ament_cmake'
[35.246s] INFO:colcon.colcon_cmake.task.cmake.build:Building CMake package in '/home/yahboom/intro_ws/src/examples/rclcpp/services/minimal_service'
[35.247s] INFO:colcon.colcon_core.shell:Skip shell extension 'powershell' for command environment: Not usable outside of PowerShell
[35.247s] DEBUG:colcon.colcon_core.shell:Skip shell extension 'dsv' for command environment
[35.265s] DEBUG:colcon.colcon_core.event_handler.log_command:Invoking command in '/home/yahboom/intro_ws/build/examples_rclcpp_minimal_service': CMAKE_PREFIX_PATH=${CMAKE_PREFIX_PATH}:/home/yahboom/cartoros2/install/yahboomcar_nav:/home/yahboom/cartoros2/install/yahboomcar_ctrl:/home/yahboom/cartoros2/install/yahboom_visual:/home/yahboom/cartoros2/install/yahboom_dog_joint_state:/home/yahboom/cartoros2/install/yahboom_description:/home/yahboom/cartoros2/install/yahboom_color_identify_server:/home/yahboom/cartoros2/install/yahboom_bringup:/home/yahboom/cartoros2/install/yahboom_base:/home/yahboom/cartoros2/install/yahboom_app_save_map:/home/yahboom/cartoros2/install/update_map:/home/yahboom/cartoros2/install/rosboard:/home/yahboom/cartoros2/install/path_planner_server:/home/yahboom/cartoros2/install/nav2_simple_commander:/home/yahboom/cartoros2/install/nav2_gazebo_spawner:/home/yahboom/cartoros2/install/localization_server:/home/yahboom/cartoros2/install/laserscan_to_point_pulisher:/home/yahboom/yahboomcar_ws/install/yahboom_dog_example:/opt/ros/humble /usr/bin/cmake /home/yahboom/intro_ws/src/examples/rclcpp/services/minimal_service -DAMENT_CMAKE_SYMLINK_INSTALL=1 -DCMAKE_INSTALL_PREFIX=/home/yahboom/intro_ws/install/examples_rclcpp_minimal_service
[37.395s] DEBUG:colcon.colcon_core.event_handler.log_command:Invoked command in '/home/yahboom/intro_ws/build/examples_rclcpp_minimal_publisher' returned '0': CMAKE_PREFIX_PATH=${CMAKE_PREFIX_PATH}:/home/yahboom/cartoros2/install/yahboomcar_nav:/home/yahboom/cartoros2/install/yahboomcar_ctrl:/home/yahboom/cartoros2/install/yahboom_visual:/home/yahboom/cartoros2/install/yahboom_dog_joint_state:/home/yahboom/cartoros2/install/yahboom_description:/home/yahboom/cartoros2/install/yahboom_color_identify_server:/home/yahboom/cartoros2/install/yahboom_bringup:/home/yahboom/cartoros2/install/yahboom_base:/home/yahboom/cartoros2/install/yahboom_app_save_map:/home/yahboom/cartoros2/install/update_map:/home/yahboom/cartoros2/install/rosboard:/home/yahboom/cartoros2/install/path_planner_server:/home/yahboom/cartoros2/install/nav2_simple_commander:/home/yahboom/cartoros2/install/nav2_gazebo_spawner:/home/yahboom/cartoros2/install/localization_server:/home/yahboom/cartoros2/install/laserscan_to_point_pulisher:/home/yahboom/yahboomcar_ws/install/yahboom_dog_example:/opt/ros/humble /usr/bin/cmake /home/yahboom/intro_ws/src/examples/rclcpp/topics/minimal_publisher -DAMENT_CMAKE_SYMLINK_INSTALL=1 -DCMAKE_INSTALL_PREFIX=/home/yahboom/intro_ws/install/examples_rclcpp_minimal_publisher
[37.395s] DEBUG:colcon.colcon_core.event_handler.log_command:Invoking command in '/home/yahboom/intro_ws/build/examples_rclcpp_minimal_publisher': CMAKE_PREFIX_PATH=${CMAKE_PREFIX_PATH}:/home/yahboom/cartoros2/install/yahboomcar_nav:/home/yahboom/cartoros2/install/yahboomcar_ctrl:/home/yahboom/cartoros2/install/yahboom_visual:/home/yahboom/cartoros2/install/yahboom_dog_joint_state:/home/yahboom/cartoros2/install/yahboom_description:/home/yahboom/cartoros2/install/yahboom_color_identify_server:/home/yahboom/cartoros2/install/yahboom_bringup:/home/yahboom/cartoros2/install/yahboom_base:/home/yahboom/cartoros2/install/yahboom_app_save_map:/home/yahboom/cartoros2/install/update_map:/home/yahboom/cartoros2/install/rosboard:/home/yahboom/cartoros2/install/path_planner_server:/home/yahboom/cartoros2/install/nav2_simple_commander:/home/yahboom/cartoros2/install/nav2_gazebo_spawner:/home/yahboom/cartoros2/install/localization_server:/home/yahboom/cartoros2/install/laserscan_to_point_pulisher:/home/yahboom/yahboomcar_ws/install/yahboom_dog_example:/opt/ros/humble /usr/bin/cmake --build /home/yahboom/intro_ws/build/examples_rclcpp_minimal_publisher -- -j4 -l4
[38.112s] DEBUG:colcon.colcon_core.event_handler.log_command:Invoked command in '/home/yahboom/intro_ws/build/examples_rclcpp_minimal_service' returned '0': CMAKE_PREFIX_PATH=${CMAKE_PREFIX_PATH}:/home/yahboom/cartoros2/install/yahboomcar_nav:/home/yahboom/cartoros2/install/yahboomcar_ctrl:/home/yahboom/cartoros2/install/yahboom_visual:/home/yahboom/cartoros2/install/yahboom_dog_joint_state:/home/yahboom/cartoros2/install/yahboom_description:/home/yahboom/cartoros2/install/yahboom_color_identify_server:/home/yahboom/cartoros2/install/yahboom_bringup:/home/yahboom/cartoros2/install/yahboom_base:/home/yahboom/cartoros2/install/yahboom_app_save_map:/home/yahboom/cartoros2/install/update_map:/home/yahboom/cartoros2/install/rosboard:/home/yahboom/cartoros2/install/path_planner_server:/home/yahboom/cartoros2/install/nav2_simple_commander:/home/yahboom/cartoros2/install/nav2_gazebo_spawner:/home/yahboom/cartoros2/install/localization_server:/home/yahboom/cartoros2/install/laserscan_to_point_pulisher:/home/yahboom/yahboomcar_ws/install/yahboom_dog_example:/opt/ros/humble /usr/bin/cmake /home/yahboom/intro_ws/src/examples/rclcpp/services/minimal_service -DAMENT_CMAKE_SYMLINK_INSTALL=1 -DCMAKE_INSTALL_PREFIX=/home/yahboom/intro_ws/install/examples_rclcpp_minimal_service
[38.113s] DEBUG:colcon.colcon_core.event_handler.log_command:Invoking command in '/home/yahboom/intro_ws/build/examples_rclcpp_minimal_service': CMAKE_PREFIX_PATH=${CMAKE_PREFIX_PATH}:/home/yahboom/cartoros2/install/yahboomcar_nav:/home/yahboom/cartoros2/install/yahboomcar_ctrl:/home/yahboom/cartoros2/install/yahboom_visual:/home/yahboom/cartoros2/install/yahboom_dog_joint_state:/home/yahboom/cartoros2/install/yahboom_description:/home/yahboom/cartoros2/install/yahboom_color_identify_server:/home/yahboom/cartoros2/install/yahboom_bringup:/home/yahboom/cartoros2/install/yahboom_base:/home/yahboom/cartoros2/install/yahboom_app_save_map:/home/yahboom/cartoros2/install/update_map:/home/yahboom/cartoros2/install/rosboard:/home/yahboom/cartoros2/install/path_planner_server:/home/yahboom/cartoros2/install/nav2_simple_commander:/home/yahboom/cartoros2/install/nav2_gazebo_spawner:/home/yahboom/cartoros2/install/localization_server:/home/yahboom/cartoros2/install/laserscan_to_point_pulisher:/home/yahboom/yahboomcar_ws/install/yahboom_dog_example:/opt/ros/humble /usr/bin/cmake --build /home/yahboom/intro_ws/build/examples_rclcpp_minimal_service -- -j4 -l4
[38.692s] DEBUG:colcon.colcon_core.event_handler.log_command:Invoked command in '/home/yahboom/intro_ws/build/examples_rclcpp_minimal_action_server' returned '0': CMAKE_PREFIX_PATH=${CMAKE_PREFIX_PATH}:/home/yahboom/cartoros2/install/yahboomcar_nav:/home/yahboom/cartoros2/install/yahboomcar_ctrl:/home/yahboom/cartoros2/install/yahboom_visual:/home/yahboom/cartoros2/install/yahboom_dog_joint_state:/home/yahboom/cartoros2/install/yahboom_description:/home/yahboom/cartoros2/install/yahboom_color_identify_server:/home/yahboom/cartoros2/install/yahboom_bringup:/home/yahboom/cartoros2/install/yahboom_base:/home/yahboom/cartoros2/install/yahboom_app_save_map:/home/yahboom/cartoros2/install/update_map:/home/yahboom/cartoros2/install/rosboard:/home/yahboom/cartoros2/install/path_planner_server:/home/yahboom/cartoros2/install/nav2_simple_commander:/home/yahboom/cartoros2/install/nav2_gazebo_spawner:/home/yahboom/cartoros2/install/localization_server:/home/yahboom/cartoros2/install/laserscan_to_point_pulisher:/home/yahboom/yahboomcar_ws/install/yahboom_dog_example:/opt/ros/humble /usr/bin/cmake --build /home/yahboom/intro_ws/build/examples_rclcpp_minimal_action_server -- -j4 -l4
[38.853s] DEBUG:colcon.colcon_core.event_handler.log_command:Invoking command in '/home/yahboom/intro_ws/build/examples_rclcpp_minimal_action_server': CMAKE_PREFIX_PATH=${CMAKE_PREFIX_PATH}:/home/yahboom/cartoros2/install/yahboomcar_nav:/home/yahboom/cartoros2/install/yahboomcar_ctrl:/home/yahboom/cartoros2/install/yahboom_visual:/home/yahboom/cartoros2/install/yahboom_dog_joint_state:/home/yahboom/cartoros2/install/yahboom_description:/home/yahboom/cartoros2/install/yahboom_color_identify_server:/home/yahboom/cartoros2/install/yahboom_bringup:/home/yahboom/cartoros2/install/yahboom_base:/home/yahboom/cartoros2/install/yahboom_app_save_map:/home/yahboom/cartoros2/install/update_map:/home/yahboom/cartoros2/install/rosboard:/home/yahboom/cartoros2/install/path_planner_server:/home/yahboom/cartoros2/install/nav2_simple_commander:/home/yahboom/cartoros2/install/nav2_gazebo_spawner:/home/yahboom/cartoros2/install/localization_server:/home/yahboom/cartoros2/install/laserscan_to_point_pulisher:/home/yahboom/yahboomcar_ws/install/yahboom_dog_example:/opt/ros/humble /usr/bin/cmake --install /home/yahboom/intro_ws/build/examples_rclcpp_minimal_action_server
[39.331s] Level 1:colcon.colcon_core.environment:create_environment_scripts_only(examples_rclcpp_minimal_action_server)
[39.332s] Level 1:colcon.colcon_core.environment:checking '/home/yahboom/intro_ws/install/examples_rclcpp_minimal_action_server' for CMake module files
[39.333s] DEBUG:colcon.colcon_core.event_handler.log_command:Invoked command in '/home/yahboom/intro_ws/build/examples_rclcpp_minimal_action_server' returned '0': CMAKE_PREFIX_PATH=${CMAKE_PREFIX_PATH}:/home/yahboom/cartoros2/install/yahboomcar_nav:/home/yahboom/cartoros2/install/yahboomcar_ctrl:/home/yahboom/cartoros2/install/yahboom_visual:/home/yahboom/cartoros2/install/yahboom_dog_joint_state:/home/yahboom/cartoros2/install/yahboom_description:/home/yahboom/cartoros2/install/yahboom_color_identify_server:/home/yahboom/cartoros2/install/yahboom_bringup:/home/yahboom/cartoros2/install/yahboom_base:/home/yahboom/cartoros2/install/yahboom_app_save_map:/home/yahboom/cartoros2/install/update_map:/home/yahboom/cartoros2/install/rosboard:/home/yahboom/cartoros2/install/path_planner_server:/home/yahboom/cartoros2/install/nav2_simple_commander:/home/yahboom/cartoros2/install/nav2_gazebo_spawner:/home/yahboom/cartoros2/install/localization_server:/home/yahboom/cartoros2/install/laserscan_to_point_pulisher:/home/yahboom/yahboomcar_ws/install/yahboom_dog_example:/opt/ros/humble /usr/bin/cmake --install /home/yahboom/intro_ws/build/examples_rclcpp_minimal_action_server
[39.333s] Level 1:colcon.colcon_core.environment:checking '/home/yahboom/intro_ws/install/examples_rclcpp_minimal_action_server' for CMake config files
[39.334s] Level 1:colcon.colcon_core.shell:create_environment_hook('examples_rclcpp_minimal_action_server', 'cmake_prefix_path')
[39.334s] INFO:colcon.colcon_core.shell:Creating environment hook '/home/yahboom/intro_ws/install/examples_rclcpp_minimal_action_server/share/examples_rclcpp_minimal_action_server/hook/cmake_prefix_path.ps1'
[39.334s] INFO:colcon.colcon_core.shell:Creating environment descriptor '/home/yahboom/intro_ws/install/examples_rclcpp_minimal_action_server/share/examples_rclcpp_minimal_action_server/hook/cmake_prefix_path.dsv'
[39.334s] INFO:colcon.colcon_core.shell:Creating environment hook '/home/yahboom/intro_ws/install/examples_rclcpp_minimal_action_server/share/examples_rclcpp_minimal_action_server/hook/cmake_prefix_path.sh'
[39.335s] Level 1:colcon.colcon_core.environment:checking '/home/yahboom/intro_ws/install/examples_rclcpp_minimal_action_server/lib'
[39.335s] Level 1:colcon.colcon_core.environment:checking '/home/yahboom/intro_ws/install/examples_rclcpp_minimal_action_server/bin'
[39.335s] Level 1:colcon.colcon_core.environment:checking '/home/yahboom/intro_ws/install/examples_rclcpp_minimal_action_server/lib/pkgconfig/examples_rclcpp_minimal_action_server.pc'
[39.335s] Level 1:colcon.colcon_core.environment:checking '/home/yahboom/intro_ws/install/examples_rclcpp_minimal_action_server/lib/python3.10/site-packages'
[39.335s] Level 1:colcon.colcon_core.environment:checking '/home/yahboom/intro_ws/install/examples_rclcpp_minimal_action_server/bin'
[39.336s] INFO:colcon.colcon_core.shell:Creating package script '/home/yahboom/intro_ws/install/examples_rclcpp_minimal_action_server/share/examples_rclcpp_minimal_action_server/package.ps1'
[39.336s] INFO:colcon.colcon_core.shell:Creating package descriptor '/home/yahboom/intro_ws/install/examples_rclcpp_minimal_action_server/share/examples_rclcpp_minimal_action_server/package.dsv'
[39.336s] INFO:colcon.colcon_core.shell:Creating package script '/home/yahboom/intro_ws/install/examples_rclcpp_minimal_action_server/share/examples_rclcpp_minimal_action_server/package.sh'
[39.336s] INFO:colcon.colcon_core.shell:Creating package script '/home/yahboom/intro_ws/install/examples_rclcpp_minimal_action_server/share/examples_rclcpp_minimal_action_server/package.bash'
[39.337s] INFO:colcon.colcon_core.shell:Creating package script '/home/yahboom/intro_ws/install/examples_rclcpp_minimal_action_server/share/examples_rclcpp_minimal_action_server/package.zsh'
[39.337s] Level 1:colcon.colcon_core.environment:create_file_with_runtime_dependencies(/home/yahboom/intro_ws/install/examples_rclcpp_minimal_action_server/share/colcon-core/packages/examples_rclcpp_minimal_action_server)
[39.453s] Level 1:colcon.colcon_core.environment:create_environment_scripts_only(examples_rclcpp_minimal_action_server)
[39.453s] Level 1:colcon.colcon_core.environment:checking '/home/yahboom/intro_ws/install/examples_rclcpp_minimal_action_server' for CMake module files
[39.453s] Level 1:colcon.colcon_core.environment:checking '/home/yahboom/intro_ws/install/examples_rclcpp_minimal_action_server' for CMake config files
[39.454s] Level 1:colcon.colcon_core.shell:create_environment_hook('examples_rclcpp_minimal_action_server', 'cmake_prefix_path')
[39.454s] INFO:colcon.colcon_core.shell:Creating environment hook '/home/yahboom/intro_ws/install/examples_rclcpp_minimal_action_server/share/examples_rclcpp_minimal_action_server/hook/cmake_prefix_path.ps1'
[39.455s] INFO:colcon.colcon_core.shell:Creating environment descriptor '/home/yahboom/intro_ws/install/examples_rclcpp_minimal_action_server/share/examples_rclcpp_minimal_action_server/hook/cmake_prefix_path.dsv'
[39.456s] INFO:colcon.colcon_core.shell:Creating environment hook '/home/yahboom/intro_ws/install/examples_rclcpp_minimal_action_server/share/examples_rclcpp_minimal_action_server/hook/cmake_prefix_path.sh'
[39.457s] Level 1:colcon.colcon_core.environment:checking '/home/yahboom/intro_ws/install/examples_rclcpp_minimal_action_server/lib'
[39.457s] Level 1:colcon.colcon_core.environment:checking '/home/yahboom/intro_ws/install/examples_rclcpp_minimal_action_server/bin'
[39.457s] Level 1:colcon.colcon_core.environment:checking '/home/yahboom/intro_ws/install/examples_rclcpp_minimal_action_server/lib/pkgconfig/examples_rclcpp_minimal_action_server.pc'
[39.457s] Level 1:colcon.colcon_core.environment:checking '/home/yahboom/intro_ws/install/examples_rclcpp_minimal_action_server/lib/python3.10/site-packages'
[39.457s] Level 1:colcon.colcon_core.environment:checking '/home/yahboom/intro_ws/install/examples_rclcpp_minimal_action_server/bin'
[39.457s] INFO:colcon.colcon_core.shell:Creating package script '/home/yahboom/intro_ws/install/examples_rclcpp_minimal_action_server/share/examples_rclcpp_minimal_action_server/package.ps1'
[39.458s] INFO:colcon.colcon_core.shell:Creating package descriptor '/home/yahboom/intro_ws/install/examples_rclcpp_minimal_action_server/share/examples_rclcpp_minimal_action_server/package.dsv'
[39.459s] INFO:colcon.colcon_core.shell:Creating package script '/home/yahboom/intro_ws/install/examples_rclcpp_minimal_action_server/share/examples_rclcpp_minimal_action_server/package.sh'
[39.460s] INFO:colcon.colcon_core.shell:Creating package script '/home/yahboom/intro_ws/install/examples_rclcpp_minimal_action_server/share/examples_rclcpp_minimal_action_server/package.bash'
[39.461s] INFO:colcon.colcon_core.shell:Creating package script '/home/yahboom/intro_ws/install/examples_rclcpp_minimal_action_server/share/examples_rclcpp_minimal_action_server/package.zsh'
[39.461s] Level 1:colcon.colcon_core.environment:create_file_with_runtime_dependencies(/home/yahboom/intro_ws/install/examples_rclcpp_minimal_action_server/share/colcon-core/packages/examples_rclcpp_minimal_action_server)
[39.465s] INFO:colcon.colcon_ros.task.ament_cmake.build:Building ROS package in '/home/yahboom/intro_ws/src/examples/rclcpp/topics/minimal_subscriber' with build type 'ament_cmake'
[39.465s] INFO:colcon.colcon_cmake.task.cmake.build:Building CMake package in '/home/yahboom/intro_ws/src/examples/rclcpp/topics/minimal_subscriber'
[39.465s] INFO:colcon.colcon_core.shell:Skip shell extension 'powershell' for command environment: Not usable outside of PowerShell
[39.465s] DEBUG:colcon.colcon_core.shell:Skip shell extension 'dsv' for command environment
[39.496s] DEBUG:colcon.colcon_core.event_handler.log_command:Invoking command in '/home/yahboom/intro_ws/build/examples_rclcpp_minimal_subscriber': CMAKE_PREFIX_PATH=${CMAKE_PREFIX_PATH}:/home/yahboom/cartoros2/install/yahboomcar_nav:/home/yahboom/cartoros2/install/yahboomcar_ctrl:/home/yahboom/cartoros2/install/yahboom_visual:/home/yahboom/cartoros2/install/yahboom_dog_joint_state:/home/yahboom/cartoros2/install/yahboom_description:/home/yahboom/cartoros2/install/yahboom_color_identify_server:/home/yahboom/cartoros2/install/yahboom_bringup:/home/yahboom/cartoros2/install/yahboom_base:/home/yahboom/cartoros2/install/yahboom_app_save_map:/home/yahboom/cartoros2/install/update_map:/home/yahboom/cartoros2/install/rosboard:/home/yahboom/cartoros2/install/path_planner_server:/home/yahboom/cartoros2/install/nav2_simple_commander:/home/yahboom/cartoros2/install/nav2_gazebo_spawner:/home/yahboom/cartoros2/install/localization_server:/home/yahboom/cartoros2/install/laserscan_to_point_pulisher:/home/yahboom/yahboomcar_ws/install/yahboom_dog_example:/opt/ros/humble /usr/bin/cmake /home/yahboom/intro_ws/src/examples/rclcpp/topics/minimal_subscriber -DAMENT_CMAKE_SYMLINK_INSTALL=1 -DCMAKE_INSTALL_PREFIX=/home/yahboom/intro_ws/install/examples_rclcpp_minimal_subscriber
[42.098s] DEBUG:colcon.colcon_core.event_handler.log_command:Invoked command in '/home/yahboom/intro_ws/build/examples_rclcpp_minimal_service' returned '0': CMAKE_PREFIX_PATH=${CMAKE_PREFIX_PATH}:/home/yahboom/cartoros2/install/yahboomcar_nav:/home/yahboom/cartoros2/install/yahboomcar_ctrl:/home/yahboom/cartoros2/install/yahboom_visual:/home/yahboom/cartoros2/install/yahboom_dog_joint_state:/home/yahboom/cartoros2/install/yahboom_description:/home/yahboom/cartoros2/install/yahboom_color_identify_server:/home/yahboom/cartoros2/install/yahboom_bringup:/home/yahboom/cartoros2/install/yahboom_base:/home/yahboom/cartoros2/install/yahboom_app_save_map:/home/yahboom/cartoros2/install/update_map:/home/yahboom/cartoros2/install/rosboard:/home/yahboom/cartoros2/install/path_planner_server:/home/yahboom/cartoros2/install/nav2_simple_commander:/home/yahboom/cartoros2/install/nav2_gazebo_spawner:/home/yahboom/cartoros2/install/localization_server:/home/yahboom/cartoros2/install/laserscan_to_point_pulisher:/home/yahboom/yahboomcar_ws/install/yahboom_dog_example:/opt/ros/humble /usr/bin/cmake --build /home/yahboom/intro_ws/build/examples_rclcpp_minimal_service -- -j4 -l4
[42.188s] DEBUG:colcon.colcon_core.event_handler.log_command:Invoking command in '/home/yahboom/intro_ws/build/examples_rclcpp_minimal_service': CMAKE_PREFIX_PATH=${CMAKE_PREFIX_PATH}:/home/yahboom/cartoros2/install/yahboomcar_nav:/home/yahboom/cartoros2/install/yahboomcar_ctrl:/home/yahboom/cartoros2/install/yahboom_visual:/home/yahboom/cartoros2/install/yahboom_dog_joint_state:/home/yahboom/cartoros2/install/yahboom_description:/home/yahboom/cartoros2/install/yahboom_color_identify_server:/home/yahboom/cartoros2/install/yahboom_bringup:/home/yahboom/cartoros2/install/yahboom_base:/home/yahboom/cartoros2/install/yahboom_app_save_map:/home/yahboom/cartoros2/install/update_map:/home/yahboom/cartoros2/install/rosboard:/home/yahboom/cartoros2/install/path_planner_server:/home/yahboom/cartoros2/install/nav2_simple_commander:/home/yahboom/cartoros2/install/nav2_gazebo_spawner:/home/yahboom/cartoros2/install/localization_server:/home/yahboom/cartoros2/install/laserscan_to_point_pulisher:/home/yahboom/yahboomcar_ws/install/yahboom_dog_example:/opt/ros/humble /usr/bin/cmake --install /home/yahboom/intro_ws/build/examples_rclcpp_minimal_service
[42.435s] DEBUG:colcon.colcon_core.event_handler.log_command:Invoked command in '/home/yahboom/intro_ws/build/examples_rclcpp_minimal_subscriber' returned '0': CMAKE_PREFIX_PATH=${CMAKE_PREFIX_PATH}:/home/yahboom/cartoros2/install/yahboomcar_nav:/home/yahboom/cartoros2/install/yahboomcar_ctrl:/home/yahboom/cartoros2/install/yahboom_visual:/home/yahboom/cartoros2/install/yahboom_dog_joint_state:/home/yahboom/cartoros2/install/yahboom_description:/home/yahboom/cartoros2/install/yahboom_color_identify_server:/home/yahboom/cartoros2/install/yahboom_bringup:/home/yahboom/cartoros2/install/yahboom_base:/home/yahboom/cartoros2/install/yahboom_app_save_map:/home/yahboom/cartoros2/install/update_map:/home/yahboom/cartoros2/install/rosboard:/home/yahboom/cartoros2/install/path_planner_server:/home/yahboom/cartoros2/install/nav2_simple_commander:/home/yahboom/cartoros2/install/nav2_gazebo_spawner:/home/yahboom/cartoros2/install/localization_server:/home/yahboom/cartoros2/install/laserscan_to_point_pulisher:/home/yahboom/yahboomcar_ws/install/yahboom_dog_example:/opt/ros/humble /usr/bin/cmake /home/yahboom/intro_ws/src/examples/rclcpp/topics/minimal_subscriber -DAMENT_CMAKE_SYMLINK_INSTALL=1 -DCMAKE_INSTALL_PREFIX=/home/yahboom/intro_ws/install/examples_rclcpp_minimal_subscriber
[42.437s] DEBUG:colcon.colcon_core.event_handler.log_command:Invoking command in '/home/yahboom/intro_ws/build/examples_rclcpp_minimal_subscriber': CMAKE_PREFIX_PATH=${CMAKE_PREFIX_PATH}:/home/yahboom/cartoros2/install/yahboomcar_nav:/home/yahboom/cartoros2/install/yahboomcar_ctrl:/home/yahboom/cartoros2/install/yahboom_visual:/home/yahboom/cartoros2/install/yahboom_dog_joint_state:/home/yahboom/cartoros2/install/yahboom_description:/home/yahboom/cartoros2/install/yahboom_color_identify_server:/home/yahboom/cartoros2/install/yahboom_bringup:/home/yahboom/cartoros2/install/yahboom_base:/home/yahboom/cartoros2/install/yahboom_app_save_map:/home/yahboom/cartoros2/install/update_map:/home/yahboom/cartoros2/install/rosboard:/home/yahboom/cartoros2/install/path_planner_server:/home/yahboom/cartoros2/install/nav2_simple_commander:/home/yahboom/cartoros2/install/nav2_gazebo_spawner:/home/yahboom/cartoros2/install/localization_server:/home/yahboom/cartoros2/install/laserscan_to_point_pulisher:/home/yahboom/yahboomcar_ws/install/yahboom_dog_example:/opt/ros/humble /usr/bin/cmake --build /home/yahboom/intro_ws/build/examples_rclcpp_minimal_subscriber -- -j4 -l4
[42.621s] Level 1:colcon.colcon_core.environment:create_environment_scripts_only(examples_rclcpp_minimal_service)
[42.622s] Level 1:colcon.colcon_core.environment:checking '/home/yahboom/intro_ws/install/examples_rclcpp_minimal_service' for CMake module files
[42.622s] DEBUG:colcon.colcon_core.event_handler.log_command:Invoked command in '/home/yahboom/intro_ws/build/examples_rclcpp_minimal_service' returned '0': CMAKE_PREFIX_PATH=${CMAKE_PREFIX_PATH}:/home/yahboom/cartoros2/install/yahboomcar_nav:/home/yahboom/cartoros2/install/yahboomcar_ctrl:/home/yahboom/cartoros2/install/yahboom_visual:/home/yahboom/cartoros2/install/yahboom_dog_joint_state:/home/yahboom/cartoros2/install/yahboom_description:/home/yahboom/cartoros2/install/yahboom_color_identify_server:/home/yahboom/cartoros2/install/yahboom_bringup:/home/yahboom/cartoros2/install/yahboom_base:/home/yahboom/cartoros2/install/yahboom_app_save_map:/home/yahboom/cartoros2/install/update_map:/home/yahboom/cartoros2/install/rosboard:/home/yahboom/cartoros2/install/path_planner_server:/home/yahboom/cartoros2/install/nav2_simple_commander:/home/yahboom/cartoros2/install/nav2_gazebo_spawner:/home/yahboom/cartoros2/install/localization_server:/home/yahboom/cartoros2/install/laserscan_to_point_pulisher:/home/yahboom/yahboomcar_ws/install/yahboom_dog_example:/opt/ros/humble /usr/bin/cmake --install /home/yahboom/intro_ws/build/examples_rclcpp_minimal_service
[42.623s] Level 1:colcon.colcon_core.environment:checking '/home/yahboom/intro_ws/install/examples_rclcpp_minimal_service' for CMake config files
[42.623s] Level 1:colcon.colcon_core.shell:create_environment_hook('examples_rclcpp_minimal_service', 'cmake_prefix_path')
[42.623s] INFO:colcon.colcon_core.shell:Creating environment hook '/home/yahboom/intro_ws/install/examples_rclcpp_minimal_service/share/examples_rclcpp_minimal_service/hook/cmake_prefix_path.ps1'
[42.624s] INFO:colcon.colcon_core.shell:Creating environment descriptor '/home/yahboom/intro_ws/install/examples_rclcpp_minimal_service/share/examples_rclcpp_minimal_service/hook/cmake_prefix_path.dsv'
[42.624s] INFO:colcon.colcon_core.shell:Creating environment hook '/home/yahboom/intro_ws/install/examples_rclcpp_minimal_service/share/examples_rclcpp_minimal_service/hook/cmake_prefix_path.sh'
[42.624s] Level 1:colcon.colcon_core.environment:checking '/home/yahboom/intro_ws/install/examples_rclcpp_minimal_service/lib'
[42.624s] Level 1:colcon.colcon_core.environment:checking '/home/yahboom/intro_ws/install/examples_rclcpp_minimal_service/bin'
[42.624s] Level 1:colcon.colcon_core.environment:checking '/home/yahboom/intro_ws/install/examples_rclcpp_minimal_service/lib/pkgconfig/examples_rclcpp_minimal_service.pc'
[42.625s] Level 1:colcon.colcon_core.environment:checking '/home/yahboom/intro_ws/install/examples_rclcpp_minimal_service/lib/python3.10/site-packages'
[42.625s] Level 1:colcon.colcon_core.environment:checking '/home/yahboom/intro_ws/install/examples_rclcpp_minimal_service/bin'
[42.625s] INFO:colcon.colcon_core.shell:Creating package script '/home/yahboom/intro_ws/install/examples_rclcpp_minimal_service/share/examples_rclcpp_minimal_service/package.ps1'
[42.626s] INFO:colcon.colcon_core.shell:Creating package descriptor '/home/yahboom/intro_ws/install/examples_rclcpp_minimal_service/share/examples_rclcpp_minimal_service/package.dsv'
[42.626s] INFO:colcon.colcon_core.shell:Creating package script '/home/yahboom/intro_ws/install/examples_rclcpp_minimal_service/share/examples_rclcpp_minimal_service/package.sh'
[42.627s] INFO:colcon.colcon_core.shell:Creating package script '/home/yahboom/intro_ws/install/examples_rclcpp_minimal_service/share/examples_rclcpp_minimal_service/package.bash'
[42.627s] INFO:colcon.colcon_core.shell:Creating package script '/home/yahboom/intro_ws/install/examples_rclcpp_minimal_service/share/examples_rclcpp_minimal_service/package.zsh'
[42.627s] Level 1:colcon.colcon_core.environment:create_file_with_runtime_dependencies(/home/yahboom/intro_ws/install/examples_rclcpp_minimal_service/share/colcon-core/packages/examples_rclcpp_minimal_service)
[42.713s] Level 1:colcon.colcon_core.environment:create_environment_scripts_only(examples_rclcpp_minimal_service)
[42.713s] Level 1:colcon.colcon_core.environment:checking '/home/yahboom/intro_ws/install/examples_rclcpp_minimal_service' for CMake module files
[42.714s] Level 1:colcon.colcon_core.environment:checking '/home/yahboom/intro_ws/install/examples_rclcpp_minimal_service' for CMake config files
[42.714s] Level 1:colcon.colcon_core.shell:create_environment_hook('examples_rclcpp_minimal_service', 'cmake_prefix_path')
[42.714s] INFO:colcon.colcon_core.shell:Creating environment hook '/home/yahboom/intro_ws/install/examples_rclcpp_minimal_service/share/examples_rclcpp_minimal_service/hook/cmake_prefix_path.ps1'
[42.715s] INFO:colcon.colcon_core.shell:Creating environment descriptor '/home/yahboom/intro_ws/install/examples_rclcpp_minimal_service/share/examples_rclcpp_minimal_service/hook/cmake_prefix_path.dsv'
[42.716s] INFO:colcon.colcon_core.shell:Creating environment hook '/home/yahboom/intro_ws/install/examples_rclcpp_minimal_service/share/examples_rclcpp_minimal_service/hook/cmake_prefix_path.sh'
[42.717s] Level 1:colcon.colcon_core.environment:checking '/home/yahboom/intro_ws/install/examples_rclcpp_minimal_service/lib'
[42.717s] Level 1:colcon.colcon_core.environment:checking '/home/yahboom/intro_ws/install/examples_rclcpp_minimal_service/bin'
[42.717s] Level 1:colcon.colcon_core.environment:checking '/home/yahboom/intro_ws/install/examples_rclcpp_minimal_service/lib/pkgconfig/examples_rclcpp_minimal_service.pc'
[42.717s] Level 1:colcon.colcon_core.environment:checking '/home/yahboom/intro_ws/install/examples_rclcpp_minimal_service/lib/python3.10/site-packages'
[42.717s] Level 1:colcon.colcon_core.environment:checking '/home/yahboom/intro_ws/install/examples_rclcpp_minimal_service/bin'
[42.717s] INFO:colcon.colcon_core.shell:Creating package script '/home/yahboom/intro_ws/install/examples_rclcpp_minimal_service/share/examples_rclcpp_minimal_service/package.ps1'
[42.718s] INFO:colcon.colcon_core.shell:Creating package descriptor '/home/yahboom/intro_ws/install/examples_rclcpp_minimal_service/share/examples_rclcpp_minimal_service/package.dsv'
[42.719s] INFO:colcon.colcon_core.shell:Creating package script '/home/yahboom/intro_ws/install/examples_rclcpp_minimal_service/share/examples_rclcpp_minimal_service/package.sh'
[42.719s] INFO:colcon.colcon_core.shell:Creating package script '/home/yahboom/intro_ws/install/examples_rclcpp_minimal_service/share/examples_rclcpp_minimal_service/package.bash'
[42.720s] INFO:colcon.colcon_core.shell:Creating package script '/home/yahboom/intro_ws/install/examples_rclcpp_minimal_service/share/examples_rclcpp_minimal_service/package.zsh'
[42.721s] Level 1:colcon.colcon_core.environment:create_file_with_runtime_dependencies(/home/yahboom/intro_ws/install/examples_rclcpp_minimal_service/share/colcon-core/packages/examples_rclcpp_minimal_service)
[42.722s] INFO:colcon.colcon_ros.task.ament_cmake.build:Building ROS package in '/home/yahboom/intro_ws/src/examples/rclcpp/timers/minimal_timer' with build type 'ament_cmake'
[42.722s] INFO:colcon.colcon_cmake.task.cmake.build:Building CMake package in '/home/yahboom/intro_ws/src/examples/rclcpp/timers/minimal_timer'
[42.722s] INFO:colcon.colcon_core.shell:Skip shell extension 'powershell' for command environment: Not usable outside of PowerShell
[42.722s] DEBUG:colcon.colcon_core.shell:Skip shell extension 'dsv' for command environment
[42.745s] DEBUG:colcon.colcon_core.event_handler.log_command:Invoking command in '/home/yahboom/intro_ws/build/examples_rclcpp_minimal_timer': CMAKE_PREFIX_PATH=${CMAKE_PREFIX_PATH}:/home/yahboom/cartoros2/install/yahboomcar_nav:/home/yahboom/cartoros2/install/yahboomcar_ctrl:/home/yahboom/cartoros2/install/yahboom_visual:/home/yahboom/cartoros2/install/yahboom_dog_joint_state:/home/yahboom/cartoros2/install/yahboom_description:/home/yahboom/cartoros2/install/yahboom_color_identify_server:/home/yahboom/cartoros2/install/yahboom_bringup:/home/yahboom/cartoros2/install/yahboom_base:/home/yahboom/cartoros2/install/yahboom_app_save_map:/home/yahboom/cartoros2/install/update_map:/home/yahboom/cartoros2/install/rosboard:/home/yahboom/cartoros2/install/path_planner_server:/home/yahboom/cartoros2/install/nav2_simple_commander:/home/yahboom/cartoros2/install/nav2_gazebo_spawner:/home/yahboom/cartoros2/install/localization_server:/home/yahboom/cartoros2/install/laserscan_to_point_pulisher:/home/yahboom/yahboomcar_ws/install/yahboom_dog_example:/opt/ros/humble /usr/bin/cmake /home/yahboom/intro_ws/src/examples/rclcpp/timers/minimal_timer -DAMENT_CMAKE_SYMLINK_INSTALL=1 -DCMAKE_INSTALL_PREFIX=/home/yahboom/intro_ws/install/examples_rclcpp_minimal_timer
[45.634s] DEBUG:colcon.colcon_core.event_handler.log_command:Invoked command in '/home/yahboom/intro_ws/build/examples_rclcpp_minimal_timer' returned '0': CMAKE_PREFIX_PATH=${CMAKE_PREFIX_PATH}:/home/yahboom/cartoros2/install/yahboomcar_nav:/home/yahboom/cartoros2/install/yahboomcar_ctrl:/home/yahboom/cartoros2/install/yahboom_visual:/home/yahboom/cartoros2/install/yahboom_dog_joint_state:/home/yahboom/cartoros2/install/yahboom_description:/home/yahboom/cartoros2/install/yahboom_color_identify_server:/home/yahboom/cartoros2/install/yahboom_bringup:/home/yahboom/cartoros2/install/yahboom_base:/home/yahboom/cartoros2/install/yahboom_app_save_map:/home/yahboom/cartoros2/install/update_map:/home/yahboom/cartoros2/install/rosboard:/home/yahboom/cartoros2/install/path_planner_server:/home/yahboom/cartoros2/install/nav2_simple_commander:/home/yahboom/cartoros2/install/nav2_gazebo_spawner:/home/yahboom/cartoros2/install/localization_server:/home/yahboom/cartoros2/install/laserscan_to_point_pulisher:/home/yahboom/yahboomcar_ws/install/yahboom_dog_example:/opt/ros/humble /usr/bin/cmake /home/yahboom/intro_ws/src/examples/rclcpp/timers/minimal_timer -DAMENT_CMAKE_SYMLINK_INSTALL=1 -DCMAKE_INSTALL_PREFIX=/home/yahboom/intro_ws/install/examples_rclcpp_minimal_timer
[45.635s] DEBUG:colcon.colcon_core.event_handler.log_command:Invoking command in '/home/yahboom/intro_ws/build/examples_rclcpp_minimal_timer': CMAKE_PREFIX_PATH=${CMAKE_PREFIX_PATH}:/home/yahboom/cartoros2/install/yahboomcar_nav:/home/yahboom/cartoros2/install/yahboomcar_ctrl:/home/yahboom/cartoros2/install/yahboom_visual:/home/yahboom/cartoros2/install/yahboom_dog_joint_state:/home/yahboom/cartoros2/install/yahboom_description:/home/yahboom/cartoros2/install/yahboom_color_identify_server:/home/yahboom/cartoros2/install/yahboom_bringup:/home/yahboom/cartoros2/install/yahboom_base:/home/yahboom/cartoros2/install/yahboom_app_save_map:/home/yahboom/cartoros2/install/update_map:/home/yahboom/cartoros2/install/rosboard:/home/yahboom/cartoros2/install/path_planner_server:/home/yahboom/cartoros2/install/nav2_simple_commander:/home/yahboom/cartoros2/install/nav2_gazebo_spawner:/home/yahboom/cartoros2/install/localization_server:/home/yahboom/cartoros2/install/laserscan_to_point_pulisher:/home/yahboom/yahboomcar_ws/install/yahboom_dog_example:/opt/ros/humble /usr/bin/cmake --build /home/yahboom/intro_ws/build/examples_rclcpp_minimal_timer -- -j4 -l4
[52.298s] DEBUG:colcon.colcon_core.event_handler.log_command:Invoked command in '/home/yahboom/intro_ws/build/examples_rclcpp_minimal_timer' returned '0': CMAKE_PREFIX_PATH=${CMAKE_PREFIX_PATH}:/home/yahboom/cartoros2/install/yahboomcar_nav:/home/yahboom/cartoros2/install/yahboomcar_ctrl:/home/yahboom/cartoros2/install/yahboom_visual:/home/yahboom/cartoros2/install/yahboom_dog_joint_state:/home/yahboom/cartoros2/install/yahboom_description:/home/yahboom/cartoros2/install/yahboom_color_identify_server:/home/yahboom/cartoros2/install/yahboom_bringup:/home/yahboom/cartoros2/install/yahboom_base:/home/yahboom/cartoros2/install/yahboom_app_save_map:/home/yahboom/cartoros2/install/update_map:/home/yahboom/cartoros2/install/rosboard:/home/yahboom/cartoros2/install/path_planner_server:/home/yahboom/cartoros2/install/nav2_simple_commander:/home/yahboom/cartoros2/install/nav2_gazebo_spawner:/home/yahboom/cartoros2/install/localization_server:/home/yahboom/cartoros2/install/laserscan_to_point_pulisher:/home/yahboom/yahboomcar_ws/install/yahboom_dog_example:/opt/ros/humble /usr/bin/cmake --build /home/yahboom/intro_ws/build/examples_rclcpp_minimal_timer -- -j4 -l4
[52.393s] DEBUG:colcon.colcon_core.event_handler.log_command:Invoking command in '/home/yahboom/intro_ws/build/examples_rclcpp_minimal_timer': CMAKE_PREFIX_PATH=${CMAKE_PREFIX_PATH}:/home/yahboom/cartoros2/install/yahboomcar_nav:/home/yahboom/cartoros2/install/yahboomcar_ctrl:/home/yahboom/cartoros2/install/yahboom_visual:/home/yahboom/cartoros2/install/yahboom_dog_joint_state:/home/yahboom/cartoros2/install/yahboom_description:/home/yahboom/cartoros2/install/yahboom_color_identify_server:/home/yahboom/cartoros2/install/yahboom_bringup:/home/yahboom/cartoros2/install/yahboom_base:/home/yahboom/cartoros2/install/yahboom_app_save_map:/home/yahboom/cartoros2/install/update_map:/home/yahboom/cartoros2/install/rosboard:/home/yahboom/cartoros2/install/path_planner_server:/home/yahboom/cartoros2/install/nav2_simple_commander:/home/yahboom/cartoros2/install/nav2_gazebo_spawner:/home/yahboom/cartoros2/install/localization_server:/home/yahboom/cartoros2/install/laserscan_to_point_pulisher:/home/yahboom/yahboomcar_ws/install/yahboom_dog_example:/opt/ros/humble /usr/bin/cmake --install /home/yahboom/intro_ws/build/examples_rclcpp_minimal_timer
[52.745s] Level 1:colcon.colcon_core.environment:create_environment_scripts_only(examples_rclcpp_minimal_timer)
[52.745s] Level 1:colcon.colcon_core.environment:checking '/home/yahboom/intro_ws/install/examples_rclcpp_minimal_timer' for CMake module files
[52.746s] Level 1:colcon.colcon_core.environment:checking '/home/yahboom/intro_ws/install/examples_rclcpp_minimal_timer' for CMake config files
[52.747s] DEBUG:colcon.colcon_core.event_handler.log_command:Invoked command in '/home/yahboom/intro_ws/build/examples_rclcpp_minimal_timer' returned '0': CMAKE_PREFIX_PATH=${CMAKE_PREFIX_PATH}:/home/yahboom/cartoros2/install/yahboomcar_nav:/home/yahboom/cartoros2/install/yahboomcar_ctrl:/home/yahboom/cartoros2/install/yahboom_visual:/home/yahboom/cartoros2/install/yahboom_dog_joint_state:/home/yahboom/cartoros2/install/yahboom_description:/home/yahboom/cartoros2/install/yahboom_color_identify_server:/home/yahboom/cartoros2/install/yahboom_bringup:/home/yahboom/cartoros2/install/yahboom_base:/home/yahboom/cartoros2/install/yahboom_app_save_map:/home/yahboom/cartoros2/install/update_map:/home/yahboom/cartoros2/install/rosboard:/home/yahboom/cartoros2/install/path_planner_server:/home/yahboom/cartoros2/install/nav2_simple_commander:/home/yahboom/cartoros2/install/nav2_gazebo_spawner:/home/yahboom/cartoros2/install/localization_server:/home/yahboom/cartoros2/install/laserscan_to_point_pulisher:/home/yahboom/yahboomcar_ws/install/yahboom_dog_example:/opt/ros/humble /usr/bin/cmake --install /home/yahboom/intro_ws/build/examples_rclcpp_minimal_timer
[52.747s] Level 1:colcon.colcon_core.shell:create_environment_hook('examples_rclcpp_minimal_timer', 'cmake_prefix_path')
[52.747s] INFO:colcon.colcon_core.shell:Creating environment hook '/home/yahboom/intro_ws/install/examples_rclcpp_minimal_timer/share/examples_rclcpp_minimal_timer/hook/cmake_prefix_path.ps1'
[52.748s] INFO:colcon.colcon_core.shell:Creating environment descriptor '/home/yahboom/intro_ws/install/examples_rclcpp_minimal_timer/share/examples_rclcpp_minimal_timer/hook/cmake_prefix_path.dsv'
[52.748s] INFO:colcon.colcon_core.shell:Creating environment hook '/home/yahboom/intro_ws/install/examples_rclcpp_minimal_timer/share/examples_rclcpp_minimal_timer/hook/cmake_prefix_path.sh'
[52.748s] Level 1:colcon.colcon_core.environment:checking '/home/yahboom/intro_ws/install/examples_rclcpp_minimal_timer/lib'
[52.748s] Level 1:colcon.colcon_core.environment:checking '/home/yahboom/intro_ws/install/examples_rclcpp_minimal_timer/bin'
[52.748s] Level 1:colcon.colcon_core.environment:checking '/home/yahboom/intro_ws/install/examples_rclcpp_minimal_timer/lib/pkgconfig/examples_rclcpp_minimal_timer.pc'
[52.749s] Level 1:colcon.colcon_core.environment:checking '/home/yahboom/intro_ws/install/examples_rclcpp_minimal_timer/lib/python3.10/site-packages'
[52.749s] Level 1:colcon.colcon_core.environment:checking '/home/yahboom/intro_ws/install/examples_rclcpp_minimal_timer/bin'
[52.749s] INFO:colcon.colcon_core.shell:Creating package script '/home/yahboom/intro_ws/install/examples_rclcpp_minimal_timer/share/examples_rclcpp_minimal_timer/package.ps1'
[52.749s] INFO:colcon.colcon_core.shell:Creating package descriptor '/home/yahboom/intro_ws/install/examples_rclcpp_minimal_timer/share/examples_rclcpp_minimal_timer/package.dsv'
[52.750s] INFO:colcon.colcon_core.shell:Creating package script '/home/yahboom/intro_ws/install/examples_rclcpp_minimal_timer/share/examples_rclcpp_minimal_timer/package.sh'
[52.750s] INFO:colcon.colcon_core.shell:Creating package script '/home/yahboom/intro_ws/install/examples_rclcpp_minimal_timer/share/examples_rclcpp_minimal_timer/package.bash'
[52.750s] INFO:colcon.colcon_core.shell:Creating package script '/home/yahboom/intro_ws/install/examples_rclcpp_minimal_timer/share/examples_rclcpp_minimal_timer/package.zsh'
[52.750s] Level 1:colcon.colcon_core.environment:create_file_with_runtime_dependencies(/home/yahboom/intro_ws/install/examples_rclcpp_minimal_timer/share/colcon-core/packages/examples_rclcpp_minimal_timer)
[52.847s] Level 1:colcon.colcon_core.environment:create_environment_scripts_only(examples_rclcpp_minimal_timer)
[52.847s] Level 1:colcon.colcon_core.environment:checking '/home/yahboom/intro_ws/install/examples_rclcpp_minimal_timer' for CMake module files
[52.848s] Level 1:colcon.colcon_core.environment:checking '/home/yahboom/intro_ws/install/examples_rclcpp_minimal_timer' for CMake config files
[52.848s] Level 1:colcon.colcon_core.shell:create_environment_hook('examples_rclcpp_minimal_timer', 'cmake_prefix_path')
[52.848s] INFO:colcon.colcon_core.shell:Creating environment hook '/home/yahboom/intro_ws/install/examples_rclcpp_minimal_timer/share/examples_rclcpp_minimal_timer/hook/cmake_prefix_path.ps1'
[52.850s] INFO:colcon.colcon_core.shell:Creating environment descriptor '/home/yahboom/intro_ws/install/examples_rclcpp_minimal_timer/share/examples_rclcpp_minimal_timer/hook/cmake_prefix_path.dsv'
[52.850s] INFO:colcon.colcon_core.shell:Creating environment hook '/home/yahboom/intro_ws/install/examples_rclcpp_minimal_timer/share/examples_rclcpp_minimal_timer/hook/cmake_prefix_path.sh'
[52.851s] Level 1:colcon.colcon_core.environment:checking '/home/yahboom/intro_ws/install/examples_rclcpp_minimal_timer/lib'
[52.851s] Level 1:colcon.colcon_core.environment:checking '/home/yahboom/intro_ws/install/examples_rclcpp_minimal_timer/bin'
[52.851s] Level 1:colcon.colcon_core.environment:checking '/home/yahboom/intro_ws/install/examples_rclcpp_minimal_timer/lib/pkgconfig/examples_rclcpp_minimal_timer.pc'
[52.852s] Level 1:colcon.colcon_core.environment:checking '/home/yahboom/intro_ws/install/examples_rclcpp_minimal_timer/lib/python3.10/site-packages'
[52.852s] Level 1:colcon.colcon_core.environment:checking '/home/yahboom/intro_ws/install/examples_rclcpp_minimal_timer/bin'
[52.852s] INFO:colcon.colcon_core.shell:Creating package script '/home/yahboom/intro_ws/install/examples_rclcpp_minimal_timer/share/examples_rclcpp_minimal_timer/package.ps1'
[52.853s] INFO:colcon.colcon_core.shell:Creating package descriptor '/home/yahboom/intro_ws/install/examples_rclcpp_minimal_timer/share/examples_rclcpp_minimal_timer/package.dsv'
[52.854s] INFO:colcon.colcon_core.shell:Creating package script '/home/yahboom/intro_ws/install/examples_rclcpp_minimal_timer/share/examples_rclcpp_minimal_timer/package.sh'
[52.855s] INFO:colcon.colcon_core.shell:Creating package script '/home/yahboom/intro_ws/install/examples_rclcpp_minimal_timer/share/examples_rclcpp_minimal_timer/package.bash'
[52.856s] INFO:colcon.colcon_core.shell:Creating package script '/home/yahboom/intro_ws/install/examples_rclcpp_minimal_timer/share/examples_rclcpp_minimal_timer/package.zsh'
[52.857s] Level 1:colcon.colcon_core.environment:create_file_with_runtime_dependencies(/home/yahboom/intro_ws/install/examples_rclcpp_minimal_timer/share/colcon-core/packages/examples_rclcpp_minimal_timer)
[52.859s] INFO:colcon.colcon_ros.task.ament_cmake.build:Building ROS package in '/home/yahboom/intro_ws/src/examples/rclcpp/executors/multithreaded_executor' with build type 'ament_cmake'
[52.859s] INFO:colcon.colcon_cmake.task.cmake.build:Building CMake package in '/home/yahboom/intro_ws/src/examples/rclcpp/executors/multithreaded_executor'
[52.860s] INFO:colcon.colcon_core.shell:Skip shell extension 'powershell' for command environment: Not usable outside of PowerShell
[52.860s] DEBUG:colcon.colcon_core.shell:Skip shell extension 'dsv' for command environment
[52.880s] DEBUG:colcon.colcon_core.event_handler.log_command:Invoking command in '/home/yahboom/intro_ws/build/examples_rclcpp_multithreaded_executor': CMAKE_PREFIX_PATH=${CMAKE_PREFIX_PATH}:/home/yahboom/cartoros2/install/yahboomcar_nav:/home/yahboom/cartoros2/install/yahboomcar_ctrl:/home/yahboom/cartoros2/install/yahboom_visual:/home/yahboom/cartoros2/install/yahboom_dog_joint_state:/home/yahboom/cartoros2/install/yahboom_description:/home/yahboom/cartoros2/install/yahboom_color_identify_server:/home/yahboom/cartoros2/install/yahboom_bringup:/home/yahboom/cartoros2/install/yahboom_base:/home/yahboom/cartoros2/install/yahboom_app_save_map:/home/yahboom/cartoros2/install/update_map:/home/yahboom/cartoros2/install/rosboard:/home/yahboom/cartoros2/install/path_planner_server:/home/yahboom/cartoros2/install/nav2_simple_commander:/home/yahboom/cartoros2/install/nav2_gazebo_spawner:/home/yahboom/cartoros2/install/localization_server:/home/yahboom/cartoros2/install/laserscan_to_point_pulisher:/home/yahboom/yahboomcar_ws/install/yahboom_dog_example:/opt/ros/humble /usr/bin/cmake /home/yahboom/intro_ws/src/examples/rclcpp/executors/multithreaded_executor -DAMENT_CMAKE_SYMLINK_INSTALL=1 -DCMAKE_INSTALL_PREFIX=/home/yahboom/intro_ws/install/examples_rclcpp_multithreaded_executor
[55.609s] DEBUG:colcon.colcon_core.event_handler.log_command:Invoked command in '/home/yahboom/intro_ws/build/examples_rclcpp_multithreaded_executor' returned '0': CMAKE_PREFIX_PATH=${CMAKE_PREFIX_PATH}:/home/yahboom/cartoros2/install/yahboomcar_nav:/home/yahboom/cartoros2/install/yahboomcar_ctrl:/home/yahboom/cartoros2/install/yahboom_visual:/home/yahboom/cartoros2/install/yahboom_dog_joint_state:/home/yahboom/cartoros2/install/yahboom_description:/home/yahboom/cartoros2/install/yahboom_color_identify_server:/home/yahboom/cartoros2/install/yahboom_bringup:/home/yahboom/cartoros2/install/yahboom_base:/home/yahboom/cartoros2/install/yahboom_app_save_map:/home/yahboom/cartoros2/install/update_map:/home/yahboom/cartoros2/install/rosboard:/home/yahboom/cartoros2/install/path_planner_server:/home/yahboom/cartoros2/install/nav2_simple_commander:/home/yahboom/cartoros2/install/nav2_gazebo_spawner:/home/yahboom/cartoros2/install/localization_server:/home/yahboom/cartoros2/install/laserscan_to_point_pulisher:/home/yahboom/yahboomcar_ws/install/yahboom_dog_example:/opt/ros/humble /usr/bin/cmake /home/yahboom/intro_ws/src/examples/rclcpp/executors/multithreaded_executor -DAMENT_CMAKE_SYMLINK_INSTALL=1 -DCMAKE_INSTALL_PREFIX=/home/yahboom/intro_ws/install/examples_rclcpp_multithreaded_executor
[55.613s] DEBUG:colcon.colcon_core.event_handler.log_command:Invoking command in '/home/yahboom/intro_ws/build/examples_rclcpp_multithreaded_executor': CMAKE_PREFIX_PATH=${CMAKE_PREFIX_PATH}:/home/yahboom/cartoros2/install/yahboomcar_nav:/home/yahboom/cartoros2/install/yahboomcar_ctrl:/home/yahboom/cartoros2/install/yahboom_visual:/home/yahboom/cartoros2/install/yahboom_dog_joint_state:/home/yahboom/cartoros2/install/yahboom_description:/home/yahboom/cartoros2/install/yahboom_color_identify_server:/home/yahboom/cartoros2/install/yahboom_bringup:/home/yahboom/cartoros2/install/yahboom_base:/home/yahboom/cartoros2/install/yahboom_app_save_map:/home/yahboom/cartoros2/install/update_map:/home/yahboom/cartoros2/install/rosboard:/home/yahboom/cartoros2/install/path_planner_server:/home/yahboom/cartoros2/install/nav2_simple_commander:/home/yahboom/cartoros2/install/nav2_gazebo_spawner:/home/yahboom/cartoros2/install/localization_server:/home/yahboom/cartoros2/install/laserscan_to_point_pulisher:/home/yahboom/yahboomcar_ws/install/yahboom_dog_example:/opt/ros/humble /usr/bin/cmake --build /home/yahboom/intro_ws/build/examples_rclcpp_multithreaded_executor -- -j4 -l4
[56.168s] DEBUG:colcon.colcon_core.event_handler.log_command:Invoked command in '/home/yahboom/intro_ws/build/examples_rclcpp_minimal_composition' returned '0': CMAKE_PREFIX_PATH=${CMAKE_PREFIX_PATH}:/home/yahboom/cartoros2/install/yahboomcar_nav:/home/yahboom/cartoros2/install/yahboomcar_ctrl:/home/yahboom/cartoros2/install/yahboom_visual:/home/yahboom/cartoros2/install/yahboom_dog_joint_state:/home/yahboom/cartoros2/install/yahboom_description:/home/yahboom/cartoros2/install/yahboom_color_identify_server:/home/yahboom/cartoros2/install/yahboom_bringup:/home/yahboom/cartoros2/install/yahboom_base:/home/yahboom/cartoros2/install/yahboom_app_save_map:/home/yahboom/cartoros2/install/update_map:/home/yahboom/cartoros2/install/rosboard:/home/yahboom/cartoros2/install/path_planner_server:/home/yahboom/cartoros2/install/nav2_simple_commander:/home/yahboom/cartoros2/install/nav2_gazebo_spawner:/home/yahboom/cartoros2/install/localization_server:/home/yahboom/cartoros2/install/laserscan_to_point_pulisher:/home/yahboom/yahboomcar_ws/install/yahboom_dog_example:/opt/ros/humble /usr/bin/cmake --build /home/yahboom/intro_ws/build/examples_rclcpp_minimal_composition -- -j4 -l4
[56.312s] DEBUG:colcon.colcon_core.event_handler.log_command:Invoking command in '/home/yahboom/intro_ws/build/examples_rclcpp_minimal_composition': CMAKE_PREFIX_PATH=${CMAKE_PREFIX_PATH}:/home/yahboom/cartoros2/install/yahboomcar_nav:/home/yahboom/cartoros2/install/yahboomcar_ctrl:/home/yahboom/cartoros2/install/yahboom_visual:/home/yahboom/cartoros2/install/yahboom_dog_joint_state:/home/yahboom/cartoros2/install/yahboom_description:/home/yahboom/cartoros2/install/yahboom_color_identify_server:/home/yahboom/cartoros2/install/yahboom_bringup:/home/yahboom/cartoros2/install/yahboom_base:/home/yahboom/cartoros2/install/yahboom_app_save_map:/home/yahboom/cartoros2/install/update_map:/home/yahboom/cartoros2/install/rosboard:/home/yahboom/cartoros2/install/path_planner_server:/home/yahboom/cartoros2/install/nav2_simple_commander:/home/yahboom/cartoros2/install/nav2_gazebo_spawner:/home/yahboom/cartoros2/install/localization_server:/home/yahboom/cartoros2/install/laserscan_to_point_pulisher:/home/yahboom/yahboomcar_ws/install/yahboom_dog_example:/opt/ros/humble /usr/bin/cmake --install /home/yahboom/intro_ws/build/examples_rclcpp_minimal_composition
[56.733s] Level 1:colcon.colcon_core.environment:create_environment_scripts_only(examples_rclcpp_minimal_composition)
[56.733s] Level 1:colcon.colcon_core.environment:checking '/home/yahboom/intro_ws/install/examples_rclcpp_minimal_composition' for CMake module files
[56.734s] DEBUG:colcon.colcon_core.event_handler.log_command:Invoked command in '/home/yahboom/intro_ws/build/examples_rclcpp_minimal_composition' returned '0': CMAKE_PREFIX_PATH=${CMAKE_PREFIX_PATH}:/home/yahboom/cartoros2/install/yahboomcar_nav:/home/yahboom/cartoros2/install/yahboomcar_ctrl:/home/yahboom/cartoros2/install/yahboom_visual:/home/yahboom/cartoros2/install/yahboom_dog_joint_state:/home/yahboom/cartoros2/install/yahboom_description:/home/yahboom/cartoros2/install/yahboom_color_identify_server:/home/yahboom/cartoros2/install/yahboom_bringup:/home/yahboom/cartoros2/install/yahboom_base:/home/yahboom/cartoros2/install/yahboom_app_save_map:/home/yahboom/cartoros2/install/update_map:/home/yahboom/cartoros2/install/rosboard:/home/yahboom/cartoros2/install/path_planner_server:/home/yahboom/cartoros2/install/nav2_simple_commander:/home/yahboom/cartoros2/install/nav2_gazebo_spawner:/home/yahboom/cartoros2/install/localization_server:/home/yahboom/cartoros2/install/laserscan_to_point_pulisher:/home/yahboom/yahboomcar_ws/install/yahboom_dog_example:/opt/ros/humble /usr/bin/cmake --install /home/yahboom/intro_ws/build/examples_rclcpp_minimal_composition
[56.734s] Level 1:colcon.colcon_core.environment:checking '/home/yahboom/intro_ws/install/examples_rclcpp_minimal_composition' for CMake config files
[56.735s] Level 1:colcon.colcon_core.shell:create_environment_hook('examples_rclcpp_minimal_composition', 'cmake_prefix_path')
[56.735s] INFO:colcon.colcon_core.shell:Creating environment hook '/home/yahboom/intro_ws/install/examples_rclcpp_minimal_composition/share/examples_rclcpp_minimal_composition/hook/cmake_prefix_path.ps1'
[56.735s] INFO:colcon.colcon_core.shell:Creating environment descriptor '/home/yahboom/intro_ws/install/examples_rclcpp_minimal_composition/share/examples_rclcpp_minimal_composition/hook/cmake_prefix_path.dsv'
[56.736s] INFO:colcon.colcon_core.shell:Creating environment hook '/home/yahboom/intro_ws/install/examples_rclcpp_minimal_composition/share/examples_rclcpp_minimal_composition/hook/cmake_prefix_path.sh'
[56.736s] Level 1:colcon.colcon_core.environment:checking '/home/yahboom/intro_ws/install/examples_rclcpp_minimal_composition/lib'
[56.736s] Level 1:colcon.colcon_core.shell:create_environment_hook('examples_rclcpp_minimal_composition', 'ld_library_path_lib')
[56.736s] INFO:colcon.colcon_core.shell:Creating environment hook '/home/yahboom/intro_ws/install/examples_rclcpp_minimal_composition/share/examples_rclcpp_minimal_composition/hook/ld_library_path_lib.ps1'
[56.737s] INFO:colcon.colcon_core.shell:Creating environment descriptor '/home/yahboom/intro_ws/install/examples_rclcpp_minimal_composition/share/examples_rclcpp_minimal_composition/hook/ld_library_path_lib.dsv'
[56.737s] INFO:colcon.colcon_core.shell:Creating environment hook '/home/yahboom/intro_ws/install/examples_rclcpp_minimal_composition/share/examples_rclcpp_minimal_composition/hook/ld_library_path_lib.sh'
[56.737s] Level 1:colcon.colcon_core.environment:checking '/home/yahboom/intro_ws/install/examples_rclcpp_minimal_composition/bin'
[56.737s] Level 1:colcon.colcon_core.environment:checking '/home/yahboom/intro_ws/install/examples_rclcpp_minimal_composition/lib/pkgconfig/examples_rclcpp_minimal_composition.pc'
[56.737s] Level 1:colcon.colcon_core.environment:checking '/home/yahboom/intro_ws/install/examples_rclcpp_minimal_composition/lib/python3.10/site-packages'
[56.737s] Level 1:colcon.colcon_core.environment:checking '/home/yahboom/intro_ws/install/examples_rclcpp_minimal_composition/bin'
[56.738s] INFO:colcon.colcon_core.shell:Creating package script '/home/yahboom/intro_ws/install/examples_rclcpp_minimal_composition/share/examples_rclcpp_minimal_composition/package.ps1'
[56.738s] INFO:colcon.colcon_core.shell:Creating package descriptor '/home/yahboom/intro_ws/install/examples_rclcpp_minimal_composition/share/examples_rclcpp_minimal_composition/package.dsv'
[56.738s] INFO:colcon.colcon_core.shell:Creating package script '/home/yahboom/intro_ws/install/examples_rclcpp_minimal_composition/share/examples_rclcpp_minimal_composition/package.sh'
[56.738s] INFO:colcon.colcon_core.shell:Creating package script '/home/yahboom/intro_ws/install/examples_rclcpp_minimal_composition/share/examples_rclcpp_minimal_composition/package.bash'
[56.739s] INFO:colcon.colcon_core.shell:Creating package script '/home/yahboom/intro_ws/install/examples_rclcpp_minimal_composition/share/examples_rclcpp_minimal_composition/package.zsh'
[56.739s] Level 1:colcon.colcon_core.environment:create_file_with_runtime_dependencies(/home/yahboom/intro_ws/install/examples_rclcpp_minimal_composition/share/colcon-core/packages/examples_rclcpp_minimal_composition)
[56.872s] Level 1:colcon.colcon_core.environment:create_environment_scripts_only(examples_rclcpp_minimal_composition)
[56.872s] Level 1:colcon.colcon_core.environment:checking '/home/yahboom/intro_ws/install/examples_rclcpp_minimal_composition' for CMake module files
[56.873s] Level 1:colcon.colcon_core.environment:checking '/home/yahboom/intro_ws/install/examples_rclcpp_minimal_composition' for CMake config files
[56.873s] Level 1:colcon.colcon_core.shell:create_environment_hook('examples_rclcpp_minimal_composition', 'cmake_prefix_path')
[56.874s] INFO:colcon.colcon_core.shell:Creating environment hook '/home/yahboom/intro_ws/install/examples_rclcpp_minimal_composition/share/examples_rclcpp_minimal_composition/hook/cmake_prefix_path.ps1'
[56.875s] INFO:colcon.colcon_core.shell:Creating environment descriptor '/home/yahboom/intro_ws/install/examples_rclcpp_minimal_composition/share/examples_rclcpp_minimal_composition/hook/cmake_prefix_path.dsv'
[56.876s] INFO:colcon.colcon_core.shell:Creating environment hook '/home/yahboom/intro_ws/install/examples_rclcpp_minimal_composition/share/examples_rclcpp_minimal_composition/hook/cmake_prefix_path.sh'
[56.877s] Level 1:colcon.colcon_core.environment:checking '/home/yahboom/intro_ws/install/examples_rclcpp_minimal_composition/lib'
[56.877s] Level 1:colcon.colcon_core.shell:create_environment_hook('examples_rclcpp_minimal_composition', 'ld_library_path_lib')
[56.877s] INFO:colcon.colcon_core.shell:Creating environment hook '/home/yahboom/intro_ws/install/examples_rclcpp_minimal_composition/share/examples_rclcpp_minimal_composition/hook/ld_library_path_lib.ps1'
[56.878s] INFO:colcon.colcon_core.shell:Creating environment descriptor '/home/yahboom/intro_ws/install/examples_rclcpp_minimal_composition/share/examples_rclcpp_minimal_composition/hook/ld_library_path_lib.dsv'
[56.878s] INFO:colcon.colcon_core.shell:Creating environment hook '/home/yahboom/intro_ws/install/examples_rclcpp_minimal_composition/share/examples_rclcpp_minimal_composition/hook/ld_library_path_lib.sh'
[56.879s] Level 1:colcon.colcon_core.environment:checking '/home/yahboom/intro_ws/install/examples_rclcpp_minimal_composition/bin'
[56.879s] Level 1:colcon.colcon_core.environment:checking '/home/yahboom/intro_ws/install/examples_rclcpp_minimal_composition/lib/pkgconfig/examples_rclcpp_minimal_composition.pc'
[56.879s] Level 1:colcon.colcon_core.environment:checking '/home/yahboom/intro_ws/install/examples_rclcpp_minimal_composition/lib/python3.10/site-packages'
[56.879s] Level 1:colcon.colcon_core.environment:checking '/home/yahboom/intro_ws/install/examples_rclcpp_minimal_composition/bin'
[56.880s] INFO:colcon.colcon_core.shell:Creating package script '/home/yahboom/intro_ws/install/examples_rclcpp_minimal_composition/share/examples_rclcpp_minimal_composition/package.ps1'
[56.880s] INFO:colcon.colcon_core.shell:Creating package descriptor '/home/yahboom/intro_ws/install/examples_rclcpp_minimal_composition/share/examples_rclcpp_minimal_composition/package.dsv'
[56.881s] INFO:colcon.colcon_core.shell:Creating package script '/home/yahboom/intro_ws/install/examples_rclcpp_minimal_composition/share/examples_rclcpp_minimal_composition/package.sh'
[56.882s] INFO:colcon.colcon_core.shell:Creating package script '/home/yahboom/intro_ws/install/examples_rclcpp_minimal_composition/share/examples_rclcpp_minimal_composition/package.bash'
[56.883s] INFO:colcon.colcon_core.shell:Creating package script '/home/yahboom/intro_ws/install/examples_rclcpp_minimal_composition/share/examples_rclcpp_minimal_composition/package.zsh'
[56.884s] Level 1:colcon.colcon_core.environment:create_file_with_runtime_dependencies(/home/yahboom/intro_ws/install/examples_rclcpp_minimal_composition/share/colcon-core/packages/examples_rclcpp_minimal_composition)
[56.885s] INFO:colcon.colcon_ros.task.ament_cmake.build:Building ROS package in '/home/yahboom/intro_ws/src/examples/rclcpp/wait_set' with build type 'ament_cmake'
[56.885s] INFO:colcon.colcon_cmake.task.cmake.build:Building CMake package in '/home/yahboom/intro_ws/src/examples/rclcpp/wait_set'
[56.885s] INFO:colcon.colcon_core.shell:Skip shell extension 'powershell' for command environment: Not usable outside of PowerShell
[56.885s] DEBUG:colcon.colcon_core.shell:Skip shell extension 'dsv' for command environment
[56.907s] DEBUG:colcon.colcon_core.event_handler.log_command:Invoking command in '/home/yahboom/intro_ws/build/examples_rclcpp_wait_set': CMAKE_PREFIX_PATH=${CMAKE_PREFIX_PATH}:/home/yahboom/cartoros2/install/yahboomcar_nav:/home/yahboom/cartoros2/install/yahboomcar_ctrl:/home/yahboom/cartoros2/install/yahboom_visual:/home/yahboom/cartoros2/install/yahboom_dog_joint_state:/home/yahboom/cartoros2/install/yahboom_description:/home/yahboom/cartoros2/install/yahboom_color_identify_server:/home/yahboom/cartoros2/install/yahboom_bringup:/home/yahboom/cartoros2/install/yahboom_base:/home/yahboom/cartoros2/install/yahboom_app_save_map:/home/yahboom/cartoros2/install/update_map:/home/yahboom/cartoros2/install/rosboard:/home/yahboom/cartoros2/install/path_planner_server:/home/yahboom/cartoros2/install/nav2_simple_commander:/home/yahboom/cartoros2/install/nav2_gazebo_spawner:/home/yahboom/cartoros2/install/localization_server:/home/yahboom/cartoros2/install/laserscan_to_point_pulisher:/home/yahboom/yahboomcar_ws/install/yahboom_dog_example:/opt/ros/humble /usr/bin/cmake /home/yahboom/intro_ws/src/examples/rclcpp/wait_set -DAMENT_CMAKE_SYMLINK_INSTALL=1 -DCMAKE_INSTALL_PREFIX=/home/yahboom/intro_ws/install/examples_rclcpp_wait_set
[59.809s] DEBUG:colcon.colcon_core.event_handler.log_command:Invoked command in '/home/yahboom/intro_ws/build/examples_rclcpp_wait_set' returned '0': CMAKE_PREFIX_PATH=${CMAKE_PREFIX_PATH}:/home/yahboom/cartoros2/install/yahboomcar_nav:/home/yahboom/cartoros2/install/yahboomcar_ctrl:/home/yahboom/cartoros2/install/yahboom_visual:/home/yahboom/cartoros2/install/yahboom_dog_joint_state:/home/yahboom/cartoros2/install/yahboom_description:/home/yahboom/cartoros2/install/yahboom_color_identify_server:/home/yahboom/cartoros2/install/yahboom_bringup:/home/yahboom/cartoros2/install/yahboom_base:/home/yahboom/cartoros2/install/yahboom_app_save_map:/home/yahboom/cartoros2/install/update_map:/home/yahboom/cartoros2/install/rosboard:/home/yahboom/cartoros2/install/path_planner_server:/home/yahboom/cartoros2/install/nav2_simple_commander:/home/yahboom/cartoros2/install/nav2_gazebo_spawner:/home/yahboom/cartoros2/install/localization_server:/home/yahboom/cartoros2/install/laserscan_to_point_pulisher:/home/yahboom/yahboomcar_ws/install/yahboom_dog_example:/opt/ros/humble /usr/bin/cmake /home/yahboom/intro_ws/src/examples/rclcpp/wait_set -DAMENT_CMAKE_SYMLINK_INSTALL=1 -DCMAKE_INSTALL_PREFIX=/home/yahboom/intro_ws/install/examples_rclcpp_wait_set
[59.812s] DEBUG:colcon.colcon_core.event_handler.log_command:Invoking command in '/home/yahboom/intro_ws/build/examples_rclcpp_wait_set': CMAKE_PREFIX_PATH=${CMAKE_PREFIX_PATH}:/home/yahboom/cartoros2/install/yahboomcar_nav:/home/yahboom/cartoros2/install/yahboomcar_ctrl:/home/yahboom/cartoros2/install/yahboom_visual:/home/yahboom/cartoros2/install/yahboom_dog_joint_state:/home/yahboom/cartoros2/install/yahboom_description:/home/yahboom/cartoros2/install/yahboom_color_identify_server:/home/yahboom/cartoros2/install/yahboom_bringup:/home/yahboom/cartoros2/install/yahboom_base:/home/yahboom/cartoros2/install/yahboom_app_save_map:/home/yahboom/cartoros2/install/update_map:/home/yahboom/cartoros2/install/rosboard:/home/yahboom/cartoros2/install/path_planner_server:/home/yahboom/cartoros2/install/nav2_simple_commander:/home/yahboom/cartoros2/install/nav2_gazebo_spawner:/home/yahboom/cartoros2/install/localization_server:/home/yahboom/cartoros2/install/laserscan_to_point_pulisher:/home/yahboom/yahboomcar_ws/install/yahboom_dog_example:/opt/ros/humble /usr/bin/cmake --build /home/yahboom/intro_ws/build/examples_rclcpp_wait_set -- -j4 -l4
[66.169s] DEBUG:colcon.colcon_core.event_handler.log_command:Invoked command in '/home/yahboom/intro_ws/build/examples_rclcpp_multithreaded_executor' returned '0': CMAKE_PREFIX_PATH=${CMAKE_PREFIX_PATH}:/home/yahboom/cartoros2/install/yahboomcar_nav:/home/yahboom/cartoros2/install/yahboomcar_ctrl:/home/yahboom/cartoros2/install/yahboom_visual:/home/yahboom/cartoros2/install/yahboom_dog_joint_state:/home/yahboom/cartoros2/install/yahboom_description:/home/yahboom/cartoros2/install/yahboom_color_identify_server:/home/yahboom/cartoros2/install/yahboom_bringup:/home/yahboom/cartoros2/install/yahboom_base:/home/yahboom/cartoros2/install/yahboom_app_save_map:/home/yahboom/cartoros2/install/update_map:/home/yahboom/cartoros2/install/rosboard:/home/yahboom/cartoros2/install/path_planner_server:/home/yahboom/cartoros2/install/nav2_simple_commander:/home/yahboom/cartoros2/install/nav2_gazebo_spawner:/home/yahboom/cartoros2/install/localization_server:/home/yahboom/cartoros2/install/laserscan_to_point_pulisher:/home/yahboom/yahboomcar_ws/install/yahboom_dog_example:/opt/ros/humble /usr/bin/cmake --build /home/yahboom/intro_ws/build/examples_rclcpp_multithreaded_executor -- -j4 -l4
[66.267s] DEBUG:colcon.colcon_core.event_handler.log_command:Invoking command in '/home/yahboom/intro_ws/build/examples_rclcpp_multithreaded_executor': CMAKE_PREFIX_PATH=${CMAKE_PREFIX_PATH}:/home/yahboom/cartoros2/install/yahboomcar_nav:/home/yahboom/cartoros2/install/yahboomcar_ctrl:/home/yahboom/cartoros2/install/yahboom_visual:/home/yahboom/cartoros2/install/yahboom_dog_joint_state:/home/yahboom/cartoros2/install/yahboom_description:/home/yahboom/cartoros2/install/yahboom_color_identify_server:/home/yahboom/cartoros2/install/yahboom_bringup:/home/yahboom/cartoros2/install/yahboom_base:/home/yahboom/cartoros2/install/yahboom_app_save_map:/home/yahboom/cartoros2/install/update_map:/home/yahboom/cartoros2/install/rosboard:/home/yahboom/cartoros2/install/path_planner_server:/home/yahboom/cartoros2/install/nav2_simple_commander:/home/yahboom/cartoros2/install/nav2_gazebo_spawner:/home/yahboom/cartoros2/install/localization_server:/home/yahboom/cartoros2/install/laserscan_to_point_pulisher:/home/yahboom/yahboomcar_ws/install/yahboom_dog_example:/opt/ros/humble /usr/bin/cmake --install /home/yahboom/intro_ws/build/examples_rclcpp_multithreaded_executor
[66.683s] Level 1:colcon.colcon_core.environment:create_environment_scripts_only(examples_rclcpp_multithreaded_executor)
[66.683s] DEBUG:colcon.colcon_core.event_handler.log_command:Invoked command in '/home/yahboom/intro_ws/build/examples_rclcpp_multithreaded_executor' returned '0': CMAKE_PREFIX_PATH=${CMAKE_PREFIX_PATH}:/home/yahboom/cartoros2/install/yahboomcar_nav:/home/yahboom/cartoros2/install/yahboomcar_ctrl:/home/yahboom/cartoros2/install/yahboom_visual:/home/yahboom/cartoros2/install/yahboom_dog_joint_state:/home/yahboom/cartoros2/install/yahboom_description:/home/yahboom/cartoros2/install/yahboom_color_identify_server:/home/yahboom/cartoros2/install/yahboom_bringup:/home/yahboom/cartoros2/install/yahboom_base:/home/yahboom/cartoros2/install/yahboom_app_save_map:/home/yahboom/cartoros2/install/update_map:/home/yahboom/cartoros2/install/rosboard:/home/yahboom/cartoros2/install/path_planner_server:/home/yahboom/cartoros2/install/nav2_simple_commander:/home/yahboom/cartoros2/install/nav2_gazebo_spawner:/home/yahboom/cartoros2/install/localization_server:/home/yahboom/cartoros2/install/laserscan_to_point_pulisher:/home/yahboom/yahboomcar_ws/install/yahboom_dog_example:/opt/ros/humble /usr/bin/cmake --install /home/yahboom/intro_ws/build/examples_rclcpp_multithreaded_executor
[66.683s] Level 1:colcon.colcon_core.environment:checking '/home/yahboom/intro_ws/install/examples_rclcpp_multithreaded_executor' for CMake module files
[66.684s] Level 1:colcon.colcon_core.environment:checking '/home/yahboom/intro_ws/install/examples_rclcpp_multithreaded_executor' for CMake config files
[66.684s] Level 1:colcon.colcon_core.shell:create_environment_hook('examples_rclcpp_multithreaded_executor', 'cmake_prefix_path')
[66.685s] INFO:colcon.colcon_core.shell:Creating environment hook '/home/yahboom/intro_ws/install/examples_rclcpp_multithreaded_executor/share/examples_rclcpp_multithreaded_executor/hook/cmake_prefix_path.ps1'
[66.685s] INFO:colcon.colcon_core.shell:Creating environment descriptor '/home/yahboom/intro_ws/install/examples_rclcpp_multithreaded_executor/share/examples_rclcpp_multithreaded_executor/hook/cmake_prefix_path.dsv'
[66.686s] INFO:colcon.colcon_core.shell:Creating environment hook '/home/yahboom/intro_ws/install/examples_rclcpp_multithreaded_executor/share/examples_rclcpp_multithreaded_executor/hook/cmake_prefix_path.sh'
[66.687s] Level 1:colcon.colcon_core.environment:checking '/home/yahboom/intro_ws/install/examples_rclcpp_multithreaded_executor/lib'
[66.688s] Level 1:colcon.colcon_core.environment:checking '/home/yahboom/intro_ws/install/examples_rclcpp_multithreaded_executor/bin'
[66.688s] Level 1:colcon.colcon_core.environment:checking '/home/yahboom/intro_ws/install/examples_rclcpp_multithreaded_executor/lib/pkgconfig/examples_rclcpp_multithreaded_executor.pc'
[66.688s] Level 1:colcon.colcon_core.environment:checking '/home/yahboom/intro_ws/install/examples_rclcpp_multithreaded_executor/lib/python3.10/site-packages'
[66.688s] Level 1:colcon.colcon_core.environment:checking '/home/yahboom/intro_ws/install/examples_rclcpp_multithreaded_executor/bin'
[66.689s] INFO:colcon.colcon_core.shell:Creating package script '/home/yahboom/intro_ws/install/examples_rclcpp_multithreaded_executor/share/examples_rclcpp_multithreaded_executor/package.ps1'
[66.689s] INFO:colcon.colcon_core.shell:Creating package descriptor '/home/yahboom/intro_ws/install/examples_rclcpp_multithreaded_executor/share/examples_rclcpp_multithreaded_executor/package.dsv'
[66.690s] INFO:colcon.colcon_core.shell:Creating package script '/home/yahboom/intro_ws/install/examples_rclcpp_multithreaded_executor/share/examples_rclcpp_multithreaded_executor/package.sh'
[66.690s] INFO:colcon.colcon_core.shell:Creating package script '/home/yahboom/intro_ws/install/examples_rclcpp_multithreaded_executor/share/examples_rclcpp_multithreaded_executor/package.bash'
[66.690s] INFO:colcon.colcon_core.shell:Creating package script '/home/yahboom/intro_ws/install/examples_rclcpp_multithreaded_executor/share/examples_rclcpp_multithreaded_executor/package.zsh'
[66.690s] Level 1:colcon.colcon_core.environment:create_file_with_runtime_dependencies(/home/yahboom/intro_ws/install/examples_rclcpp_multithreaded_executor/share/colcon-core/packages/examples_rclcpp_multithreaded_executor)
[66.797s] Level 1:colcon.colcon_core.environment:create_environment_scripts_only(examples_rclcpp_multithreaded_executor)
[66.798s] Level 1:colcon.colcon_core.environment:checking '/home/yahboom/intro_ws/install/examples_rclcpp_multithreaded_executor' for CMake module files
[66.798s] Level 1:colcon.colcon_core.environment:checking '/home/yahboom/intro_ws/install/examples_rclcpp_multithreaded_executor' for CMake config files
[66.798s] Level 1:colcon.colcon_core.shell:create_environment_hook('examples_rclcpp_multithreaded_executor', 'cmake_prefix_path')
[66.799s] INFO:colcon.colcon_core.shell:Creating environment hook '/home/yahboom/intro_ws/install/examples_rclcpp_multithreaded_executor/share/examples_rclcpp_multithreaded_executor/hook/cmake_prefix_path.ps1'
[66.800s] INFO:colcon.colcon_core.shell:Creating environment descriptor '/home/yahboom/intro_ws/install/examples_rclcpp_multithreaded_executor/share/examples_rclcpp_multithreaded_executor/hook/cmake_prefix_path.dsv'
[66.801s] INFO:colcon.colcon_core.shell:Creating environment hook '/home/yahboom/intro_ws/install/examples_rclcpp_multithreaded_executor/share/examples_rclcpp_multithreaded_executor/hook/cmake_prefix_path.sh'
[66.802s] Level 1:colcon.colcon_core.environment:checking '/home/yahboom/intro_ws/install/examples_rclcpp_multithreaded_executor/lib'
[66.803s] Level 1:colcon.colcon_core.environment:checking '/home/yahboom/intro_ws/install/examples_rclcpp_multithreaded_executor/bin'
[66.803s] Level 1:colcon.colcon_core.environment:checking '/home/yahboom/intro_ws/install/examples_rclcpp_multithreaded_executor/lib/pkgconfig/examples_rclcpp_multithreaded_executor.pc'
[66.803s] Level 1:colcon.colcon_core.environment:checking '/home/yahboom/intro_ws/install/examples_rclcpp_multithreaded_executor/lib/python3.10/site-packages'
[66.803s] Level 1:colcon.colcon_core.environment:checking '/home/yahboom/intro_ws/install/examples_rclcpp_multithreaded_executor/bin'
[66.806s] INFO:colcon.colcon_core.shell:Creating package script '/home/yahboom/intro_ws/install/examples_rclcpp_multithreaded_executor/share/examples_rclcpp_multithreaded_executor/package.ps1'
[66.808s] INFO:colcon.colcon_core.shell:Creating package descriptor '/home/yahboom/intro_ws/install/examples_rclcpp_multithreaded_executor/share/examples_rclcpp_multithreaded_executor/package.dsv'
[66.809s] INFO:colcon.colcon_core.shell:Creating package script '/home/yahboom/intro_ws/install/examples_rclcpp_multithreaded_executor/share/examples_rclcpp_multithreaded_executor/package.sh'
[66.810s] INFO:colcon.colcon_core.shell:Creating package script '/home/yahboom/intro_ws/install/examples_rclcpp_multithreaded_executor/share/examples_rclcpp_multithreaded_executor/package.bash'
[66.813s] INFO:colcon.colcon_core.shell:Creating package script '/home/yahboom/intro_ws/install/examples_rclcpp_multithreaded_executor/share/examples_rclcpp_multithreaded_executor/package.zsh'
[66.815s] Level 1:colcon.colcon_core.environment:create_file_with_runtime_dependencies(/home/yahboom/intro_ws/install/examples_rclcpp_multithreaded_executor/share/colcon-core/packages/examples_rclcpp_multithreaded_executor)
[66.818s] INFO:colcon.colcon_ros.task.ament_python.build:Building ROS package in '/home/yahboom/intro_ws/src/examples/rclpy/executors' with build type 'ament_python'
[66.818s] Level 1:colcon.colcon_core.shell:create_environment_hook('examples_rclpy_executors', 'ament_prefix_path')
[66.818s] INFO:colcon.colcon_core.shell:Creating environment hook '/home/yahboom/intro_ws/install/examples_rclpy_executors/share/examples_rclpy_executors/hook/ament_prefix_path.ps1'
[66.820s] INFO:colcon.colcon_core.shell:Creating environment descriptor '/home/yahboom/intro_ws/install/examples_rclpy_executors/share/examples_rclpy_executors/hook/ament_prefix_path.dsv'
[66.821s] INFO:colcon.colcon_core.shell:Creating environment hook '/home/yahboom/intro_ws/install/examples_rclpy_executors/share/examples_rclpy_executors/hook/ament_prefix_path.sh'
[66.823s] INFO:colcon.colcon_core.shell:Skip shell extension 'powershell' for command environment: Not usable outside of PowerShell
[66.823s] DEBUG:colcon.colcon_core.shell:Skip shell extension 'dsv' for command environment
[67.564s] INFO:colcon.colcon_core.task.python.build:Building Python package in '/home/yahboom/intro_ws/src/examples/rclpy/executors'
[67.565s] INFO:colcon.colcon_core.shell:Skip shell extension 'powershell' for command environment: Not usable outside of PowerShell
[67.565s] DEBUG:colcon.colcon_core.shell:Skip shell extension 'dsv' for command environment
[67.874s] DEBUG:colcon.colcon_core.event_handler.log_command:Invoked command in '/home/yahboom/intro_ws/build/examples_rclcpp_minimal_publisher' returned '0': CMAKE_PREFIX_PATH=${CMAKE_PREFIX_PATH}:/home/yahboom/cartoros2/install/yahboomcar_nav:/home/yahboom/cartoros2/install/yahboomcar_ctrl:/home/yahboom/cartoros2/install/yahboom_visual:/home/yahboom/cartoros2/install/yahboom_dog_joint_state:/home/yahboom/cartoros2/install/yahboom_description:/home/yahboom/cartoros2/install/yahboom_color_identify_server:/home/yahboom/cartoros2/install/yahboom_bringup:/home/yahboom/cartoros2/install/yahboom_base:/home/yahboom/cartoros2/install/yahboom_app_save_map:/home/yahboom/cartoros2/install/update_map:/home/yahboom/cartoros2/install/rosboard:/home/yahboom/cartoros2/install/path_planner_server:/home/yahboom/cartoros2/install/nav2_simple_commander:/home/yahboom/cartoros2/install/nav2_gazebo_spawner:/home/yahboom/cartoros2/install/localization_server:/home/yahboom/cartoros2/install/laserscan_to_point_pulisher:/home/yahboom/yahboomcar_ws/install/yahboom_dog_example:/opt/ros/humble /usr/bin/cmake --build /home/yahboom/intro_ws/build/examples_rclcpp_minimal_publisher -- -j4 -l4
[68.053s] DEBUG:colcon.colcon_core.event_handler.log_command:Invoking command in '/home/yahboom/intro_ws/build/examples_rclcpp_minimal_publisher': CMAKE_PREFIX_PATH=${CMAKE_PREFIX_PATH}:/home/yahboom/cartoros2/install/yahboomcar_nav:/home/yahboom/cartoros2/install/yahboomcar_ctrl:/home/yahboom/cartoros2/install/yahboom_visual:/home/yahboom/cartoros2/install/yahboom_dog_joint_state:/home/yahboom/cartoros2/install/yahboom_description:/home/yahboom/cartoros2/install/yahboom_color_identify_server:/home/yahboom/cartoros2/install/yahboom_bringup:/home/yahboom/cartoros2/install/yahboom_base:/home/yahboom/cartoros2/install/yahboom_app_save_map:/home/yahboom/cartoros2/install/update_map:/home/yahboom/cartoros2/install/rosboard:/home/yahboom/cartoros2/install/path_planner_server:/home/yahboom/cartoros2/install/nav2_simple_commander:/home/yahboom/cartoros2/install/nav2_gazebo_spawner:/home/yahboom/cartoros2/install/localization_server:/home/yahboom/cartoros2/install/laserscan_to_point_pulisher:/home/yahboom/yahboomcar_ws/install/yahboom_dog_example:/opt/ros/humble /usr/bin/cmake --install /home/yahboom/intro_ws/build/examples_rclcpp_minimal_publisher
[68.092s] DEBUG:colcon.colcon_core.event_handler.log_command:Invoking command in '/home/yahboom/intro_ws/build/examples_rclpy_executors': PYTHONPATH=/home/yahboom/intro_ws/build/examples_rclpy_executors/prefix_override:/home/yahboom/intro_ws/install/examples_rclpy_executors/lib/python3.10/site-packages:${PYTHONPATH} /usr/bin/python3 -W ignore:setup.py install is deprecated setup.py develop --editable --build-directory /home/yahboom/intro_ws/build/examples_rclpy_executors/build --no-deps symlink_data
[68.573s] Level 1:colcon.colcon_core.environment:create_environment_scripts_only(examples_rclcpp_minimal_publisher)
[68.574s] DEBUG:colcon.colcon_core.event_handler.log_command:Invoked command in '/home/yahboom/intro_ws/build/examples_rclcpp_minimal_publisher' returned '0': CMAKE_PREFIX_PATH=${CMAKE_PREFIX_PATH}:/home/yahboom/cartoros2/install/yahboomcar_nav:/home/yahboom/cartoros2/install/yahboomcar_ctrl:/home/yahboom/cartoros2/install/yahboom_visual:/home/yahboom/cartoros2/install/yahboom_dog_joint_state:/home/yahboom/cartoros2/install/yahboom_description:/home/yahboom/cartoros2/install/yahboom_color_identify_server:/home/yahboom/cartoros2/install/yahboom_bringup:/home/yahboom/cartoros2/install/yahboom_base:/home/yahboom/cartoros2/install/yahboom_app_save_map:/home/yahboom/cartoros2/install/update_map:/home/yahboom/cartoros2/install/rosboard:/home/yahboom/cartoros2/install/path_planner_server:/home/yahboom/cartoros2/install/nav2_simple_commander:/home/yahboom/cartoros2/install/nav2_gazebo_spawner:/home/yahboom/cartoros2/install/localization_server:/home/yahboom/cartoros2/install/laserscan_to_point_pulisher:/home/yahboom/yahboomcar_ws/install/yahboom_dog_example:/opt/ros/humble /usr/bin/cmake --install /home/yahboom/intro_ws/build/examples_rclcpp_minimal_publisher
[68.574s] Level 1:colcon.colcon_core.environment:checking '/home/yahboom/intro_ws/install/examples_rclcpp_minimal_publisher' for CMake module files
[68.575s] Level 1:colcon.colcon_core.environment:checking '/home/yahboom/intro_ws/install/examples_rclcpp_minimal_publisher' for CMake config files
[68.575s] Level 1:colcon.colcon_core.shell:create_environment_hook('examples_rclcpp_minimal_publisher', 'cmake_prefix_path')
[68.576s] INFO:colcon.colcon_core.shell:Creating environment hook '/home/yahboom/intro_ws/install/examples_rclcpp_minimal_publisher/share/examples_rclcpp_minimal_publisher/hook/cmake_prefix_path.ps1'
[68.576s] INFO:colcon.colcon_core.shell:Creating environment descriptor '/home/yahboom/intro_ws/install/examples_rclcpp_minimal_publisher/share/examples_rclcpp_minimal_publisher/hook/cmake_prefix_path.dsv'
[68.576s] INFO:colcon.colcon_core.shell:Creating environment hook '/home/yahboom/intro_ws/install/examples_rclcpp_minimal_publisher/share/examples_rclcpp_minimal_publisher/hook/cmake_prefix_path.sh'
[68.577s] Level 1:colcon.colcon_core.environment:checking '/home/yahboom/intro_ws/install/examples_rclcpp_minimal_publisher/lib'
[68.577s] Level 1:colcon.colcon_core.environment:checking '/home/yahboom/intro_ws/install/examples_rclcpp_minimal_publisher/bin'
[68.577s] Level 1:colcon.colcon_core.environment:checking '/home/yahboom/intro_ws/install/examples_rclcpp_minimal_publisher/lib/pkgconfig/examples_rclcpp_minimal_publisher.pc'
[68.577s] Level 1:colcon.colcon_core.environment:checking '/home/yahboom/intro_ws/install/examples_rclcpp_minimal_publisher/lib/python3.10/site-packages'
[68.577s] Level 1:colcon.colcon_core.environment:checking '/home/yahboom/intro_ws/install/examples_rclcpp_minimal_publisher/bin'
[68.578s] INFO:colcon.colcon_core.shell:Creating package script '/home/yahboom/intro_ws/install/examples_rclcpp_minimal_publisher/share/examples_rclcpp_minimal_publisher/package.ps1'
[68.578s] INFO:colcon.colcon_core.shell:Creating package descriptor '/home/yahboom/intro_ws/install/examples_rclcpp_minimal_publisher/share/examples_rclcpp_minimal_publisher/package.dsv'
[68.578s] INFO:colcon.colcon_core.shell:Creating package script '/home/yahboom/intro_ws/install/examples_rclcpp_minimal_publisher/share/examples_rclcpp_minimal_publisher/package.sh'
[68.579s] INFO:colcon.colcon_core.shell:Creating package script '/home/yahboom/intro_ws/install/examples_rclcpp_minimal_publisher/share/examples_rclcpp_minimal_publisher/package.bash'
[68.579s] INFO:colcon.colcon_core.shell:Creating package script '/home/yahboom/intro_ws/install/examples_rclcpp_minimal_publisher/share/examples_rclcpp_minimal_publisher/package.zsh'
[68.579s] Level 1:colcon.colcon_core.environment:create_file_with_runtime_dependencies(/home/yahboom/intro_ws/install/examples_rclcpp_minimal_publisher/share/colcon-core/packages/examples_rclcpp_minimal_publisher)
[68.742s] Level 1:colcon.colcon_core.shell:create_environment_hook('examples_rclpy_executors', 'pythonpath_develop')
[68.742s] INFO:colcon.colcon_core.shell:Creating environment hook '/home/yahboom/intro_ws/build/examples_rclpy_executors/share/examples_rclpy_executors/hook/pythonpath_develop.ps1'
[68.743s] INFO:colcon.colcon_core.shell:Creating environment descriptor '/home/yahboom/intro_ws/build/examples_rclpy_executors/share/examples_rclpy_executors/hook/pythonpath_develop.dsv'
[68.744s] INFO:colcon.colcon_core.shell:Creating environment hook '/home/yahboom/intro_ws/build/examples_rclpy_executors/share/examples_rclpy_executors/hook/pythonpath_develop.sh'
[68.744s] DEBUG:colcon.colcon_core.event_handler.log_command:Invoked command in '/home/yahboom/intro_ws/build/examples_rclpy_executors' returned '0': PYTHONPATH=/home/yahboom/intro_ws/build/examples_rclpy_executors/prefix_override:/home/yahboom/intro_ws/install/examples_rclpy_executors/lib/python3.10/site-packages:${PYTHONPATH} /usr/bin/python3 -W ignore:setup.py install is deprecated setup.py develop --editable --build-directory /home/yahboom/intro_ws/build/examples_rclpy_executors/build --no-deps symlink_data
[68.745s] Level 1:colcon.colcon_core.environment:checking '/home/yahboom/intro_ws/install/examples_rclpy_executors' for CMake module files
[68.745s] Level 1:colcon.colcon_core.environment:checking '/home/yahboom/intro_ws/install/examples_rclpy_executors' for CMake config files
[68.746s] Level 1:colcon.colcon_core.environment:checking '/home/yahboom/intro_ws/install/examples_rclpy_executors/lib'
[68.746s] Level 1:colcon.colcon_core.environment:checking '/home/yahboom/intro_ws/install/examples_rclpy_executors/bin'
[68.746s] Level 1:colcon.colcon_core.environment:checking '/home/yahboom/intro_ws/install/examples_rclpy_executors/lib/pkgconfig/examples_rclpy_executors.pc'
[68.747s] Level 1:colcon.colcon_core.environment:checking '/home/yahboom/intro_ws/install/examples_rclpy_executors/lib/python3.10/site-packages'
[68.747s] Level 1:colcon.colcon_core.shell:create_environment_hook('examples_rclpy_executors', 'pythonpath')
[68.747s] INFO:colcon.colcon_core.shell:Creating environment hook '/home/yahboom/intro_ws/install/examples_rclpy_executors/share/examples_rclpy_executors/hook/pythonpath.ps1'
[68.748s] INFO:colcon.colcon_core.shell:Creating environment descriptor '/home/yahboom/intro_ws/install/examples_rclpy_executors/share/examples_rclpy_executors/hook/pythonpath.dsv'
[68.748s] INFO:colcon.colcon_core.shell:Creating environment hook '/home/yahboom/intro_ws/install/examples_rclpy_executors/share/examples_rclpy_executors/hook/pythonpath.sh'
[68.749s] Level 1:colcon.colcon_core.environment:checking '/home/yahboom/intro_ws/install/examples_rclpy_executors/bin'
[68.749s] Level 1:colcon.colcon_core.environment:create_environment_scripts_only(examples_rclpy_executors)
[68.749s] INFO:colcon.colcon_core.shell:Creating package script '/home/yahboom/intro_ws/install/examples_rclpy_executors/share/examples_rclpy_executors/package.ps1'
[68.750s] INFO:colcon.colcon_core.shell:Creating package descriptor '/home/yahboom/intro_ws/install/examples_rclpy_executors/share/examples_rclpy_executors/package.dsv'
[68.750s] INFO:colcon.colcon_core.shell:Creating package script '/home/yahboom/intro_ws/install/examples_rclpy_executors/share/examples_rclpy_executors/package.sh'
[68.751s] INFO:colcon.colcon_core.shell:Creating package script '/home/yahboom/intro_ws/install/examples_rclpy_executors/share/examples_rclpy_executors/package.bash'
[68.751s] INFO:colcon.colcon_core.shell:Creating package script '/home/yahboom/intro_ws/install/examples_rclpy_executors/share/examples_rclpy_executors/package.zsh'
[68.751s] Level 1:colcon.colcon_core.environment:create_file_with_runtime_dependencies(/home/yahboom/intro_ws/install/examples_rclpy_executors/share/colcon-core/packages/examples_rclpy_executors)
[68.753s] INFO:colcon.colcon_ros.task.ament_python.build:Building ROS package in '/home/yahboom/intro_ws/src/examples/rclpy/guard_conditions' with build type 'ament_python'
[68.754s] Level 1:colcon.colcon_core.shell:create_environment_hook('examples_rclpy_guard_conditions', 'ament_prefix_path')
[68.754s] INFO:colcon.colcon_core.shell:Creating environment hook '/home/yahboom/intro_ws/install/examples_rclpy_guard_conditions/share/examples_rclpy_guard_conditions/hook/ament_prefix_path.ps1'
[68.755s] INFO:colcon.colcon_core.shell:Creating environment descriptor '/home/yahboom/intro_ws/install/examples_rclpy_guard_conditions/share/examples_rclpy_guard_conditions/hook/ament_prefix_path.dsv'
[68.755s] INFO:colcon.colcon_core.shell:Creating environment hook '/home/yahboom/intro_ws/install/examples_rclpy_guard_conditions/share/examples_rclpy_guard_conditions/hook/ament_prefix_path.sh'
[68.756s] INFO:colcon.colcon_core.shell:Skip shell extension 'powershell' for command environment: Not usable outside of PowerShell
[68.756s] DEBUG:colcon.colcon_core.shell:Skip shell extension 'dsv' for command environment
[69.135s] INFO:colcon.colcon_core.task.python.build:Building Python package in '/home/yahboom/intro_ws/src/examples/rclpy/guard_conditions'
[69.135s] INFO:colcon.colcon_core.shell:Skip shell extension 'powershell' for command environment: Not usable outside of PowerShell
[69.135s] DEBUG:colcon.colcon_core.shell:Skip shell extension 'dsv' for command environment
[69.146s] Level 1:colcon.colcon_core.environment:create_environment_scripts_only(examples_rclcpp_minimal_publisher)
[69.147s] Level 1:colcon.colcon_core.environment:checking '/home/yahboom/intro_ws/install/examples_rclcpp_minimal_publisher' for CMake module files
[69.147s] Level 1:colcon.colcon_core.environment:checking '/home/yahboom/intro_ws/install/examples_rclcpp_minimal_publisher' for CMake config files
[69.148s] Level 1:colcon.colcon_core.shell:create_environment_hook('examples_rclcpp_minimal_publisher', 'cmake_prefix_path')
[69.148s] INFO:colcon.colcon_core.shell:Creating environment hook '/home/yahboom/intro_ws/install/examples_rclcpp_minimal_publisher/share/examples_rclcpp_minimal_publisher/hook/cmake_prefix_path.ps1'
[69.149s] INFO:colcon.colcon_core.shell:Creating environment descriptor '/home/yahboom/intro_ws/install/examples_rclcpp_minimal_publisher/share/examples_rclcpp_minimal_publisher/hook/cmake_prefix_path.dsv'
[69.150s] INFO:colcon.colcon_core.shell:Creating environment hook '/home/yahboom/intro_ws/install/examples_rclcpp_minimal_publisher/share/examples_rclcpp_minimal_publisher/hook/cmake_prefix_path.sh'
[69.151s] Level 1:colcon.colcon_core.environment:checking '/home/yahboom/intro_ws/install/examples_rclcpp_minimal_publisher/lib'
[69.151s] Level 1:colcon.colcon_core.environment:checking '/home/yahboom/intro_ws/install/examples_rclcpp_minimal_publisher/bin'
[69.151s] Level 1:colcon.colcon_core.environment:checking '/home/yahboom/intro_ws/install/examples_rclcpp_minimal_publisher/lib/pkgconfig/examples_rclcpp_minimal_publisher.pc'
[69.151s] Level 1:colcon.colcon_core.environment:checking '/home/yahboom/intro_ws/install/examples_rclcpp_minimal_publisher/lib/python3.10/site-packages'
[69.151s] Level 1:colcon.colcon_core.environment:checking '/home/yahboom/intro_ws/install/examples_rclcpp_minimal_publisher/bin'
[69.152s] INFO:colcon.colcon_core.shell:Creating package script '/home/yahboom/intro_ws/install/examples_rclcpp_minimal_publisher/share/examples_rclcpp_minimal_publisher/package.ps1'
[69.153s] INFO:colcon.colcon_core.shell:Creating package descriptor '/home/yahboom/intro_ws/install/examples_rclcpp_minimal_publisher/share/examples_rclcpp_minimal_publisher/package.dsv'
[69.154s] INFO:colcon.colcon_core.shell:Creating package script '/home/yahboom/intro_ws/install/examples_rclcpp_minimal_publisher/share/examples_rclcpp_minimal_publisher/package.sh'
[69.155s] INFO:colcon.colcon_core.shell:Creating package script '/home/yahboom/intro_ws/install/examples_rclcpp_minimal_publisher/share/examples_rclcpp_minimal_publisher/package.bash'
[69.157s] INFO:colcon.colcon_core.shell:Creating package script '/home/yahboom/intro_ws/install/examples_rclcpp_minimal_publisher/share/examples_rclcpp_minimal_publisher/package.zsh'
[69.158s] Level 1:colcon.colcon_core.environment:create_file_with_runtime_dependencies(/home/yahboom/intro_ws/install/examples_rclcpp_minimal_publisher/share/colcon-core/packages/examples_rclcpp_minimal_publisher)
[69.160s] INFO:colcon.colcon_ros.task.ament_python.build:Building ROS package in '/home/yahboom/intro_ws/src/examples/rclpy/actions/minimal_action_client' with build type 'ament_python'
[69.161s] Level 1:colcon.colcon_core.shell:create_environment_hook('examples_rclpy_minimal_action_client', 'ament_prefix_path')
[69.161s] INFO:colcon.colcon_core.shell:Creating environment hook '/home/yahboom/intro_ws/install/examples_rclpy_minimal_action_client/share/examples_rclpy_minimal_action_client/hook/ament_prefix_path.ps1'
[69.163s] INFO:colcon.colcon_core.shell:Creating environment descriptor '/home/yahboom/intro_ws/install/examples_rclpy_minimal_action_client/share/examples_rclpy_minimal_action_client/hook/ament_prefix_path.dsv'
[69.164s] INFO:colcon.colcon_core.shell:Creating environment hook '/home/yahboom/intro_ws/install/examples_rclpy_minimal_action_client/share/examples_rclpy_minimal_action_client/hook/ament_prefix_path.sh'
[69.164s] INFO:colcon.colcon_core.shell:Skip shell extension 'powershell' for command environment: Not usable outside of PowerShell
[69.164s] DEBUG:colcon.colcon_core.shell:Skip shell extension 'dsv' for command environment
[69.566s] INFO:colcon.colcon_core.task.python.build:Building Python package in '/home/yahboom/intro_ws/src/examples/rclpy/actions/minimal_action_client'
[69.566s] INFO:colcon.colcon_core.shell:Skip shell extension 'powershell' for command environment: Not usable outside of PowerShell
[69.566s] DEBUG:colcon.colcon_core.shell:Skip shell extension 'dsv' for command environment
[69.663s] DEBUG:colcon.colcon_core.event_handler.log_command:Invoking command in '/home/yahboom/intro_ws/build/examples_rclpy_guard_conditions': PYTHONPATH=/home/yahboom/intro_ws/build/examples_rclpy_guard_conditions/prefix_override:/home/yahboom/intro_ws/install/examples_rclpy_guard_conditions/lib/python3.10/site-packages:${PYTHONPATH} /usr/bin/python3 -W ignore:setup.py install is deprecated setup.py develop --editable --build-directory /home/yahboom/intro_ws/build/examples_rclpy_guard_conditions/build --no-deps symlink_data
[70.015s] DEBUG:colcon.colcon_core.event_handler.log_command:Invoking command in '/home/yahboom/intro_ws/build/examples_rclpy_minimal_action_client': PYTHONPATH=/home/yahboom/intro_ws/build/examples_rclpy_minimal_action_client/prefix_override:/home/yahboom/intro_ws/install/examples_rclpy_minimal_action_client/lib/python3.10/site-packages:${PYTHONPATH} /usr/bin/python3 -W ignore:setup.py install is deprecated setup.py develop --editable --build-directory /home/yahboom/intro_ws/build/examples_rclpy_minimal_action_client/build --no-deps symlink_data
[70.219s] Level 1:colcon.colcon_core.shell:create_environment_hook('examples_rclpy_guard_conditions', 'pythonpath_develop')
[70.220s] INFO:colcon.colcon_core.shell:Creating environment hook '/home/yahboom/intro_ws/build/examples_rclpy_guard_conditions/share/examples_rclpy_guard_conditions/hook/pythonpath_develop.ps1'
[70.220s] INFO:colcon.colcon_core.shell:Creating environment descriptor '/home/yahboom/intro_ws/build/examples_rclpy_guard_conditions/share/examples_rclpy_guard_conditions/hook/pythonpath_develop.dsv'
[70.221s] DEBUG:colcon.colcon_core.event_handler.log_command:Invoked command in '/home/yahboom/intro_ws/build/examples_rclpy_guard_conditions' returned '0': PYTHONPATH=/home/yahboom/intro_ws/build/examples_rclpy_guard_conditions/prefix_override:/home/yahboom/intro_ws/install/examples_rclpy_guard_conditions/lib/python3.10/site-packages:${PYTHONPATH} /usr/bin/python3 -W ignore:setup.py install is deprecated setup.py develop --editable --build-directory /home/yahboom/intro_ws/build/examples_rclpy_guard_conditions/build --no-deps symlink_data
[70.221s] INFO:colcon.colcon_core.shell:Creating environment hook '/home/yahboom/intro_ws/build/examples_rclpy_guard_conditions/share/examples_rclpy_guard_conditions/hook/pythonpath_develop.sh'
[70.222s] Level 1:colcon.colcon_core.environment:checking '/home/yahboom/intro_ws/install/examples_rclpy_guard_conditions' for CMake module files
[70.222s] Level 1:colcon.colcon_core.environment:checking '/home/yahboom/intro_ws/install/examples_rclpy_guard_conditions' for CMake config files
[70.223s] Level 1:colcon.colcon_core.environment:checking '/home/yahboom/intro_ws/install/examples_rclpy_guard_conditions/lib'
[70.223s] Level 1:colcon.colcon_core.environment:checking '/home/yahboom/intro_ws/install/examples_rclpy_guard_conditions/bin'
[70.223s] Level 1:colcon.colcon_core.environment:checking '/home/yahboom/intro_ws/install/examples_rclpy_guard_conditions/lib/pkgconfig/examples_rclpy_guard_conditions.pc'
[70.223s] Level 1:colcon.colcon_core.environment:checking '/home/yahboom/intro_ws/install/examples_rclpy_guard_conditions/lib/python3.10/site-packages'
[70.223s] Level 1:colcon.colcon_core.shell:create_environment_hook('examples_rclpy_guard_conditions', 'pythonpath')
[70.224s] INFO:colcon.colcon_core.shell:Creating environment hook '/home/yahboom/intro_ws/install/examples_rclpy_guard_conditions/share/examples_rclpy_guard_conditions/hook/pythonpath.ps1'
[70.224s] INFO:colcon.colcon_core.shell:Creating environment descriptor '/home/yahboom/intro_ws/install/examples_rclpy_guard_conditions/share/examples_rclpy_guard_conditions/hook/pythonpath.dsv'
[70.224s] INFO:colcon.colcon_core.shell:Creating environment hook '/home/yahboom/intro_ws/install/examples_rclpy_guard_conditions/share/examples_rclpy_guard_conditions/hook/pythonpath.sh'
[70.224s] Level 1:colcon.colcon_core.environment:checking '/home/yahboom/intro_ws/install/examples_rclpy_guard_conditions/bin'
[70.225s] Level 1:colcon.colcon_core.environment:create_environment_scripts_only(examples_rclpy_guard_conditions)
[70.225s] INFO:colcon.colcon_core.shell:Creating package script '/home/yahboom/intro_ws/install/examples_rclpy_guard_conditions/share/examples_rclpy_guard_conditions/package.ps1'
[70.225s] INFO:colcon.colcon_core.shell:Creating package descriptor '/home/yahboom/intro_ws/install/examples_rclpy_guard_conditions/share/examples_rclpy_guard_conditions/package.dsv'
[70.225s] INFO:colcon.colcon_core.shell:Creating package script '/home/yahboom/intro_ws/install/examples_rclpy_guard_conditions/share/examples_rclpy_guard_conditions/package.sh'
[70.226s] INFO:colcon.colcon_core.shell:Creating package script '/home/yahboom/intro_ws/install/examples_rclpy_guard_conditions/share/examples_rclpy_guard_conditions/package.bash'
[70.226s] INFO:colcon.colcon_core.shell:Creating package script '/home/yahboom/intro_ws/install/examples_rclpy_guard_conditions/share/examples_rclpy_guard_conditions/package.zsh'
[70.226s] Level 1:colcon.colcon_core.environment:create_file_with_runtime_dependencies(/home/yahboom/intro_ws/install/examples_rclpy_guard_conditions/share/colcon-core/packages/examples_rclpy_guard_conditions)
[70.227s] INFO:colcon.colcon_ros.task.ament_python.build:Building ROS package in '/home/yahboom/intro_ws/src/examples/rclpy/actions/minimal_action_server' with build type 'ament_python'
[70.227s] Level 1:colcon.colcon_core.shell:create_environment_hook('examples_rclpy_minimal_action_server', 'ament_prefix_path')
[70.227s] INFO:colcon.colcon_core.shell:Creating environment hook '/home/yahboom/intro_ws/install/examples_rclpy_minimal_action_server/share/examples_rclpy_minimal_action_server/hook/ament_prefix_path.ps1'
[70.228s] INFO:colcon.colcon_core.shell:Creating environment descriptor '/home/yahboom/intro_ws/install/examples_rclpy_minimal_action_server/share/examples_rclpy_minimal_action_server/hook/ament_prefix_path.dsv'
[70.229s] INFO:colcon.colcon_core.shell:Creating environment hook '/home/yahboom/intro_ws/install/examples_rclpy_minimal_action_server/share/examples_rclpy_minimal_action_server/hook/ament_prefix_path.sh'
[70.230s] INFO:colcon.colcon_core.shell:Skip shell extension 'powershell' for command environment: Not usable outside of PowerShell
[70.230s] DEBUG:colcon.colcon_core.shell:Skip shell extension 'dsv' for command environment
[70.566s] INFO:colcon.colcon_core.task.python.build:Building Python package in '/home/yahboom/intro_ws/src/examples/rclpy/actions/minimal_action_server'
[70.566s] INFO:colcon.colcon_core.shell:Skip shell extension 'powershell' for command environment: Not usable outside of PowerShell
[70.566s] DEBUG:colcon.colcon_core.shell:Skip shell extension 'dsv' for command environment
[70.582s] Level 1:colcon.colcon_core.shell:create_environment_hook('examples_rclpy_minimal_action_client', 'pythonpath_develop')
[70.582s] INFO:colcon.colcon_core.shell:Creating environment hook '/home/yahboom/intro_ws/build/examples_rclpy_minimal_action_client/share/examples_rclpy_minimal_action_client/hook/pythonpath_develop.ps1'
[70.583s] DEBUG:colcon.colcon_core.event_handler.log_command:Invoked command in '/home/yahboom/intro_ws/build/examples_rclpy_minimal_action_client' returned '0': PYTHONPATH=/home/yahboom/intro_ws/build/examples_rclpy_minimal_action_client/prefix_override:/home/yahboom/intro_ws/install/examples_rclpy_minimal_action_client/lib/python3.10/site-packages:${PYTHONPATH} /usr/bin/python3 -W ignore:setup.py install is deprecated setup.py develop --editable --build-directory /home/yahboom/intro_ws/build/examples_rclpy_minimal_action_client/build --no-deps symlink_data
[70.583s] INFO:colcon.colcon_core.shell:Creating environment descriptor '/home/yahboom/intro_ws/build/examples_rclpy_minimal_action_client/share/examples_rclpy_minimal_action_client/hook/pythonpath_develop.dsv'
[70.584s] INFO:colcon.colcon_core.shell:Creating environment hook '/home/yahboom/intro_ws/build/examples_rclpy_minimal_action_client/share/examples_rclpy_minimal_action_client/hook/pythonpath_develop.sh'
[70.584s] Level 1:colcon.colcon_core.environment:checking '/home/yahboom/intro_ws/install/examples_rclpy_minimal_action_client' for CMake module files
[70.584s] Level 1:colcon.colcon_core.environment:checking '/home/yahboom/intro_ws/install/examples_rclpy_minimal_action_client' for CMake config files
[70.585s] Level 1:colcon.colcon_core.environment:checking '/home/yahboom/intro_ws/install/examples_rclpy_minimal_action_client/lib'
[70.585s] Level 1:colcon.colcon_core.environment:checking '/home/yahboom/intro_ws/install/examples_rclpy_minimal_action_client/bin'
[70.585s] Level 1:colcon.colcon_core.environment:checking '/home/yahboom/intro_ws/install/examples_rclpy_minimal_action_client/lib/pkgconfig/examples_rclpy_minimal_action_client.pc'
[70.585s] Level 1:colcon.colcon_core.environment:checking '/home/yahboom/intro_ws/install/examples_rclpy_minimal_action_client/lib/python3.10/site-packages'
[70.585s] Level 1:colcon.colcon_core.shell:create_environment_hook('examples_rclpy_minimal_action_client', 'pythonpath')
[70.585s] INFO:colcon.colcon_core.shell:Creating environment hook '/home/yahboom/intro_ws/install/examples_rclpy_minimal_action_client/share/examples_rclpy_minimal_action_client/hook/pythonpath.ps1'
[70.586s] INFO:colcon.colcon_core.shell:Creating environment descriptor '/home/yahboom/intro_ws/install/examples_rclpy_minimal_action_client/share/examples_rclpy_minimal_action_client/hook/pythonpath.dsv'
[70.586s] INFO:colcon.colcon_core.shell:Creating environment hook '/home/yahboom/intro_ws/install/examples_rclpy_minimal_action_client/share/examples_rclpy_minimal_action_client/hook/pythonpath.sh'
[70.586s] Level 1:colcon.colcon_core.environment:checking '/home/yahboom/intro_ws/install/examples_rclpy_minimal_action_client/bin'
[70.587s] Level 1:colcon.colcon_core.environment:create_environment_scripts_only(examples_rclpy_minimal_action_client)
[70.587s] INFO:colcon.colcon_core.shell:Creating package script '/home/yahboom/intro_ws/install/examples_rclpy_minimal_action_client/share/examples_rclpy_minimal_action_client/package.ps1'
[70.587s] INFO:colcon.colcon_core.shell:Creating package descriptor '/home/yahboom/intro_ws/install/examples_rclpy_minimal_action_client/share/examples_rclpy_minimal_action_client/package.dsv'
[70.588s] INFO:colcon.colcon_core.shell:Creating package script '/home/yahboom/intro_ws/install/examples_rclpy_minimal_action_client/share/examples_rclpy_minimal_action_client/package.sh'
[70.588s] INFO:colcon.colcon_core.shell:Creating package script '/home/yahboom/intro_ws/install/examples_rclpy_minimal_action_client/share/examples_rclpy_minimal_action_client/package.bash'
[70.588s] INFO:colcon.colcon_core.shell:Creating package script '/home/yahboom/intro_ws/install/examples_rclpy_minimal_action_client/share/examples_rclpy_minimal_action_client/package.zsh'
[70.588s] Level 1:colcon.colcon_core.environment:create_file_with_runtime_dependencies(/home/yahboom/intro_ws/install/examples_rclpy_minimal_action_client/share/colcon-core/packages/examples_rclpy_minimal_action_client)
[70.589s] INFO:colcon.colcon_ros.task.ament_python.build:Building ROS package in '/home/yahboom/intro_ws/src/examples/rclpy/services/minimal_client' with build type 'ament_python'
[70.589s] Level 1:colcon.colcon_core.shell:create_environment_hook('examples_rclpy_minimal_client', 'ament_prefix_path')
[70.589s] INFO:colcon.colcon_core.shell:Creating environment hook '/home/yahboom/intro_ws/install/examples_rclpy_minimal_client/share/examples_rclpy_minimal_client/hook/ament_prefix_path.ps1'
[70.589s] INFO:colcon.colcon_core.shell:Creating environment descriptor '/home/yahboom/intro_ws/install/examples_rclpy_minimal_client/share/examples_rclpy_minimal_client/hook/ament_prefix_path.dsv'
[70.590s] INFO:colcon.colcon_core.shell:Creating environment hook '/home/yahboom/intro_ws/install/examples_rclpy_minimal_client/share/examples_rclpy_minimal_client/hook/ament_prefix_path.sh'
[70.590s] INFO:colcon.colcon_core.shell:Skip shell extension 'powershell' for command environment: Not usable outside of PowerShell
[70.590s] DEBUG:colcon.colcon_core.shell:Skip shell extension 'dsv' for command environment
[70.918s] INFO:colcon.colcon_core.task.python.build:Building Python package in '/home/yahboom/intro_ws/src/examples/rclpy/services/minimal_client'
[70.918s] INFO:colcon.colcon_core.shell:Skip shell extension 'powershell' for command environment: Not usable outside of PowerShell
[70.918s] DEBUG:colcon.colcon_core.shell:Skip shell extension 'dsv' for command environment
[71.028s] DEBUG:colcon.colcon_core.event_handler.log_command:Invoking command in '/home/yahboom/intro_ws/build/examples_rclpy_minimal_action_server': PYTHONPATH=/home/yahboom/intro_ws/build/examples_rclpy_minimal_action_server/prefix_override:/home/yahboom/intro_ws/install/examples_rclpy_minimal_action_server/lib/python3.10/site-packages:${PYTHONPATH} /usr/bin/python3 -W ignore:setup.py install is deprecated setup.py develop --editable --build-directory /home/yahboom/intro_ws/build/examples_rclpy_minimal_action_server/build --no-deps symlink_data
[71.466s] DEBUG:colcon.colcon_core.event_handler.log_command:Invoking command in '/home/yahboom/intro_ws/build/examples_rclpy_minimal_client': PYTHONPATH=/home/yahboom/intro_ws/build/examples_rclpy_minimal_client/prefix_override:/home/yahboom/intro_ws/install/examples_rclpy_minimal_client/lib/python3.10/site-packages:${PYTHONPATH} /usr/bin/python3 -W ignore:setup.py install is deprecated setup.py develop --editable --build-directory /home/yahboom/intro_ws/build/examples_rclpy_minimal_client/build --no-deps symlink_data
[71.744s] Level 1:colcon.colcon_core.shell:create_environment_hook('examples_rclpy_minimal_action_server', 'pythonpath_develop')
[71.745s] INFO:colcon.colcon_core.shell:Creating environment hook '/home/yahboom/intro_ws/build/examples_rclpy_minimal_action_server/share/examples_rclpy_minimal_action_server/hook/pythonpath_develop.ps1'
[71.746s] INFO:colcon.colcon_core.shell:Creating environment descriptor '/home/yahboom/intro_ws/build/examples_rclpy_minimal_action_server/share/examples_rclpy_minimal_action_server/hook/pythonpath_develop.dsv'
[71.746s] INFO:colcon.colcon_core.shell:Creating environment hook '/home/yahboom/intro_ws/build/examples_rclpy_minimal_action_server/share/examples_rclpy_minimal_action_server/hook/pythonpath_develop.sh'
[71.746s] Level 1:colcon.colcon_core.environment:checking '/home/yahboom/intro_ws/install/examples_rclpy_minimal_action_server' for CMake module files
[71.747s] DEBUG:colcon.colcon_core.event_handler.log_command:Invoked command in '/home/yahboom/intro_ws/build/examples_rclpy_minimal_action_server' returned '0': PYTHONPATH=/home/yahboom/intro_ws/build/examples_rclpy_minimal_action_server/prefix_override:/home/yahboom/intro_ws/install/examples_rclpy_minimal_action_server/lib/python3.10/site-packages:${PYTHONPATH} /usr/bin/python3 -W ignore:setup.py install is deprecated setup.py develop --editable --build-directory /home/yahboom/intro_ws/build/examples_rclpy_minimal_action_server/build --no-deps symlink_data
[71.748s] Level 1:colcon.colcon_core.environment:checking '/home/yahboom/intro_ws/install/examples_rclpy_minimal_action_server' for CMake config files
[71.748s] Level 1:colcon.colcon_core.environment:checking '/home/yahboom/intro_ws/install/examples_rclpy_minimal_action_server/lib'
[71.748s] Level 1:colcon.colcon_core.environment:checking '/home/yahboom/intro_ws/install/examples_rclpy_minimal_action_server/bin'
[71.748s] Level 1:colcon.colcon_core.environment:checking '/home/yahboom/intro_ws/install/examples_rclpy_minimal_action_server/lib/pkgconfig/examples_rclpy_minimal_action_server.pc'
[71.748s] Level 1:colcon.colcon_core.environment:checking '/home/yahboom/intro_ws/install/examples_rclpy_minimal_action_server/lib/python3.10/site-packages'
[71.749s] Level 1:colcon.colcon_core.shell:create_environment_hook('examples_rclpy_minimal_action_server', 'pythonpath')
[71.749s] INFO:colcon.colcon_core.shell:Creating environment hook '/home/yahboom/intro_ws/install/examples_rclpy_minimal_action_server/share/examples_rclpy_minimal_action_server/hook/pythonpath.ps1'
[71.749s] INFO:colcon.colcon_core.shell:Creating environment descriptor '/home/yahboom/intro_ws/install/examples_rclpy_minimal_action_server/share/examples_rclpy_minimal_action_server/hook/pythonpath.dsv'
[71.749s] INFO:colcon.colcon_core.shell:Creating environment hook '/home/yahboom/intro_ws/install/examples_rclpy_minimal_action_server/share/examples_rclpy_minimal_action_server/hook/pythonpath.sh'
[71.750s] Level 1:colcon.colcon_core.environment:checking '/home/yahboom/intro_ws/install/examples_rclpy_minimal_action_server/bin'
[71.750s] Level 1:colcon.colcon_core.environment:create_environment_scripts_only(examples_rclpy_minimal_action_server)
[71.750s] INFO:colcon.colcon_core.shell:Creating package script '/home/yahboom/intro_ws/install/examples_rclpy_minimal_action_server/share/examples_rclpy_minimal_action_server/package.ps1'
[71.750s] INFO:colcon.colcon_core.shell:Creating package descriptor '/home/yahboom/intro_ws/install/examples_rclpy_minimal_action_server/share/examples_rclpy_minimal_action_server/package.dsv'
[71.751s] INFO:colcon.colcon_core.shell:Creating package script '/home/yahboom/intro_ws/install/examples_rclpy_minimal_action_server/share/examples_rclpy_minimal_action_server/package.sh'
[71.751s] INFO:colcon.colcon_core.shell:Creating package script '/home/yahboom/intro_ws/install/examples_rclpy_minimal_action_server/share/examples_rclpy_minimal_action_server/package.bash'
[71.751s] INFO:colcon.colcon_core.shell:Creating package script '/home/yahboom/intro_ws/install/examples_rclpy_minimal_action_server/share/examples_rclpy_minimal_action_server/package.zsh'
[71.751s] Level 1:colcon.colcon_core.environment:create_file_with_runtime_dependencies(/home/yahboom/intro_ws/install/examples_rclpy_minimal_action_server/share/colcon-core/packages/examples_rclpy_minimal_action_server)
[71.752s] INFO:colcon.colcon_ros.task.ament_python.build:Building ROS package in '/home/yahboom/intro_ws/src/examples/rclpy/topics/minimal_publisher' with build type 'ament_python'
[71.752s] Level 1:colcon.colcon_core.shell:create_environment_hook('examples_rclpy_minimal_publisher', 'ament_prefix_path')
[71.752s] INFO:colcon.colcon_core.shell:Creating environment hook '/home/yahboom/intro_ws/install/examples_rclpy_minimal_publisher/share/examples_rclpy_minimal_publisher/hook/ament_prefix_path.ps1'
[71.754s] INFO:colcon.colcon_core.shell:Creating environment descriptor '/home/yahboom/intro_ws/install/examples_rclpy_minimal_publisher/share/examples_rclpy_minimal_publisher/hook/ament_prefix_path.dsv'
[71.754s] INFO:colcon.colcon_core.shell:Creating environment hook '/home/yahboom/intro_ws/install/examples_rclpy_minimal_publisher/share/examples_rclpy_minimal_publisher/hook/ament_prefix_path.sh'
[71.755s] INFO:colcon.colcon_core.shell:Skip shell extension 'powershell' for command environment: Not usable outside of PowerShell
[71.755s] DEBUG:colcon.colcon_core.shell:Skip shell extension 'dsv' for command environment
[72.092s] INFO:colcon.colcon_core.task.python.build:Building Python package in '/home/yahboom/intro_ws/src/examples/rclpy/topics/minimal_publisher'
[72.093s] INFO:colcon.colcon_core.shell:Skip shell extension 'powershell' for command environment: Not usable outside of PowerShell
[72.093s] DEBUG:colcon.colcon_core.shell:Skip shell extension 'dsv' for command environment
[72.104s] Level 1:colcon.colcon_core.shell:create_environment_hook('examples_rclpy_minimal_client', 'pythonpath_develop')
[72.104s] INFO:colcon.colcon_core.shell:Creating environment hook '/home/yahboom/intro_ws/build/examples_rclpy_minimal_client/share/examples_rclpy_minimal_client/hook/pythonpath_develop.ps1'
[72.105s] INFO:colcon.colcon_core.shell:Creating environment descriptor '/home/yahboom/intro_ws/build/examples_rclpy_minimal_client/share/examples_rclpy_minimal_client/hook/pythonpath_develop.dsv'
[72.105s] INFO:colcon.colcon_core.shell:Creating environment hook '/home/yahboom/intro_ws/build/examples_rclpy_minimal_client/share/examples_rclpy_minimal_client/hook/pythonpath_develop.sh'
[72.105s] Level 1:colcon.colcon_core.environment:checking '/home/yahboom/intro_ws/install/examples_rclpy_minimal_client' for CMake module files
[72.106s] Level 1:colcon.colcon_core.environment:checking '/home/yahboom/intro_ws/install/examples_rclpy_minimal_client' for CMake config files
[72.106s] Level 1:colcon.colcon_core.environment:checking '/home/yahboom/intro_ws/install/examples_rclpy_minimal_client/lib'
[72.106s] Level 1:colcon.colcon_core.environment:checking '/home/yahboom/intro_ws/install/examples_rclpy_minimal_client/bin'
[72.106s] Level 1:colcon.colcon_core.environment:checking '/home/yahboom/intro_ws/install/examples_rclpy_minimal_client/lib/pkgconfig/examples_rclpy_minimal_client.pc'
[72.106s] Level 1:colcon.colcon_core.environment:checking '/home/yahboom/intro_ws/install/examples_rclpy_minimal_client/lib/python3.10/site-packages'
[72.107s] DEBUG:colcon.colcon_core.event_handler.log_command:Invoked command in '/home/yahboom/intro_ws/build/examples_rclpy_minimal_client' returned '0': PYTHONPATH=/home/yahboom/intro_ws/build/examples_rclpy_minimal_client/prefix_override:/home/yahboom/intro_ws/install/examples_rclpy_minimal_client/lib/python3.10/site-packages:${PYTHONPATH} /usr/bin/python3 -W ignore:setup.py install is deprecated setup.py develop --editable --build-directory /home/yahboom/intro_ws/build/examples_rclpy_minimal_client/build --no-deps symlink_data
[72.107s] Level 1:colcon.colcon_core.shell:create_environment_hook('examples_rclpy_minimal_client', 'pythonpath')
[72.107s] INFO:colcon.colcon_core.shell:Creating environment hook '/home/yahboom/intro_ws/install/examples_rclpy_minimal_client/share/examples_rclpy_minimal_client/hook/pythonpath.ps1'
[72.107s] INFO:colcon.colcon_core.shell:Creating environment descriptor '/home/yahboom/intro_ws/install/examples_rclpy_minimal_client/share/examples_rclpy_minimal_client/hook/pythonpath.dsv'
[72.107s] INFO:colcon.colcon_core.shell:Creating environment hook '/home/yahboom/intro_ws/install/examples_rclpy_minimal_client/share/examples_rclpy_minimal_client/hook/pythonpath.sh'
[72.108s] Level 1:colcon.colcon_core.environment:checking '/home/yahboom/intro_ws/install/examples_rclpy_minimal_client/bin'
[72.108s] Level 1:colcon.colcon_core.environment:create_environment_scripts_only(examples_rclpy_minimal_client)
[72.108s] INFO:colcon.colcon_core.shell:Creating package script '/home/yahboom/intro_ws/install/examples_rclpy_minimal_client/share/examples_rclpy_minimal_client/package.ps1'
[72.108s] INFO:colcon.colcon_core.shell:Creating package descriptor '/home/yahboom/intro_ws/install/examples_rclpy_minimal_client/share/examples_rclpy_minimal_client/package.dsv'
[72.109s] INFO:colcon.colcon_core.shell:Creating package script '/home/yahboom/intro_ws/install/examples_rclpy_minimal_client/share/examples_rclpy_minimal_client/package.sh'
[72.109s] INFO:colcon.colcon_core.shell:Creating package script '/home/yahboom/intro_ws/install/examples_rclpy_minimal_client/share/examples_rclpy_minimal_client/package.bash'
[72.109s] INFO:colcon.colcon_core.shell:Creating package script '/home/yahboom/intro_ws/install/examples_rclpy_minimal_client/share/examples_rclpy_minimal_client/package.zsh'
[72.109s] Level 1:colcon.colcon_core.environment:create_file_with_runtime_dependencies(/home/yahboom/intro_ws/install/examples_rclpy_minimal_client/share/colcon-core/packages/examples_rclpy_minimal_client)
[72.110s] INFO:colcon.colcon_ros.task.ament_python.build:Building ROS package in '/home/yahboom/intro_ws/src/examples/rclpy/services/minimal_service' with build type 'ament_python'
[72.110s] Level 1:colcon.colcon_core.shell:create_environment_hook('examples_rclpy_minimal_service', 'ament_prefix_path')
[72.110s] INFO:colcon.colcon_core.shell:Creating environment hook '/home/yahboom/intro_ws/install/examples_rclpy_minimal_service/share/examples_rclpy_minimal_service/hook/ament_prefix_path.ps1'
[72.111s] INFO:colcon.colcon_core.shell:Creating environment descriptor '/home/yahboom/intro_ws/install/examples_rclpy_minimal_service/share/examples_rclpy_minimal_service/hook/ament_prefix_path.dsv'
[72.111s] INFO:colcon.colcon_core.shell:Creating environment hook '/home/yahboom/intro_ws/install/examples_rclpy_minimal_service/share/examples_rclpy_minimal_service/hook/ament_prefix_path.sh'
[72.111s] INFO:colcon.colcon_core.shell:Skip shell extension 'powershell' for command environment: Not usable outside of PowerShell
[72.111s] DEBUG:colcon.colcon_core.shell:Skip shell extension 'dsv' for command environment
[72.425s] INFO:colcon.colcon_core.task.python.build:Building Python package in '/home/yahboom/intro_ws/src/examples/rclpy/services/minimal_service'
[72.425s] INFO:colcon.colcon_core.shell:Skip shell extension 'powershell' for command environment: Not usable outside of PowerShell
[72.425s] DEBUG:colcon.colcon_core.shell:Skip shell extension 'dsv' for command environment
[72.470s] DEBUG:colcon.colcon_core.event_handler.log_command:Invoking command in '/home/yahboom/intro_ws/build/examples_rclpy_minimal_publisher': PYTHONPATH=/home/yahboom/intro_ws/build/examples_rclpy_minimal_publisher/prefix_override:/home/yahboom/intro_ws/install/examples_rclpy_minimal_publisher/lib/python3.10/site-packages:${PYTHONPATH} /usr/bin/python3 -W ignore:setup.py install is deprecated setup.py develop --editable --build-directory /home/yahboom/intro_ws/build/examples_rclpy_minimal_publisher/build --no-deps symlink_data
[72.804s] DEBUG:colcon.colcon_core.event_handler.log_command:Invoking command in '/home/yahboom/intro_ws/build/examples_rclpy_minimal_service': PYTHONPATH=/home/yahboom/intro_ws/build/examples_rclpy_minimal_service/prefix_override:/home/yahboom/intro_ws/install/examples_rclpy_minimal_service/lib/python3.10/site-packages:${PYTHONPATH} /usr/bin/python3 -W ignore:setup.py install is deprecated setup.py develop --editable --build-directory /home/yahboom/intro_ws/build/examples_rclpy_minimal_service/build --no-deps symlink_data
[72.963s] Level 1:colcon.colcon_core.shell:create_environment_hook('examples_rclpy_minimal_publisher', 'pythonpath_develop')
[72.963s] INFO:colcon.colcon_core.shell:Creating environment hook '/home/yahboom/intro_ws/build/examples_rclpy_minimal_publisher/share/examples_rclpy_minimal_publisher/hook/pythonpath_develop.ps1'
[72.964s] INFO:colcon.colcon_core.shell:Creating environment descriptor '/home/yahboom/intro_ws/build/examples_rclpy_minimal_publisher/share/examples_rclpy_minimal_publisher/hook/pythonpath_develop.dsv'
[72.964s] INFO:colcon.colcon_core.shell:Creating environment hook '/home/yahboom/intro_ws/build/examples_rclpy_minimal_publisher/share/examples_rclpy_minimal_publisher/hook/pythonpath_develop.sh'
[72.965s] Level 1:colcon.colcon_core.environment:checking '/home/yahboom/intro_ws/install/examples_rclpy_minimal_publisher' for CMake module files
[72.963s] DEBUG:colcon.colcon_core.event_handler.log_command:Invoked command in '/home/yahboom/intro_ws/build/examples_rclpy_minimal_publisher' returned '0': PYTHONPATH=/home/yahboom/intro_ws/build/examples_rclpy_minimal_publisher/prefix_override:/home/yahboom/intro_ws/install/examples_rclpy_minimal_publisher/lib/python3.10/site-packages:${PYTHONPATH} /usr/bin/python3 -W ignore:setup.py install is deprecated setup.py develop --editable --build-directory /home/yahboom/intro_ws/build/examples_rclpy_minimal_publisher/build --no-deps symlink_data
[72.965s] Level 1:colcon.colcon_core.environment:checking '/home/yahboom/intro_ws/install/examples_rclpy_minimal_publisher' for CMake config files
[72.966s] Level 1:colcon.colcon_core.environment:checking '/home/yahboom/intro_ws/install/examples_rclpy_minimal_publisher/lib'
[72.966s] Level 1:colcon.colcon_core.environment:checking '/home/yahboom/intro_ws/install/examples_rclpy_minimal_publisher/bin'
[72.966s] Level 1:colcon.colcon_core.environment:checking '/home/yahboom/intro_ws/install/examples_rclpy_minimal_publisher/lib/pkgconfig/examples_rclpy_minimal_publisher.pc'
[72.966s] Level 1:colcon.colcon_core.environment:checking '/home/yahboom/intro_ws/install/examples_rclpy_minimal_publisher/lib/python3.10/site-packages'
[72.966s] Level 1:colcon.colcon_core.shell:create_environment_hook('examples_rclpy_minimal_publisher', 'pythonpath')
[72.967s] INFO:colcon.colcon_core.shell:Creating environment hook '/home/yahboom/intro_ws/install/examples_rclpy_minimal_publisher/share/examples_rclpy_minimal_publisher/hook/pythonpath.ps1'
[72.967s] INFO:colcon.colcon_core.shell:Creating environment descriptor '/home/yahboom/intro_ws/install/examples_rclpy_minimal_publisher/share/examples_rclpy_minimal_publisher/hook/pythonpath.dsv'
[72.967s] INFO:colcon.colcon_core.shell:Creating environment hook '/home/yahboom/intro_ws/install/examples_rclpy_minimal_publisher/share/examples_rclpy_minimal_publisher/hook/pythonpath.sh'
[72.968s] Level 1:colcon.colcon_core.environment:checking '/home/yahboom/intro_ws/install/examples_rclpy_minimal_publisher/bin'
[72.968s] Level 1:colcon.colcon_core.environment:create_environment_scripts_only(examples_rclpy_minimal_publisher)
[72.968s] INFO:colcon.colcon_core.shell:Creating package script '/home/yahboom/intro_ws/install/examples_rclpy_minimal_publisher/share/examples_rclpy_minimal_publisher/package.ps1'
[72.969s] INFO:colcon.colcon_core.shell:Creating package descriptor '/home/yahboom/intro_ws/install/examples_rclpy_minimal_publisher/share/examples_rclpy_minimal_publisher/package.dsv'
[72.969s] INFO:colcon.colcon_core.shell:Creating package script '/home/yahboom/intro_ws/install/examples_rclpy_minimal_publisher/share/examples_rclpy_minimal_publisher/package.sh'
[72.969s] INFO:colcon.colcon_core.shell:Creating package script '/home/yahboom/intro_ws/install/examples_rclpy_minimal_publisher/share/examples_rclpy_minimal_publisher/package.bash'
[72.970s] INFO:colcon.colcon_core.shell:Creating package script '/home/yahboom/intro_ws/install/examples_rclpy_minimal_publisher/share/examples_rclpy_minimal_publisher/package.zsh'
[72.970s] Level 1:colcon.colcon_core.environment:create_file_with_runtime_dependencies(/home/yahboom/intro_ws/install/examples_rclpy_minimal_publisher/share/colcon-core/packages/examples_rclpy_minimal_publisher)
[72.971s] INFO:colcon.colcon_ros.task.ament_python.build:Building ROS package in '/home/yahboom/intro_ws/src/examples/rclpy/topics/minimal_subscriber' with build type 'ament_python'
[72.971s] Level 1:colcon.colcon_core.shell:create_environment_hook('examples_rclpy_minimal_subscriber', 'ament_prefix_path')
[72.971s] INFO:colcon.colcon_core.shell:Creating environment hook '/home/yahboom/intro_ws/install/examples_rclpy_minimal_subscriber/share/examples_rclpy_minimal_subscriber/hook/ament_prefix_path.ps1'
[72.972s] INFO:colcon.colcon_core.shell:Creating environment descriptor '/home/yahboom/intro_ws/install/examples_rclpy_minimal_subscriber/share/examples_rclpy_minimal_subscriber/hook/ament_prefix_path.dsv'
[72.972s] INFO:colcon.colcon_core.shell:Creating environment hook '/home/yahboom/intro_ws/install/examples_rclpy_minimal_subscriber/share/examples_rclpy_minimal_subscriber/hook/ament_prefix_path.sh'
[72.973s] INFO:colcon.colcon_core.shell:Skip shell extension 'powershell' for command environment: Not usable outside of PowerShell
[72.973s] DEBUG:colcon.colcon_core.shell:Skip shell extension 'dsv' for command environment
[73.263s] INFO:colcon.colcon_core.task.python.build:Building Python package in '/home/yahboom/intro_ws/src/examples/rclpy/topics/minimal_subscriber'
[73.264s] INFO:colcon.colcon_core.shell:Skip shell extension 'powershell' for command environment: Not usable outside of PowerShell
[73.264s] DEBUG:colcon.colcon_core.shell:Skip shell extension 'dsv' for command environment
[73.336s] Level 1:colcon.colcon_core.shell:create_environment_hook('examples_rclpy_minimal_service', 'pythonpath_develop')
[73.336s] DEBUG:colcon.colcon_core.event_handler.log_command:Invoked command in '/home/yahboom/intro_ws/build/examples_rclpy_minimal_service' returned '0': PYTHONPATH=/home/yahboom/intro_ws/build/examples_rclpy_minimal_service/prefix_override:/home/yahboom/intro_ws/install/examples_rclpy_minimal_service/lib/python3.10/site-packages:${PYTHONPATH} /usr/bin/python3 -W ignore:setup.py install is deprecated setup.py develop --editable --build-directory /home/yahboom/intro_ws/build/examples_rclpy_minimal_service/build --no-deps symlink_data
[73.337s] INFO:colcon.colcon_core.shell:Creating environment hook '/home/yahboom/intro_ws/build/examples_rclpy_minimal_service/share/examples_rclpy_minimal_service/hook/pythonpath_develop.ps1'
[73.337s] INFO:colcon.colcon_core.shell:Creating environment descriptor '/home/yahboom/intro_ws/build/examples_rclpy_minimal_service/share/examples_rclpy_minimal_service/hook/pythonpath_develop.dsv'
[73.337s] INFO:colcon.colcon_core.shell:Creating environment hook '/home/yahboom/intro_ws/build/examples_rclpy_minimal_service/share/examples_rclpy_minimal_service/hook/pythonpath_develop.sh'
[73.338s] Level 1:colcon.colcon_core.environment:checking '/home/yahboom/intro_ws/install/examples_rclpy_minimal_service' for CMake module files
[73.338s] Level 1:colcon.colcon_core.environment:checking '/home/yahboom/intro_ws/install/examples_rclpy_minimal_service' for CMake config files
[73.339s] Level 1:colcon.colcon_core.environment:checking '/home/yahboom/intro_ws/install/examples_rclpy_minimal_service/lib'
[73.339s] Level 1:colcon.colcon_core.environment:checking '/home/yahboom/intro_ws/install/examples_rclpy_minimal_service/bin'
[73.339s] Level 1:colcon.colcon_core.environment:checking '/home/yahboom/intro_ws/install/examples_rclpy_minimal_service/lib/pkgconfig/examples_rclpy_minimal_service.pc'
[73.339s] Level 1:colcon.colcon_core.environment:checking '/home/yahboom/intro_ws/install/examples_rclpy_minimal_service/lib/python3.10/site-packages'
[73.339s] Level 1:colcon.colcon_core.shell:create_environment_hook('examples_rclpy_minimal_service', 'pythonpath')
[73.339s] INFO:colcon.colcon_core.shell:Creating environment hook '/home/yahboom/intro_ws/install/examples_rclpy_minimal_service/share/examples_rclpy_minimal_service/hook/pythonpath.ps1'
[73.339s] INFO:colcon.colcon_core.shell:Creating environment descriptor '/home/yahboom/intro_ws/install/examples_rclpy_minimal_service/share/examples_rclpy_minimal_service/hook/pythonpath.dsv'
[73.340s] INFO:colcon.colcon_core.shell:Creating environment hook '/home/yahboom/intro_ws/install/examples_rclpy_minimal_service/share/examples_rclpy_minimal_service/hook/pythonpath.sh'
[73.340s] Level 1:colcon.colcon_core.environment:checking '/home/yahboom/intro_ws/install/examples_rclpy_minimal_service/bin'
[73.340s] Level 1:colcon.colcon_core.environment:create_environment_scripts_only(examples_rclpy_minimal_service)
[73.340s] INFO:colcon.colcon_core.shell:Creating package script '/home/yahboom/intro_ws/install/examples_rclpy_minimal_service/share/examples_rclpy_minimal_service/package.ps1'
[73.341s] INFO:colcon.colcon_core.shell:Creating package descriptor '/home/yahboom/intro_ws/install/examples_rclpy_minimal_service/share/examples_rclpy_minimal_service/package.dsv'
[73.341s] INFO:colcon.colcon_core.shell:Creating package script '/home/yahboom/intro_ws/install/examples_rclpy_minimal_service/share/examples_rclpy_minimal_service/package.sh'
[73.341s] INFO:colcon.colcon_core.shell:Creating package script '/home/yahboom/intro_ws/install/examples_rclpy_minimal_service/share/examples_rclpy_minimal_service/package.bash'
[73.341s] INFO:colcon.colcon_core.shell:Creating package script '/home/yahboom/intro_ws/install/examples_rclpy_minimal_service/share/examples_rclpy_minimal_service/package.zsh'
[73.342s] Level 1:colcon.colcon_core.environment:create_file_with_runtime_dependencies(/home/yahboom/intro_ws/install/examples_rclpy_minimal_service/share/colcon-core/packages/examples_rclpy_minimal_service)
[73.343s] INFO:colcon.colcon_ros.task.ament_python.build:Building ROS package in '/home/yahboom/intro_ws/src/examples/rclpy/topics/pointcloud_publisher' with build type 'ament_python'
[73.343s] Level 1:colcon.colcon_core.shell:create_environment_hook('examples_rclpy_pointcloud_publisher', 'ament_prefix_path')
[73.343s] INFO:colcon.colcon_core.shell:Creating environment hook '/home/yahboom/intro_ws/install/examples_rclpy_pointcloud_publisher/share/examples_rclpy_pointcloud_publisher/hook/ament_prefix_path.ps1'
[73.344s] INFO:colcon.colcon_core.shell:Creating environment descriptor '/home/yahboom/intro_ws/install/examples_rclpy_pointcloud_publisher/share/examples_rclpy_pointcloud_publisher/hook/ament_prefix_path.dsv'
[73.344s] INFO:colcon.colcon_core.shell:Creating environment hook '/home/yahboom/intro_ws/install/examples_rclpy_pointcloud_publisher/share/examples_rclpy_pointcloud_publisher/hook/ament_prefix_path.sh'
[73.344s] INFO:colcon.colcon_core.shell:Skip shell extension 'powershell' for command environment: Not usable outside of PowerShell
[73.344s] DEBUG:colcon.colcon_core.shell:Skip shell extension 'dsv' for command environment
[73.654s] INFO:colcon.colcon_core.task.python.build:Building Python package in '/home/yahboom/intro_ws/src/examples/rclpy/topics/pointcloud_publisher'
[73.654s] INFO:colcon.colcon_core.shell:Skip shell extension 'powershell' for command environment: Not usable outside of PowerShell
[73.654s] DEBUG:colcon.colcon_core.shell:Skip shell extension 'dsv' for command environment
[73.669s] DEBUG:colcon.colcon_core.event_handler.log_command:Invoking command in '/home/yahboom/intro_ws/build/examples_rclpy_minimal_subscriber': PYTHONPATH=/home/yahboom/intro_ws/build/examples_rclpy_minimal_subscriber/prefix_override:/home/yahboom/intro_ws/install/examples_rclpy_minimal_subscriber/lib/python3.10/site-packages:${PYTHONPATH} /usr/bin/python3 -W ignore:setup.py install is deprecated setup.py develop --editable --build-directory /home/yahboom/intro_ws/build/examples_rclpy_minimal_subscriber/build --no-deps symlink_data
[74.048s] DEBUG:colcon.colcon_core.event_handler.log_command:Invoking command in '/home/yahboom/intro_ws/build/examples_rclpy_pointcloud_publisher': PYTHONPATH=/home/yahboom/intro_ws/build/examples_rclpy_pointcloud_publisher/prefix_override:/home/yahboom/intro_ws/install/examples_rclpy_pointcloud_publisher/lib/python3.10/site-packages:${PYTHONPATH} /usr/bin/python3 -W ignore:setup.py install is deprecated setup.py develop --editable --build-directory /home/yahboom/intro_ws/build/examples_rclpy_pointcloud_publisher/build --no-deps symlink_data
[74.162s] Level 1:colcon.colcon_core.shell:create_environment_hook('examples_rclpy_minimal_subscriber', 'pythonpath_develop')
[74.162s] DEBUG:colcon.colcon_core.event_handler.log_command:Invoked command in '/home/yahboom/intro_ws/build/examples_rclpy_minimal_subscriber' returned '0': PYTHONPATH=/home/yahboom/intro_ws/build/examples_rclpy_minimal_subscriber/prefix_override:/home/yahboom/intro_ws/install/examples_rclpy_minimal_subscriber/lib/python3.10/site-packages:${PYTHONPATH} /usr/bin/python3 -W ignore:setup.py install is deprecated setup.py develop --editable --build-directory /home/yahboom/intro_ws/build/examples_rclpy_minimal_subscriber/build --no-deps symlink_data
[74.163s] INFO:colcon.colcon_core.shell:Creating environment hook '/home/yahboom/intro_ws/build/examples_rclpy_minimal_subscriber/share/examples_rclpy_minimal_subscriber/hook/pythonpath_develop.ps1'
[74.163s] INFO:colcon.colcon_core.shell:Creating environment descriptor '/home/yahboom/intro_ws/build/examples_rclpy_minimal_subscriber/share/examples_rclpy_minimal_subscriber/hook/pythonpath_develop.dsv'
[74.164s] INFO:colcon.colcon_core.shell:Creating environment hook '/home/yahboom/intro_ws/build/examples_rclpy_minimal_subscriber/share/examples_rclpy_minimal_subscriber/hook/pythonpath_develop.sh'
[74.164s] Level 1:colcon.colcon_core.environment:checking '/home/yahboom/intro_ws/install/examples_rclpy_minimal_subscriber' for CMake module files
[74.165s] Level 1:colcon.colcon_core.environment:checking '/home/yahboom/intro_ws/install/examples_rclpy_minimal_subscriber' for CMake config files
[74.165s] Level 1:colcon.colcon_core.environment:checking '/home/yahboom/intro_ws/install/examples_rclpy_minimal_subscriber/lib'
[74.165s] Level 1:colcon.colcon_core.environment:checking '/home/yahboom/intro_ws/install/examples_rclpy_minimal_subscriber/bin'
[74.165s] Level 1:colcon.colcon_core.environment:checking '/home/yahboom/intro_ws/install/examples_rclpy_minimal_subscriber/lib/pkgconfig/examples_rclpy_minimal_subscriber.pc'
[74.165s] Level 1:colcon.colcon_core.environment:checking '/home/yahboom/intro_ws/install/examples_rclpy_minimal_subscriber/lib/python3.10/site-packages'
[74.165s] Level 1:colcon.colcon_core.shell:create_environment_hook('examples_rclpy_minimal_subscriber', 'pythonpath')
[74.165s] INFO:colcon.colcon_core.shell:Creating environment hook '/home/yahboom/intro_ws/install/examples_rclpy_minimal_subscriber/share/examples_rclpy_minimal_subscriber/hook/pythonpath.ps1'
[74.166s] INFO:colcon.colcon_core.shell:Creating environment descriptor '/home/yahboom/intro_ws/install/examples_rclpy_minimal_subscriber/share/examples_rclpy_minimal_subscriber/hook/pythonpath.dsv'
[74.166s] INFO:colcon.colcon_core.shell:Creating environment hook '/home/yahboom/intro_ws/install/examples_rclpy_minimal_subscriber/share/examples_rclpy_minimal_subscriber/hook/pythonpath.sh'
[74.166s] Level 1:colcon.colcon_core.environment:checking '/home/yahboom/intro_ws/install/examples_rclpy_minimal_subscriber/bin'
[74.166s] Level 1:colcon.colcon_core.environment:create_environment_scripts_only(examples_rclpy_minimal_subscriber)
[74.167s] INFO:colcon.colcon_core.shell:Creating package script '/home/yahboom/intro_ws/install/examples_rclpy_minimal_subscriber/share/examples_rclpy_minimal_subscriber/package.ps1'
[74.167s] INFO:colcon.colcon_core.shell:Creating package descriptor '/home/yahboom/intro_ws/install/examples_rclpy_minimal_subscriber/share/examples_rclpy_minimal_subscriber/package.dsv'
[74.167s] INFO:colcon.colcon_core.shell:Creating package script '/home/yahboom/intro_ws/install/examples_rclpy_minimal_subscriber/share/examples_rclpy_minimal_subscriber/package.sh'
[74.167s] INFO:colcon.colcon_core.shell:Creating package script '/home/yahboom/intro_ws/install/examples_rclpy_minimal_subscriber/share/examples_rclpy_minimal_subscriber/package.bash'
[74.168s] INFO:colcon.colcon_core.shell:Creating package script '/home/yahboom/intro_ws/install/examples_rclpy_minimal_subscriber/share/examples_rclpy_minimal_subscriber/package.zsh'
[74.168s] Level 1:colcon.colcon_core.environment:create_file_with_runtime_dependencies(/home/yahboom/intro_ws/install/examples_rclpy_minimal_subscriber/share/colcon-core/packages/examples_rclpy_minimal_subscriber)
[74.169s] INFO:colcon.colcon_ros.task.ament_python.build:Building ROS package in '/home/yahboom/intro_ws/src/examples/launch_testing/launch_testing_examples' with build type 'ament_python'
[74.169s] Level 1:colcon.colcon_core.shell:create_environment_hook('launch_testing_examples', 'ament_prefix_path')
[74.169s] INFO:colcon.colcon_core.shell:Creating environment hook '/home/yahboom/intro_ws/install/launch_testing_examples/share/launch_testing_examples/hook/ament_prefix_path.ps1'
[74.169s] INFO:colcon.colcon_core.shell:Creating environment descriptor '/home/yahboom/intro_ws/install/launch_testing_examples/share/launch_testing_examples/hook/ament_prefix_path.dsv'
[74.170s] INFO:colcon.colcon_core.shell:Creating environment hook '/home/yahboom/intro_ws/install/launch_testing_examples/share/launch_testing_examples/hook/ament_prefix_path.sh'
[74.170s] INFO:colcon.colcon_core.shell:Skip shell extension 'powershell' for command environment: Not usable outside of PowerShell
[74.170s] DEBUG:colcon.colcon_core.shell:Skip shell extension 'dsv' for command environment
[74.460s] INFO:colcon.colcon_core.task.python.build:Building Python package in '/home/yahboom/intro_ws/src/examples/launch_testing/launch_testing_examples'
[74.460s] INFO:colcon.colcon_core.shell:Skip shell extension 'powershell' for command environment: Not usable outside of PowerShell
[74.460s] DEBUG:colcon.colcon_core.shell:Skip shell extension 'dsv' for command environment
[74.570s] Level 1:colcon.colcon_core.shell:create_environment_hook('examples_rclpy_pointcloud_publisher', 'pythonpath_develop')
[74.570s] INFO:colcon.colcon_core.shell:Creating environment hook '/home/yahboom/intro_ws/build/examples_rclpy_pointcloud_publisher/share/examples_rclpy_pointcloud_publisher/hook/pythonpath_develop.ps1'
[74.570s] INFO:colcon.colcon_core.shell:Creating environment descriptor '/home/yahboom/intro_ws/build/examples_rclpy_pointcloud_publisher/share/examples_rclpy_pointcloud_publisher/hook/pythonpath_develop.dsv'
[74.571s] INFO:colcon.colcon_core.shell:Creating environment hook '/home/yahboom/intro_ws/build/examples_rclpy_pointcloud_publisher/share/examples_rclpy_pointcloud_publisher/hook/pythonpath_develop.sh'
[74.571s] Level 1:colcon.colcon_core.environment:checking '/home/yahboom/intro_ws/install/examples_rclpy_pointcloud_publisher' for CMake module files
[74.571s] Level 1:colcon.colcon_core.environment:checking '/home/yahboom/intro_ws/install/examples_rclpy_pointcloud_publisher' for CMake config files
[74.572s] Level 1:colcon.colcon_core.environment:checking '/home/yahboom/intro_ws/install/examples_rclpy_pointcloud_publisher/lib'
[74.572s] Level 1:colcon.colcon_core.environment:checking '/home/yahboom/intro_ws/install/examples_rclpy_pointcloud_publisher/bin'
[74.572s] Level 1:colcon.colcon_core.environment:checking '/home/yahboom/intro_ws/install/examples_rclpy_pointcloud_publisher/lib/pkgconfig/examples_rclpy_pointcloud_publisher.pc'
[74.572s] Level 1:colcon.colcon_core.environment:checking '/home/yahboom/intro_ws/install/examples_rclpy_pointcloud_publisher/lib/python3.10/site-packages'
[74.572s] DEBUG:colcon.colcon_core.event_handler.log_command:Invoked command in '/home/yahboom/intro_ws/build/examples_rclpy_pointcloud_publisher' returned '0': PYTHONPATH=/home/yahboom/intro_ws/build/examples_rclpy_pointcloud_publisher/prefix_override:/home/yahboom/intro_ws/install/examples_rclpy_pointcloud_publisher/lib/python3.10/site-packages:${PYTHONPATH} /usr/bin/python3 -W ignore:setup.py install is deprecated setup.py develop --editable --build-directory /home/yahboom/intro_ws/build/examples_rclpy_pointcloud_publisher/build --no-deps symlink_data
[74.573s] Level 1:colcon.colcon_core.shell:create_environment_hook('examples_rclpy_pointcloud_publisher', 'pythonpath')
[74.573s] INFO:colcon.colcon_core.shell:Creating environment hook '/home/yahboom/intro_ws/install/examples_rclpy_pointcloud_publisher/share/examples_rclpy_pointcloud_publisher/hook/pythonpath.ps1'
[74.573s] INFO:colcon.colcon_core.shell:Creating environment descriptor '/home/yahboom/intro_ws/install/examples_rclpy_pointcloud_publisher/share/examples_rclpy_pointcloud_publisher/hook/pythonpath.dsv'
[74.573s] INFO:colcon.colcon_core.shell:Creating environment hook '/home/yahboom/intro_ws/install/examples_rclpy_pointcloud_publisher/share/examples_rclpy_pointcloud_publisher/hook/pythonpath.sh'
[74.573s] Level 1:colcon.colcon_core.environment:checking '/home/yahboom/intro_ws/install/examples_rclpy_pointcloud_publisher/bin'
[74.573s] Level 1:colcon.colcon_core.environment:create_environment_scripts_only(examples_rclpy_pointcloud_publisher)
[74.574s] INFO:colcon.colcon_core.shell:Creating package script '/home/yahboom/intro_ws/install/examples_rclpy_pointcloud_publisher/share/examples_rclpy_pointcloud_publisher/package.ps1'
[74.574s] INFO:colcon.colcon_core.shell:Creating package descriptor '/home/yahboom/intro_ws/install/examples_rclpy_pointcloud_publisher/share/examples_rclpy_pointcloud_publisher/package.dsv'
[74.574s] INFO:colcon.colcon_core.shell:Creating package script '/home/yahboom/intro_ws/install/examples_rclpy_pointcloud_publisher/share/examples_rclpy_pointcloud_publisher/package.sh'
[74.575s] INFO:colcon.colcon_core.shell:Creating package script '/home/yahboom/intro_ws/install/examples_rclpy_pointcloud_publisher/share/examples_rclpy_pointcloud_publisher/package.bash'
[74.575s] INFO:colcon.colcon_core.shell:Creating package script '/home/yahboom/intro_ws/install/examples_rclpy_pointcloud_publisher/share/examples_rclpy_pointcloud_publisher/package.zsh'
[74.575s] Level 1:colcon.colcon_core.environment:create_file_with_runtime_dependencies(/home/yahboom/intro_ws/install/examples_rclpy_pointcloud_publisher/share/colcon-core/packages/examples_rclpy_pointcloud_publisher)
[74.576s] INFO:colcon.colcon_ros.task.ament_python.build:Building ROS package in '/home/yahboom/intro_ws/src/python_parameters' with build type 'ament_python'
[74.577s] Level 1:colcon.colcon_core.shell:create_environment_hook('python_parameters', 'ament_prefix_path')
[74.577s] INFO:colcon.colcon_core.shell:Creating environment hook '/home/yahboom/intro_ws/install/python_parameters/share/python_parameters/hook/ament_prefix_path.ps1'
[74.578s] INFO:colcon.colcon_core.shell:Creating environment descriptor '/home/yahboom/intro_ws/install/python_parameters/share/python_parameters/hook/ament_prefix_path.dsv'
[74.578s] INFO:colcon.colcon_core.shell:Creating environment hook '/home/yahboom/intro_ws/install/python_parameters/share/python_parameters/hook/ament_prefix_path.sh'
[74.578s] INFO:colcon.colcon_core.shell:Skip shell extension 'powershell' for command environment: Not usable outside of PowerShell
[74.578s] DEBUG:colcon.colcon_core.shell:Skip shell extension 'dsv' for command environment
[74.894s] INFO:colcon.colcon_core.task.python.build:Building Python package in '/home/yahboom/intro_ws/src/python_parameters'
[74.895s] INFO:colcon.colcon_core.shell:Skip shell extension 'powershell' for command environment: Not usable outside of PowerShell
[74.895s] DEBUG:colcon.colcon_core.shell:Skip shell extension 'dsv' for command environment
[74.911s] DEBUG:colcon.colcon_core.event_handler.log_command:Invoking command in '/home/yahboom/intro_ws/build/launch_testing_examples': PYTHONPATH=/home/yahboom/intro_ws/build/launch_testing_examples/prefix_override:/home/yahboom/intro_ws/install/launch_testing_examples/lib/python3.10/site-packages:${PYTHONPATH} /usr/bin/python3 -W ignore:setup.py install is deprecated setup.py develop --editable --build-directory /home/yahboom/intro_ws/build/launch_testing_examples/build --no-deps symlink_data
[75.278s] DEBUG:colcon.colcon_core.event_handler.log_command:Invoking command in '/home/yahboom/intro_ws/build/python_parameters': PYTHONPATH=/home/yahboom/intro_ws/build/python_parameters/prefix_override:/home/yahboom/intro_ws/install/python_parameters/lib/python3.10/site-packages:${PYTHONPATH} /usr/bin/python3 -W ignore:setup.py install is deprecated setup.py develop --editable --build-directory /home/yahboom/intro_ws/build/python_parameters/build --no-deps symlink_data
[75.425s] Level 1:colcon.colcon_core.shell:create_environment_hook('launch_testing_examples', 'pythonpath_develop')
[75.425s] DEBUG:colcon.colcon_core.event_handler.log_command:Invoked command in '/home/yahboom/intro_ws/build/launch_testing_examples' returned '0': PYTHONPATH=/home/yahboom/intro_ws/build/launch_testing_examples/prefix_override:/home/yahboom/intro_ws/install/launch_testing_examples/lib/python3.10/site-packages:${PYTHONPATH} /usr/bin/python3 -W ignore:setup.py install is deprecated setup.py develop --editable --build-directory /home/yahboom/intro_ws/build/launch_testing_examples/build --no-deps symlink_data
[75.426s] INFO:colcon.colcon_core.shell:Creating environment hook '/home/yahboom/intro_ws/build/launch_testing_examples/share/launch_testing_examples/hook/pythonpath_develop.ps1'
[75.426s] INFO:colcon.colcon_core.shell:Creating environment descriptor '/home/yahboom/intro_ws/build/launch_testing_examples/share/launch_testing_examples/hook/pythonpath_develop.dsv'
[75.426s] INFO:colcon.colcon_core.shell:Creating environment hook '/home/yahboom/intro_ws/build/launch_testing_examples/share/launch_testing_examples/hook/pythonpath_develop.sh'
[75.427s] Level 1:colcon.colcon_core.environment:checking '/home/yahboom/intro_ws/install/launch_testing_examples' for CMake module files
[75.427s] Level 1:colcon.colcon_core.environment:checking '/home/yahboom/intro_ws/install/launch_testing_examples' for CMake config files
[75.427s] Level 1:colcon.colcon_core.environment:checking '/home/yahboom/intro_ws/install/launch_testing_examples/lib'
[75.427s] Level 1:colcon.colcon_core.environment:checking '/home/yahboom/intro_ws/install/launch_testing_examples/bin'
[75.427s] Level 1:colcon.colcon_core.environment:checking '/home/yahboom/intro_ws/install/launch_testing_examples/lib/pkgconfig/launch_testing_examples.pc'
[75.428s] Level 1:colcon.colcon_core.environment:checking '/home/yahboom/intro_ws/install/launch_testing_examples/lib/python3.10/site-packages'
[75.428s] Level 1:colcon.colcon_core.shell:create_environment_hook('launch_testing_examples', 'pythonpath')
[75.428s] INFO:colcon.colcon_core.shell:Creating environment hook '/home/yahboom/intro_ws/install/launch_testing_examples/share/launch_testing_examples/hook/pythonpath.ps1'
[75.428s] INFO:colcon.colcon_core.shell:Creating environment descriptor '/home/yahboom/intro_ws/install/launch_testing_examples/share/launch_testing_examples/hook/pythonpath.dsv'
[75.428s] INFO:colcon.colcon_core.shell:Creating environment hook '/home/yahboom/intro_ws/install/launch_testing_examples/share/launch_testing_examples/hook/pythonpath.sh'
[75.429s] Level 1:colcon.colcon_core.environment:checking '/home/yahboom/intro_ws/install/launch_testing_examples/bin'
[75.429s] Level 1:colcon.colcon_core.environment:create_environment_scripts_only(launch_testing_examples)
[75.429s] INFO:colcon.colcon_core.shell:Creating package script '/home/yahboom/intro_ws/install/launch_testing_examples/share/launch_testing_examples/package.ps1'
[75.429s] INFO:colcon.colcon_core.shell:Creating package descriptor '/home/yahboom/intro_ws/install/launch_testing_examples/share/launch_testing_examples/package.dsv'
[75.429s] INFO:colcon.colcon_core.shell:Creating package script '/home/yahboom/intro_ws/install/launch_testing_examples/share/launch_testing_examples/package.sh'
[75.430s] INFO:colcon.colcon_core.shell:Creating package script '/home/yahboom/intro_ws/install/launch_testing_examples/share/launch_testing_examples/package.bash'
[75.430s] INFO:colcon.colcon_core.shell:Creating package script '/home/yahboom/intro_ws/install/launch_testing_examples/share/launch_testing_examples/package.zsh'
[75.430s] Level 1:colcon.colcon_core.environment:create_file_with_runtime_dependencies(/home/yahboom/intro_ws/install/launch_testing_examples/share/colcon-core/packages/launch_testing_examples)
[75.431s] INFO:colcon.colcon_ros.task.ament_python.build:Building ROS package in '/home/yahboom/intro_ws/src/test_tf2_py' with build type 'ament_python'
[75.431s] Level 1:colcon.colcon_core.shell:create_environment_hook('test_tf2_py', 'ament_prefix_path')
[75.431s] INFO:colcon.colcon_core.shell:Creating environment hook '/home/yahboom/intro_ws/install/test_tf2_py/share/test_tf2_py/hook/ament_prefix_path.ps1'
[75.432s] INFO:colcon.colcon_core.shell:Creating environment descriptor '/home/yahboom/intro_ws/install/test_tf2_py/share/test_tf2_py/hook/ament_prefix_path.dsv'
[75.432s] INFO:colcon.colcon_core.shell:Creating environment hook '/home/yahboom/intro_ws/install/test_tf2_py/share/test_tf2_py/hook/ament_prefix_path.sh'
[75.432s] INFO:colcon.colcon_core.shell:Skip shell extension 'powershell' for command environment: Not usable outside of PowerShell
[75.432s] DEBUG:colcon.colcon_core.shell:Skip shell extension 'dsv' for command environment
[75.750s] INFO:colcon.colcon_core.task.python.build:Building Python package in '/home/yahboom/intro_ws/src/test_tf2_py'
[75.750s] INFO:colcon.colcon_core.shell:Skip shell extension 'powershell' for command environment: Not usable outside of PowerShell
[75.750s] DEBUG:colcon.colcon_core.shell:Skip shell extension 'dsv' for command environment
[75.776s] Level 1:colcon.colcon_core.shell:create_environment_hook('python_parameters', 'pythonpath_develop')
[75.776s] INFO:colcon.colcon_core.shell:Creating environment hook '/home/yahboom/intro_ws/build/python_parameters/share/python_parameters/hook/pythonpath_develop.ps1'
[75.777s] DEBUG:colcon.colcon_core.event_handler.log_command:Invoked command in '/home/yahboom/intro_ws/build/python_parameters' returned '0': PYTHONPATH=/home/yahboom/intro_ws/build/python_parameters/prefix_override:/home/yahboom/intro_ws/install/python_parameters/lib/python3.10/site-packages:${PYTHONPATH} /usr/bin/python3 -W ignore:setup.py install is deprecated setup.py develop --editable --build-directory /home/yahboom/intro_ws/build/python_parameters/build --no-deps symlink_data
[75.777s] INFO:colcon.colcon_core.shell:Creating environment descriptor '/home/yahboom/intro_ws/build/python_parameters/share/python_parameters/hook/pythonpath_develop.dsv'
[75.777s] INFO:colcon.colcon_core.shell:Creating environment hook '/home/yahboom/intro_ws/build/python_parameters/share/python_parameters/hook/pythonpath_develop.sh'
[75.778s] Level 1:colcon.colcon_core.environment:checking '/home/yahboom/intro_ws/install/python_parameters' for CMake module files
[75.778s] Level 1:colcon.colcon_core.environment:checking '/home/yahboom/intro_ws/install/python_parameters' for CMake config files
[75.778s] Level 1:colcon.colcon_core.environment:checking '/home/yahboom/intro_ws/install/python_parameters/lib'
[75.778s] Level 1:colcon.colcon_core.environment:checking '/home/yahboom/intro_ws/install/python_parameters/bin'
[75.779s] Level 1:colcon.colcon_core.environment:checking '/home/yahboom/intro_ws/install/python_parameters/lib/pkgconfig/python_parameters.pc'
[75.779s] Level 1:colcon.colcon_core.environment:checking '/home/yahboom/intro_ws/install/python_parameters/lib/python3.10/site-packages'
[75.779s] Level 1:colcon.colcon_core.shell:create_environment_hook('python_parameters', 'pythonpath')
[75.779s] INFO:colcon.colcon_core.shell:Creating environment hook '/home/yahboom/intro_ws/install/python_parameters/share/python_parameters/hook/pythonpath.ps1'
[75.779s] INFO:colcon.colcon_core.shell:Creating environment descriptor '/home/yahboom/intro_ws/install/python_parameters/share/python_parameters/hook/pythonpath.dsv'
[75.779s] INFO:colcon.colcon_core.shell:Creating environment hook '/home/yahboom/intro_ws/install/python_parameters/share/python_parameters/hook/pythonpath.sh'
[75.780s] Level 1:colcon.colcon_core.environment:checking '/home/yahboom/intro_ws/install/python_parameters/bin'
[75.780s] Level 1:colcon.colcon_core.environment:create_environment_scripts_only(python_parameters)
[75.780s] INFO:colcon.colcon_core.shell:Creating package script '/home/yahboom/intro_ws/install/python_parameters/share/python_parameters/package.ps1'
[75.780s] INFO:colcon.colcon_core.shell:Creating package descriptor '/home/yahboom/intro_ws/install/python_parameters/share/python_parameters/package.dsv'
[75.781s] INFO:colcon.colcon_core.shell:Creating package script '/home/yahboom/intro_ws/install/python_parameters/share/python_parameters/package.sh'
[75.781s] INFO:colcon.colcon_core.shell:Creating package script '/home/yahboom/intro_ws/install/python_parameters/share/python_parameters/package.bash'
[75.781s] INFO:colcon.colcon_core.shell:Creating package script '/home/yahboom/intro_ws/install/python_parameters/share/python_parameters/package.zsh'
[75.781s] Level 1:colcon.colcon_core.environment:create_file_with_runtime_dependencies(/home/yahboom/intro_ws/install/python_parameters/share/colcon-core/packages/python_parameters)
[75.782s] INFO:colcon.colcon_ros.task.ament_python.build:Building ROS package in '/home/yahboom/intro_ws/src/turtle_test' with build type 'ament_python'
[75.782s] Level 1:colcon.colcon_core.shell:create_environment_hook('turtle_test', 'ament_prefix_path')
[75.782s] INFO:colcon.colcon_core.shell:Creating environment hook '/home/yahboom/intro_ws/install/turtle_test/share/turtle_test/hook/ament_prefix_path.ps1'
[75.783s] INFO:colcon.colcon_core.shell:Creating environment descriptor '/home/yahboom/intro_ws/install/turtle_test/share/turtle_test/hook/ament_prefix_path.dsv'
[75.784s] INFO:colcon.colcon_core.shell:Creating environment hook '/home/yahboom/intro_ws/install/turtle_test/share/turtle_test/hook/ament_prefix_path.sh'
[75.784s] INFO:colcon.colcon_core.shell:Skip shell extension 'powershell' for command environment: Not usable outside of PowerShell
[75.784s] DEBUG:colcon.colcon_core.shell:Skip shell extension 'dsv' for command environment
[76.108s] INFO:colcon.colcon_core.task.python.build:Building Python package in '/home/yahboom/intro_ws/src/turtle_test'
[76.108s] INFO:colcon.colcon_core.shell:Skip shell extension 'powershell' for command environment: Not usable outside of PowerShell
[76.108s] DEBUG:colcon.colcon_core.shell:Skip shell extension 'dsv' for command environment
[76.131s] DEBUG:colcon.colcon_core.event_handler.log_command:Invoking command in '/home/yahboom/intro_ws/build/test_tf2_py': PYTHONPATH=/home/yahboom/intro_ws/build/test_tf2_py/prefix_override:/home/yahboom/intro_ws/install/test_tf2_py/lib/python3.10/site-packages:${PYTHONPATH} /usr/bin/python3 -W ignore:setup.py install is deprecated setup.py develop --editable --build-directory /home/yahboom/intro_ws/build/test_tf2_py/build --no-deps symlink_data
[76.505s] DEBUG:colcon.colcon_core.event_handler.log_command:Invoking command in '/home/yahboom/intro_ws/build/turtle_test': AMENT_PREFIX_PATH=/home/yahboom/intro_ws/install/turtle_interfaces:${AMENT_PREFIX_PATH} CMAKE_PREFIX_PATH=/home/yahboom/intro_ws/install/turtle_interfaces:${CMAKE_PREFIX_PATH} LD_LIBRARY_PATH=/home/yahboom/intro_ws/install/turtle_interfaces/lib:/home/yahboom/cartoros2/install/yahboom_web_savmap_interfaces/lib:/home/yahboom/cartoros2/install/yahboom_msgs/lib:/home/yahboom/cartoros2/install/yahboom_color_identify_interfaces/lib:/home/yahboom/cartoros2/install/yahboom_attitude_record_interfaces/lib:/home/yahboom/cartoros2/install/nav2_smoother/lib:/home/yahboom/cartoros2/install/nav2_graceful_controller/lib:/home/yahboom/cartoros2/install/nav2_controller/lib:/home/yahboom/cartoros2/install/dwb_plugins/lib:/home/yahboom/cartoros2/install/dwb_critics/lib:/home/yahboom/cartoros2/install/dwb_core/lib:/home/yahboom/cartoros2/install/nav_2d_utils/lib:/home/yahboom/cartoros2/install/dwb_msgs/lib:/home/yahboom/cartoros2/install/nav_2d_msgs/lib:/home/yahboom/cartoros2/install/nav2_waypoint_follower/lib:/home/yahboom/cartoros2/install/nav2_theta_star_planner/lib:/home/yahboom/cartoros2/install/nav2_smac_planner/lib:/home/yahboom/cartoros2/install/nav2_rotation_shim_controller/lib:/home/yahboom/cartoros2/install/nav2_regulated_pure_pursuit_controller/lib:/home/yahboom/cartoros2/install/nav2_planner/lib:/home/yahboom/cartoros2/install/nav2_navfn_planner/lib:/home/yahboom/cartoros2/install/nav2_mppi_controller/lib:/home/yahboom/cartoros2/install/nav2_constrained_smoother/lib:/home/yahboom/cartoros2/install/nav2_bt_navigator/lib:/home/yahboom/cartoros2/install/nav2_behaviors/lib:/home/yahboom/cartoros2/install/nav2_collision_monitor/lib:/home/yahboom/cartoros2/install/costmap_queue/lib:/home/yahboom/cartoros2/install/nav2_costmap_2d/lib:/home/yahboom/cartoros2/install/nav2_voxel_grid/lib:/home/yahboom/cartoros2/install/nav2_velocity_smoother/lib:/home/yahboom/cartoros2/install/nav2_rviz_plugins/lib:/home/yahboom/cartoros2/install/nav2_map_server/lib:/home/yahboom/cartoros2/install/nav2_lifecycle_manager/lib:/home/yahboom/cartoros2/install/nav2_behavior_tree/lib:/home/yahboom/cartoros2/install/nav2_amcl/lib:/home/yahboom/cartoros2/install/nav2_util/lib:/home/yahboom/cartoros2/install/nav2_msgs/lib:/home/yahboom/cartoros2/install/image_color_lab/lib:/home/yahboom/cartoros2/install/dynamixel_sdk_custom_interfaces/lib:/home/yahboom/cartoros2/install/dynamixel_sdk/lib:/home/yahboom/cartoros2/install/csm/lib:/home/yahboom/cartoros2/install/champ_msgs/lib:/home/yahboom/cartoros2/install/cartographer_ros_msgs/lib:/home/yahboom/yahboomcar_ws/install/yahboom_dog_msgs/lib:/home/yahboom/yahboomcar_ws/install/dynamixel_sdk_custom_interfaces/lib:/home/yahboom/yahboomcar_ws/install/dynamixel_sdk/lib:/home/yahboom/yahboomcar_ws/install/champ_msgs/lib:/home/yahboom/gmapping_ws/install/openslam_gmapping/lib:/usr/lib/x86_64-linux-gnu/gazebo-11/plugins:/opt/ros/humble/opt/rviz_ogre_vendor/lib:/opt/ros/humble/lib/x86_64-linux-gnu:/opt/ros/humble/lib:/opt/ros/humble/include/std_msgs/std_msgs/msg/:/usr/lib/jvm/java-11-openjdk-amd64/lib/:/usr/lib/jvm/java-11-openjdk-amd64/lib/server/ PYTHONPATH=/home/yahboom/intro_ws/build/turtle_test/prefix_override:/home/yahboom/intro_ws/install/turtle_test/lib/python3.10/site-packages:/home/yahboom/intro_ws/install/turtle_interfaces/local/lib/python3.10/dist-packages:${PYTHONPATH} /usr/bin/python3 -W ignore:setup.py install is deprecated setup.py develop --editable --build-directory /home/yahboom/intro_ws/build/turtle_test/build --no-deps symlink_data
[76.623s] Level 1:colcon.colcon_core.shell:create_environment_hook('test_tf2_py', 'pythonpath_develop')
[76.623s] INFO:colcon.colcon_core.shell:Creating environment hook '/home/yahboom/intro_ws/build/test_tf2_py/share/test_tf2_py/hook/pythonpath_develop.ps1'
[76.624s] DEBUG:colcon.colcon_core.event_handler.log_command:Invoked command in '/home/yahboom/intro_ws/build/test_tf2_py' returned '0': PYTHONPATH=/home/yahboom/intro_ws/build/test_tf2_py/prefix_override:/home/yahboom/intro_ws/install/test_tf2_py/lib/python3.10/site-packages:${PYTHONPATH} /usr/bin/python3 -W ignore:setup.py install is deprecated setup.py develop --editable --build-directory /home/yahboom/intro_ws/build/test_tf2_py/build --no-deps symlink_data
[76.624s] INFO:colcon.colcon_core.shell:Creating environment descriptor '/home/yahboom/intro_ws/build/test_tf2_py/share/test_tf2_py/hook/pythonpath_develop.dsv'
[76.624s] INFO:colcon.colcon_core.shell:Creating environment hook '/home/yahboom/intro_ws/build/test_tf2_py/share/test_tf2_py/hook/pythonpath_develop.sh'
[76.625s] Level 1:colcon.colcon_core.environment:checking '/home/yahboom/intro_ws/install/test_tf2_py' for CMake module files
[76.625s] Level 1:colcon.colcon_core.environment:checking '/home/yahboom/intro_ws/install/test_tf2_py' for CMake config files
[76.626s] Level 1:colcon.colcon_core.environment:checking '/home/yahboom/intro_ws/install/test_tf2_py/lib'
[76.626s] Level 1:colcon.colcon_core.environment:checking '/home/yahboom/intro_ws/install/test_tf2_py/bin'
[76.626s] Level 1:colcon.colcon_core.environment:checking '/home/yahboom/intro_ws/install/test_tf2_py/lib/pkgconfig/test_tf2_py.pc'
[76.626s] Level 1:colcon.colcon_core.environment:checking '/home/yahboom/intro_ws/install/test_tf2_py/lib/python3.10/site-packages'
[76.626s] Level 1:colcon.colcon_core.shell:create_environment_hook('test_tf2_py', 'pythonpath')
[76.626s] INFO:colcon.colcon_core.shell:Creating environment hook '/home/yahboom/intro_ws/install/test_tf2_py/share/test_tf2_py/hook/pythonpath.ps1'
[76.626s] INFO:colcon.colcon_core.shell:Creating environment descriptor '/home/yahboom/intro_ws/install/test_tf2_py/share/test_tf2_py/hook/pythonpath.dsv'
[76.627s] INFO:colcon.colcon_core.shell:Creating environment hook '/home/yahboom/intro_ws/install/test_tf2_py/share/test_tf2_py/hook/pythonpath.sh'
[76.627s] Level 1:colcon.colcon_core.environment:checking '/home/yahboom/intro_ws/install/test_tf2_py/bin'
[76.627s] Level 1:colcon.colcon_core.environment:create_environment_scripts_only(test_tf2_py)
[76.627s] INFO:colcon.colcon_core.shell:Creating package script '/home/yahboom/intro_ws/install/test_tf2_py/share/test_tf2_py/package.ps1'
[76.628s] INFO:colcon.colcon_core.shell:Creating package descriptor '/home/yahboom/intro_ws/install/test_tf2_py/share/test_tf2_py/package.dsv'
[76.628s] INFO:colcon.colcon_core.shell:Creating package script '/home/yahboom/intro_ws/install/test_tf2_py/share/test_tf2_py/package.sh'
[76.629s] INFO:colcon.colcon_core.shell:Creating package script '/home/yahboom/intro_ws/install/test_tf2_py/share/test_tf2_py/package.bash'
[76.630s] INFO:colcon.colcon_core.shell:Creating package script '/home/yahboom/intro_ws/install/test_tf2_py/share/test_tf2_py/package.zsh'
[76.630s] Level 1:colcon.colcon_core.environment:create_file_with_runtime_dependencies(/home/yahboom/intro_ws/install/test_tf2_py/share/colcon-core/packages/test_tf2_py)
[77.000s] Level 1:colcon.colcon_core.shell:create_environment_hook('turtle_test', 'pythonpath_develop')
[77.000s] INFO:colcon.colcon_core.shell:Creating environment hook '/home/yahboom/intro_ws/build/turtle_test/share/turtle_test/hook/pythonpath_develop.ps1'
[77.001s] DEBUG:colcon.colcon_core.event_handler.log_command:Invoked command in '/home/yahboom/intro_ws/build/turtle_test' returned '0': AMENT_PREFIX_PATH=/home/yahboom/intro_ws/install/turtle_interfaces:${AMENT_PREFIX_PATH} CMAKE_PREFIX_PATH=/home/yahboom/intro_ws/install/turtle_interfaces:${CMAKE_PREFIX_PATH} LD_LIBRARY_PATH=/home/yahboom/intro_ws/install/turtle_interfaces/lib:/home/yahboom/cartoros2/install/yahboom_web_savmap_interfaces/lib:/home/yahboom/cartoros2/install/yahboom_msgs/lib:/home/yahboom/cartoros2/install/yahboom_color_identify_interfaces/lib:/home/yahboom/cartoros2/install/yahboom_attitude_record_interfaces/lib:/home/yahboom/cartoros2/install/nav2_smoother/lib:/home/yahboom/cartoros2/install/nav2_graceful_controller/lib:/home/yahboom/cartoros2/install/nav2_controller/lib:/home/yahboom/cartoros2/install/dwb_plugins/lib:/home/yahboom/cartoros2/install/dwb_critics/lib:/home/yahboom/cartoros2/install/dwb_core/lib:/home/yahboom/cartoros2/install/nav_2d_utils/lib:/home/yahboom/cartoros2/install/dwb_msgs/lib:/home/yahboom/cartoros2/install/nav_2d_msgs/lib:/home/yahboom/cartoros2/install/nav2_waypoint_follower/lib:/home/yahboom/cartoros2/install/nav2_theta_star_planner/lib:/home/yahboom/cartoros2/install/nav2_smac_planner/lib:/home/yahboom/cartoros2/install/nav2_rotation_shim_controller/lib:/home/yahboom/cartoros2/install/nav2_regulated_pure_pursuit_controller/lib:/home/yahboom/cartoros2/install/nav2_planner/lib:/home/yahboom/cartoros2/install/nav2_navfn_planner/lib:/home/yahboom/cartoros2/install/nav2_mppi_controller/lib:/home/yahboom/cartoros2/install/nav2_constrained_smoother/lib:/home/yahboom/cartoros2/install/nav2_bt_navigator/lib:/home/yahboom/cartoros2/install/nav2_behaviors/lib:/home/yahboom/cartoros2/install/nav2_collision_monitor/lib:/home/yahboom/cartoros2/install/costmap_queue/lib:/home/yahboom/cartoros2/install/nav2_costmap_2d/lib:/home/yahboom/cartoros2/install/nav2_voxel_grid/lib:/home/yahboom/cartoros2/install/nav2_velocity_smoother/lib:/home/yahboom/cartoros2/install/nav2_rviz_plugins/lib:/home/yahboom/cartoros2/install/nav2_map_server/lib:/home/yahboom/cartoros2/install/nav2_lifecycle_manager/lib:/home/yahboom/cartoros2/install/nav2_behavior_tree/lib:/home/yahboom/cartoros2/install/nav2_amcl/lib:/home/yahboom/cartoros2/install/nav2_util/lib:/home/yahboom/cartoros2/install/nav2_msgs/lib:/home/yahboom/cartoros2/install/image_color_lab/lib:/home/yahboom/cartoros2/install/dynamixel_sdk_custom_interfaces/lib:/home/yahboom/cartoros2/install/dynamixel_sdk/lib:/home/yahboom/cartoros2/install/csm/lib:/home/yahboom/cartoros2/install/champ_msgs/lib:/home/yahboom/cartoros2/install/cartographer_ros_msgs/lib:/home/yahboom/yahboomcar_ws/install/yahboom_dog_msgs/lib:/home/yahboom/yahboomcar_ws/install/dynamixel_sdk_custom_interfaces/lib:/home/yahboom/yahboomcar_ws/install/dynamixel_sdk/lib:/home/yahboom/yahboomcar_ws/install/champ_msgs/lib:/home/yahboom/gmapping_ws/install/openslam_gmapping/lib:/usr/lib/x86_64-linux-gnu/gazebo-11/plugins:/opt/ros/humble/opt/rviz_ogre_vendor/lib:/opt/ros/humble/lib/x86_64-linux-gnu:/opt/ros/humble/lib:/opt/ros/humble/include/std_msgs/std_msgs/msg/:/usr/lib/jvm/java-11-openjdk-amd64/lib/:/usr/lib/jvm/java-11-openjdk-amd64/lib/server/ PYTHONPATH=/home/yahboom/intro_ws/build/turtle_test/prefix_override:/home/yahboom/intro_ws/install/turtle_test/lib/python3.10/site-packages:/home/yahboom/intro_ws/install/turtle_interfaces/local/lib/python3.10/dist-packages:${PYTHONPATH} /usr/bin/python3 -W ignore:setup.py install is deprecated setup.py develop --editable --build-directory /home/yahboom/intro_ws/build/turtle_test/build --no-deps symlink_data
[77.002s] INFO:colcon.colcon_core.shell:Creating environment descriptor '/home/yahboom/intro_ws/build/turtle_test/share/turtle_test/hook/pythonpath_develop.dsv'
[77.002s] INFO:colcon.colcon_core.shell:Creating environment hook '/home/yahboom/intro_ws/build/turtle_test/share/turtle_test/hook/pythonpath_develop.sh'
[77.002s] Level 1:colcon.colcon_core.environment:checking '/home/yahboom/intro_ws/install/turtle_test' for CMake module files
[77.003s] Level 1:colcon.colcon_core.environment:checking '/home/yahboom/intro_ws/install/turtle_test' for CMake config files
[77.003s] Level 1:colcon.colcon_core.environment:checking '/home/yahboom/intro_ws/install/turtle_test/lib'
[77.003s] Level 1:colcon.colcon_core.environment:checking '/home/yahboom/intro_ws/install/turtle_test/bin'
[77.003s] Level 1:colcon.colcon_core.environment:checking '/home/yahboom/intro_ws/install/turtle_test/lib/pkgconfig/turtle_test.pc'
[77.003s] Level 1:colcon.colcon_core.environment:checking '/home/yahboom/intro_ws/install/turtle_test/lib/python3.10/site-packages'
[77.003s] Level 1:colcon.colcon_core.shell:create_environment_hook('turtle_test', 'pythonpath')
[77.004s] INFO:colcon.colcon_core.shell:Creating environment hook '/home/yahboom/intro_ws/install/turtle_test/share/turtle_test/hook/pythonpath.ps1'
[77.004s] INFO:colcon.colcon_core.shell:Creating environment descriptor '/home/yahboom/intro_ws/install/turtle_test/share/turtle_test/hook/pythonpath.dsv'
[77.004s] INFO:colcon.colcon_core.shell:Creating environment hook '/home/yahboom/intro_ws/install/turtle_test/share/turtle_test/hook/pythonpath.sh'
[77.004s] Level 1:colcon.colcon_core.environment:checking '/home/yahboom/intro_ws/install/turtle_test/bin'
[77.004s] Level 1:colcon.colcon_core.environment:create_environment_scripts_only(turtle_test)
[77.005s] INFO:colcon.colcon_core.shell:Creating package script '/home/yahboom/intro_ws/install/turtle_test/share/turtle_test/package.ps1'
[77.005s] INFO:colcon.colcon_core.shell:Creating package descriptor '/home/yahboom/intro_ws/install/turtle_test/share/turtle_test/package.dsv'
[77.005s] INFO:colcon.colcon_core.shell:Creating package script '/home/yahboom/intro_ws/install/turtle_test/share/turtle_test/package.sh'
[77.006s] INFO:colcon.colcon_core.shell:Creating package script '/home/yahboom/intro_ws/install/turtle_test/share/turtle_test/package.bash'
[77.006s] INFO:colcon.colcon_core.shell:Creating package script '/home/yahboom/intro_ws/install/turtle_test/share/turtle_test/package.zsh'
[77.006s] Level 1:colcon.colcon_core.environment:create_file_with_runtime_dependencies(/home/yahboom/intro_ws/install/turtle_test/share/colcon-core/packages/turtle_test)
[124.798s] DEBUG:colcon.colcon_core.event_handler.log_command:Invoked command in '/home/yahboom/intro_ws/build/examples_rclcpp_minimal_subscriber' returned '0': CMAKE_PREFIX_PATH=${CMAKE_PREFIX_PATH}:/home/yahboom/cartoros2/install/yahboomcar_nav:/home/yahboom/cartoros2/install/yahboomcar_ctrl:/home/yahboom/cartoros2/install/yahboom_visual:/home/yahboom/cartoros2/install/yahboom_dog_joint_state:/home/yahboom/cartoros2/install/yahboom_description:/home/yahboom/cartoros2/install/yahboom_color_identify_server:/home/yahboom/cartoros2/install/yahboom_bringup:/home/yahboom/cartoros2/install/yahboom_base:/home/yahboom/cartoros2/install/yahboom_app_save_map:/home/yahboom/cartoros2/install/update_map:/home/yahboom/cartoros2/install/rosboard:/home/yahboom/cartoros2/install/path_planner_server:/home/yahboom/cartoros2/install/nav2_simple_commander:/home/yahboom/cartoros2/install/nav2_gazebo_spawner:/home/yahboom/cartoros2/install/localization_server:/home/yahboom/cartoros2/install/laserscan_to_point_pulisher:/home/yahboom/yahboomcar_ws/install/yahboom_dog_example:/opt/ros/humble /usr/bin/cmake --build /home/yahboom/intro_ws/build/examples_rclcpp_minimal_subscriber -- -j4 -l4
[125.027s] DEBUG:colcon.colcon_core.event_handler.log_command:Invoking command in '/home/yahboom/intro_ws/build/examples_rclcpp_minimal_subscriber': CMAKE_PREFIX_PATH=${CMAKE_PREFIX_PATH}:/home/yahboom/cartoros2/install/yahboomcar_nav:/home/yahboom/cartoros2/install/yahboomcar_ctrl:/home/yahboom/cartoros2/install/yahboom_visual:/home/yahboom/cartoros2/install/yahboom_dog_joint_state:/home/yahboom/cartoros2/install/yahboom_description:/home/yahboom/cartoros2/install/yahboom_color_identify_server:/home/yahboom/cartoros2/install/yahboom_bringup:/home/yahboom/cartoros2/install/yahboom_base:/home/yahboom/cartoros2/install/yahboom_app_save_map:/home/yahboom/cartoros2/install/update_map:/home/yahboom/cartoros2/install/rosboard:/home/yahboom/cartoros2/install/path_planner_server:/home/yahboom/cartoros2/install/nav2_simple_commander:/home/yahboom/cartoros2/install/nav2_gazebo_spawner:/home/yahboom/cartoros2/install/localization_server:/home/yahboom/cartoros2/install/laserscan_to_point_pulisher:/home/yahboom/yahboomcar_ws/install/yahboom_dog_example:/opt/ros/humble /usr/bin/cmake --install /home/yahboom/intro_ws/build/examples_rclcpp_minimal_subscriber
[125.551s] Level 1:colcon.colcon_core.environment:create_environment_scripts_only(examples_rclcpp_minimal_subscriber)
[125.552s] Level 1:colcon.colcon_core.environment:checking '/home/yahboom/intro_ws/install/examples_rclcpp_minimal_subscriber' for CMake module files
[125.552s] DEBUG:colcon.colcon_core.event_handler.log_command:Invoked command in '/home/yahboom/intro_ws/build/examples_rclcpp_minimal_subscriber' returned '0': CMAKE_PREFIX_PATH=${CMAKE_PREFIX_PATH}:/home/yahboom/cartoros2/install/yahboomcar_nav:/home/yahboom/cartoros2/install/yahboomcar_ctrl:/home/yahboom/cartoros2/install/yahboom_visual:/home/yahboom/cartoros2/install/yahboom_dog_joint_state:/home/yahboom/cartoros2/install/yahboom_description:/home/yahboom/cartoros2/install/yahboom_color_identify_server:/home/yahboom/cartoros2/install/yahboom_bringup:/home/yahboom/cartoros2/install/yahboom_base:/home/yahboom/cartoros2/install/yahboom_app_save_map:/home/yahboom/cartoros2/install/update_map:/home/yahboom/cartoros2/install/rosboard:/home/yahboom/cartoros2/install/path_planner_server:/home/yahboom/cartoros2/install/nav2_simple_commander:/home/yahboom/cartoros2/install/nav2_gazebo_spawner:/home/yahboom/cartoros2/install/localization_server:/home/yahboom/cartoros2/install/laserscan_to_point_pulisher:/home/yahboom/yahboomcar_ws/install/yahboom_dog_example:/opt/ros/humble /usr/bin/cmake --install /home/yahboom/intro_ws/build/examples_rclcpp_minimal_subscriber
[125.553s] Level 1:colcon.colcon_core.environment:checking '/home/yahboom/intro_ws/install/examples_rclcpp_minimal_subscriber' for CMake config files
[125.553s] Level 1:colcon.colcon_core.shell:create_environment_hook('examples_rclcpp_minimal_subscriber', 'cmake_prefix_path')
[125.553s] INFO:colcon.colcon_core.shell:Creating environment hook '/home/yahboom/intro_ws/install/examples_rclcpp_minimal_subscriber/share/examples_rclcpp_minimal_subscriber/hook/cmake_prefix_path.ps1'
[125.554s] INFO:colcon.colcon_core.shell:Creating environment descriptor '/home/yahboom/intro_ws/install/examples_rclcpp_minimal_subscriber/share/examples_rclcpp_minimal_subscriber/hook/cmake_prefix_path.dsv'
[125.554s] INFO:colcon.colcon_core.shell:Creating environment hook '/home/yahboom/intro_ws/install/examples_rclcpp_minimal_subscriber/share/examples_rclcpp_minimal_subscriber/hook/cmake_prefix_path.sh'
[125.555s] Level 1:colcon.colcon_core.environment:checking '/home/yahboom/intro_ws/install/examples_rclcpp_minimal_subscriber/lib'
[125.555s] Level 1:colcon.colcon_core.shell:create_environment_hook('examples_rclcpp_minimal_subscriber', 'ld_library_path_lib')
[125.555s] INFO:colcon.colcon_core.shell:Creating environment hook '/home/yahboom/intro_ws/install/examples_rclcpp_minimal_subscriber/share/examples_rclcpp_minimal_subscriber/hook/ld_library_path_lib.ps1'
[125.555s] INFO:colcon.colcon_core.shell:Creating environment descriptor '/home/yahboom/intro_ws/install/examples_rclcpp_minimal_subscriber/share/examples_rclcpp_minimal_subscriber/hook/ld_library_path_lib.dsv'
[125.555s] INFO:colcon.colcon_core.shell:Creating environment hook '/home/yahboom/intro_ws/install/examples_rclcpp_minimal_subscriber/share/examples_rclcpp_minimal_subscriber/hook/ld_library_path_lib.sh'
[125.556s] Level 1:colcon.colcon_core.environment:checking '/home/yahboom/intro_ws/install/examples_rclcpp_minimal_subscriber/bin'
[125.556s] Level 1:colcon.colcon_core.environment:checking '/home/yahboom/intro_ws/install/examples_rclcpp_minimal_subscriber/lib/pkgconfig/examples_rclcpp_minimal_subscriber.pc'
[125.556s] Level 1:colcon.colcon_core.environment:checking '/home/yahboom/intro_ws/install/examples_rclcpp_minimal_subscriber/lib/python3.10/site-packages'
[125.556s] Level 1:colcon.colcon_core.environment:checking '/home/yahboom/intro_ws/install/examples_rclcpp_minimal_subscriber/bin'
[125.556s] INFO:colcon.colcon_core.shell:Creating package script '/home/yahboom/intro_ws/install/examples_rclcpp_minimal_subscriber/share/examples_rclcpp_minimal_subscriber/package.ps1'
[125.557s] INFO:colcon.colcon_core.shell:Creating package descriptor '/home/yahboom/intro_ws/install/examples_rclcpp_minimal_subscriber/share/examples_rclcpp_minimal_subscriber/package.dsv'
[125.557s] INFO:colcon.colcon_core.shell:Creating package script '/home/yahboom/intro_ws/install/examples_rclcpp_minimal_subscriber/share/examples_rclcpp_minimal_subscriber/package.sh'
[125.558s] INFO:colcon.colcon_core.shell:Creating package script '/home/yahboom/intro_ws/install/examples_rclcpp_minimal_subscriber/share/examples_rclcpp_minimal_subscriber/package.bash'
[125.558s] INFO:colcon.colcon_core.shell:Creating package script '/home/yahboom/intro_ws/install/examples_rclcpp_minimal_subscriber/share/examples_rclcpp_minimal_subscriber/package.zsh'
[125.558s] Level 1:colcon.colcon_core.environment:create_file_with_runtime_dependencies(/home/yahboom/intro_ws/install/examples_rclcpp_minimal_subscriber/share/colcon-core/packages/examples_rclcpp_minimal_subscriber)
[125.785s] Level 1:colcon.colcon_core.environment:create_environment_scripts_only(examples_rclcpp_minimal_subscriber)
[125.785s] Level 1:colcon.colcon_core.environment:checking '/home/yahboom/intro_ws/install/examples_rclcpp_minimal_subscriber' for CMake module files
[125.785s] Level 1:colcon.colcon_core.environment:checking '/home/yahboom/intro_ws/install/examples_rclcpp_minimal_subscriber' for CMake config files
[125.786s] Level 1:colcon.colcon_core.shell:create_environment_hook('examples_rclcpp_minimal_subscriber', 'cmake_prefix_path')
[125.786s] INFO:colcon.colcon_core.shell:Creating environment hook '/home/yahboom/intro_ws/install/examples_rclcpp_minimal_subscriber/share/examples_rclcpp_minimal_subscriber/hook/cmake_prefix_path.ps1'
[125.787s] INFO:colcon.colcon_core.shell:Creating environment descriptor '/home/yahboom/intro_ws/install/examples_rclcpp_minimal_subscriber/share/examples_rclcpp_minimal_subscriber/hook/cmake_prefix_path.dsv'
[125.788s] INFO:colcon.colcon_core.shell:Creating environment hook '/home/yahboom/intro_ws/install/examples_rclcpp_minimal_subscriber/share/examples_rclcpp_minimal_subscriber/hook/cmake_prefix_path.sh'
[125.789s] Level 1:colcon.colcon_core.environment:checking '/home/yahboom/intro_ws/install/examples_rclcpp_minimal_subscriber/lib'
[125.789s] Level 1:colcon.colcon_core.shell:create_environment_hook('examples_rclcpp_minimal_subscriber', 'ld_library_path_lib')
[125.789s] INFO:colcon.colcon_core.shell:Creating environment hook '/home/yahboom/intro_ws/install/examples_rclcpp_minimal_subscriber/share/examples_rclcpp_minimal_subscriber/hook/ld_library_path_lib.ps1'
[125.790s] INFO:colcon.colcon_core.shell:Creating environment descriptor '/home/yahboom/intro_ws/install/examples_rclcpp_minimal_subscriber/share/examples_rclcpp_minimal_subscriber/hook/ld_library_path_lib.dsv'
[125.791s] INFO:colcon.colcon_core.shell:Creating environment hook '/home/yahboom/intro_ws/install/examples_rclcpp_minimal_subscriber/share/examples_rclcpp_minimal_subscriber/hook/ld_library_path_lib.sh'
[125.791s] Level 1:colcon.colcon_core.environment:checking '/home/yahboom/intro_ws/install/examples_rclcpp_minimal_subscriber/bin'
[125.791s] Level 1:colcon.colcon_core.environment:checking '/home/yahboom/intro_ws/install/examples_rclcpp_minimal_subscriber/lib/pkgconfig/examples_rclcpp_minimal_subscriber.pc'
[125.791s] Level 1:colcon.colcon_core.environment:checking '/home/yahboom/intro_ws/install/examples_rclcpp_minimal_subscriber/lib/python3.10/site-packages'
[125.792s] Level 1:colcon.colcon_core.environment:checking '/home/yahboom/intro_ws/install/examples_rclcpp_minimal_subscriber/bin'
[125.792s] INFO:colcon.colcon_core.shell:Creating package script '/home/yahboom/intro_ws/install/examples_rclcpp_minimal_subscriber/share/examples_rclcpp_minimal_subscriber/package.ps1'
[125.793s] INFO:colcon.colcon_core.shell:Creating package descriptor '/home/yahboom/intro_ws/install/examples_rclcpp_minimal_subscriber/share/examples_rclcpp_minimal_subscriber/package.dsv'
[125.793s] INFO:colcon.colcon_core.shell:Creating package script '/home/yahboom/intro_ws/install/examples_rclcpp_minimal_subscriber/share/examples_rclcpp_minimal_subscriber/package.sh'
[125.794s] INFO:colcon.colcon_core.shell:Creating package script '/home/yahboom/intro_ws/install/examples_rclcpp_minimal_subscriber/share/examples_rclcpp_minimal_subscriber/package.bash'
[125.795s] INFO:colcon.colcon_core.shell:Creating package script '/home/yahboom/intro_ws/install/examples_rclcpp_minimal_subscriber/share/examples_rclcpp_minimal_subscriber/package.zsh'
[125.796s] Level 1:colcon.colcon_core.environment:create_file_with_runtime_dependencies(/home/yahboom/intro_ws/install/examples_rclcpp_minimal_subscriber/share/colcon-core/packages/examples_rclcpp_minimal_subscriber)
[131.326s] DEBUG:colcon.colcon_core.event_handler.log_command:Invoked command in '/home/yahboom/intro_ws/build/examples_rclcpp_wait_set' returned '0': CMAKE_PREFIX_PATH=${CMAKE_PREFIX_PATH}:/home/yahboom/cartoros2/install/yahboomcar_nav:/home/yahboom/cartoros2/install/yahboomcar_ctrl:/home/yahboom/cartoros2/install/yahboom_visual:/home/yahboom/cartoros2/install/yahboom_dog_joint_state:/home/yahboom/cartoros2/install/yahboom_description:/home/yahboom/cartoros2/install/yahboom_color_identify_server:/home/yahboom/cartoros2/install/yahboom_bringup:/home/yahboom/cartoros2/install/yahboom_base:/home/yahboom/cartoros2/install/yahboom_app_save_map:/home/yahboom/cartoros2/install/update_map:/home/yahboom/cartoros2/install/rosboard:/home/yahboom/cartoros2/install/path_planner_server:/home/yahboom/cartoros2/install/nav2_simple_commander:/home/yahboom/cartoros2/install/nav2_gazebo_spawner:/home/yahboom/cartoros2/install/localization_server:/home/yahboom/cartoros2/install/laserscan_to_point_pulisher:/home/yahboom/yahboomcar_ws/install/yahboom_dog_example:/opt/ros/humble /usr/bin/cmake --build /home/yahboom/intro_ws/build/examples_rclcpp_wait_set -- -j4 -l4
[131.544s] DEBUG:colcon.colcon_core.event_handler.log_command:Invoking command in '/home/yahboom/intro_ws/build/examples_rclcpp_wait_set': CMAKE_PREFIX_PATH=${CMAKE_PREFIX_PATH}:/home/yahboom/cartoros2/install/yahboomcar_nav:/home/yahboom/cartoros2/install/yahboomcar_ctrl:/home/yahboom/cartoros2/install/yahboom_visual:/home/yahboom/cartoros2/install/yahboom_dog_joint_state:/home/yahboom/cartoros2/install/yahboom_description:/home/yahboom/cartoros2/install/yahboom_color_identify_server:/home/yahboom/cartoros2/install/yahboom_bringup:/home/yahboom/cartoros2/install/yahboom_base:/home/yahboom/cartoros2/install/yahboom_app_save_map:/home/yahboom/cartoros2/install/update_map:/home/yahboom/cartoros2/install/rosboard:/home/yahboom/cartoros2/install/path_planner_server:/home/yahboom/cartoros2/install/nav2_simple_commander:/home/yahboom/cartoros2/install/nav2_gazebo_spawner:/home/yahboom/cartoros2/install/localization_server:/home/yahboom/cartoros2/install/laserscan_to_point_pulisher:/home/yahboom/yahboomcar_ws/install/yahboom_dog_example:/opt/ros/humble /usr/bin/cmake --install /home/yahboom/intro_ws/build/examples_rclcpp_wait_set
[132.071s] Level 1:colcon.colcon_core.environment:create_environment_scripts_only(examples_rclcpp_wait_set)
[132.071s] Level 1:colcon.colcon_core.environment:checking '/home/yahboom/intro_ws/install/examples_rclcpp_wait_set' for CMake module files
[132.072s] DEBUG:colcon.colcon_core.event_handler.log_command:Invoked command in '/home/yahboom/intro_ws/build/examples_rclcpp_wait_set' returned '0': CMAKE_PREFIX_PATH=${CMAKE_PREFIX_PATH}:/home/yahboom/cartoros2/install/yahboomcar_nav:/home/yahboom/cartoros2/install/yahboomcar_ctrl:/home/yahboom/cartoros2/install/yahboom_visual:/home/yahboom/cartoros2/install/yahboom_dog_joint_state:/home/yahboom/cartoros2/install/yahboom_description:/home/yahboom/cartoros2/install/yahboom_color_identify_server:/home/yahboom/cartoros2/install/yahboom_bringup:/home/yahboom/cartoros2/install/yahboom_base:/home/yahboom/cartoros2/install/yahboom_app_save_map:/home/yahboom/cartoros2/install/update_map:/home/yahboom/cartoros2/install/rosboard:/home/yahboom/cartoros2/install/path_planner_server:/home/yahboom/cartoros2/install/nav2_simple_commander:/home/yahboom/cartoros2/install/nav2_gazebo_spawner:/home/yahboom/cartoros2/install/localization_server:/home/yahboom/cartoros2/install/laserscan_to_point_pulisher:/home/yahboom/yahboomcar_ws/install/yahboom_dog_example:/opt/ros/humble /usr/bin/cmake --install /home/yahboom/intro_ws/build/examples_rclcpp_wait_set
[132.072s] Level 1:colcon.colcon_core.environment:checking '/home/yahboom/intro_ws/install/examples_rclcpp_wait_set' for CMake config files
[132.072s] Level 1:colcon.colcon_core.shell:create_environment_hook('examples_rclcpp_wait_set', 'cmake_prefix_path')
[132.073s] INFO:colcon.colcon_core.shell:Creating environment hook '/home/yahboom/intro_ws/install/examples_rclcpp_wait_set/share/examples_rclcpp_wait_set/hook/cmake_prefix_path.ps1'
[132.073s] INFO:colcon.colcon_core.shell:Creating environment descriptor '/home/yahboom/intro_ws/install/examples_rclcpp_wait_set/share/examples_rclcpp_wait_set/hook/cmake_prefix_path.dsv'
[132.073s] INFO:colcon.colcon_core.shell:Creating environment hook '/home/yahboom/intro_ws/install/examples_rclcpp_wait_set/share/examples_rclcpp_wait_set/hook/cmake_prefix_path.sh'
[132.073s] Level 1:colcon.colcon_core.environment:checking '/home/yahboom/intro_ws/install/examples_rclcpp_wait_set/lib'
[132.074s] Level 1:colcon.colcon_core.shell:create_environment_hook('examples_rclcpp_wait_set', 'ld_library_path_lib')
[132.074s] INFO:colcon.colcon_core.shell:Creating environment hook '/home/yahboom/intro_ws/install/examples_rclcpp_wait_set/share/examples_rclcpp_wait_set/hook/ld_library_path_lib.ps1'
[132.074s] INFO:colcon.colcon_core.shell:Creating environment descriptor '/home/yahboom/intro_ws/install/examples_rclcpp_wait_set/share/examples_rclcpp_wait_set/hook/ld_library_path_lib.dsv'
[132.074s] INFO:colcon.colcon_core.shell:Creating environment hook '/home/yahboom/intro_ws/install/examples_rclcpp_wait_set/share/examples_rclcpp_wait_set/hook/ld_library_path_lib.sh'
[132.074s] Level 1:colcon.colcon_core.environment:checking '/home/yahboom/intro_ws/install/examples_rclcpp_wait_set/bin'
[132.074s] Level 1:colcon.colcon_core.environment:checking '/home/yahboom/intro_ws/install/examples_rclcpp_wait_set/lib/pkgconfig/examples_rclcpp_wait_set.pc'
[132.074s] Level 1:colcon.colcon_core.environment:checking '/home/yahboom/intro_ws/install/examples_rclcpp_wait_set/lib/python3.10/site-packages'
[132.075s] Level 1:colcon.colcon_core.environment:checking '/home/yahboom/intro_ws/install/examples_rclcpp_wait_set/bin'
[132.075s] INFO:colcon.colcon_core.shell:Creating package script '/home/yahboom/intro_ws/install/examples_rclcpp_wait_set/share/examples_rclcpp_wait_set/package.ps1'
[132.075s] INFO:colcon.colcon_core.shell:Creating package descriptor '/home/yahboom/intro_ws/install/examples_rclcpp_wait_set/share/examples_rclcpp_wait_set/package.dsv'
[132.075s] INFO:colcon.colcon_core.shell:Creating package script '/home/yahboom/intro_ws/install/examples_rclcpp_wait_set/share/examples_rclcpp_wait_set/package.sh'
[132.076s] INFO:colcon.colcon_core.shell:Creating package script '/home/yahboom/intro_ws/install/examples_rclcpp_wait_set/share/examples_rclcpp_wait_set/package.bash'
[132.076s] INFO:colcon.colcon_core.shell:Creating package script '/home/yahboom/intro_ws/install/examples_rclcpp_wait_set/share/examples_rclcpp_wait_set/package.zsh'
[132.076s] Level 1:colcon.colcon_core.environment:create_file_with_runtime_dependencies(/home/yahboom/intro_ws/install/examples_rclcpp_wait_set/share/colcon-core/packages/examples_rclcpp_wait_set)
[132.286s] Level 1:colcon.colcon_core.environment:create_environment_scripts_only(examples_rclcpp_wait_set)
[132.286s] Level 1:colcon.colcon_core.environment:checking '/home/yahboom/intro_ws/install/examples_rclcpp_wait_set' for CMake module files
[132.287s] Level 1:colcon.colcon_core.environment:checking '/home/yahboom/intro_ws/install/examples_rclcpp_wait_set' for CMake config files
[132.288s] Level 1:colcon.colcon_core.shell:create_environment_hook('examples_rclcpp_wait_set', 'cmake_prefix_path')
[132.288s] INFO:colcon.colcon_core.shell:Creating environment hook '/home/yahboom/intro_ws/install/examples_rclcpp_wait_set/share/examples_rclcpp_wait_set/hook/cmake_prefix_path.ps1'
[132.289s] INFO:colcon.colcon_core.shell:Creating environment descriptor '/home/yahboom/intro_ws/install/examples_rclcpp_wait_set/share/examples_rclcpp_wait_set/hook/cmake_prefix_path.dsv'
[132.290s] INFO:colcon.colcon_core.shell:Creating environment hook '/home/yahboom/intro_ws/install/examples_rclcpp_wait_set/share/examples_rclcpp_wait_set/hook/cmake_prefix_path.sh'
[132.291s] Level 1:colcon.colcon_core.environment:checking '/home/yahboom/intro_ws/install/examples_rclcpp_wait_set/lib'
[132.291s] Level 1:colcon.colcon_core.shell:create_environment_hook('examples_rclcpp_wait_set', 'ld_library_path_lib')
[132.291s] INFO:colcon.colcon_core.shell:Creating environment hook '/home/yahboom/intro_ws/install/examples_rclcpp_wait_set/share/examples_rclcpp_wait_set/hook/ld_library_path_lib.ps1'
[132.292s] INFO:colcon.colcon_core.shell:Creating environment descriptor '/home/yahboom/intro_ws/install/examples_rclcpp_wait_set/share/examples_rclcpp_wait_set/hook/ld_library_path_lib.dsv'
[132.292s] INFO:colcon.colcon_core.shell:Creating environment hook '/home/yahboom/intro_ws/install/examples_rclcpp_wait_set/share/examples_rclcpp_wait_set/hook/ld_library_path_lib.sh'
[132.293s] Level 1:colcon.colcon_core.environment:checking '/home/yahboom/intro_ws/install/examples_rclcpp_wait_set/bin'
[132.293s] Level 1:colcon.colcon_core.environment:checking '/home/yahboom/intro_ws/install/examples_rclcpp_wait_set/lib/pkgconfig/examples_rclcpp_wait_set.pc'
[132.293s] Level 1:colcon.colcon_core.environment:checking '/home/yahboom/intro_ws/install/examples_rclcpp_wait_set/lib/python3.10/site-packages'
[132.294s] Level 1:colcon.colcon_core.environment:checking '/home/yahboom/intro_ws/install/examples_rclcpp_wait_set/bin'
[132.294s] INFO:colcon.colcon_core.shell:Creating package script '/home/yahboom/intro_ws/install/examples_rclcpp_wait_set/share/examples_rclcpp_wait_set/package.ps1'
[132.295s] INFO:colcon.colcon_core.shell:Creating package descriptor '/home/yahboom/intro_ws/install/examples_rclcpp_wait_set/share/examples_rclcpp_wait_set/package.dsv'
[132.295s] INFO:colcon.colcon_core.shell:Creating package script '/home/yahboom/intro_ws/install/examples_rclcpp_wait_set/share/examples_rclcpp_wait_set/package.sh'
[132.296s] INFO:colcon.colcon_core.shell:Creating package script '/home/yahboom/intro_ws/install/examples_rclcpp_wait_set/share/examples_rclcpp_wait_set/package.bash'
[132.297s] INFO:colcon.colcon_core.shell:Creating package script '/home/yahboom/intro_ws/install/examples_rclcpp_wait_set/share/examples_rclcpp_wait_set/package.zsh'
[132.297s] Level 1:colcon.colcon_core.environment:create_file_with_runtime_dependencies(/home/yahboom/intro_ws/install/examples_rclcpp_wait_set/share/colcon-core/packages/examples_rclcpp_wait_set)
[132.298s] DEBUG:colcon.colcon_parallel_executor.executor.parallel:closing loop
[132.298s] DEBUG:colcon.colcon_parallel_executor.executor.parallel:loop closed
[132.298s] DEBUG:colcon.colcon_parallel_executor.executor.parallel:run_until_complete finished with '0'
[132.299s] DEBUG:colcon.colcon_core.event_reactor:joining thread
[132.313s] INFO:colcon.colcon_core.plugin_system:Skipping extension 'colcon_notification.desktop_notification.terminal_notifier': Not used on non-Darwin systems
[132.313s] INFO:colcon.colcon_core.plugin_system:Skipping extension 'colcon_notification.desktop_notification.win32': Not used on non-Windows systems
[132.313s] INFO:colcon.colcon_notification.desktop_notification:Sending desktop notification using 'notify2'
[132.349s] DEBUG:colcon.colcon_core.event_reactor:joined thread
[132.350s] INFO:colcon.colcon_core.shell:Creating prefix script '/home/yahboom/intro_ws/install/local_setup.ps1'
[132.351s] INFO:colcon.colcon_core.shell:Creating prefix util module '/home/yahboom/intro_ws/install/_local_setup_util_ps1.py'
[132.352s] INFO:colcon.colcon_core.shell:Creating prefix chain script '/home/yahboom/intro_ws/install/setup.ps1'
[132.356s] INFO:colcon.colcon_core.shell:Creating prefix script '/home/yahboom/intro_ws/install/local_setup.sh'
[132.356s] INFO:colcon.colcon_core.shell:Creating prefix util module '/home/yahboom/intro_ws/install/_local_setup_util_sh.py'
[132.356s] INFO:colcon.colcon_core.shell:Creating prefix chain script '/home/yahboom/intro_ws/install/setup.sh'
[132.360s] INFO:colcon.colcon_core.shell:Creating prefix script '/home/yahboom/intro_ws/install/local_setup.bash'
[132.361s] INFO:colcon.colcon_core.shell:Creating prefix chain script '/home/yahboom/intro_ws/install/setup.bash'
[132.365s] INFO:colcon.colcon_core.shell:Creating prefix script '/home/yahboom/intro_ws/install/local_setup.zsh'
[132.366s] INFO:colcon.colcon_core.shell:Creating prefix chain script '/home/yahboom/intro_ws/install/setup.zsh'
