[0.101s] DEBUG:colcon:Command line arguments: ['/usr/bin/colcon', 'build', '--symlink-install']
[0.101s] DEBUG:colcon:Parsed command line arguments: Namespace(log_base=None, log_level=None, verb_name='build', build_base='build', install_base='install', merge_install=False, symlink_install=True, test_result_base=None, continue_on_error=False, executor='parallel', parallel_workers=4, event_handlers=None, ignore_user_meta=False, metas=['./colcon.meta'], base_paths=['.'], packages_ignore=None, packages_ignore_regex=None, paths=None, packages_up_to=None, packages_up_to_regex=None, packages_above=None, packages_above_and_dependencies=None, packages_above_depth=None, packages_select_by_dep=None, packages_skip_by_dep=None, packages_skip_up_to=None, packages_select_build_failed=False, packages_skip_build_finished=False, packages_select_test_failures=False, packages_skip_test_passed=False, packages_select=None, packages_skip=None, packages_select_regex=None, packages_skip_regex=None, packages_start=None, packages_end=None, allow_overriding=[], cmake_args=None, cmake_target=None, cmake_target_skip_unavailable=False, cmake_clean_cache=False, cmake_clean_first=False, cmake_force_configure=False, ament_cmake_args=None, catkin_cmake_args=None, catkin_skip_building_tests=False, verb_parser=<colcon_defaults.argument_parser.defaults.DefaultArgumentsDecorator object at 0x75ee148a6b00>, verb_extension=<colcon_core.verb.build.BuildVerb object at 0x75ee148a65f0>, main=<bound method BuildVerb.main of <colcon_core.verb.build.BuildVerb object at 0x75ee148a65f0>>)
[0.241s] Level 1:colcon.colcon_core.package_discovery:discover_packages(colcon_meta) check parameters
[0.241s] Level 1:colcon.colcon_core.package_discovery:discover_packages(recursive) check parameters
[0.241s] Level 1:colcon.colcon_core.package_discovery:discover_packages(ignore) check parameters
[0.241s] Level 1:colcon.colcon_core.package_discovery:discover_packages(path) check parameters
[0.241s] Level 1:colcon.colcon_core.package_discovery:discover_packages(colcon_meta) discover
[0.241s] Level 1:colcon.colcon_core.package_discovery:discover_packages(recursive) discover
[0.241s] INFO:colcon.colcon_core.package_discovery:Crawling recursively for packages in '/home/yahboom/intro_ws'
[0.241s] Level 1:colcon.colcon_core.package_identification:_identify(.) by extensions ['ignore', 'ignore_ament_install']
[0.241s] Level 1:colcon.colcon_core.package_identification:_identify(.) by extension 'ignore'
[0.241s] Level 1:colcon.colcon_core.package_identification:_identify(.) by extension 'ignore_ament_install'
[0.242s] Level 1:colcon.colcon_core.package_identification:_identify(.) by extensions ['colcon_pkg']
[0.242s] Level 1:colcon.colcon_core.package_identification:_identify(.) by extension 'colcon_pkg'
[0.242s] Level 1:colcon.colcon_core.package_identification:_identify(.) by extensions ['colcon_meta']
[0.242s] Level 1:colcon.colcon_core.package_identification:_identify(.) by extension 'colcon_meta'
[0.242s] Level 1:colcon.colcon_core.package_identification:_identify(.) by extensions ['ros']
[0.242s] Level 1:colcon.colcon_core.package_identification:_identify(.) by extension 'ros'
[0.250s] Level 1:colcon.colcon_core.package_identification:_identify(.) by extensions ['cmake', 'python']
[0.250s] Level 1:colcon.colcon_core.package_identification:_identify(.) by extension 'cmake'
[0.250s] Level 1:colcon.colcon_core.package_identification:_identify(.) by extension 'python'
[0.250s] Level 1:colcon.colcon_core.package_identification:_identify(.) by extensions ['python_setup_py']
[0.250s] Level 1:colcon.colcon_core.package_identification:_identify(.) by extension 'python_setup_py'
[0.250s] Level 1:colcon.colcon_core.package_identification:_identify(build) by extensions ['ignore', 'ignore_ament_install']
[0.250s] Level 1:colcon.colcon_core.package_identification:_identify(build) by extension 'ignore'
[0.250s] Level 1:colcon.colcon_core.package_identification:_identify(build) ignored
[0.250s] Level 1:colcon.colcon_core.package_identification:_identify(install) by extensions ['ignore', 'ignore_ament_install']
[0.250s] Level 1:colcon.colcon_core.package_identification:_identify(install) by extension 'ignore'
[0.250s] Level 1:colcon.colcon_core.package_identification:_identify(install) ignored
[0.250s] Level 1:colcon.colcon_core.package_identification:_identify(log) by extensions ['ignore', 'ignore_ament_install']
[0.250s] Level 1:colcon.colcon_core.package_identification:_identify(log) by extension 'ignore'
[0.250s] Level 1:colcon.colcon_core.package_identification:_identify(log) ignored
[0.250s] Level 1:colcon.colcon_core.package_identification:_identify(src) by extensions ['ignore', 'ignore_ament_install']
[0.250s] Level 1:colcon.colcon_core.package_identification:_identify(src) by extension 'ignore'
[0.251s] Level 1:colcon.colcon_core.package_identification:_identify(src) by extension 'ignore_ament_install'
[0.251s] Level 1:colcon.colcon_core.package_identification:_identify(src) by extensions ['colcon_pkg']
[0.251s] Level 1:colcon.colcon_core.package_identification:_identify(src) by extension 'colcon_pkg'
[0.251s] Level 1:colcon.colcon_core.package_identification:_identify(src) by extensions ['colcon_meta']
[0.251s] Level 1:colcon.colcon_core.package_identification:_identify(src) by extension 'colcon_meta'
[0.251s] Level 1:colcon.colcon_core.package_identification:_identify(src) by extensions ['ros']
[0.251s] Level 1:colcon.colcon_core.package_identification:_identify(src) by extension 'ros'
[0.251s] Level 1:colcon.colcon_core.package_identification:_identify(src) by extensions ['cmake', 'python']
[0.251s] Level 1:colcon.colcon_core.package_identification:_identify(src) by extension 'cmake'
[0.251s] Level 1:colcon.colcon_core.package_identification:_identify(src) by extension 'python'
[0.251s] Level 1:colcon.colcon_core.package_identification:_identify(src) by extensions ['python_setup_py']
[0.251s] Level 1:colcon.colcon_core.package_identification:_identify(src) by extension 'python_setup_py'
[0.251s] Level 1:colcon.colcon_core.package_identification:_identify(src/examples) by extensions ['ignore', 'ignore_ament_install']
[0.251s] Level 1:colcon.colcon_core.package_identification:_identify(src/examples) by extension 'ignore'
[0.251s] Level 1:colcon.colcon_core.package_identification:_identify(src/examples) by extension 'ignore_ament_install'
[0.251s] Level 1:colcon.colcon_core.package_identification:_identify(src/examples) by extensions ['colcon_pkg']
[0.251s] Level 1:colcon.colcon_core.package_identification:_identify(src/examples) by extension 'colcon_pkg'
[0.251s] Level 1:colcon.colcon_core.package_identification:_identify(src/examples) by extensions ['colcon_meta']
[0.251s] Level 1:colcon.colcon_core.package_identification:_identify(src/examples) by extension 'colcon_meta'
[0.251s] Level 1:colcon.colcon_core.package_identification:_identify(src/examples) by extensions ['ros']
[0.251s] Level 1:colcon.colcon_core.package_identification:_identify(src/examples) by extension 'ros'
[0.251s] Level 1:colcon.colcon_core.package_identification:_identify(src/examples) by extensions ['cmake', 'python']
[0.251s] Level 1:colcon.colcon_core.package_identification:_identify(src/examples) by extension 'cmake'
[0.251s] Level 1:colcon.colcon_core.package_identification:_identify(src/examples) by extension 'python'
[0.251s] Level 1:colcon.colcon_core.package_identification:_identify(src/examples) by extensions ['python_setup_py']
[0.251s] Level 1:colcon.colcon_core.package_identification:_identify(src/examples) by extension 'python_setup_py'
[0.251s] Level 1:colcon.colcon_core.package_identification:_identify(src/examples/launch_testing) by extensions ['ignore', 'ignore_ament_install']
[0.251s] Level 1:colcon.colcon_core.package_identification:_identify(src/examples/launch_testing) by extension 'ignore'
[0.251s] Level 1:colcon.colcon_core.package_identification:_identify(src/examples/launch_testing) by extension 'ignore_ament_install'
[0.251s] Level 1:colcon.colcon_core.package_identification:_identify(src/examples/launch_testing) by extensions ['colcon_pkg']
[0.251s] Level 1:colcon.colcon_core.package_identification:_identify(src/examples/launch_testing) by extension 'colcon_pkg'
[0.251s] Level 1:colcon.colcon_core.package_identification:_identify(src/examples/launch_testing) by extensions ['colcon_meta']
[0.251s] Level 1:colcon.colcon_core.package_identification:_identify(src/examples/launch_testing) by extension 'colcon_meta'
[0.251s] Level 1:colcon.colcon_core.package_identification:_identify(src/examples/launch_testing) by extensions ['ros']
[0.251s] Level 1:colcon.colcon_core.package_identification:_identify(src/examples/launch_testing) by extension 'ros'
[0.251s] Level 1:colcon.colcon_core.package_identification:_identify(src/examples/launch_testing) by extensions ['cmake', 'python']
[0.251s] Level 1:colcon.colcon_core.package_identification:_identify(src/examples/launch_testing) by extension 'cmake'
[0.251s] Level 1:colcon.colcon_core.package_identification:_identify(src/examples/launch_testing) by extension 'python'
[0.251s] Level 1:colcon.colcon_core.package_identification:_identify(src/examples/launch_testing) by extensions ['python_setup_py']
[0.251s] Level 1:colcon.colcon_core.package_identification:_identify(src/examples/launch_testing) by extension 'python_setup_py'
[0.252s] Level 1:colcon.colcon_core.package_identification:_identify(src/examples/launch_testing/launch_testing_examples) by extensions ['ignore', 'ignore_ament_install']
[0.252s] Level 1:colcon.colcon_core.package_identification:_identify(src/examples/launch_testing/launch_testing_examples) by extension 'ignore'
[0.252s] Level 1:colcon.colcon_core.package_identification:_identify(src/examples/launch_testing/launch_testing_examples) by extension 'ignore_ament_install'
[0.252s] Level 1:colcon.colcon_core.package_identification:_identify(src/examples/launch_testing/launch_testing_examples) by extensions ['colcon_pkg']
[0.252s] Level 1:colcon.colcon_core.package_identification:_identify(src/examples/launch_testing/launch_testing_examples) by extension 'colcon_pkg'
[0.252s] Level 1:colcon.colcon_core.package_identification:_identify(src/examples/launch_testing/launch_testing_examples) by extensions ['colcon_meta']
[0.252s] Level 1:colcon.colcon_core.package_identification:_identify(src/examples/launch_testing/launch_testing_examples) by extension 'colcon_meta'
[0.252s] Level 1:colcon.colcon_core.package_identification:_identify(src/examples/launch_testing/launch_testing_examples) by extensions ['ros']
[0.252s] Level 1:colcon.colcon_core.package_identification:_identify(src/examples/launch_testing/launch_testing_examples) by extension 'ros'
[0.263s] DEBUG:colcon.colcon_core.package_identification:Package 'src/examples/launch_testing/launch_testing_examples' with type 'ros.ament_python' and name 'launch_testing_examples'
[0.263s] Level 1:colcon.colcon_core.package_identification:_identify(src/examples/rclcpp) by extensions ['ignore', 'ignore_ament_install']
[0.263s] Level 1:colcon.colcon_core.package_identification:_identify(src/examples/rclcpp) by extension 'ignore'
[0.263s] Level 1:colcon.colcon_core.package_identification:_identify(src/examples/rclcpp) by extension 'ignore_ament_install'
[0.264s] Level 1:colcon.colcon_core.package_identification:_identify(src/examples/rclcpp) by extensions ['colcon_pkg']
[0.264s] Level 1:colcon.colcon_core.package_identification:_identify(src/examples/rclcpp) by extension 'colcon_pkg'
[0.264s] Level 1:colcon.colcon_core.package_identification:_identify(src/examples/rclcpp) by extensions ['colcon_meta']
[0.264s] Level 1:colcon.colcon_core.package_identification:_identify(src/examples/rclcpp) by extension 'colcon_meta'
[0.264s] Level 1:colcon.colcon_core.package_identification:_identify(src/examples/rclcpp) by extensions ['ros']
[0.264s] Level 1:colcon.colcon_core.package_identification:_identify(src/examples/rclcpp) by extension 'ros'
[0.264s] Level 1:colcon.colcon_core.package_identification:_identify(src/examples/rclcpp) by extensions ['cmake', 'python']
[0.264s] Level 1:colcon.colcon_core.package_identification:_identify(src/examples/rclcpp) by extension 'cmake'
[0.264s] Level 1:colcon.colcon_core.package_identification:_identify(src/examples/rclcpp) by extension 'python'
[0.264s] Level 1:colcon.colcon_core.package_identification:_identify(src/examples/rclcpp) by extensions ['python_setup_py']
[0.264s] Level 1:colcon.colcon_core.package_identification:_identify(src/examples/rclcpp) by extension 'python_setup_py'
[0.264s] Level 1:colcon.colcon_core.package_identification:_identify(src/examples/rclcpp/actions) by extensions ['ignore', 'ignore_ament_install']
[0.264s] Level 1:colcon.colcon_core.package_identification:_identify(src/examples/rclcpp/actions) by extension 'ignore'
[0.264s] Level 1:colcon.colcon_core.package_identification:_identify(src/examples/rclcpp/actions) by extension 'ignore_ament_install'
[0.264s] Level 1:colcon.colcon_core.package_identification:_identify(src/examples/rclcpp/actions) by extensions ['colcon_pkg']
[0.264s] Level 1:colcon.colcon_core.package_identification:_identify(src/examples/rclcpp/actions) by extension 'colcon_pkg'
[0.264s] Level 1:colcon.colcon_core.package_identification:_identify(src/examples/rclcpp/actions) by extensions ['colcon_meta']
[0.264s] Level 1:colcon.colcon_core.package_identification:_identify(src/examples/rclcpp/actions) by extension 'colcon_meta'
[0.264s] Level 1:colcon.colcon_core.package_identification:_identify(src/examples/rclcpp/actions) by extensions ['ros']
[0.264s] Level 1:colcon.colcon_core.package_identification:_identify(src/examples/rclcpp/actions) by extension 'ros'
[0.264s] Level 1:colcon.colcon_core.package_identification:_identify(src/examples/rclcpp/actions) by extensions ['cmake', 'python']
[0.264s] Level 1:colcon.colcon_core.package_identification:_identify(src/examples/rclcpp/actions) by extension 'cmake'
[0.264s] Level 1:colcon.colcon_core.package_identification:_identify(src/examples/rclcpp/actions) by extension 'python'
[0.264s] Level 1:colcon.colcon_core.package_identification:_identify(src/examples/rclcpp/actions) by extensions ['python_setup_py']
[0.264s] Level 1:colcon.colcon_core.package_identification:_identify(src/examples/rclcpp/actions) by extension 'python_setup_py'
[0.264s] Level 1:colcon.colcon_core.package_identification:_identify(src/examples/rclcpp/actions/minimal_action_client) by extensions ['ignore', 'ignore_ament_install']
[0.264s] Level 1:colcon.colcon_core.package_identification:_identify(src/examples/rclcpp/actions/minimal_action_client) by extension 'ignore'
[0.264s] Level 1:colcon.colcon_core.package_identification:_identify(src/examples/rclcpp/actions/minimal_action_client) by extension 'ignore_ament_install'
[0.264s] Level 1:colcon.colcon_core.package_identification:_identify(src/examples/rclcpp/actions/minimal_action_client) by extensions ['colcon_pkg']
[0.264s] Level 1:colcon.colcon_core.package_identification:_identify(src/examples/rclcpp/actions/minimal_action_client) by extension 'colcon_pkg'
[0.264s] Level 1:colcon.colcon_core.package_identification:_identify(src/examples/rclcpp/actions/minimal_action_client) by extensions ['colcon_meta']
[0.265s] Level 1:colcon.colcon_core.package_identification:_identify(src/examples/rclcpp/actions/minimal_action_client) by extension 'colcon_meta'
[0.265s] Level 1:colcon.colcon_core.package_identification:_identify(src/examples/rclcpp/actions/minimal_action_client) by extensions ['ros']
[0.265s] Level 1:colcon.colcon_core.package_identification:_identify(src/examples/rclcpp/actions/minimal_action_client) by extension 'ros'
[0.265s] DEBUG:colcon.colcon_core.package_identification:Package 'src/examples/rclcpp/actions/minimal_action_client' with type 'ros.ament_cmake' and name 'examples_rclcpp_minimal_action_client'
[0.265s] Level 1:colcon.colcon_core.package_identification:_identify(src/examples/rclcpp/actions/minimal_action_server) by extensions ['ignore', 'ignore_ament_install']
[0.265s] Level 1:colcon.colcon_core.package_identification:_identify(src/examples/rclcpp/actions/minimal_action_server) by extension 'ignore'
[0.265s] Level 1:colcon.colcon_core.package_identification:_identify(src/examples/rclcpp/actions/minimal_action_server) by extension 'ignore_ament_install'
[0.265s] Level 1:colcon.colcon_core.package_identification:_identify(src/examples/rclcpp/actions/minimal_action_server) by extensions ['colcon_pkg']
[0.265s] Level 1:colcon.colcon_core.package_identification:_identify(src/examples/rclcpp/actions/minimal_action_server) by extension 'colcon_pkg'
[0.265s] Level 1:colcon.colcon_core.package_identification:_identify(src/examples/rclcpp/actions/minimal_action_server) by extensions ['colcon_meta']
[0.265s] Level 1:colcon.colcon_core.package_identification:_identify(src/examples/rclcpp/actions/minimal_action_server) by extension 'colcon_meta'
[0.265s] Level 1:colcon.colcon_core.package_identification:_identify(src/examples/rclcpp/actions/minimal_action_server) by extensions ['ros']
[0.265s] Level 1:colcon.colcon_core.package_identification:_identify(src/examples/rclcpp/actions/minimal_action_server) by extension 'ros'
[0.266s] DEBUG:colcon.colcon_core.package_identification:Package 'src/examples/rclcpp/actions/minimal_action_server' with type 'ros.ament_cmake' and name 'examples_rclcpp_minimal_action_server'
[0.266s] Level 1:colcon.colcon_core.package_identification:_identify(src/examples/rclcpp/composition) by extensions ['ignore', 'ignore_ament_install']
[0.266s] Level 1:colcon.colcon_core.package_identification:_identify(src/examples/rclcpp/composition) by extension 'ignore'
[0.266s] Level 1:colcon.colcon_core.package_identification:_identify(src/examples/rclcpp/composition) by extension 'ignore_ament_install'
[0.266s] Level 1:colcon.colcon_core.package_identification:_identify(src/examples/rclcpp/composition) by extensions ['colcon_pkg']
[0.266s] Level 1:colcon.colcon_core.package_identification:_identify(src/examples/rclcpp/composition) by extension 'colcon_pkg'
[0.266s] Level 1:colcon.colcon_core.package_identification:_identify(src/examples/rclcpp/composition) by extensions ['colcon_meta']
[0.266s] Level 1:colcon.colcon_core.package_identification:_identify(src/examples/rclcpp/composition) by extension 'colcon_meta'
[0.266s] Level 1:colcon.colcon_core.package_identification:_identify(src/examples/rclcpp/composition) by extensions ['ros']
[0.266s] Level 1:colcon.colcon_core.package_identification:_identify(src/examples/rclcpp/composition) by extension 'ros'
[0.266s] Level 1:colcon.colcon_core.package_identification:_identify(src/examples/rclcpp/composition) by extensions ['cmake', 'python']
[0.266s] Level 1:colcon.colcon_core.package_identification:_identify(src/examples/rclcpp/composition) by extension 'cmake'
[0.266s] Level 1:colcon.colcon_core.package_identification:_identify(src/examples/rclcpp/composition) by extension 'python'
[0.266s] Level 1:colcon.colcon_core.package_identification:_identify(src/examples/rclcpp/composition) by extensions ['python_setup_py']
[0.266s] Level 1:colcon.colcon_core.package_identification:_identify(src/examples/rclcpp/composition) by extension 'python_setup_py'
[0.266s] Level 1:colcon.colcon_core.package_identification:_identify(src/examples/rclcpp/composition/minimal_composition) by extensions ['ignore', 'ignore_ament_install']
[0.266s] Level 1:colcon.colcon_core.package_identification:_identify(src/examples/rclcpp/composition/minimal_composition) by extension 'ignore'
[0.266s] Level 1:colcon.colcon_core.package_identification:_identify(src/examples/rclcpp/composition/minimal_composition) by extension 'ignore_ament_install'
[0.266s] Level 1:colcon.colcon_core.package_identification:_identify(src/examples/rclcpp/composition/minimal_composition) by extensions ['colcon_pkg']
[0.266s] Level 1:colcon.colcon_core.package_identification:_identify(src/examples/rclcpp/composition/minimal_composition) by extension 'colcon_pkg'
[0.266s] Level 1:colcon.colcon_core.package_identification:_identify(src/examples/rclcpp/composition/minimal_composition) by extensions ['colcon_meta']
[0.266s] Level 1:colcon.colcon_core.package_identification:_identify(src/examples/rclcpp/composition/minimal_composition) by extension 'colcon_meta'
[0.266s] Level 1:colcon.colcon_core.package_identification:_identify(src/examples/rclcpp/composition/minimal_composition) by extensions ['ros']
[0.266s] Level 1:colcon.colcon_core.package_identification:_identify(src/examples/rclcpp/composition/minimal_composition) by extension 'ros'
[0.267s] DEBUG:colcon.colcon_core.package_identification:Package 'src/examples/rclcpp/composition/minimal_composition' with type 'ros.ament_cmake' and name 'examples_rclcpp_minimal_composition'
[0.267s] Level 1:colcon.colcon_core.package_identification:_identify(src/examples/rclcpp/executors) by extensions ['ignore', 'ignore_ament_install']
[0.267s] Level 1:colcon.colcon_core.package_identification:_identify(src/examples/rclcpp/executors) by extension 'ignore'
[0.267s] Level 1:colcon.colcon_core.package_identification:_identify(src/examples/rclcpp/executors) by extension 'ignore_ament_install'
[0.267s] Level 1:colcon.colcon_core.package_identification:_identify(src/examples/rclcpp/executors) by extensions ['colcon_pkg']
[0.267s] Level 1:colcon.colcon_core.package_identification:_identify(src/examples/rclcpp/executors) by extension 'colcon_pkg'
[0.267s] Level 1:colcon.colcon_core.package_identification:_identify(src/examples/rclcpp/executors) by extensions ['colcon_meta']
[0.267s] Level 1:colcon.colcon_core.package_identification:_identify(src/examples/rclcpp/executors) by extension 'colcon_meta'
[0.267s] Level 1:colcon.colcon_core.package_identification:_identify(src/examples/rclcpp/executors) by extensions ['ros']
[0.267s] Level 1:colcon.colcon_core.package_identification:_identify(src/examples/rclcpp/executors) by extension 'ros'
[0.267s] Level 1:colcon.colcon_core.package_identification:_identify(src/examples/rclcpp/executors) by extensions ['cmake', 'python']
[0.267s] Level 1:colcon.colcon_core.package_identification:_identify(src/examples/rclcpp/executors) by extension 'cmake'
[0.267s] Level 1:colcon.colcon_core.package_identification:_identify(src/examples/rclcpp/executors) by extension 'python'
[0.267s] Level 1:colcon.colcon_core.package_identification:_identify(src/examples/rclcpp/executors) by extensions ['python_setup_py']
[0.267s] Level 1:colcon.colcon_core.package_identification:_identify(src/examples/rclcpp/executors) by extension 'python_setup_py'
[0.267s] Level 1:colcon.colcon_core.package_identification:_identify(src/examples/rclcpp/executors/cbg_executor) by extensions ['ignore', 'ignore_ament_install']
[0.267s] Level 1:colcon.colcon_core.package_identification:_identify(src/examples/rclcpp/executors/cbg_executor) by extension 'ignore'
[0.267s] Level 1:colcon.colcon_core.package_identification:_identify(src/examples/rclcpp/executors/cbg_executor) by extension 'ignore_ament_install'
[0.267s] Level 1:colcon.colcon_core.package_identification:_identify(src/examples/rclcpp/executors/cbg_executor) by extensions ['colcon_pkg']
[0.267s] Level 1:colcon.colcon_core.package_identification:_identify(src/examples/rclcpp/executors/cbg_executor) by extension 'colcon_pkg'
[0.267s] Level 1:colcon.colcon_core.package_identification:_identify(src/examples/rclcpp/executors/cbg_executor) by extensions ['colcon_meta']
[0.267s] Level 1:colcon.colcon_core.package_identification:_identify(src/examples/rclcpp/executors/cbg_executor) by extension 'colcon_meta'
[0.267s] Level 1:colcon.colcon_core.package_identification:_identify(src/examples/rclcpp/executors/cbg_executor) by extensions ['ros']
[0.267s] Level 1:colcon.colcon_core.package_identification:_identify(src/examples/rclcpp/executors/cbg_executor) by extension 'ros'
[0.268s] DEBUG:colcon.colcon_core.package_identification:Package 'src/examples/rclcpp/executors/cbg_executor' with type 'ros.ament_cmake' and name 'examples_rclcpp_cbg_executor'
[0.268s] Level 1:colcon.colcon_core.package_identification:_identify(src/examples/rclcpp/executors/multithreaded_executor) by extensions ['ignore', 'ignore_ament_install']
[0.268s] Level 1:colcon.colcon_core.package_identification:_identify(src/examples/rclcpp/executors/multithreaded_executor) by extension 'ignore'
[0.268s] Level 1:colcon.colcon_core.package_identification:_identify(src/examples/rclcpp/executors/multithreaded_executor) by extension 'ignore_ament_install'
[0.268s] Level 1:colcon.colcon_core.package_identification:_identify(src/examples/rclcpp/executors/multithreaded_executor) by extensions ['colcon_pkg']
[0.268s] Level 1:colcon.colcon_core.package_identification:_identify(src/examples/rclcpp/executors/multithreaded_executor) by extension 'colcon_pkg'
[0.268s] Level 1:colcon.colcon_core.package_identification:_identify(src/examples/rclcpp/executors/multithreaded_executor) by extensions ['colcon_meta']
[0.268s] Level 1:colcon.colcon_core.package_identification:_identify(src/examples/rclcpp/executors/multithreaded_executor) by extension 'colcon_meta'
[0.268s] Level 1:colcon.colcon_core.package_identification:_identify(src/examples/rclcpp/executors/multithreaded_executor) by extensions ['ros']
[0.268s] Level 1:colcon.colcon_core.package_identification:_identify(src/examples/rclcpp/executors/multithreaded_executor) by extension 'ros'
[0.268s] DEBUG:colcon.colcon_core.package_identification:Package 'src/examples/rclcpp/executors/multithreaded_executor' with type 'ros.ament_cmake' and name 'examples_rclcpp_multithreaded_executor'
[0.268s] Level 1:colcon.colcon_core.package_identification:_identify(src/examples/rclcpp/services) by extensions ['ignore', 'ignore_ament_install']
[0.268s] Level 1:colcon.colcon_core.package_identification:_identify(src/examples/rclcpp/services) by extension 'ignore'
[0.268s] Level 1:colcon.colcon_core.package_identification:_identify(src/examples/rclcpp/services) by extension 'ignore_ament_install'
[0.268s] Level 1:colcon.colcon_core.package_identification:_identify(src/examples/rclcpp/services) by extensions ['colcon_pkg']
[0.268s] Level 1:colcon.colcon_core.package_identification:_identify(src/examples/rclcpp/services) by extension 'colcon_pkg'
[0.269s] Level 1:colcon.colcon_core.package_identification:_identify(src/examples/rclcpp/services) by extensions ['colcon_meta']
[0.269s] Level 1:colcon.colcon_core.package_identification:_identify(src/examples/rclcpp/services) by extension 'colcon_meta'
[0.269s] Level 1:colcon.colcon_core.package_identification:_identify(src/examples/rclcpp/services) by extensions ['ros']
[0.269s] Level 1:colcon.colcon_core.package_identification:_identify(src/examples/rclcpp/services) by extension 'ros'
[0.269s] Level 1:colcon.colcon_core.package_identification:_identify(src/examples/rclcpp/services) by extensions ['cmake', 'python']
[0.269s] Level 1:colcon.colcon_core.package_identification:_identify(src/examples/rclcpp/services) by extension 'cmake'
[0.269s] Level 1:colcon.colcon_core.package_identification:_identify(src/examples/rclcpp/services) by extension 'python'
[0.269s] Level 1:colcon.colcon_core.package_identification:_identify(src/examples/rclcpp/services) by extensions ['python_setup_py']
[0.269s] Level 1:colcon.colcon_core.package_identification:_identify(src/examples/rclcpp/services) by extension 'python_setup_py'
[0.269s] Level 1:colcon.colcon_core.package_identification:_identify(src/examples/rclcpp/services/async_client) by extensions ['ignore', 'ignore_ament_install']
[0.269s] Level 1:colcon.colcon_core.package_identification:_identify(src/examples/rclcpp/services/async_client) by extension 'ignore'
[0.269s] Level 1:colcon.colcon_core.package_identification:_identify(src/examples/rclcpp/services/async_client) by extension 'ignore_ament_install'
[0.269s] Level 1:colcon.colcon_core.package_identification:_identify(src/examples/rclcpp/services/async_client) by extensions ['colcon_pkg']
[0.269s] Level 1:colcon.colcon_core.package_identification:_identify(src/examples/rclcpp/services/async_client) by extension 'colcon_pkg'
[0.269s] Level 1:colcon.colcon_core.package_identification:_identify(src/examples/rclcpp/services/async_client) by extensions ['colcon_meta']
[0.269s] Level 1:colcon.colcon_core.package_identification:_identify(src/examples/rclcpp/services/async_client) by extension 'colcon_meta'
[0.269s] Level 1:colcon.colcon_core.package_identification:_identify(src/examples/rclcpp/services/async_client) by extensions ['ros']
[0.269s] Level 1:colcon.colcon_core.package_identification:_identify(src/examples/rclcpp/services/async_client) by extension 'ros'
[0.269s] DEBUG:colcon.colcon_core.package_identification:Package 'src/examples/rclcpp/services/async_client' with type 'ros.ament_cmake' and name 'examples_rclcpp_async_client'
[0.269s] Level 1:colcon.colcon_core.package_identification:_identify(src/examples/rclcpp/services/minimal_client) by extensions ['ignore', 'ignore_ament_install']
[0.270s] Level 1:colcon.colcon_core.package_identification:_identify(src/examples/rclcpp/services/minimal_client) by extension 'ignore'
[0.270s] Level 1:colcon.colcon_core.package_identification:_identify(src/examples/rclcpp/services/minimal_client) by extension 'ignore_ament_install'
[0.270s] Level 1:colcon.colcon_core.package_identification:_identify(src/examples/rclcpp/services/minimal_client) by extensions ['colcon_pkg']
[0.270s] Level 1:colcon.colcon_core.package_identification:_identify(src/examples/rclcpp/services/minimal_client) by extension 'colcon_pkg'
[0.270s] Level 1:colcon.colcon_core.package_identification:_identify(src/examples/rclcpp/services/minimal_client) by extensions ['colcon_meta']
[0.270s] Level 1:colcon.colcon_core.package_identification:_identify(src/examples/rclcpp/services/minimal_client) by extension 'colcon_meta'
[0.270s] Level 1:colcon.colcon_core.package_identification:_identify(src/examples/rclcpp/services/minimal_client) by extensions ['ros']
[0.270s] Level 1:colcon.colcon_core.package_identification:_identify(src/examples/rclcpp/services/minimal_client) by extension 'ros'
[0.270s] DEBUG:colcon.colcon_core.package_identification:Package 'src/examples/rclcpp/services/minimal_client' with type 'ros.ament_cmake' and name 'examples_rclcpp_minimal_client'
[0.270s] Level 1:colcon.colcon_core.package_identification:_identify(src/examples/rclcpp/services/minimal_service) by extensions ['ignore', 'ignore_ament_install']
[0.270s] Level 1:colcon.colcon_core.package_identification:_identify(src/examples/rclcpp/services/minimal_service) by extension 'ignore'
[0.270s] Level 1:colcon.colcon_core.package_identification:_identify(src/examples/rclcpp/services/minimal_service) by extension 'ignore_ament_install'
[0.270s] Level 1:colcon.colcon_core.package_identification:_identify(src/examples/rclcpp/services/minimal_service) by extensions ['colcon_pkg']
[0.270s] Level 1:colcon.colcon_core.package_identification:_identify(src/examples/rclcpp/services/minimal_service) by extension 'colcon_pkg'
[0.270s] Level 1:colcon.colcon_core.package_identification:_identify(src/examples/rclcpp/services/minimal_service) by extensions ['colcon_meta']
[0.270s] Level 1:colcon.colcon_core.package_identification:_identify(src/examples/rclcpp/services/minimal_service) by extension 'colcon_meta'
[0.270s] Level 1:colcon.colcon_core.package_identification:_identify(src/examples/rclcpp/services/minimal_service) by extensions ['ros']
[0.270s] Level 1:colcon.colcon_core.package_identification:_identify(src/examples/rclcpp/services/minimal_service) by extension 'ros'
[0.270s] DEBUG:colcon.colcon_core.package_identification:Package 'src/examples/rclcpp/services/minimal_service' with type 'ros.ament_cmake' and name 'examples_rclcpp_minimal_service'
[0.271s] Level 1:colcon.colcon_core.package_identification:_identify(src/examples/rclcpp/timers) by extensions ['ignore', 'ignore_ament_install']
[0.271s] Level 1:colcon.colcon_core.package_identification:_identify(src/examples/rclcpp/timers) by extension 'ignore'
[0.271s] Level 1:colcon.colcon_core.package_identification:_identify(src/examples/rclcpp/timers) by extension 'ignore_ament_install'
[0.271s] Level 1:colcon.colcon_core.package_identification:_identify(src/examples/rclcpp/timers) by extensions ['colcon_pkg']
[0.271s] Level 1:colcon.colcon_core.package_identification:_identify(src/examples/rclcpp/timers) by extension 'colcon_pkg'
[0.271s] Level 1:colcon.colcon_core.package_identification:_identify(src/examples/rclcpp/timers) by extensions ['colcon_meta']
[0.271s] Level 1:colcon.colcon_core.package_identification:_identify(src/examples/rclcpp/timers) by extension 'colcon_meta'
[0.271s] Level 1:colcon.colcon_core.package_identification:_identify(src/examples/rclcpp/timers) by extensions ['ros']
[0.271s] Level 1:colcon.colcon_core.package_identification:_identify(src/examples/rclcpp/timers) by extension 'ros'
[0.271s] Level 1:colcon.colcon_core.package_identification:_identify(src/examples/rclcpp/timers) by extensions ['cmake', 'python']
[0.271s] Level 1:colcon.colcon_core.package_identification:_identify(src/examples/rclcpp/timers) by extension 'cmake'
[0.271s] Level 1:colcon.colcon_core.package_identification:_identify(src/examples/rclcpp/timers) by extension 'python'
[0.271s] Level 1:colcon.colcon_core.package_identification:_identify(src/examples/rclcpp/timers) by extensions ['python_setup_py']
[0.271s] Level 1:colcon.colcon_core.package_identification:_identify(src/examples/rclcpp/timers) by extension 'python_setup_py'
[0.271s] Level 1:colcon.colcon_core.package_identification:_identify(src/examples/rclcpp/timers/minimal_timer) by extensions ['ignore', 'ignore_ament_install']
[0.271s] Level 1:colcon.colcon_core.package_identification:_identify(src/examples/rclcpp/timers/minimal_timer) by extension 'ignore'
[0.271s] Level 1:colcon.colcon_core.package_identification:_identify(src/examples/rclcpp/timers/minimal_timer) by extension 'ignore_ament_install'
[0.271s] Level 1:colcon.colcon_core.package_identification:_identify(src/examples/rclcpp/timers/minimal_timer) by extensions ['colcon_pkg']
[0.271s] Level 1:colcon.colcon_core.package_identification:_identify(src/examples/rclcpp/timers/minimal_timer) by extension 'colcon_pkg'
[0.271s] Level 1:colcon.colcon_core.package_identification:_identify(src/examples/rclcpp/timers/minimal_timer) by extensions ['colcon_meta']
[0.271s] Level 1:colcon.colcon_core.package_identification:_identify(src/examples/rclcpp/timers/minimal_timer) by extension 'colcon_meta'
[0.271s] Level 1:colcon.colcon_core.package_identification:_identify(src/examples/rclcpp/timers/minimal_timer) by extensions ['ros']
[0.271s] Level 1:colcon.colcon_core.package_identification:_identify(src/examples/rclcpp/timers/minimal_timer) by extension 'ros'
[0.272s] DEBUG:colcon.colcon_core.package_identification:Package 'src/examples/rclcpp/timers/minimal_timer' with type 'ros.ament_cmake' and name 'examples_rclcpp_minimal_timer'
[0.272s] Level 1:colcon.colcon_core.package_identification:_identify(src/examples/rclcpp/topics) by extensions ['ignore', 'ignore_ament_install']
[0.272s] Level 1:colcon.colcon_core.package_identification:_identify(src/examples/rclcpp/topics) by extension 'ignore'
[0.272s] Level 1:colcon.colcon_core.package_identification:_identify(src/examples/rclcpp/topics) by extension 'ignore_ament_install'
[0.272s] Level 1:colcon.colcon_core.package_identification:_identify(src/examples/rclcpp/topics) by extensions ['colcon_pkg']
[0.272s] Level 1:colcon.colcon_core.package_identification:_identify(src/examples/rclcpp/topics) by extension 'colcon_pkg'
[0.272s] Level 1:colcon.colcon_core.package_identification:_identify(src/examples/rclcpp/topics) by extensions ['colcon_meta']
[0.272s] Level 1:colcon.colcon_core.package_identification:_identify(src/examples/rclcpp/topics) by extension 'colcon_meta'
[0.272s] Level 1:colcon.colcon_core.package_identification:_identify(src/examples/rclcpp/topics) by extensions ['ros']
[0.272s] Level 1:colcon.colcon_core.package_identification:_identify(src/examples/rclcpp/topics) by extension 'ros'
[0.272s] Level 1:colcon.colcon_core.package_identification:_identify(src/examples/rclcpp/topics) by extensions ['cmake', 'python']
[0.272s] Level 1:colcon.colcon_core.package_identification:_identify(src/examples/rclcpp/topics) by extension 'cmake'
[0.272s] Level 1:colcon.colcon_core.package_identification:_identify(src/examples/rclcpp/topics) by extension 'python'
[0.272s] Level 1:colcon.colcon_core.package_identification:_identify(src/examples/rclcpp/topics) by extensions ['python_setup_py']
[0.272s] Level 1:colcon.colcon_core.package_identification:_identify(src/examples/rclcpp/topics) by extension 'python_setup_py'
[0.272s] Level 1:colcon.colcon_core.package_identification:_identify(src/examples/rclcpp/topics/minimal_publisher) by extensions ['ignore', 'ignore_ament_install']
[0.272s] Level 1:colcon.colcon_core.package_identification:_identify(src/examples/rclcpp/topics/minimal_publisher) by extension 'ignore'
[0.272s] Level 1:colcon.colcon_core.package_identification:_identify(src/examples/rclcpp/topics/minimal_publisher) by extension 'ignore_ament_install'
[0.272s] Level 1:colcon.colcon_core.package_identification:_identify(src/examples/rclcpp/topics/minimal_publisher) by extensions ['colcon_pkg']
[0.272s] Level 1:colcon.colcon_core.package_identification:_identify(src/examples/rclcpp/topics/minimal_publisher) by extension 'colcon_pkg'
[0.272s] Level 1:colcon.colcon_core.package_identification:_identify(src/examples/rclcpp/topics/minimal_publisher) by extensions ['colcon_meta']
[0.272s] Level 1:colcon.colcon_core.package_identification:_identify(src/examples/rclcpp/topics/minimal_publisher) by extension 'colcon_meta'
[0.272s] Level 1:colcon.colcon_core.package_identification:_identify(src/examples/rclcpp/topics/minimal_publisher) by extensions ['ros']
[0.272s] Level 1:colcon.colcon_core.package_identification:_identify(src/examples/rclcpp/topics/minimal_publisher) by extension 'ros'
[0.272s] DEBUG:colcon.colcon_core.package_identification:Package 'src/examples/rclcpp/topics/minimal_publisher' with type 'ros.ament_cmake' and name 'examples_rclcpp_minimal_publisher'
[0.273s] Level 1:colcon.colcon_core.package_identification:_identify(src/examples/rclcpp/topics/minimal_subscriber) by extensions ['ignore', 'ignore_ament_install']
[0.273s] Level 1:colcon.colcon_core.package_identification:_identify(src/examples/rclcpp/topics/minimal_subscriber) by extension 'ignore'
[0.273s] Level 1:colcon.colcon_core.package_identification:_identify(src/examples/rclcpp/topics/minimal_subscriber) by extension 'ignore_ament_install'
[0.273s] Level 1:colcon.colcon_core.package_identification:_identify(src/examples/rclcpp/topics/minimal_subscriber) by extensions ['colcon_pkg']
[0.273s] Level 1:colcon.colcon_core.package_identification:_identify(src/examples/rclcpp/topics/minimal_subscriber) by extension 'colcon_pkg'
[0.273s] Level 1:colcon.colcon_core.package_identification:_identify(src/examples/rclcpp/topics/minimal_subscriber) by extensions ['colcon_meta']
[0.273s] Level 1:colcon.colcon_core.package_identification:_identify(src/examples/rclcpp/topics/minimal_subscriber) by extension 'colcon_meta'
[0.273s] Level 1:colcon.colcon_core.package_identification:_identify(src/examples/rclcpp/topics/minimal_subscriber) by extensions ['ros']
[0.273s] Level 1:colcon.colcon_core.package_identification:_identify(src/examples/rclcpp/topics/minimal_subscriber) by extension 'ros'
[0.273s] DEBUG:colcon.colcon_core.package_identification:Package 'src/examples/rclcpp/topics/minimal_subscriber' with type 'ros.ament_cmake' and name 'examples_rclcpp_minimal_subscriber'
[0.273s] Level 1:colcon.colcon_core.package_identification:_identify(src/examples/rclcpp/wait_set) by extensions ['ignore', 'ignore_ament_install']
[0.273s] Level 1:colcon.colcon_core.package_identification:_identify(src/examples/rclcpp/wait_set) by extension 'ignore'
[0.273s] Level 1:colcon.colcon_core.package_identification:_identify(src/examples/rclcpp/wait_set) by extension 'ignore_ament_install'
[0.273s] Level 1:colcon.colcon_core.package_identification:_identify(src/examples/rclcpp/wait_set) by extensions ['colcon_pkg']
[0.273s] Level 1:colcon.colcon_core.package_identification:_identify(src/examples/rclcpp/wait_set) by extension 'colcon_pkg'
[0.273s] Level 1:colcon.colcon_core.package_identification:_identify(src/examples/rclcpp/wait_set) by extensions ['colcon_meta']
[0.273s] Level 1:colcon.colcon_core.package_identification:_identify(src/examples/rclcpp/wait_set) by extension 'colcon_meta'
[0.274s] Level 1:colcon.colcon_core.package_identification:_identify(src/examples/rclcpp/wait_set) by extensions ['ros']
[0.274s] Level 1:colcon.colcon_core.package_identification:_identify(src/examples/rclcpp/wait_set) by extension 'ros'
[0.274s] DEBUG:colcon.colcon_core.package_identification:Package 'src/examples/rclcpp/wait_set' with type 'ros.ament_cmake' and name 'examples_rclcpp_wait_set'
[0.274s] Level 1:colcon.colcon_core.package_identification:_identify(src/examples/rclpy) by extensions ['ignore', 'ignore_ament_install']
[0.274s] Level 1:colcon.colcon_core.package_identification:_identify(src/examples/rclpy) by extension 'ignore'
[0.274s] Level 1:colcon.colcon_core.package_identification:_identify(src/examples/rclpy) by extension 'ignore_ament_install'
[0.274s] Level 1:colcon.colcon_core.package_identification:_identify(src/examples/rclpy) by extensions ['colcon_pkg']
[0.274s] Level 1:colcon.colcon_core.package_identification:_identify(src/examples/rclpy) by extension 'colcon_pkg'
[0.274s] Level 1:colcon.colcon_core.package_identification:_identify(src/examples/rclpy) by extensions ['colcon_meta']
[0.274s] Level 1:colcon.colcon_core.package_identification:_identify(src/examples/rclpy) by extension 'colcon_meta'
[0.274s] Level 1:colcon.colcon_core.package_identification:_identify(src/examples/rclpy) by extensions ['ros']
[0.274s] Level 1:colcon.colcon_core.package_identification:_identify(src/examples/rclpy) by extension 'ros'
[0.274s] Level 1:colcon.colcon_core.package_identification:_identify(src/examples/rclpy) by extensions ['cmake', 'python']
[0.274s] Level 1:colcon.colcon_core.package_identification:_identify(src/examples/rclpy) by extension 'cmake'
[0.274s] Level 1:colcon.colcon_core.package_identification:_identify(src/examples/rclpy) by extension 'python'
[0.274s] Level 1:colcon.colcon_core.package_identification:_identify(src/examples/rclpy) by extensions ['python_setup_py']
[0.274s] Level 1:colcon.colcon_core.package_identification:_identify(src/examples/rclpy) by extension 'python_setup_py'
[0.274s] Level 1:colcon.colcon_core.package_identification:_identify(src/examples/rclpy/actions) by extensions ['ignore', 'ignore_ament_install']
[0.274s] Level 1:colcon.colcon_core.package_identification:_identify(src/examples/rclpy/actions) by extension 'ignore'
[0.274s] Level 1:colcon.colcon_core.package_identification:_identify(src/examples/rclpy/actions) by extension 'ignore_ament_install'
[0.274s] Level 1:colcon.colcon_core.package_identification:_identify(src/examples/rclpy/actions) by extensions ['colcon_pkg']
[0.274s] Level 1:colcon.colcon_core.package_identification:_identify(src/examples/rclpy/actions) by extension 'colcon_pkg'
[0.274s] Level 1:colcon.colcon_core.package_identification:_identify(src/examples/rclpy/actions) by extensions ['colcon_meta']
[0.274s] Level 1:colcon.colcon_core.package_identification:_identify(src/examples/rclpy/actions) by extension 'colcon_meta'
[0.274s] Level 1:colcon.colcon_core.package_identification:_identify(src/examples/rclpy/actions) by extensions ['ros']
[0.274s] Level 1:colcon.colcon_core.package_identification:_identify(src/examples/rclpy/actions) by extension 'ros'
[0.274s] Level 1:colcon.colcon_core.package_identification:_identify(src/examples/rclpy/actions) by extensions ['cmake', 'python']
[0.274s] Level 1:colcon.colcon_core.package_identification:_identify(src/examples/rclpy/actions) by extension 'cmake'
[0.274s] Level 1:colcon.colcon_core.package_identification:_identify(src/examples/rclpy/actions) by extension 'python'
[0.274s] Level 1:colcon.colcon_core.package_identification:_identify(src/examples/rclpy/actions) by extensions ['python_setup_py']
[0.275s] Level 1:colcon.colcon_core.package_identification:_identify(src/examples/rclpy/actions) by extension 'python_setup_py'
[0.275s] Level 1:colcon.colcon_core.package_identification:_identify(src/examples/rclpy/actions/minimal_action_client) by extensions ['ignore', 'ignore_ament_install']
[0.275s] Level 1:colcon.colcon_core.package_identification:_identify(src/examples/rclpy/actions/minimal_action_client) by extension 'ignore'
[0.275s] Level 1:colcon.colcon_core.package_identification:_identify(src/examples/rclpy/actions/minimal_action_client) by extension 'ignore_ament_install'
[0.275s] Level 1:colcon.colcon_core.package_identification:_identify(src/examples/rclpy/actions/minimal_action_client) by extensions ['colcon_pkg']
[0.275s] Level 1:colcon.colcon_core.package_identification:_identify(src/examples/rclpy/actions/minimal_action_client) by extension 'colcon_pkg'
[0.275s] Level 1:colcon.colcon_core.package_identification:_identify(src/examples/rclpy/actions/minimal_action_client) by extensions ['colcon_meta']
[0.275s] Level 1:colcon.colcon_core.package_identification:_identify(src/examples/rclpy/actions/minimal_action_client) by extension 'colcon_meta'
[0.275s] Level 1:colcon.colcon_core.package_identification:_identify(src/examples/rclpy/actions/minimal_action_client) by extensions ['ros']
[0.275s] Level 1:colcon.colcon_core.package_identification:_identify(src/examples/rclpy/actions/minimal_action_client) by extension 'ros'
[0.275s] DEBUG:colcon.colcon_core.package_identification:Package 'src/examples/rclpy/actions/minimal_action_client' with type 'ros.ament_python' and name 'examples_rclpy_minimal_action_client'
[0.275s] Level 1:colcon.colcon_core.package_identification:_identify(src/examples/rclpy/actions/minimal_action_server) by extensions ['ignore', 'ignore_ament_install']
[0.275s] Level 1:colcon.colcon_core.package_identification:_identify(src/examples/rclpy/actions/minimal_action_server) by extension 'ignore'
[0.275s] Level 1:colcon.colcon_core.package_identification:_identify(src/examples/rclpy/actions/minimal_action_server) by extension 'ignore_ament_install'
[0.275s] Level 1:colcon.colcon_core.package_identification:_identify(src/examples/rclpy/actions/minimal_action_server) by extensions ['colcon_pkg']
[0.275s] Level 1:colcon.colcon_core.package_identification:_identify(src/examples/rclpy/actions/minimal_action_server) by extension 'colcon_pkg'
[0.275s] Level 1:colcon.colcon_core.package_identification:_identify(src/examples/rclpy/actions/minimal_action_server) by extensions ['colcon_meta']
[0.275s] Level 1:colcon.colcon_core.package_identification:_identify(src/examples/rclpy/actions/minimal_action_server) by extension 'colcon_meta'
[0.275s] Level 1:colcon.colcon_core.package_identification:_identify(src/examples/rclpy/actions/minimal_action_server) by extensions ['ros']
[0.275s] Level 1:colcon.colcon_core.package_identification:_identify(src/examples/rclpy/actions/minimal_action_server) by extension 'ros'
[0.276s] DEBUG:colcon.colcon_core.package_identification:Package 'src/examples/rclpy/actions/minimal_action_server' with type 'ros.ament_python' and name 'examples_rclpy_minimal_action_server'
[0.276s] Level 1:colcon.colcon_core.package_identification:_identify(src/examples/rclpy/executors) by extensions ['ignore', 'ignore_ament_install']
[0.276s] Level 1:colcon.colcon_core.package_identification:_identify(src/examples/rclpy/executors) by extension 'ignore'
[0.276s] Level 1:colcon.colcon_core.package_identification:_identify(src/examples/rclpy/executors) by extension 'ignore_ament_install'
[0.276s] Level 1:colcon.colcon_core.package_identification:_identify(src/examples/rclpy/executors) by extensions ['colcon_pkg']
[0.276s] Level 1:colcon.colcon_core.package_identification:_identify(src/examples/rclpy/executors) by extension 'colcon_pkg'
[0.276s] Level 1:colcon.colcon_core.package_identification:_identify(src/examples/rclpy/executors) by extensions ['colcon_meta']
[0.276s] Level 1:colcon.colcon_core.package_identification:_identify(src/examples/rclpy/executors) by extension 'colcon_meta'
[0.276s] Level 1:colcon.colcon_core.package_identification:_identify(src/examples/rclpy/executors) by extensions ['ros']
[0.276s] Level 1:colcon.colcon_core.package_identification:_identify(src/examples/rclpy/executors) by extension 'ros'
[0.276s] DEBUG:colcon.colcon_core.package_identification:Package 'src/examples/rclpy/executors' with type 'ros.ament_python' and name 'examples_rclpy_executors'
[0.276s] Level 1:colcon.colcon_core.package_identification:_identify(src/examples/rclpy/guard_conditions) by extensions ['ignore', 'ignore_ament_install']
[0.276s] Level 1:colcon.colcon_core.package_identification:_identify(src/examples/rclpy/guard_conditions) by extension 'ignore'
[0.276s] Level 1:colcon.colcon_core.package_identification:_identify(src/examples/rclpy/guard_conditions) by extension 'ignore_ament_install'
[0.276s] Level 1:colcon.colcon_core.package_identification:_identify(src/examples/rclpy/guard_conditions) by extensions ['colcon_pkg']
[0.276s] Level 1:colcon.colcon_core.package_identification:_identify(src/examples/rclpy/guard_conditions) by extension 'colcon_pkg'
[0.276s] Level 1:colcon.colcon_core.package_identification:_identify(src/examples/rclpy/guard_conditions) by extensions ['colcon_meta']
[0.276s] Level 1:colcon.colcon_core.package_identification:_identify(src/examples/rclpy/guard_conditions) by extension 'colcon_meta'
[0.276s] Level 1:colcon.colcon_core.package_identification:_identify(src/examples/rclpy/guard_conditions) by extensions ['ros']
[0.276s] Level 1:colcon.colcon_core.package_identification:_identify(src/examples/rclpy/guard_conditions) by extension 'ros'
[0.277s] DEBUG:colcon.colcon_core.package_identification:Package 'src/examples/rclpy/guard_conditions' with type 'ros.ament_python' and name 'examples_rclpy_guard_conditions'
[0.277s] Level 1:colcon.colcon_core.package_identification:_identify(src/examples/rclpy/services) by extensions ['ignore', 'ignore_ament_install']
[0.277s] Level 1:colcon.colcon_core.package_identification:_identify(src/examples/rclpy/services) by extension 'ignore'
[0.277s] Level 1:colcon.colcon_core.package_identification:_identify(src/examples/rclpy/services) by extension 'ignore_ament_install'
[0.277s] Level 1:colcon.colcon_core.package_identification:_identify(src/examples/rclpy/services) by extensions ['colcon_pkg']
[0.277s] Level 1:colcon.colcon_core.package_identification:_identify(src/examples/rclpy/services) by extension 'colcon_pkg'
[0.277s] Level 1:colcon.colcon_core.package_identification:_identify(src/examples/rclpy/services) by extensions ['colcon_meta']
[0.277s] Level 1:colcon.colcon_core.package_identification:_identify(src/examples/rclpy/services) by extension 'colcon_meta'
[0.277s] Level 1:colcon.colcon_core.package_identification:_identify(src/examples/rclpy/services) by extensions ['ros']
[0.277s] Level 1:colcon.colcon_core.package_identification:_identify(src/examples/rclpy/services) by extension 'ros'
[0.277s] Level 1:colcon.colcon_core.package_identification:_identify(src/examples/rclpy/services) by extensions ['cmake', 'python']
[0.277s] Level 1:colcon.colcon_core.package_identification:_identify(src/examples/rclpy/services) by extension 'cmake'
[0.277s] Level 1:colcon.colcon_core.package_identification:_identify(src/examples/rclpy/services) by extension 'python'
[0.277s] Level 1:colcon.colcon_core.package_identification:_identify(src/examples/rclpy/services) by extensions ['python_setup_py']
[0.277s] Level 1:colcon.colcon_core.package_identification:_identify(src/examples/rclpy/services) by extension 'python_setup_py'
[0.277s] Level 1:colcon.colcon_core.package_identification:_identify(src/examples/rclpy/services/minimal_client) by extensions ['ignore', 'ignore_ament_install']
[0.277s] Level 1:colcon.colcon_core.package_identification:_identify(src/examples/rclpy/services/minimal_client) by extension 'ignore'
[0.277s] Level 1:colcon.colcon_core.package_identification:_identify(src/examples/rclpy/services/minimal_client) by extension 'ignore_ament_install'
[0.277s] Level 1:colcon.colcon_core.package_identification:_identify(src/examples/rclpy/services/minimal_client) by extensions ['colcon_pkg']
[0.277s] Level 1:colcon.colcon_core.package_identification:_identify(src/examples/rclpy/services/minimal_client) by extension 'colcon_pkg'
[0.277s] Level 1:colcon.colcon_core.package_identification:_identify(src/examples/rclpy/services/minimal_client) by extensions ['colcon_meta']
[0.277s] Level 1:colcon.colcon_core.package_identification:_identify(src/examples/rclpy/services/minimal_client) by extension 'colcon_meta'
[0.277s] Level 1:colcon.colcon_core.package_identification:_identify(src/examples/rclpy/services/minimal_client) by extensions ['ros']
[0.277s] Level 1:colcon.colcon_core.package_identification:_identify(src/examples/rclpy/services/minimal_client) by extension 'ros'
[0.278s] DEBUG:colcon.colcon_core.package_identification:Package 'src/examples/rclpy/services/minimal_client' with type 'ros.ament_python' and name 'examples_rclpy_minimal_client'
[0.278s] Level 1:colcon.colcon_core.package_identification:_identify(src/examples/rclpy/services/minimal_service) by extensions ['ignore', 'ignore_ament_install']
[0.278s] Level 1:colcon.colcon_core.package_identification:_identify(src/examples/rclpy/services/minimal_service) by extension 'ignore'
[0.278s] Level 1:colcon.colcon_core.package_identification:_identify(src/examples/rclpy/services/minimal_service) by extension 'ignore_ament_install'
[0.278s] Level 1:colcon.colcon_core.package_identification:_identify(src/examples/rclpy/services/minimal_service) by extensions ['colcon_pkg']
[0.278s] Level 1:colcon.colcon_core.package_identification:_identify(src/examples/rclpy/services/minimal_service) by extension 'colcon_pkg'
[0.278s] Level 1:colcon.colcon_core.package_identification:_identify(src/examples/rclpy/services/minimal_service) by extensions ['colcon_meta']
[0.278s] Level 1:colcon.colcon_core.package_identification:_identify(src/examples/rclpy/services/minimal_service) by extension 'colcon_meta'
[0.278s] Level 1:colcon.colcon_core.package_identification:_identify(src/examples/rclpy/services/minimal_service) by extensions ['ros']
[0.278s] Level 1:colcon.colcon_core.package_identification:_identify(src/examples/rclpy/services/minimal_service) by extension 'ros'
[0.278s] DEBUG:colcon.colcon_core.package_identification:Package 'src/examples/rclpy/services/minimal_service' with type 'ros.ament_python' and name 'examples_rclpy_minimal_service'
[0.278s] Level 1:colcon.colcon_core.package_identification:_identify(src/examples/rclpy/topics) by extensions ['ignore', 'ignore_ament_install']
[0.278s] Level 1:colcon.colcon_core.package_identification:_identify(src/examples/rclpy/topics) by extension 'ignore'
[0.279s] Level 1:colcon.colcon_core.package_identification:_identify(src/examples/rclpy/topics) by extension 'ignore_ament_install'
[0.279s] Level 1:colcon.colcon_core.package_identification:_identify(src/examples/rclpy/topics) by extensions ['colcon_pkg']
[0.279s] Level 1:colcon.colcon_core.package_identification:_identify(src/examples/rclpy/topics) by extension 'colcon_pkg'
[0.279s] Level 1:colcon.colcon_core.package_identification:_identify(src/examples/rclpy/topics) by extensions ['colcon_meta']
[0.279s] Level 1:colcon.colcon_core.package_identification:_identify(src/examples/rclpy/topics) by extension 'colcon_meta'
[0.279s] Level 1:colcon.colcon_core.package_identification:_identify(src/examples/rclpy/topics) by extensions ['ros']
[0.279s] Level 1:colcon.colcon_core.package_identification:_identify(src/examples/rclpy/topics) by extension 'ros'
[0.279s] Level 1:colcon.colcon_core.package_identification:_identify(src/examples/rclpy/topics) by extensions ['cmake', 'python']
[0.279s] Level 1:colcon.colcon_core.package_identification:_identify(src/examples/rclpy/topics) by extension 'cmake'
[0.279s] Level 1:colcon.colcon_core.package_identification:_identify(src/examples/rclpy/topics) by extension 'python'
[0.279s] Level 1:colcon.colcon_core.package_identification:_identify(src/examples/rclpy/topics) by extensions ['python_setup_py']
[0.279s] Level 1:colcon.colcon_core.package_identification:_identify(src/examples/rclpy/topics) by extension 'python_setup_py'
[0.279s] Level 1:colcon.colcon_core.package_identification:_identify(src/examples/rclpy/topics/minimal_publisher) by extensions ['ignore', 'ignore_ament_install']
[0.279s] Level 1:colcon.colcon_core.package_identification:_identify(src/examples/rclpy/topics/minimal_publisher) by extension 'ignore'
[0.279s] Level 1:colcon.colcon_core.package_identification:_identify(src/examples/rclpy/topics/minimal_publisher) by extension 'ignore_ament_install'
[0.279s] Level 1:colcon.colcon_core.package_identification:_identify(src/examples/rclpy/topics/minimal_publisher) by extensions ['colcon_pkg']
[0.279s] Level 1:colcon.colcon_core.package_identification:_identify(src/examples/rclpy/topics/minimal_publisher) by extension 'colcon_pkg'
[0.279s] Level 1:colcon.colcon_core.package_identification:_identify(src/examples/rclpy/topics/minimal_publisher) by extensions ['colcon_meta']
[0.279s] Level 1:colcon.colcon_core.package_identification:_identify(src/examples/rclpy/topics/minimal_publisher) by extension 'colcon_meta'
[0.279s] Level 1:colcon.colcon_core.package_identification:_identify(src/examples/rclpy/topics/minimal_publisher) by extensions ['ros']
[0.279s] Level 1:colcon.colcon_core.package_identification:_identify(src/examples/rclpy/topics/minimal_publisher) by extension 'ros'
[0.279s] DEBUG:colcon.colcon_core.package_identification:Package 'src/examples/rclpy/topics/minimal_publisher' with type 'ros.ament_python' and name 'examples_rclpy_minimal_publisher'
[0.280s] Level 1:colcon.colcon_core.package_identification:_identify(src/examples/rclpy/topics/minimal_subscriber) by extensions ['ignore', 'ignore_ament_install']
[0.280s] Level 1:colcon.colcon_core.package_identification:_identify(src/examples/rclpy/topics/minimal_subscriber) by extension 'ignore'
[0.280s] Level 1:colcon.colcon_core.package_identification:_identify(src/examples/rclpy/topics/minimal_subscriber) by extension 'ignore_ament_install'
[0.280s] Level 1:colcon.colcon_core.package_identification:_identify(src/examples/rclpy/topics/minimal_subscriber) by extensions ['colcon_pkg']
[0.280s] Level 1:colcon.colcon_core.package_identification:_identify(src/examples/rclpy/topics/minimal_subscriber) by extension 'colcon_pkg'
[0.280s] Level 1:colcon.colcon_core.package_identification:_identify(src/examples/rclpy/topics/minimal_subscriber) by extensions ['colcon_meta']
[0.280s] Level 1:colcon.colcon_core.package_identification:_identify(src/examples/rclpy/topics/minimal_subscriber) by extension 'colcon_meta'
[0.280s] Level 1:colcon.colcon_core.package_identification:_identify(src/examples/rclpy/topics/minimal_subscriber) by extensions ['ros']
[0.280s] Level 1:colcon.colcon_core.package_identification:_identify(src/examples/rclpy/topics/minimal_subscriber) by extension 'ros'
[0.280s] DEBUG:colcon.colcon_core.package_identification:Package 'src/examples/rclpy/topics/minimal_subscriber' with type 'ros.ament_python' and name 'examples_rclpy_minimal_subscriber'
[0.280s] Level 1:colcon.colcon_core.package_identification:_identify(src/examples/rclpy/topics/pointcloud_publisher) by extensions ['ignore', 'ignore_ament_install']
[0.280s] Level 1:colcon.colcon_core.package_identification:_identify(src/examples/rclpy/topics/pointcloud_publisher) by extension 'ignore'
[0.280s] Level 1:colcon.colcon_core.package_identification:_identify(src/examples/rclpy/topics/pointcloud_publisher) by extension 'ignore_ament_install'
[0.280s] Level 1:colcon.colcon_core.package_identification:_identify(src/examples/rclpy/topics/pointcloud_publisher) by extensions ['colcon_pkg']
[0.280s] Level 1:colcon.colcon_core.package_identification:_identify(src/examples/rclpy/topics/pointcloud_publisher) by extension 'colcon_pkg'
[0.280s] Level 1:colcon.colcon_core.package_identification:_identify(src/examples/rclpy/topics/pointcloud_publisher) by extensions ['colcon_meta']
[0.280s] Level 1:colcon.colcon_core.package_identification:_identify(src/examples/rclpy/topics/pointcloud_publisher) by extension 'colcon_meta'
[0.280s] Level 1:colcon.colcon_core.package_identification:_identify(src/examples/rclpy/topics/pointcloud_publisher) by extensions ['ros']
[0.280s] Level 1:colcon.colcon_core.package_identification:_identify(src/examples/rclpy/topics/pointcloud_publisher) by extension 'ros'
[0.281s] DEBUG:colcon.colcon_core.package_identification:Package 'src/examples/rclpy/topics/pointcloud_publisher' with type 'ros.ament_python' and name 'examples_rclpy_pointcloud_publisher'
[0.281s] Level 1:colcon.colcon_core.package_identification:_identify(src/python_parameters) by extensions ['ignore', 'ignore_ament_install']
[0.281s] Level 1:colcon.colcon_core.package_identification:_identify(src/python_parameters) by extension 'ignore'
[0.281s] Level 1:colcon.colcon_core.package_identification:_identify(src/python_parameters) by extension 'ignore_ament_install'
[0.281s] Level 1:colcon.colcon_core.package_identification:_identify(src/python_parameters) by extensions ['colcon_pkg']
[0.281s] Level 1:colcon.colcon_core.package_identification:_identify(src/python_parameters) by extension 'colcon_pkg'
[0.281s] Level 1:colcon.colcon_core.package_identification:_identify(src/python_parameters) by extensions ['colcon_meta']
[0.281s] Level 1:colcon.colcon_core.package_identification:_identify(src/python_parameters) by extension 'colcon_meta'
[0.281s] Level 1:colcon.colcon_core.package_identification:_identify(src/python_parameters) by extensions ['ros']
[0.281s] Level 1:colcon.colcon_core.package_identification:_identify(src/python_parameters) by extension 'ros'
[0.281s] DEBUG:colcon.colcon_core.package_identification:Package 'src/python_parameters' with type 'ros.ament_python' and name 'python_parameters'
[0.282s] Level 1:colcon.colcon_core.package_identification:_identify(src/test_tf2_py) by extensions ['ignore', 'ignore_ament_install']
[0.282s] Level 1:colcon.colcon_core.package_identification:_identify(src/test_tf2_py) by extension 'ignore'
[0.282s] Level 1:colcon.colcon_core.package_identification:_identify(src/test_tf2_py) by extension 'ignore_ament_install'
[0.282s] Level 1:colcon.colcon_core.package_identification:_identify(src/test_tf2_py) by extensions ['colcon_pkg']
[0.282s] Level 1:colcon.colcon_core.package_identification:_identify(src/test_tf2_py) by extension 'colcon_pkg'
[0.282s] Level 1:colcon.colcon_core.package_identification:_identify(src/test_tf2_py) by extensions ['colcon_meta']
[0.282s] Level 1:colcon.colcon_core.package_identification:_identify(src/test_tf2_py) by extension 'colcon_meta'
[0.282s] Level 1:colcon.colcon_core.package_identification:_identify(src/test_tf2_py) by extensions ['ros']
[0.282s] Level 1:colcon.colcon_core.package_identification:_identify(src/test_tf2_py) by extension 'ros'
[0.282s] DEBUG:colcon.colcon_core.package_identification:Package 'src/test_tf2_py' with type 'ros.ament_python' and name 'test_tf2_py'
[0.282s] Level 1:colcon.colcon_core.package_identification:_identify(src/time_tf2_py) by extensions ['ignore', 'ignore_ament_install']
[0.282s] Level 1:colcon.colcon_core.package_identification:_identify(src/time_tf2_py) by extension 'ignore'
[0.282s] Level 1:colcon.colcon_core.package_identification:_identify(src/time_tf2_py) by extension 'ignore_ament_install'
[0.282s] Level 1:colcon.colcon_core.package_identification:_identify(src/time_tf2_py) by extensions ['colcon_pkg']
[0.282s] Level 1:colcon.colcon_core.package_identification:_identify(src/time_tf2_py) by extension 'colcon_pkg'
[0.282s] Level 1:colcon.colcon_core.package_identification:_identify(src/time_tf2_py) by extensions ['colcon_meta']
[0.282s] Level 1:colcon.colcon_core.package_identification:_identify(src/time_tf2_py) by extension 'colcon_meta'
[0.282s] Level 1:colcon.colcon_core.package_identification:_identify(src/time_tf2_py) by extensions ['ros']
[0.282s] Level 1:colcon.colcon_core.package_identification:_identify(src/time_tf2_py) by extension 'ros'
[0.283s] DEBUG:colcon.colcon_core.package_identification:Package 'src/time_tf2_py' with type 'ros.ament_python' and name 'time_tf2_py'
[0.283s] Level 1:colcon.colcon_core.package_identification:_identify(src/turtle_interfaces) by extensions ['ignore', 'ignore_ament_install']
[0.283s] Level 1:colcon.colcon_core.package_identification:_identify(src/turtle_interfaces) by extension 'ignore'
[0.283s] Level 1:colcon.colcon_core.package_identification:_identify(src/turtle_interfaces) by extension 'ignore_ament_install'
[0.283s] Level 1:colcon.colcon_core.package_identification:_identify(src/turtle_interfaces) by extensions ['colcon_pkg']
[0.283s] Level 1:colcon.colcon_core.package_identification:_identify(src/turtle_interfaces) by extension 'colcon_pkg'
[0.283s] Level 1:colcon.colcon_core.package_identification:_identify(src/turtle_interfaces) by extensions ['colcon_meta']
[0.283s] Level 1:colcon.colcon_core.package_identification:_identify(src/turtle_interfaces) by extension 'colcon_meta'
[0.283s] Level 1:colcon.colcon_core.package_identification:_identify(src/turtle_interfaces) by extensions ['ros']
[0.283s] Level 1:colcon.colcon_core.package_identification:_identify(src/turtle_interfaces) by extension 'ros'
[0.283s] DEBUG:colcon.colcon_core.package_identification:Package 'src/turtle_interfaces' with type 'ros.ament_cmake' and name 'turtle_interfaces'
[0.283s] Level 1:colcon.colcon_core.package_identification:_identify(src/turtle_test) by extensions ['ignore', 'ignore_ament_install']
[0.283s] Level 1:colcon.colcon_core.package_identification:_identify(src/turtle_test) by extension 'ignore'
[0.283s] Level 1:colcon.colcon_core.package_identification:_identify(src/turtle_test) by extension 'ignore_ament_install'
[0.283s] Level 1:colcon.colcon_core.package_identification:_identify(src/turtle_test) by extensions ['colcon_pkg']
[0.283s] Level 1:colcon.colcon_core.package_identification:_identify(src/turtle_test) by extension 'colcon_pkg'
[0.283s] Level 1:colcon.colcon_core.package_identification:_identify(src/turtle_test) by extensions ['colcon_meta']
[0.283s] Level 1:colcon.colcon_core.package_identification:_identify(src/turtle_test) by extension 'colcon_meta'
[0.283s] Level 1:colcon.colcon_core.package_identification:_identify(src/turtle_test) by extensions ['ros']
[0.283s] Level 1:colcon.colcon_core.package_identification:_identify(src/turtle_test) by extension 'ros'
[0.284s] DEBUG:colcon.colcon_core.package_identification:Package 'src/turtle_test' with type 'ros.ament_python' and name 'turtle_test'
[0.284s] Level 1:colcon.colcon_core.package_discovery:discover_packages(recursive) using defaults
[0.284s] Level 1:colcon.colcon_core.package_discovery:discover_packages(ignore) discover
[0.284s] Level 1:colcon.colcon_core.package_discovery:discover_packages(ignore) using defaults
[0.284s] Level 1:colcon.colcon_core.package_discovery:discover_packages(path) discover
[0.284s] Level 1:colcon.colcon_core.package_discovery:discover_packages(path) using defaults
[0.307s] Level 1:colcon.colcon_core.package_discovery:discover_packages(prefix_path) check parameters
[0.307s] Level 1:colcon.colcon_core.package_discovery:discover_packages(prefix_path) discover
[0.312s] DEBUG:colcon.colcon_installed_package_information.package_discovery:Found 27 installed packages in /home/yahboom/intro_ws/install
[0.313s] DEBUG:colcon.colcon_installed_package_information.package_discovery:Found 19 installed packages in /home/yahboom/yahboomcar_ws/install
[0.313s] DEBUG:colcon.colcon_installed_package_information.package_discovery:Found 2 installed packages in /home/yahboom/gmapping_ws/install
[0.315s] DEBUG:colcon.colcon_installed_package_information.package_discovery:Found 76 installed packages in /home/yahboom/cartoros2/install
[0.316s] DEBUG:colcon.colcon_installed_package_information.package_discovery:Found 348 installed packages in /opt/ros/humble
[0.319s] Level 1:colcon.colcon_core.package_discovery:discover_packages(prefix_path) using defaults
[0.359s] WARNING:colcon.colcon_core.package_selection:Some selected packages are already built in one or more underlay workspaces:
	'examples_rclpy_minimal_service' is in: /home/yahboom/intro_ws/install/examples_rclpy_minimal_service, /opt/ros/humble
	'examples_rclpy_minimal_client' is in: /home/yahboom/intro_ws/install/examples_rclpy_minimal_client, /opt/ros/humble
	'examples_rclcpp_minimal_action_client' is in: /home/yahboom/intro_ws/install/examples_rclcpp_minimal_action_client, /opt/ros/humble
	'examples_rclpy_minimal_action_client' is in: /home/yahboom/intro_ws/install/examples_rclpy_minimal_action_client, /opt/ros/humble
	'examples_rclcpp_minimal_service' is in: /home/yahboom/intro_ws/install/examples_rclcpp_minimal_service, /opt/ros/humble
	'examples_rclcpp_minimal_subscriber' is in: /home/yahboom/intro_ws/install/examples_rclcpp_minimal_subscriber, /opt/ros/humble
	'examples_rclcpp_minimal_composition' is in: /home/yahboom/intro_ws/install/examples_rclcpp_minimal_composition, /opt/ros/humble
	'examples_rclcpp_minimal_timer' is in: /home/yahboom/intro_ws/install/examples_rclcpp_minimal_timer, /opt/ros/humble
	'examples_rclcpp_minimal_publisher' is in: /home/yahboom/intro_ws/install/examples_rclcpp_minimal_publisher, /opt/ros/humble
	'examples_rclcpp_multithreaded_executor' is in: /home/yahboom/intro_ws/install/examples_rclcpp_multithreaded_executor, /opt/ros/humble
	'examples_rclpy_minimal_publisher' is in: /home/yahboom/intro_ws/install/examples_rclpy_minimal_publisher, /opt/ros/humble
	'examples_rclpy_minimal_action_server' is in: /home/yahboom/intro_ws/install/examples_rclpy_minimal_action_server, /opt/ros/humble
	'examples_rclcpp_minimal_action_server' is in: /home/yahboom/intro_ws/install/examples_rclcpp_minimal_action_server, /opt/ros/humble
	'examples_rclpy_executors' is in: /home/yahboom/intro_ws/install/examples_rclpy_executors, /opt/ros/humble
	'examples_rclcpp_minimal_client' is in: /home/yahboom/intro_ws/install/examples_rclcpp_minimal_client, /opt/ros/humble
	'examples_rclpy_minimal_subscriber' is in: /home/yahboom/intro_ws/install/examples_rclpy_minimal_subscriber, /opt/ros/humble
If a package in a merged underlay workspace is overridden and it installs headers, then all packages in the overlay must sort their include directories by workspace order. Failure to do so may result in build failures or undefined behavior at run time.
If the overridden package is used by another package in any underlay, then the overriding package in the overlay must be API and ABI compatible or undefined behavior at run time may occur.

If you understand the risks and want to override a package anyways, add the following to the command line:
	--allow-overriding examples_rclcpp_minimal_action_client examples_rclcpp_minimal_action_server examples_rclcpp_minimal_client examples_rclcpp_minimal_composition examples_rclcpp_minimal_publisher examples_rclcpp_minimal_service examples_rclcpp_minimal_subscriber examples_rclcpp_minimal_timer examples_rclcpp_multithreaded_executor examples_rclpy_executors examples_rclpy_minimal_action_client examples_rclpy_minimal_action_server examples_rclpy_minimal_client examples_rclpy_minimal_publisher examples_rclpy_minimal_service examples_rclpy_minimal_subscriber

This may be promoted to an error in a future release of colcon-override-check.
[0.360s] Level 5:colcon.colcon_core.verb:set package 'examples_rclcpp_async_client' build argument 'cmake_args' from command line to 'None'
[0.360s] Level 5:colcon.colcon_core.verb:set package 'examples_rclcpp_async_client' build argument 'cmake_target' from command line to 'None'
[0.360s] Level 5:colcon.colcon_core.verb:set package 'examples_rclcpp_async_client' build argument 'cmake_target_skip_unavailable' from command line to 'False'
[0.360s] Level 5:colcon.colcon_core.verb:set package 'examples_rclcpp_async_client' build argument 'cmake_clean_cache' from command line to 'False'
[0.360s] Level 5:colcon.colcon_core.verb:set package 'examples_rclcpp_async_client' build argument 'cmake_clean_first' from command line to 'False'
[0.360s] Level 5:colcon.colcon_core.verb:set package 'examples_rclcpp_async_client' build argument 'cmake_force_configure' from command line to 'False'
[0.360s] Level 5:colcon.colcon_core.verb:set package 'examples_rclcpp_async_client' build argument 'ament_cmake_args' from command line to 'None'
[0.360s] Level 5:colcon.colcon_core.verb:set package 'examples_rclcpp_async_client' build argument 'catkin_cmake_args' from command line to 'None'
[0.360s] Level 5:colcon.colcon_core.verb:set package 'examples_rclcpp_async_client' build argument 'catkin_skip_building_tests' from command line to 'False'
[0.360s] DEBUG:colcon.colcon_core.verb:Building package 'examples_rclcpp_async_client' with the following arguments: {'ament_cmake_args': None, 'build_base': '/home/yahboom/intro_ws/build/examples_rclcpp_async_client', 'catkin_cmake_args': None, 'catkin_skip_building_tests': False, 'cmake_args': None, 'cmake_clean_cache': False, 'cmake_clean_first': False, 'cmake_force_configure': False, 'cmake_target': None, 'cmake_target_skip_unavailable': False, 'install_base': '/home/yahboom/intro_ws/install/examples_rclcpp_async_client', 'merge_install': False, 'path': '/home/yahboom/intro_ws/src/examples/rclcpp/services/async_client', 'symlink_install': True, 'test_result_base': None}
[0.360s] Level 5:colcon.colcon_core.verb:set package 'examples_rclcpp_cbg_executor' build argument 'cmake_args' from command line to 'None'
[0.360s] Level 5:colcon.colcon_core.verb:set package 'examples_rclcpp_cbg_executor' build argument 'cmake_target' from command line to 'None'
[0.360s] Level 5:colcon.colcon_core.verb:set package 'examples_rclcpp_cbg_executor' build argument 'cmake_target_skip_unavailable' from command line to 'False'
[0.360s] Level 5:colcon.colcon_core.verb:set package 'examples_rclcpp_cbg_executor' build argument 'cmake_clean_cache' from command line to 'False'
[0.360s] Level 5:colcon.colcon_core.verb:set package 'examples_rclcpp_cbg_executor' build argument 'cmake_clean_first' from command line to 'False'
[0.360s] Level 5:colcon.colcon_core.verb:set package 'examples_rclcpp_cbg_executor' build argument 'cmake_force_configure' from command line to 'False'
[0.360s] Level 5:colcon.colcon_core.verb:set package 'examples_rclcpp_cbg_executor' build argument 'ament_cmake_args' from command line to 'None'
[0.360s] Level 5:colcon.colcon_core.verb:set package 'examples_rclcpp_cbg_executor' build argument 'catkin_cmake_args' from command line to 'None'
[0.360s] Level 5:colcon.colcon_core.verb:set package 'examples_rclcpp_cbg_executor' build argument 'catkin_skip_building_tests' from command line to 'False'
[0.360s] DEBUG:colcon.colcon_core.verb:Building package 'examples_rclcpp_cbg_executor' with the following arguments: {'ament_cmake_args': None, 'build_base': '/home/yahboom/intro_ws/build/examples_rclcpp_cbg_executor', 'catkin_cmake_args': None, 'catkin_skip_building_tests': False, 'cmake_args': None, 'cmake_clean_cache': False, 'cmake_clean_first': False, 'cmake_force_configure': False, 'cmake_target': None, 'cmake_target_skip_unavailable': False, 'install_base': '/home/yahboom/intro_ws/install/examples_rclcpp_cbg_executor', 'merge_install': False, 'path': '/home/yahboom/intro_ws/src/examples/rclcpp/executors/cbg_executor', 'symlink_install': True, 'test_result_base': None}
[0.361s] Level 5:colcon.colcon_core.verb:set package 'examples_rclcpp_minimal_action_client' build argument 'cmake_args' from command line to 'None'
[0.361s] Level 5:colcon.colcon_core.verb:set package 'examples_rclcpp_minimal_action_client' build argument 'cmake_target' from command line to 'None'
[0.361s] Level 5:colcon.colcon_core.verb:set package 'examples_rclcpp_minimal_action_client' build argument 'cmake_target_skip_unavailable' from command line to 'False'
[0.361s] Level 5:colcon.colcon_core.verb:set package 'examples_rclcpp_minimal_action_client' build argument 'cmake_clean_cache' from command line to 'False'
[0.361s] Level 5:colcon.colcon_core.verb:set package 'examples_rclcpp_minimal_action_client' build argument 'cmake_clean_first' from command line to 'False'
[0.361s] Level 5:colcon.colcon_core.verb:set package 'examples_rclcpp_minimal_action_client' build argument 'cmake_force_configure' from command line to 'False'
[0.361s] Level 5:colcon.colcon_core.verb:set package 'examples_rclcpp_minimal_action_client' build argument 'ament_cmake_args' from command line to 'None'
[0.361s] Level 5:colcon.colcon_core.verb:set package 'examples_rclcpp_minimal_action_client' build argument 'catkin_cmake_args' from command line to 'None'
[0.361s] Level 5:colcon.colcon_core.verb:set package 'examples_rclcpp_minimal_action_client' build argument 'catkin_skip_building_tests' from command line to 'False'
[0.361s] DEBUG:colcon.colcon_core.verb:Building package 'examples_rclcpp_minimal_action_client' with the following arguments: {'ament_cmake_args': None, 'build_base': '/home/yahboom/intro_ws/build/examples_rclcpp_minimal_action_client', 'catkin_cmake_args': None, 'catkin_skip_building_tests': False, 'cmake_args': None, 'cmake_clean_cache': False, 'cmake_clean_first': False, 'cmake_force_configure': False, 'cmake_target': None, 'cmake_target_skip_unavailable': False, 'install_base': '/home/yahboom/intro_ws/install/examples_rclcpp_minimal_action_client', 'merge_install': False, 'path': '/home/yahboom/intro_ws/src/examples/rclcpp/actions/minimal_action_client', 'symlink_install': True, 'test_result_base': None}
[0.361s] Level 5:colcon.colcon_core.verb:set package 'examples_rclcpp_minimal_action_server' build argument 'cmake_args' from command line to 'None'
[0.361s] Level 5:colcon.colcon_core.verb:set package 'examples_rclcpp_minimal_action_server' build argument 'cmake_target' from command line to 'None'
[0.361s] Level 5:colcon.colcon_core.verb:set package 'examples_rclcpp_minimal_action_server' build argument 'cmake_target_skip_unavailable' from command line to 'False'
[0.361s] Level 5:colcon.colcon_core.verb:set package 'examples_rclcpp_minimal_action_server' build argument 'cmake_clean_cache' from command line to 'False'
[0.361s] Level 5:colcon.colcon_core.verb:set package 'examples_rclcpp_minimal_action_server' build argument 'cmake_clean_first' from command line to 'False'
[0.361s] Level 5:colcon.colcon_core.verb:set package 'examples_rclcpp_minimal_action_server' build argument 'cmake_force_configure' from command line to 'False'
[0.361s] Level 5:colcon.colcon_core.verb:set package 'examples_rclcpp_minimal_action_server' build argument 'ament_cmake_args' from command line to 'None'
[0.361s] Level 5:colcon.colcon_core.verb:set package 'examples_rclcpp_minimal_action_server' build argument 'catkin_cmake_args' from command line to 'None'
[0.361s] Level 5:colcon.colcon_core.verb:set package 'examples_rclcpp_minimal_action_server' build argument 'catkin_skip_building_tests' from command line to 'False'
[0.361s] DEBUG:colcon.colcon_core.verb:Building package 'examples_rclcpp_minimal_action_server' with the following arguments: {'ament_cmake_args': None, 'build_base': '/home/yahboom/intro_ws/build/examples_rclcpp_minimal_action_server', 'catkin_cmake_args': None, 'catkin_skip_building_tests': False, 'cmake_args': None, 'cmake_clean_cache': False, 'cmake_clean_first': False, 'cmake_force_configure': False, 'cmake_target': None, 'cmake_target_skip_unavailable': False, 'install_base': '/home/yahboom/intro_ws/install/examples_rclcpp_minimal_action_server', 'merge_install': False, 'path': '/home/yahboom/intro_ws/src/examples/rclcpp/actions/minimal_action_server', 'symlink_install': True, 'test_result_base': None}
[0.361s] Level 5:colcon.colcon_core.verb:set package 'examples_rclcpp_minimal_client' build argument 'cmake_args' from command line to 'None'
[0.361s] Level 5:colcon.colcon_core.verb:set package 'examples_rclcpp_minimal_client' build argument 'cmake_target' from command line to 'None'
[0.361s] Level 5:colcon.colcon_core.verb:set package 'examples_rclcpp_minimal_client' build argument 'cmake_target_skip_unavailable' from command line to 'False'
[0.361s] Level 5:colcon.colcon_core.verb:set package 'examples_rclcpp_minimal_client' build argument 'cmake_clean_cache' from command line to 'False'
[0.361s] Level 5:colcon.colcon_core.verb:set package 'examples_rclcpp_minimal_client' build argument 'cmake_clean_first' from command line to 'False'
[0.361s] Level 5:colcon.colcon_core.verb:set package 'examples_rclcpp_minimal_client' build argument 'cmake_force_configure' from command line to 'False'
[0.361s] Level 5:colcon.colcon_core.verb:set package 'examples_rclcpp_minimal_client' build argument 'ament_cmake_args' from command line to 'None'
[0.361s] Level 5:colcon.colcon_core.verb:set package 'examples_rclcpp_minimal_client' build argument 'catkin_cmake_args' from command line to 'None'
[0.361s] Level 5:colcon.colcon_core.verb:set package 'examples_rclcpp_minimal_client' build argument 'catkin_skip_building_tests' from command line to 'False'
[0.361s] DEBUG:colcon.colcon_core.verb:Building package 'examples_rclcpp_minimal_client' with the following arguments: {'ament_cmake_args': None, 'build_base': '/home/yahboom/intro_ws/build/examples_rclcpp_minimal_client', 'catkin_cmake_args': None, 'catkin_skip_building_tests': False, 'cmake_args': None, 'cmake_clean_cache': False, 'cmake_clean_first': False, 'cmake_force_configure': False, 'cmake_target': None, 'cmake_target_skip_unavailable': False, 'install_base': '/home/yahboom/intro_ws/install/examples_rclcpp_minimal_client', 'merge_install': False, 'path': '/home/yahboom/intro_ws/src/examples/rclcpp/services/minimal_client', 'symlink_install': True, 'test_result_base': None}
[0.361s] Level 5:colcon.colcon_core.verb:set package 'examples_rclcpp_minimal_composition' build argument 'cmake_args' from command line to 'None'
[0.361s] Level 5:colcon.colcon_core.verb:set package 'examples_rclcpp_minimal_composition' build argument 'cmake_target' from command line to 'None'
[0.361s] Level 5:colcon.colcon_core.verb:set package 'examples_rclcpp_minimal_composition' build argument 'cmake_target_skip_unavailable' from command line to 'False'
[0.361s] Level 5:colcon.colcon_core.verb:set package 'examples_rclcpp_minimal_composition' build argument 'cmake_clean_cache' from command line to 'False'
[0.361s] Level 5:colcon.colcon_core.verb:set package 'examples_rclcpp_minimal_composition' build argument 'cmake_clean_first' from command line to 'False'
[0.361s] Level 5:colcon.colcon_core.verb:set package 'examples_rclcpp_minimal_composition' build argument 'cmake_force_configure' from command line to 'False'
[0.362s] Level 5:colcon.colcon_core.verb:set package 'examples_rclcpp_minimal_composition' build argument 'ament_cmake_args' from command line to 'None'
[0.362s] Level 5:colcon.colcon_core.verb:set package 'examples_rclcpp_minimal_composition' build argument 'catkin_cmake_args' from command line to 'None'
[0.362s] Level 5:colcon.colcon_core.verb:set package 'examples_rclcpp_minimal_composition' build argument 'catkin_skip_building_tests' from command line to 'False'
[0.362s] DEBUG:colcon.colcon_core.verb:Building package 'examples_rclcpp_minimal_composition' with the following arguments: {'ament_cmake_args': None, 'build_base': '/home/yahboom/intro_ws/build/examples_rclcpp_minimal_composition', 'catkin_cmake_args': None, 'catkin_skip_building_tests': False, 'cmake_args': None, 'cmake_clean_cache': False, 'cmake_clean_first': False, 'cmake_force_configure': False, 'cmake_target': None, 'cmake_target_skip_unavailable': False, 'install_base': '/home/yahboom/intro_ws/install/examples_rclcpp_minimal_composition', 'merge_install': False, 'path': '/home/yahboom/intro_ws/src/examples/rclcpp/composition/minimal_composition', 'symlink_install': True, 'test_result_base': None}
[0.362s] Level 5:colcon.colcon_core.verb:set package 'examples_rclcpp_minimal_publisher' build argument 'cmake_args' from command line to 'None'
[0.362s] Level 5:colcon.colcon_core.verb:set package 'examples_rclcpp_minimal_publisher' build argument 'cmake_target' from command line to 'None'
[0.362s] Level 5:colcon.colcon_core.verb:set package 'examples_rclcpp_minimal_publisher' build argument 'cmake_target_skip_unavailable' from command line to 'False'
[0.362s] Level 5:colcon.colcon_core.verb:set package 'examples_rclcpp_minimal_publisher' build argument 'cmake_clean_cache' from command line to 'False'
[0.362s] Level 5:colcon.colcon_core.verb:set package 'examples_rclcpp_minimal_publisher' build argument 'cmake_clean_first' from command line to 'False'
[0.362s] Level 5:colcon.colcon_core.verb:set package 'examples_rclcpp_minimal_publisher' build argument 'cmake_force_configure' from command line to 'False'
[0.362s] Level 5:colcon.colcon_core.verb:set package 'examples_rclcpp_minimal_publisher' build argument 'ament_cmake_args' from command line to 'None'
[0.362s] Level 5:colcon.colcon_core.verb:set package 'examples_rclcpp_minimal_publisher' build argument 'catkin_cmake_args' from command line to 'None'
[0.362s] Level 5:colcon.colcon_core.verb:set package 'examples_rclcpp_minimal_publisher' build argument 'catkin_skip_building_tests' from command line to 'False'
[0.362s] DEBUG:colcon.colcon_core.verb:Building package 'examples_rclcpp_minimal_publisher' with the following arguments: {'ament_cmake_args': None, 'build_base': '/home/yahboom/intro_ws/build/examples_rclcpp_minimal_publisher', 'catkin_cmake_args': None, 'catkin_skip_building_tests': False, 'cmake_args': None, 'cmake_clean_cache': False, 'cmake_clean_first': False, 'cmake_force_configure': False, 'cmake_target': None, 'cmake_target_skip_unavailable': False, 'install_base': '/home/yahboom/intro_ws/install/examples_rclcpp_minimal_publisher', 'merge_install': False, 'path': '/home/yahboom/intro_ws/src/examples/rclcpp/topics/minimal_publisher', 'symlink_install': True, 'test_result_base': None}
[0.362s] Level 5:colcon.colcon_core.verb:set package 'examples_rclcpp_minimal_service' build argument 'cmake_args' from command line to 'None'
[0.362s] Level 5:colcon.colcon_core.verb:set package 'examples_rclcpp_minimal_service' build argument 'cmake_target' from command line to 'None'
[0.362s] Level 5:colcon.colcon_core.verb:set package 'examples_rclcpp_minimal_service' build argument 'cmake_target_skip_unavailable' from command line to 'False'
[0.362s] Level 5:colcon.colcon_core.verb:set package 'examples_rclcpp_minimal_service' build argument 'cmake_clean_cache' from command line to 'False'
[0.362s] Level 5:colcon.colcon_core.verb:set package 'examples_rclcpp_minimal_service' build argument 'cmake_clean_first' from command line to 'False'
[0.362s] Level 5:colcon.colcon_core.verb:set package 'examples_rclcpp_minimal_service' build argument 'cmake_force_configure' from command line to 'False'
[0.362s] Level 5:colcon.colcon_core.verb:set package 'examples_rclcpp_minimal_service' build argument 'ament_cmake_args' from command line to 'None'
[0.362s] Level 5:colcon.colcon_core.verb:set package 'examples_rclcpp_minimal_service' build argument 'catkin_cmake_args' from command line to 'None'
[0.362s] Level 5:colcon.colcon_core.verb:set package 'examples_rclcpp_minimal_service' build argument 'catkin_skip_building_tests' from command line to 'False'
[0.362s] DEBUG:colcon.colcon_core.verb:Building package 'examples_rclcpp_minimal_service' with the following arguments: {'ament_cmake_args': None, 'build_base': '/home/yahboom/intro_ws/build/examples_rclcpp_minimal_service', 'catkin_cmake_args': None, 'catkin_skip_building_tests': False, 'cmake_args': None, 'cmake_clean_cache': False, 'cmake_clean_first': False, 'cmake_force_configure': False, 'cmake_target': None, 'cmake_target_skip_unavailable': False, 'install_base': '/home/yahboom/intro_ws/install/examples_rclcpp_minimal_service', 'merge_install': False, 'path': '/home/yahboom/intro_ws/src/examples/rclcpp/services/minimal_service', 'symlink_install': True, 'test_result_base': None}
[0.362s] Level 5:colcon.colcon_core.verb:set package 'examples_rclcpp_minimal_subscriber' build argument 'cmake_args' from command line to 'None'
[0.362s] Level 5:colcon.colcon_core.verb:set package 'examples_rclcpp_minimal_subscriber' build argument 'cmake_target' from command line to 'None'
[0.362s] Level 5:colcon.colcon_core.verb:set package 'examples_rclcpp_minimal_subscriber' build argument 'cmake_target_skip_unavailable' from command line to 'False'
[0.362s] Level 5:colcon.colcon_core.verb:set package 'examples_rclcpp_minimal_subscriber' build argument 'cmake_clean_cache' from command line to 'False'
[0.362s] Level 5:colcon.colcon_core.verb:set package 'examples_rclcpp_minimal_subscriber' build argument 'cmake_clean_first' from command line to 'False'
[0.362s] Level 5:colcon.colcon_core.verb:set package 'examples_rclcpp_minimal_subscriber' build argument 'cmake_force_configure' from command line to 'False'
[0.362s] Level 5:colcon.colcon_core.verb:set package 'examples_rclcpp_minimal_subscriber' build argument 'ament_cmake_args' from command line to 'None'
[0.362s] Level 5:colcon.colcon_core.verb:set package 'examples_rclcpp_minimal_subscriber' build argument 'catkin_cmake_args' from command line to 'None'
[0.362s] Level 5:colcon.colcon_core.verb:set package 'examples_rclcpp_minimal_subscriber' build argument 'catkin_skip_building_tests' from command line to 'False'
[0.362s] DEBUG:colcon.colcon_core.verb:Building package 'examples_rclcpp_minimal_subscriber' with the following arguments: {'ament_cmake_args': None, 'build_base': '/home/yahboom/intro_ws/build/examples_rclcpp_minimal_subscriber', 'catkin_cmake_args': None, 'catkin_skip_building_tests': False, 'cmake_args': None, 'cmake_clean_cache': False, 'cmake_clean_first': False, 'cmake_force_configure': False, 'cmake_target': None, 'cmake_target_skip_unavailable': False, 'install_base': '/home/yahboom/intro_ws/install/examples_rclcpp_minimal_subscriber', 'merge_install': False, 'path': '/home/yahboom/intro_ws/src/examples/rclcpp/topics/minimal_subscriber', 'symlink_install': True, 'test_result_base': None}
[0.363s] Level 5:colcon.colcon_core.verb:set package 'examples_rclcpp_minimal_timer' build argument 'cmake_args' from command line to 'None'
[0.363s] Level 5:colcon.colcon_core.verb:set package 'examples_rclcpp_minimal_timer' build argument 'cmake_target' from command line to 'None'
[0.363s] Level 5:colcon.colcon_core.verb:set package 'examples_rclcpp_minimal_timer' build argument 'cmake_target_skip_unavailable' from command line to 'False'
[0.363s] Level 5:colcon.colcon_core.verb:set package 'examples_rclcpp_minimal_timer' build argument 'cmake_clean_cache' from command line to 'False'
[0.363s] Level 5:colcon.colcon_core.verb:set package 'examples_rclcpp_minimal_timer' build argument 'cmake_clean_first' from command line to 'False'
[0.363s] Level 5:colcon.colcon_core.verb:set package 'examples_rclcpp_minimal_timer' build argument 'cmake_force_configure' from command line to 'False'
[0.363s] Level 5:colcon.colcon_core.verb:set package 'examples_rclcpp_minimal_timer' build argument 'ament_cmake_args' from command line to 'None'
[0.363s] Level 5:colcon.colcon_core.verb:set package 'examples_rclcpp_minimal_timer' build argument 'catkin_cmake_args' from command line to 'None'
[0.363s] Level 5:colcon.colcon_core.verb:set package 'examples_rclcpp_minimal_timer' build argument 'catkin_skip_building_tests' from command line to 'False'
[0.363s] DEBUG:colcon.colcon_core.verb:Building package 'examples_rclcpp_minimal_timer' with the following arguments: {'ament_cmake_args': None, 'build_base': '/home/yahboom/intro_ws/build/examples_rclcpp_minimal_timer', 'catkin_cmake_args': None, 'catkin_skip_building_tests': False, 'cmake_args': None, 'cmake_clean_cache': False, 'cmake_clean_first': False, 'cmake_force_configure': False, 'cmake_target': None, 'cmake_target_skip_unavailable': False, 'install_base': '/home/yahboom/intro_ws/install/examples_rclcpp_minimal_timer', 'merge_install': False, 'path': '/home/yahboom/intro_ws/src/examples/rclcpp/timers/minimal_timer', 'symlink_install': True, 'test_result_base': None}
[0.363s] Level 5:colcon.colcon_core.verb:set package 'examples_rclcpp_multithreaded_executor' build argument 'cmake_args' from command line to 'None'
[0.363s] Level 5:colcon.colcon_core.verb:set package 'examples_rclcpp_multithreaded_executor' build argument 'cmake_target' from command line to 'None'
[0.363s] Level 5:colcon.colcon_core.verb:set package 'examples_rclcpp_multithreaded_executor' build argument 'cmake_target_skip_unavailable' from command line to 'False'
[0.363s] Level 5:colcon.colcon_core.verb:set package 'examples_rclcpp_multithreaded_executor' build argument 'cmake_clean_cache' from command line to 'False'
[0.363s] Level 5:colcon.colcon_core.verb:set package 'examples_rclcpp_multithreaded_executor' build argument 'cmake_clean_first' from command line to 'False'
[0.363s] Level 5:colcon.colcon_core.verb:set package 'examples_rclcpp_multithreaded_executor' build argument 'cmake_force_configure' from command line to 'False'
[0.363s] Level 5:colcon.colcon_core.verb:set package 'examples_rclcpp_multithreaded_executor' build argument 'ament_cmake_args' from command line to 'None'
[0.363s] Level 5:colcon.colcon_core.verb:set package 'examples_rclcpp_multithreaded_executor' build argument 'catkin_cmake_args' from command line to 'None'
[0.363s] Level 5:colcon.colcon_core.verb:set package 'examples_rclcpp_multithreaded_executor' build argument 'catkin_skip_building_tests' from command line to 'False'
[0.363s] DEBUG:colcon.colcon_core.verb:Building package 'examples_rclcpp_multithreaded_executor' with the following arguments: {'ament_cmake_args': None, 'build_base': '/home/yahboom/intro_ws/build/examples_rclcpp_multithreaded_executor', 'catkin_cmake_args': None, 'catkin_skip_building_tests': False, 'cmake_args': None, 'cmake_clean_cache': False, 'cmake_clean_first': False, 'cmake_force_configure': False, 'cmake_target': None, 'cmake_target_skip_unavailable': False, 'install_base': '/home/yahboom/intro_ws/install/examples_rclcpp_multithreaded_executor', 'merge_install': False, 'path': '/home/yahboom/intro_ws/src/examples/rclcpp/executors/multithreaded_executor', 'symlink_install': True, 'test_result_base': None}
[0.363s] Level 5:colcon.colcon_core.verb:set package 'examples_rclcpp_wait_set' build argument 'cmake_args' from command line to 'None'
[0.363s] Level 5:colcon.colcon_core.verb:set package 'examples_rclcpp_wait_set' build argument 'cmake_target' from command line to 'None'
[0.363s] Level 5:colcon.colcon_core.verb:set package 'examples_rclcpp_wait_set' build argument 'cmake_target_skip_unavailable' from command line to 'False'
[0.363s] Level 5:colcon.colcon_core.verb:set package 'examples_rclcpp_wait_set' build argument 'cmake_clean_cache' from command line to 'False'
[0.363s] Level 5:colcon.colcon_core.verb:set package 'examples_rclcpp_wait_set' build argument 'cmake_clean_first' from command line to 'False'
[0.363s] Level 5:colcon.colcon_core.verb:set package 'examples_rclcpp_wait_set' build argument 'cmake_force_configure' from command line to 'False'
[0.363s] Level 5:colcon.colcon_core.verb:set package 'examples_rclcpp_wait_set' build argument 'ament_cmake_args' from command line to 'None'
[0.363s] Level 5:colcon.colcon_core.verb:set package 'examples_rclcpp_wait_set' build argument 'catkin_cmake_args' from command line to 'None'
[0.363s] Level 5:colcon.colcon_core.verb:set package 'examples_rclcpp_wait_set' build argument 'catkin_skip_building_tests' from command line to 'False'
[0.363s] DEBUG:colcon.colcon_core.verb:Building package 'examples_rclcpp_wait_set' with the following arguments: {'ament_cmake_args': None, 'build_base': '/home/yahboom/intro_ws/build/examples_rclcpp_wait_set', 'catkin_cmake_args': None, 'catkin_skip_building_tests': False, 'cmake_args': None, 'cmake_clean_cache': False, 'cmake_clean_first': False, 'cmake_force_configure': False, 'cmake_target': None, 'cmake_target_skip_unavailable': False, 'install_base': '/home/yahboom/intro_ws/install/examples_rclcpp_wait_set', 'merge_install': False, 'path': '/home/yahboom/intro_ws/src/examples/rclcpp/wait_set', 'symlink_install': True, 'test_result_base': None}
[0.364s] Level 5:colcon.colcon_core.verb:set package 'examples_rclpy_executors' build argument 'cmake_args' from command line to 'None'
[0.364s] Level 5:colcon.colcon_core.verb:set package 'examples_rclpy_executors' build argument 'cmake_target' from command line to 'None'
[0.364s] Level 5:colcon.colcon_core.verb:set package 'examples_rclpy_executors' build argument 'cmake_target_skip_unavailable' from command line to 'False'
[0.364s] Level 5:colcon.colcon_core.verb:set package 'examples_rclpy_executors' build argument 'cmake_clean_cache' from command line to 'False'
[0.364s] Level 5:colcon.colcon_core.verb:set package 'examples_rclpy_executors' build argument 'cmake_clean_first' from command line to 'False'
[0.364s] Level 5:colcon.colcon_core.verb:set package 'examples_rclpy_executors' build argument 'cmake_force_configure' from command line to 'False'
[0.364s] Level 5:colcon.colcon_core.verb:set package 'examples_rclpy_executors' build argument 'ament_cmake_args' from command line to 'None'
[0.364s] Level 5:colcon.colcon_core.verb:set package 'examples_rclpy_executors' build argument 'catkin_cmake_args' from command line to 'None'
[0.364s] Level 5:colcon.colcon_core.verb:set package 'examples_rclpy_executors' build argument 'catkin_skip_building_tests' from command line to 'False'
[0.364s] DEBUG:colcon.colcon_core.verb:Building package 'examples_rclpy_executors' with the following arguments: {'ament_cmake_args': None, 'build_base': '/home/yahboom/intro_ws/build/examples_rclpy_executors', 'catkin_cmake_args': None, 'catkin_skip_building_tests': False, 'cmake_args': None, 'cmake_clean_cache': False, 'cmake_clean_first': False, 'cmake_force_configure': False, 'cmake_target': None, 'cmake_target_skip_unavailable': False, 'install_base': '/home/yahboom/intro_ws/install/examples_rclpy_executors', 'merge_install': False, 'path': '/home/yahboom/intro_ws/src/examples/rclpy/executors', 'symlink_install': True, 'test_result_base': None}
[0.364s] Level 5:colcon.colcon_core.verb:set package 'examples_rclpy_guard_conditions' build argument 'cmake_args' from command line to 'None'
[0.364s] Level 5:colcon.colcon_core.verb:set package 'examples_rclpy_guard_conditions' build argument 'cmake_target' from command line to 'None'
[0.364s] Level 5:colcon.colcon_core.verb:set package 'examples_rclpy_guard_conditions' build argument 'cmake_target_skip_unavailable' from command line to 'False'
[0.364s] Level 5:colcon.colcon_core.verb:set package 'examples_rclpy_guard_conditions' build argument 'cmake_clean_cache' from command line to 'False'
[0.364s] Level 5:colcon.colcon_core.verb:set package 'examples_rclpy_guard_conditions' build argument 'cmake_clean_first' from command line to 'False'
[0.364s] Level 5:colcon.colcon_core.verb:set package 'examples_rclpy_guard_conditions' build argument 'cmake_force_configure' from command line to 'False'
[0.364s] Level 5:colcon.colcon_core.verb:set package 'examples_rclpy_guard_conditions' build argument 'ament_cmake_args' from command line to 'None'
[0.364s] Level 5:colcon.colcon_core.verb:set package 'examples_rclpy_guard_conditions' build argument 'catkin_cmake_args' from command line to 'None'
[0.364s] Level 5:colcon.colcon_core.verb:set package 'examples_rclpy_guard_conditions' build argument 'catkin_skip_building_tests' from command line to 'False'
[0.364s] DEBUG:colcon.colcon_core.verb:Building package 'examples_rclpy_guard_conditions' with the following arguments: {'ament_cmake_args': None, 'build_base': '/home/yahboom/intro_ws/build/examples_rclpy_guard_conditions', 'catkin_cmake_args': None, 'catkin_skip_building_tests': False, 'cmake_args': None, 'cmake_clean_cache': False, 'cmake_clean_first': False, 'cmake_force_configure': False, 'cmake_target': None, 'cmake_target_skip_unavailable': False, 'install_base': '/home/yahboom/intro_ws/install/examples_rclpy_guard_conditions', 'merge_install': False, 'path': '/home/yahboom/intro_ws/src/examples/rclpy/guard_conditions', 'symlink_install': True, 'test_result_base': None}
[0.364s] Level 5:colcon.colcon_core.verb:set package 'examples_rclpy_minimal_action_client' build argument 'cmake_args' from command line to 'None'
[0.364s] Level 5:colcon.colcon_core.verb:set package 'examples_rclpy_minimal_action_client' build argument 'cmake_target' from command line to 'None'
[0.364s] Level 5:colcon.colcon_core.verb:set package 'examples_rclpy_minimal_action_client' build argument 'cmake_target_skip_unavailable' from command line to 'False'
[0.364s] Level 5:colcon.colcon_core.verb:set package 'examples_rclpy_minimal_action_client' build argument 'cmake_clean_cache' from command line to 'False'
[0.364s] Level 5:colcon.colcon_core.verb:set package 'examples_rclpy_minimal_action_client' build argument 'cmake_clean_first' from command line to 'False'
[0.364s] Level 5:colcon.colcon_core.verb:set package 'examples_rclpy_minimal_action_client' build argument 'cmake_force_configure' from command line to 'False'
[0.364s] Level 5:colcon.colcon_core.verb:set package 'examples_rclpy_minimal_action_client' build argument 'ament_cmake_args' from command line to 'None'
[0.364s] Level 5:colcon.colcon_core.verb:set package 'examples_rclpy_minimal_action_client' build argument 'catkin_cmake_args' from command line to 'None'
[0.364s] Level 5:colcon.colcon_core.verb:set package 'examples_rclpy_minimal_action_client' build argument 'catkin_skip_building_tests' from command line to 'False'
[0.364s] DEBUG:colcon.colcon_core.verb:Building package 'examples_rclpy_minimal_action_client' with the following arguments: {'ament_cmake_args': None, 'build_base': '/home/yahboom/intro_ws/build/examples_rclpy_minimal_action_client', 'catkin_cmake_args': None, 'catkin_skip_building_tests': False, 'cmake_args': None, 'cmake_clean_cache': False, 'cmake_clean_first': False, 'cmake_force_configure': False, 'cmake_target': None, 'cmake_target_skip_unavailable': False, 'install_base': '/home/yahboom/intro_ws/install/examples_rclpy_minimal_action_client', 'merge_install': False, 'path': '/home/yahboom/intro_ws/src/examples/rclpy/actions/minimal_action_client', 'symlink_install': True, 'test_result_base': None}
[0.364s] Level 5:colcon.colcon_core.verb:set package 'examples_rclpy_minimal_action_server' build argument 'cmake_args' from command line to 'None'
[0.364s] Level 5:colcon.colcon_core.verb:set package 'examples_rclpy_minimal_action_server' build argument 'cmake_target' from command line to 'None'
[0.364s] Level 5:colcon.colcon_core.verb:set package 'examples_rclpy_minimal_action_server' build argument 'cmake_target_skip_unavailable' from command line to 'False'
[0.364s] Level 5:colcon.colcon_core.verb:set package 'examples_rclpy_minimal_action_server' build argument 'cmake_clean_cache' from command line to 'False'
[0.365s] Level 5:colcon.colcon_core.verb:set package 'examples_rclpy_minimal_action_server' build argument 'cmake_clean_first' from command line to 'False'
[0.365s] Level 5:colcon.colcon_core.verb:set package 'examples_rclpy_minimal_action_server' build argument 'cmake_force_configure' from command line to 'False'
[0.365s] Level 5:colcon.colcon_core.verb:set package 'examples_rclpy_minimal_action_server' build argument 'ament_cmake_args' from command line to 'None'
[0.365s] Level 5:colcon.colcon_core.verb:set package 'examples_rclpy_minimal_action_server' build argument 'catkin_cmake_args' from command line to 'None'
[0.365s] Level 5:colcon.colcon_core.verb:set package 'examples_rclpy_minimal_action_server' build argument 'catkin_skip_building_tests' from command line to 'False'
[0.365s] DEBUG:colcon.colcon_core.verb:Building package 'examples_rclpy_minimal_action_server' with the following arguments: {'ament_cmake_args': None, 'build_base': '/home/yahboom/intro_ws/build/examples_rclpy_minimal_action_server', 'catkin_cmake_args': None, 'catkin_skip_building_tests': False, 'cmake_args': None, 'cmake_clean_cache': False, 'cmake_clean_first': False, 'cmake_force_configure': False, 'cmake_target': None, 'cmake_target_skip_unavailable': False, 'install_base': '/home/yahboom/intro_ws/install/examples_rclpy_minimal_action_server', 'merge_install': False, 'path': '/home/yahboom/intro_ws/src/examples/rclpy/actions/minimal_action_server', 'symlink_install': True, 'test_result_base': None}
[0.365s] Level 5:colcon.colcon_core.verb:set package 'examples_rclpy_minimal_client' build argument 'cmake_args' from command line to 'None'
[0.365s] Level 5:colcon.colcon_core.verb:set package 'examples_rclpy_minimal_client' build argument 'cmake_target' from command line to 'None'
[0.365s] Level 5:colcon.colcon_core.verb:set package 'examples_rclpy_minimal_client' build argument 'cmake_target_skip_unavailable' from command line to 'False'
[0.365s] Level 5:colcon.colcon_core.verb:set package 'examples_rclpy_minimal_client' build argument 'cmake_clean_cache' from command line to 'False'
[0.365s] Level 5:colcon.colcon_core.verb:set package 'examples_rclpy_minimal_client' build argument 'cmake_clean_first' from command line to 'False'
[0.365s] Level 5:colcon.colcon_core.verb:set package 'examples_rclpy_minimal_client' build argument 'cmake_force_configure' from command line to 'False'
[0.365s] Level 5:colcon.colcon_core.verb:set package 'examples_rclpy_minimal_client' build argument 'ament_cmake_args' from command line to 'None'
[0.365s] Level 5:colcon.colcon_core.verb:set package 'examples_rclpy_minimal_client' build argument 'catkin_cmake_args' from command line to 'None'
[0.365s] Level 5:colcon.colcon_core.verb:set package 'examples_rclpy_minimal_client' build argument 'catkin_skip_building_tests' from command line to 'False'
[0.365s] DEBUG:colcon.colcon_core.verb:Building package 'examples_rclpy_minimal_client' with the following arguments: {'ament_cmake_args': None, 'build_base': '/home/yahboom/intro_ws/build/examples_rclpy_minimal_client', 'catkin_cmake_args': None, 'catkin_skip_building_tests': False, 'cmake_args': None, 'cmake_clean_cache': False, 'cmake_clean_first': False, 'cmake_force_configure': False, 'cmake_target': None, 'cmake_target_skip_unavailable': False, 'install_base': '/home/yahboom/intro_ws/install/examples_rclpy_minimal_client', 'merge_install': False, 'path': '/home/yahboom/intro_ws/src/examples/rclpy/services/minimal_client', 'symlink_install': True, 'test_result_base': None}
[0.365s] Level 5:colcon.colcon_core.verb:set package 'examples_rclpy_minimal_publisher' build argument 'cmake_args' from command line to 'None'
[0.365s] Level 5:colcon.colcon_core.verb:set package 'examples_rclpy_minimal_publisher' build argument 'cmake_target' from command line to 'None'
[0.365s] Level 5:colcon.colcon_core.verb:set package 'examples_rclpy_minimal_publisher' build argument 'cmake_target_skip_unavailable' from command line to 'False'
[0.365s] Level 5:colcon.colcon_core.verb:set package 'examples_rclpy_minimal_publisher' build argument 'cmake_clean_cache' from command line to 'False'
[0.365s] Level 5:colcon.colcon_core.verb:set package 'examples_rclpy_minimal_publisher' build argument 'cmake_clean_first' from command line to 'False'
[0.365s] Level 5:colcon.colcon_core.verb:set package 'examples_rclpy_minimal_publisher' build argument 'cmake_force_configure' from command line to 'False'
[0.365s] Level 5:colcon.colcon_core.verb:set package 'examples_rclpy_minimal_publisher' build argument 'ament_cmake_args' from command line to 'None'
[0.365s] Level 5:colcon.colcon_core.verb:set package 'examples_rclpy_minimal_publisher' build argument 'catkin_cmake_args' from command line to 'None'
[0.365s] Level 5:colcon.colcon_core.verb:set package 'examples_rclpy_minimal_publisher' build argument 'catkin_skip_building_tests' from command line to 'False'
[0.365s] DEBUG:colcon.colcon_core.verb:Building package 'examples_rclpy_minimal_publisher' with the following arguments: {'ament_cmake_args': None, 'build_base': '/home/yahboom/intro_ws/build/examples_rclpy_minimal_publisher', 'catkin_cmake_args': None, 'catkin_skip_building_tests': False, 'cmake_args': None, 'cmake_clean_cache': False, 'cmake_clean_first': False, 'cmake_force_configure': False, 'cmake_target': None, 'cmake_target_skip_unavailable': False, 'install_base': '/home/yahboom/intro_ws/install/examples_rclpy_minimal_publisher', 'merge_install': False, 'path': '/home/yahboom/intro_ws/src/examples/rclpy/topics/minimal_publisher', 'symlink_install': True, 'test_result_base': None}
[0.365s] Level 5:colcon.colcon_core.verb:set package 'examples_rclpy_minimal_service' build argument 'cmake_args' from command line to 'None'
[0.365s] Level 5:colcon.colcon_core.verb:set package 'examples_rclpy_minimal_service' build argument 'cmake_target' from command line to 'None'
[0.365s] Level 5:colcon.colcon_core.verb:set package 'examples_rclpy_minimal_service' build argument 'cmake_target_skip_unavailable' from command line to 'False'
[0.365s] Level 5:colcon.colcon_core.verb:set package 'examples_rclpy_minimal_service' build argument 'cmake_clean_cache' from command line to 'False'
[0.365s] Level 5:colcon.colcon_core.verb:set package 'examples_rclpy_minimal_service' build argument 'cmake_clean_first' from command line to 'False'
[0.365s] Level 5:colcon.colcon_core.verb:set package 'examples_rclpy_minimal_service' build argument 'cmake_force_configure' from command line to 'False'
[0.365s] Level 5:colcon.colcon_core.verb:set package 'examples_rclpy_minimal_service' build argument 'ament_cmake_args' from command line to 'None'
[0.365s] Level 5:colcon.colcon_core.verb:set package 'examples_rclpy_minimal_service' build argument 'catkin_cmake_args' from command line to 'None'
[0.365s] Level 5:colcon.colcon_core.verb:set package 'examples_rclpy_minimal_service' build argument 'catkin_skip_building_tests' from command line to 'False'
[0.365s] DEBUG:colcon.colcon_core.verb:Building package 'examples_rclpy_minimal_service' with the following arguments: {'ament_cmake_args': None, 'build_base': '/home/yahboom/intro_ws/build/examples_rclpy_minimal_service', 'catkin_cmake_args': None, 'catkin_skip_building_tests': False, 'cmake_args': None, 'cmake_clean_cache': False, 'cmake_clean_first': False, 'cmake_force_configure': False, 'cmake_target': None, 'cmake_target_skip_unavailable': False, 'install_base': '/home/yahboom/intro_ws/install/examples_rclpy_minimal_service', 'merge_install': False, 'path': '/home/yahboom/intro_ws/src/examples/rclpy/services/minimal_service', 'symlink_install': True, 'test_result_base': None}
[0.366s] Level 5:colcon.colcon_core.verb:set package 'examples_rclpy_minimal_subscriber' build argument 'cmake_args' from command line to 'None'
[0.366s] Level 5:colcon.colcon_core.verb:set package 'examples_rclpy_minimal_subscriber' build argument 'cmake_target' from command line to 'None'
[0.366s] Level 5:colcon.colcon_core.verb:set package 'examples_rclpy_minimal_subscriber' build argument 'cmake_target_skip_unavailable' from command line to 'False'
[0.366s] Level 5:colcon.colcon_core.verb:set package 'examples_rclpy_minimal_subscriber' build argument 'cmake_clean_cache' from command line to 'False'
[0.366s] Level 5:colcon.colcon_core.verb:set package 'examples_rclpy_minimal_subscriber' build argument 'cmake_clean_first' from command line to 'False'
[0.366s] Level 5:colcon.colcon_core.verb:set package 'examples_rclpy_minimal_subscriber' build argument 'cmake_force_configure' from command line to 'False'
[0.366s] Level 5:colcon.colcon_core.verb:set package 'examples_rclpy_minimal_subscriber' build argument 'ament_cmake_args' from command line to 'None'
[0.366s] Level 5:colcon.colcon_core.verb:set package 'examples_rclpy_minimal_subscriber' build argument 'catkin_cmake_args' from command line to 'None'
[0.366s] Level 5:colcon.colcon_core.verb:set package 'examples_rclpy_minimal_subscriber' build argument 'catkin_skip_building_tests' from command line to 'False'
[0.366s] DEBUG:colcon.colcon_core.verb:Building package 'examples_rclpy_minimal_subscriber' with the following arguments: {'ament_cmake_args': None, 'build_base': '/home/yahboom/intro_ws/build/examples_rclpy_minimal_subscriber', 'catkin_cmake_args': None, 'catkin_skip_building_tests': False, 'cmake_args': None, 'cmake_clean_cache': False, 'cmake_clean_first': False, 'cmake_force_configure': False, 'cmake_target': None, 'cmake_target_skip_unavailable': False, 'install_base': '/home/yahboom/intro_ws/install/examples_rclpy_minimal_subscriber', 'merge_install': False, 'path': '/home/yahboom/intro_ws/src/examples/rclpy/topics/minimal_subscriber', 'symlink_install': True, 'test_result_base': None}
[0.366s] Level 5:colcon.colcon_core.verb:set package 'examples_rclpy_pointcloud_publisher' build argument 'cmake_args' from command line to 'None'
[0.366s] Level 5:colcon.colcon_core.verb:set package 'examples_rclpy_pointcloud_publisher' build argument 'cmake_target' from command line to 'None'
[0.366s] Level 5:colcon.colcon_core.verb:set package 'examples_rclpy_pointcloud_publisher' build argument 'cmake_target_skip_unavailable' from command line to 'False'
[0.366s] Level 5:colcon.colcon_core.verb:set package 'examples_rclpy_pointcloud_publisher' build argument 'cmake_clean_cache' from command line to 'False'
[0.366s] Level 5:colcon.colcon_core.verb:set package 'examples_rclpy_pointcloud_publisher' build argument 'cmake_clean_first' from command line to 'False'
[0.366s] Level 5:colcon.colcon_core.verb:set package 'examples_rclpy_pointcloud_publisher' build argument 'cmake_force_configure' from command line to 'False'
[0.366s] Level 5:colcon.colcon_core.verb:set package 'examples_rclpy_pointcloud_publisher' build argument 'ament_cmake_args' from command line to 'None'
[0.366s] Level 5:colcon.colcon_core.verb:set package 'examples_rclpy_pointcloud_publisher' build argument 'catkin_cmake_args' from command line to 'None'
[0.366s] Level 5:colcon.colcon_core.verb:set package 'examples_rclpy_pointcloud_publisher' build argument 'catkin_skip_building_tests' from command line to 'False'
[0.366s] DEBUG:colcon.colcon_core.verb:Building package 'examples_rclpy_pointcloud_publisher' with the following arguments: {'ament_cmake_args': None, 'build_base': '/home/yahboom/intro_ws/build/examples_rclpy_pointcloud_publisher', 'catkin_cmake_args': None, 'catkin_skip_building_tests': False, 'cmake_args': None, 'cmake_clean_cache': False, 'cmake_clean_first': False, 'cmake_force_configure': False, 'cmake_target': None, 'cmake_target_skip_unavailable': False, 'install_base': '/home/yahboom/intro_ws/install/examples_rclpy_pointcloud_publisher', 'merge_install': False, 'path': '/home/yahboom/intro_ws/src/examples/rclpy/topics/pointcloud_publisher', 'symlink_install': True, 'test_result_base': None}
[0.366s] Level 5:colcon.colcon_core.verb:set package 'launch_testing_examples' build argument 'cmake_args' from command line to 'None'
[0.366s] Level 5:colcon.colcon_core.verb:set package 'launch_testing_examples' build argument 'cmake_target' from command line to 'None'
[0.366s] Level 5:colcon.colcon_core.verb:set package 'launch_testing_examples' build argument 'cmake_target_skip_unavailable' from command line to 'False'
[0.366s] Level 5:colcon.colcon_core.verb:set package 'launch_testing_examples' build argument 'cmake_clean_cache' from command line to 'False'
[0.366s] Level 5:colcon.colcon_core.verb:set package 'launch_testing_examples' build argument 'cmake_clean_first' from command line to 'False'
[0.366s] Level 5:colcon.colcon_core.verb:set package 'launch_testing_examples' build argument 'cmake_force_configure' from command line to 'False'
[0.366s] Level 5:colcon.colcon_core.verb:set package 'launch_testing_examples' build argument 'ament_cmake_args' from command line to 'None'
[0.366s] Level 5:colcon.colcon_core.verb:set package 'launch_testing_examples' build argument 'catkin_cmake_args' from command line to 'None'
[0.366s] Level 5:colcon.colcon_core.verb:set package 'launch_testing_examples' build argument 'catkin_skip_building_tests' from command line to 'False'
[0.366s] DEBUG:colcon.colcon_core.verb:Building package 'launch_testing_examples' with the following arguments: {'ament_cmake_args': None, 'build_base': '/home/yahboom/intro_ws/build/launch_testing_examples', 'catkin_cmake_args': None, 'catkin_skip_building_tests': False, 'cmake_args': None, 'cmake_clean_cache': False, 'cmake_clean_first': False, 'cmake_force_configure': False, 'cmake_target': None, 'cmake_target_skip_unavailable': False, 'install_base': '/home/yahboom/intro_ws/install/launch_testing_examples', 'merge_install': False, 'path': '/home/yahboom/intro_ws/src/examples/launch_testing/launch_testing_examples', 'symlink_install': True, 'test_result_base': None}
[0.367s] Level 5:colcon.colcon_core.verb:set package 'python_parameters' build argument 'cmake_args' from command line to 'None'
[0.367s] Level 5:colcon.colcon_core.verb:set package 'python_parameters' build argument 'cmake_target' from command line to 'None'
[0.367s] Level 5:colcon.colcon_core.verb:set package 'python_parameters' build argument 'cmake_target_skip_unavailable' from command line to 'False'
[0.367s] Level 5:colcon.colcon_core.verb:set package 'python_parameters' build argument 'cmake_clean_cache' from command line to 'False'
[0.367s] Level 5:colcon.colcon_core.verb:set package 'python_parameters' build argument 'cmake_clean_first' from command line to 'False'
[0.367s] Level 5:colcon.colcon_core.verb:set package 'python_parameters' build argument 'cmake_force_configure' from command line to 'False'
[0.367s] Level 5:colcon.colcon_core.verb:set package 'python_parameters' build argument 'ament_cmake_args' from command line to 'None'
[0.367s] Level 5:colcon.colcon_core.verb:set package 'python_parameters' build argument 'catkin_cmake_args' from command line to 'None'
[0.367s] Level 5:colcon.colcon_core.verb:set package 'python_parameters' build argument 'catkin_skip_building_tests' from command line to 'False'
[0.367s] DEBUG:colcon.colcon_core.verb:Building package 'python_parameters' with the following arguments: {'ament_cmake_args': None, 'build_base': '/home/yahboom/intro_ws/build/python_parameters', 'catkin_cmake_args': None, 'catkin_skip_building_tests': False, 'cmake_args': None, 'cmake_clean_cache': False, 'cmake_clean_first': False, 'cmake_force_configure': False, 'cmake_target': None, 'cmake_target_skip_unavailable': False, 'install_base': '/home/yahboom/intro_ws/install/python_parameters', 'merge_install': False, 'path': '/home/yahboom/intro_ws/src/python_parameters', 'symlink_install': True, 'test_result_base': None}
[0.367s] Level 5:colcon.colcon_core.verb:set package 'test_tf2_py' build argument 'cmake_args' from command line to 'None'
[0.367s] Level 5:colcon.colcon_core.verb:set package 'test_tf2_py' build argument 'cmake_target' from command line to 'None'
[0.367s] Level 5:colcon.colcon_core.verb:set package 'test_tf2_py' build argument 'cmake_target_skip_unavailable' from command line to 'False'
[0.367s] Level 5:colcon.colcon_core.verb:set package 'test_tf2_py' build argument 'cmake_clean_cache' from command line to 'False'
[0.367s] Level 5:colcon.colcon_core.verb:set package 'test_tf2_py' build argument 'cmake_clean_first' from command line to 'False'
[0.367s] Level 5:colcon.colcon_core.verb:set package 'test_tf2_py' build argument 'cmake_force_configure' from command line to 'False'
[0.367s] Level 5:colcon.colcon_core.verb:set package 'test_tf2_py' build argument 'ament_cmake_args' from command line to 'None'
[0.367s] Level 5:colcon.colcon_core.verb:set package 'test_tf2_py' build argument 'catkin_cmake_args' from command line to 'None'
[0.367s] Level 5:colcon.colcon_core.verb:set package 'test_tf2_py' build argument 'catkin_skip_building_tests' from command line to 'False'
[0.367s] DEBUG:colcon.colcon_core.verb:Building package 'test_tf2_py' with the following arguments: {'ament_cmake_args': None, 'build_base': '/home/yahboom/intro_ws/build/test_tf2_py', 'catkin_cmake_args': None, 'catkin_skip_building_tests': False, 'cmake_args': None, 'cmake_clean_cache': False, 'cmake_clean_first': False, 'cmake_force_configure': False, 'cmake_target': None, 'cmake_target_skip_unavailable': False, 'install_base': '/home/yahboom/intro_ws/install/test_tf2_py', 'merge_install': False, 'path': '/home/yahboom/intro_ws/src/test_tf2_py', 'symlink_install': True, 'test_result_base': None}
[0.367s] Level 5:colcon.colcon_core.verb:set package 'time_tf2_py' build argument 'cmake_args' from command line to 'None'
[0.367s] Level 5:colcon.colcon_core.verb:set package 'time_tf2_py' build argument 'cmake_target' from command line to 'None'
[0.367s] Level 5:colcon.colcon_core.verb:set package 'time_tf2_py' build argument 'cmake_target_skip_unavailable' from command line to 'False'
[0.367s] Level 5:colcon.colcon_core.verb:set package 'time_tf2_py' build argument 'cmake_clean_cache' from command line to 'False'
[0.367s] Level 5:colcon.colcon_core.verb:set package 'time_tf2_py' build argument 'cmake_clean_first' from command line to 'False'
[0.367s] Level 5:colcon.colcon_core.verb:set package 'time_tf2_py' build argument 'cmake_force_configure' from command line to 'False'
[0.367s] Level 5:colcon.colcon_core.verb:set package 'time_tf2_py' build argument 'ament_cmake_args' from command line to 'None'
[0.367s] Level 5:colcon.colcon_core.verb:set package 'time_tf2_py' build argument 'catkin_cmake_args' from command line to 'None'
[0.367s] Level 5:colcon.colcon_core.verb:set package 'time_tf2_py' build argument 'catkin_skip_building_tests' from command line to 'False'
[0.367s] DEBUG:colcon.colcon_core.verb:Building package 'time_tf2_py' with the following arguments: {'ament_cmake_args': None, 'build_base': '/home/yahboom/intro_ws/build/time_tf2_py', 'catkin_cmake_args': None, 'catkin_skip_building_tests': False, 'cmake_args': None, 'cmake_clean_cache': False, 'cmake_clean_first': False, 'cmake_force_configure': False, 'cmake_target': None, 'cmake_target_skip_unavailable': False, 'install_base': '/home/yahboom/intro_ws/install/time_tf2_py', 'merge_install': False, 'path': '/home/yahboom/intro_ws/src/time_tf2_py', 'symlink_install': True, 'test_result_base': None}
[0.367s] Level 5:colcon.colcon_core.verb:set package 'turtle_interfaces' build argument 'cmake_args' from command line to 'None'
[0.367s] Level 5:colcon.colcon_core.verb:set package 'turtle_interfaces' build argument 'cmake_target' from command line to 'None'
[0.367s] Level 5:colcon.colcon_core.verb:set package 'turtle_interfaces' build argument 'cmake_target_skip_unavailable' from command line to 'False'
[0.367s] Level 5:colcon.colcon_core.verb:set package 'turtle_interfaces' build argument 'cmake_clean_cache' from command line to 'False'
[0.367s] Level 5:colcon.colcon_core.verb:set package 'turtle_interfaces' build argument 'cmake_clean_first' from command line to 'False'
[0.367s] Level 5:colcon.colcon_core.verb:set package 'turtle_interfaces' build argument 'cmake_force_configure' from command line to 'False'
[0.368s] Level 5:colcon.colcon_core.verb:set package 'turtle_interfaces' build argument 'ament_cmake_args' from command line to 'None'
[0.368s] Level 5:colcon.colcon_core.verb:set package 'turtle_interfaces' build argument 'catkin_cmake_args' from command line to 'None'
[0.368s] Level 5:colcon.colcon_core.verb:set package 'turtle_interfaces' build argument 'catkin_skip_building_tests' from command line to 'False'
[0.368s] DEBUG:colcon.colcon_core.verb:Building package 'turtle_interfaces' with the following arguments: {'ament_cmake_args': None, 'build_base': '/home/yahboom/intro_ws/build/turtle_interfaces', 'catkin_cmake_args': None, 'catkin_skip_building_tests': False, 'cmake_args': None, 'cmake_clean_cache': False, 'cmake_clean_first': False, 'cmake_force_configure': False, 'cmake_target': None, 'cmake_target_skip_unavailable': False, 'install_base': '/home/yahboom/intro_ws/install/turtle_interfaces', 'merge_install': False, 'path': '/home/yahboom/intro_ws/src/turtle_interfaces', 'symlink_install': True, 'test_result_base': None}
[0.368s] Level 5:colcon.colcon_core.verb:set package 'turtle_test' build argument 'cmake_args' from command line to 'None'
[0.368s] Level 5:colcon.colcon_core.verb:set package 'turtle_test' build argument 'cmake_target' from command line to 'None'
[0.368s] Level 5:colcon.colcon_core.verb:set package 'turtle_test' build argument 'cmake_target_skip_unavailable' from command line to 'False'
[0.368s] Level 5:colcon.colcon_core.verb:set package 'turtle_test' build argument 'cmake_clean_cache' from command line to 'False'
[0.368s] Level 5:colcon.colcon_core.verb:set package 'turtle_test' build argument 'cmake_clean_first' from command line to 'False'
[0.368s] Level 5:colcon.colcon_core.verb:set package 'turtle_test' build argument 'cmake_force_configure' from command line to 'False'
[0.368s] Level 5:colcon.colcon_core.verb:set package 'turtle_test' build argument 'ament_cmake_args' from command line to 'None'
[0.368s] Level 5:colcon.colcon_core.verb:set package 'turtle_test' build argument 'catkin_cmake_args' from command line to 'None'
[0.368s] Level 5:colcon.colcon_core.verb:set package 'turtle_test' build argument 'catkin_skip_building_tests' from command line to 'False'
[0.368s] DEBUG:colcon.colcon_core.verb:Building package 'turtle_test' with the following arguments: {'ament_cmake_args': None, 'build_base': '/home/yahboom/intro_ws/build/turtle_test', 'catkin_cmake_args': None, 'catkin_skip_building_tests': False, 'cmake_args': None, 'cmake_clean_cache': False, 'cmake_clean_first': False, 'cmake_force_configure': False, 'cmake_target': None, 'cmake_target_skip_unavailable': False, 'install_base': '/home/yahboom/intro_ws/install/turtle_test', 'merge_install': False, 'path': '/home/yahboom/intro_ws/src/turtle_test', 'symlink_install': True, 'test_result_base': None}
[0.368s] INFO:colcon.colcon_core.executor:Executing jobs using 'parallel' executor
[0.370s] DEBUG:colcon.colcon_parallel_executor.executor.parallel:run_until_complete
[0.370s] INFO:colcon.colcon_ros.task.ament_cmake.build:Building ROS package in '/home/yahboom/intro_ws/src/turtle_interfaces' with build type 'ament_cmake'
[0.370s] INFO:colcon.colcon_cmake.task.cmake.build:Building CMake package in '/home/yahboom/intro_ws/src/turtle_interfaces'
[0.373s] INFO:colcon.colcon_core.plugin_system:Skipping extension 'colcon_core.shell.bat': Not used on non-Windows systems
[0.373s] INFO:colcon.colcon_core.shell:Skip shell extension 'powershell' for command environment: Not usable outside of PowerShell
[0.373s] DEBUG:colcon.colcon_core.shell:Skip shell extension 'dsv' for command environment
[0.384s] INFO:colcon.colcon_ros.task.ament_cmake.build:Building ROS package in '/home/yahboom/intro_ws/src/examples/rclcpp/services/async_client' with build type 'ament_cmake'
[0.384s] INFO:colcon.colcon_cmake.task.cmake.build:Building CMake package in '/home/yahboom/intro_ws/src/examples/rclcpp/services/async_client'
[0.384s] INFO:colcon.colcon_core.shell:Skip shell extension 'powershell' for command environment: Not usable outside of PowerShell
[0.384s] DEBUG:colcon.colcon_core.shell:Skip shell extension 'dsv' for command environment
[0.397s] INFO:colcon.colcon_ros.task.ament_cmake.build:Building ROS package in '/home/yahboom/intro_ws/src/examples/rclcpp/executors/cbg_executor' with build type 'ament_cmake'
[0.397s] INFO:colcon.colcon_cmake.task.cmake.build:Building CMake package in '/home/yahboom/intro_ws/src/examples/rclcpp/executors/cbg_executor'
[0.397s] INFO:colcon.colcon_core.shell:Skip shell extension 'powershell' for command environment: Not usable outside of PowerShell
[0.398s] DEBUG:colcon.colcon_core.shell:Skip shell extension 'dsv' for command environment
[0.408s] INFO:colcon.colcon_ros.task.ament_cmake.build:Building ROS package in '/home/yahboom/intro_ws/src/examples/rclcpp/actions/minimal_action_client' with build type 'ament_cmake'
[0.409s] INFO:colcon.colcon_cmake.task.cmake.build:Building CMake package in '/home/yahboom/intro_ws/src/examples/rclcpp/actions/minimal_action_client'
[0.409s] INFO:colcon.colcon_core.shell:Skip shell extension 'powershell' for command environment: Not usable outside of PowerShell
[0.409s] DEBUG:colcon.colcon_core.shell:Skip shell extension 'dsv' for command environment
[0.425s] DEBUG:colcon.colcon_core.event_handler.log_command:Invoking command in '/home/yahboom/intro_ws/build/turtle_interfaces': CMAKE_PREFIX_PATH=${CMAKE_PREFIX_PATH}:/home/yahboom/intro_ws/install/turtle_test:/home/yahboom/intro_ws/install/time_tf2_py:/home/yahboom/intro_ws/install/test_tf2_py:/home/yahboom/intro_ws/install/python_parameters:/home/yahboom/intro_ws/install/launch_testing_examples:/home/yahboom/intro_ws/install/examples_rclpy_pointcloud_publisher:/home/yahboom/intro_ws/install/examples_rclpy_minimal_subscriber:/home/yahboom/intro_ws/install/examples_rclpy_minimal_service:/home/yahboom/intro_ws/install/examples_rclpy_minimal_publisher:/home/yahboom/intro_ws/install/examples_rclpy_minimal_client:/home/yahboom/intro_ws/install/examples_rclpy_minimal_action_server:/home/yahboom/intro_ws/install/examples_rclpy_minimal_action_client:/home/yahboom/intro_ws/install/examples_rclpy_guard_conditions:/home/yahboom/intro_ws/install/examples_rclpy_executors:/home/yahboom/cartoros2/install/yahboomcar_nav:/home/yahboom/cartoros2/install/yahboomcar_ctrl:/home/yahboom/cartoros2/install/yahboom_visual:/home/yahboom/cartoros2/install/yahboom_dog_joint_state:/home/yahboom/cartoros2/install/yahboom_description:/home/yahboom/cartoros2/install/yahboom_color_identify_server:/home/yahboom/cartoros2/install/yahboom_bringup:/home/yahboom/cartoros2/install/yahboom_base:/home/yahboom/cartoros2/install/yahboom_app_save_map:/home/yahboom/cartoros2/install/update_map:/home/yahboom/cartoros2/install/rosboard:/home/yahboom/cartoros2/install/path_planner_server:/home/yahboom/cartoros2/install/nav2_simple_commander:/home/yahboom/cartoros2/install/nav2_gazebo_spawner:/home/yahboom/cartoros2/install/localization_server:/home/yahboom/cartoros2/install/laserscan_to_point_pulisher:/home/yahboom/yahboomcar_ws/install/yahboom_dog_example:/opt/ros/humble /usr/bin/cmake --build /home/yahboom/intro_ws/build/turtle_interfaces -- -j4 -l4
[0.432s] DEBUG:colcon.colcon_core.event_handler.log_command:Invoking command in '/home/yahboom/intro_ws/build/examples_rclcpp_async_client': CMAKE_PREFIX_PATH=${CMAKE_PREFIX_PATH}:/home/yahboom/intro_ws/install/turtle_test:/home/yahboom/intro_ws/install/time_tf2_py:/home/yahboom/intro_ws/install/test_tf2_py:/home/yahboom/intro_ws/install/python_parameters:/home/yahboom/intro_ws/install/launch_testing_examples:/home/yahboom/intro_ws/install/examples_rclpy_pointcloud_publisher:/home/yahboom/intro_ws/install/examples_rclpy_minimal_subscriber:/home/yahboom/intro_ws/install/examples_rclpy_minimal_service:/home/yahboom/intro_ws/install/examples_rclpy_minimal_publisher:/home/yahboom/intro_ws/install/examples_rclpy_minimal_client:/home/yahboom/intro_ws/install/examples_rclpy_minimal_action_server:/home/yahboom/intro_ws/install/examples_rclpy_minimal_action_client:/home/yahboom/intro_ws/install/examples_rclpy_guard_conditions:/home/yahboom/intro_ws/install/examples_rclpy_executors:/home/yahboom/cartoros2/install/yahboomcar_nav:/home/yahboom/cartoros2/install/yahboomcar_ctrl:/home/yahboom/cartoros2/install/yahboom_visual:/home/yahboom/cartoros2/install/yahboom_dog_joint_state:/home/yahboom/cartoros2/install/yahboom_description:/home/yahboom/cartoros2/install/yahboom_color_identify_server:/home/yahboom/cartoros2/install/yahboom_bringup:/home/yahboom/cartoros2/install/yahboom_base:/home/yahboom/cartoros2/install/yahboom_app_save_map:/home/yahboom/cartoros2/install/update_map:/home/yahboom/cartoros2/install/rosboard:/home/yahboom/cartoros2/install/path_planner_server:/home/yahboom/cartoros2/install/nav2_simple_commander:/home/yahboom/cartoros2/install/nav2_gazebo_spawner:/home/yahboom/cartoros2/install/localization_server:/home/yahboom/cartoros2/install/laserscan_to_point_pulisher:/home/yahboom/yahboomcar_ws/install/yahboom_dog_example:/opt/ros/humble /usr/bin/cmake --build /home/yahboom/intro_ws/build/examples_rclcpp_async_client -- -j4 -l4
[0.435s] DEBUG:colcon.colcon_core.event_handler.log_command:Invoking command in '/home/yahboom/intro_ws/build/examples_rclcpp_cbg_executor': CMAKE_PREFIX_PATH=${CMAKE_PREFIX_PATH}:/home/yahboom/intro_ws/install/turtle_test:/home/yahboom/intro_ws/install/time_tf2_py:/home/yahboom/intro_ws/install/test_tf2_py:/home/yahboom/intro_ws/install/python_parameters:/home/yahboom/intro_ws/install/launch_testing_examples:/home/yahboom/intro_ws/install/examples_rclpy_pointcloud_publisher:/home/yahboom/intro_ws/install/examples_rclpy_minimal_subscriber:/home/yahboom/intro_ws/install/examples_rclpy_minimal_service:/home/yahboom/intro_ws/install/examples_rclpy_minimal_publisher:/home/yahboom/intro_ws/install/examples_rclpy_minimal_client:/home/yahboom/intro_ws/install/examples_rclpy_minimal_action_server:/home/yahboom/intro_ws/install/examples_rclpy_minimal_action_client:/home/yahboom/intro_ws/install/examples_rclpy_guard_conditions:/home/yahboom/intro_ws/install/examples_rclpy_executors:/home/yahboom/cartoros2/install/yahboomcar_nav:/home/yahboom/cartoros2/install/yahboomcar_ctrl:/home/yahboom/cartoros2/install/yahboom_visual:/home/yahboom/cartoros2/install/yahboom_dog_joint_state:/home/yahboom/cartoros2/install/yahboom_description:/home/yahboom/cartoros2/install/yahboom_color_identify_server:/home/yahboom/cartoros2/install/yahboom_bringup:/home/yahboom/cartoros2/install/yahboom_base:/home/yahboom/cartoros2/install/yahboom_app_save_map:/home/yahboom/cartoros2/install/update_map:/home/yahboom/cartoros2/install/rosboard:/home/yahboom/cartoros2/install/path_planner_server:/home/yahboom/cartoros2/install/nav2_simple_commander:/home/yahboom/cartoros2/install/nav2_gazebo_spawner:/home/yahboom/cartoros2/install/localization_server:/home/yahboom/cartoros2/install/laserscan_to_point_pulisher:/home/yahboom/yahboomcar_ws/install/yahboom_dog_example:/opt/ros/humble /usr/bin/cmake --build /home/yahboom/intro_ws/build/examples_rclcpp_cbg_executor -- -j4 -l4
[0.446s] DEBUG:colcon.colcon_core.event_handler.log_command:Invoking command in '/home/yahboom/intro_ws/build/examples_rclcpp_minimal_action_client': CMAKE_PREFIX_PATH=${CMAKE_PREFIX_PATH}:/home/yahboom/intro_ws/install/turtle_test:/home/yahboom/intro_ws/install/time_tf2_py:/home/yahboom/intro_ws/install/test_tf2_py:/home/yahboom/intro_ws/install/python_parameters:/home/yahboom/intro_ws/install/launch_testing_examples:/home/yahboom/intro_ws/install/examples_rclpy_pointcloud_publisher:/home/yahboom/intro_ws/install/examples_rclpy_minimal_subscriber:/home/yahboom/intro_ws/install/examples_rclpy_minimal_service:/home/yahboom/intro_ws/install/examples_rclpy_minimal_publisher:/home/yahboom/intro_ws/install/examples_rclpy_minimal_client:/home/yahboom/intro_ws/install/examples_rclpy_minimal_action_server:/home/yahboom/intro_ws/install/examples_rclpy_minimal_action_client:/home/yahboom/intro_ws/install/examples_rclpy_guard_conditions:/home/yahboom/intro_ws/install/examples_rclpy_executors:/home/yahboom/cartoros2/install/yahboomcar_nav:/home/yahboom/cartoros2/install/yahboomcar_ctrl:/home/yahboom/cartoros2/install/yahboom_visual:/home/yahboom/cartoros2/install/yahboom_dog_joint_state:/home/yahboom/cartoros2/install/yahboom_description:/home/yahboom/cartoros2/install/yahboom_color_identify_server:/home/yahboom/cartoros2/install/yahboom_bringup:/home/yahboom/cartoros2/install/yahboom_base:/home/yahboom/cartoros2/install/yahboom_app_save_map:/home/yahboom/cartoros2/install/update_map:/home/yahboom/cartoros2/install/rosboard:/home/yahboom/cartoros2/install/path_planner_server:/home/yahboom/cartoros2/install/nav2_simple_commander:/home/yahboom/cartoros2/install/nav2_gazebo_spawner:/home/yahboom/cartoros2/install/localization_server:/home/yahboom/cartoros2/install/laserscan_to_point_pulisher:/home/yahboom/yahboomcar_ws/install/yahboom_dog_example:/opt/ros/humble /usr/bin/cmake --build /home/yahboom/intro_ws/build/examples_rclcpp_minimal_action_client -- -j4 -l4
[0.649s] DEBUG:colcon.colcon_core.event_handler.log_command:Invoked command in '/home/yahboom/intro_ws/build/examples_rclcpp_async_client' returned '0': CMAKE_PREFIX_PATH=${CMAKE_PREFIX_PATH}:/home/yahboom/intro_ws/install/turtle_test:/home/yahboom/intro_ws/install/time_tf2_py:/home/yahboom/intro_ws/install/test_tf2_py:/home/yahboom/intro_ws/install/python_parameters:/home/yahboom/intro_ws/install/launch_testing_examples:/home/yahboom/intro_ws/install/examples_rclpy_pointcloud_publisher:/home/yahboom/intro_ws/install/examples_rclpy_minimal_subscriber:/home/yahboom/intro_ws/install/examples_rclpy_minimal_service:/home/yahboom/intro_ws/install/examples_rclpy_minimal_publisher:/home/yahboom/intro_ws/install/examples_rclpy_minimal_client:/home/yahboom/intro_ws/install/examples_rclpy_minimal_action_server:/home/yahboom/intro_ws/install/examples_rclpy_minimal_action_client:/home/yahboom/intro_ws/install/examples_rclpy_guard_conditions:/home/yahboom/intro_ws/install/examples_rclpy_executors:/home/yahboom/cartoros2/install/yahboomcar_nav:/home/yahboom/cartoros2/install/yahboomcar_ctrl:/home/yahboom/cartoros2/install/yahboom_visual:/home/yahboom/cartoros2/install/yahboom_dog_joint_state:/home/yahboom/cartoros2/install/yahboom_description:/home/yahboom/cartoros2/install/yahboom_color_identify_server:/home/yahboom/cartoros2/install/yahboom_bringup:/home/yahboom/cartoros2/install/yahboom_base:/home/yahboom/cartoros2/install/yahboom_app_save_map:/home/yahboom/cartoros2/install/update_map:/home/yahboom/cartoros2/install/rosboard:/home/yahboom/cartoros2/install/path_planner_server:/home/yahboom/cartoros2/install/nav2_simple_commander:/home/yahboom/cartoros2/install/nav2_gazebo_spawner:/home/yahboom/cartoros2/install/localization_server:/home/yahboom/cartoros2/install/laserscan_to_point_pulisher:/home/yahboom/yahboomcar_ws/install/yahboom_dog_example:/opt/ros/humble /usr/bin/cmake --build /home/yahboom/intro_ws/build/examples_rclcpp_async_client -- -j4 -l4
[0.677s] DEBUG:colcon.colcon_core.event_handler.log_command:Invoked command in '/home/yahboom/intro_ws/build/examples_rclcpp_cbg_executor' returned '0': CMAKE_PREFIX_PATH=${CMAKE_PREFIX_PATH}:/home/yahboom/intro_ws/install/turtle_test:/home/yahboom/intro_ws/install/time_tf2_py:/home/yahboom/intro_ws/install/test_tf2_py:/home/yahboom/intro_ws/install/python_parameters:/home/yahboom/intro_ws/install/launch_testing_examples:/home/yahboom/intro_ws/install/examples_rclpy_pointcloud_publisher:/home/yahboom/intro_ws/install/examples_rclpy_minimal_subscriber:/home/yahboom/intro_ws/install/examples_rclpy_minimal_service:/home/yahboom/intro_ws/install/examples_rclpy_minimal_publisher:/home/yahboom/intro_ws/install/examples_rclpy_minimal_client:/home/yahboom/intro_ws/install/examples_rclpy_minimal_action_server:/home/yahboom/intro_ws/install/examples_rclpy_minimal_action_client:/home/yahboom/intro_ws/install/examples_rclpy_guard_conditions:/home/yahboom/intro_ws/install/examples_rclpy_executors:/home/yahboom/cartoros2/install/yahboomcar_nav:/home/yahboom/cartoros2/install/yahboomcar_ctrl:/home/yahboom/cartoros2/install/yahboom_visual:/home/yahboom/cartoros2/install/yahboom_dog_joint_state:/home/yahboom/cartoros2/install/yahboom_description:/home/yahboom/cartoros2/install/yahboom_color_identify_server:/home/yahboom/cartoros2/install/yahboom_bringup:/home/yahboom/cartoros2/install/yahboom_base:/home/yahboom/cartoros2/install/yahboom_app_save_map:/home/yahboom/cartoros2/install/update_map:/home/yahboom/cartoros2/install/rosboard:/home/yahboom/cartoros2/install/path_planner_server:/home/yahboom/cartoros2/install/nav2_simple_commander:/home/yahboom/cartoros2/install/nav2_gazebo_spawner:/home/yahboom/cartoros2/install/localization_server:/home/yahboom/cartoros2/install/laserscan_to_point_pulisher:/home/yahboom/yahboomcar_ws/install/yahboom_dog_example:/opt/ros/humble /usr/bin/cmake --build /home/yahboom/intro_ws/build/examples_rclcpp_cbg_executor -- -j4 -l4
[0.721s] DEBUG:colcon.colcon_core.event_handler.log_command:Invoked command in '/home/yahboom/intro_ws/build/examples_rclcpp_minimal_action_client' returned '0': CMAKE_PREFIX_PATH=${CMAKE_PREFIX_PATH}:/home/yahboom/intro_ws/install/turtle_test:/home/yahboom/intro_ws/install/time_tf2_py:/home/yahboom/intro_ws/install/test_tf2_py:/home/yahboom/intro_ws/install/python_parameters:/home/yahboom/intro_ws/install/launch_testing_examples:/home/yahboom/intro_ws/install/examples_rclpy_pointcloud_publisher:/home/yahboom/intro_ws/install/examples_rclpy_minimal_subscriber:/home/yahboom/intro_ws/install/examples_rclpy_minimal_service:/home/yahboom/intro_ws/install/examples_rclpy_minimal_publisher:/home/yahboom/intro_ws/install/examples_rclpy_minimal_client:/home/yahboom/intro_ws/install/examples_rclpy_minimal_action_server:/home/yahboom/intro_ws/install/examples_rclpy_minimal_action_client:/home/yahboom/intro_ws/install/examples_rclpy_guard_conditions:/home/yahboom/intro_ws/install/examples_rclpy_executors:/home/yahboom/cartoros2/install/yahboomcar_nav:/home/yahboom/cartoros2/install/yahboomcar_ctrl:/home/yahboom/cartoros2/install/yahboom_visual:/home/yahboom/cartoros2/install/yahboom_dog_joint_state:/home/yahboom/cartoros2/install/yahboom_description:/home/yahboom/cartoros2/install/yahboom_color_identify_server:/home/yahboom/cartoros2/install/yahboom_bringup:/home/yahboom/cartoros2/install/yahboom_base:/home/yahboom/cartoros2/install/yahboom_app_save_map:/home/yahboom/cartoros2/install/update_map:/home/yahboom/cartoros2/install/rosboard:/home/yahboom/cartoros2/install/path_planner_server:/home/yahboom/cartoros2/install/nav2_simple_commander:/home/yahboom/cartoros2/install/nav2_gazebo_spawner:/home/yahboom/cartoros2/install/localization_server:/home/yahboom/cartoros2/install/laserscan_to_point_pulisher:/home/yahboom/yahboomcar_ws/install/yahboom_dog_example:/opt/ros/humble /usr/bin/cmake --build /home/yahboom/intro_ws/build/examples_rclcpp_minimal_action_client -- -j4 -l4
[0.804s] DEBUG:colcon.colcon_core.event_handler.log_command:Invoking command in '/home/yahboom/intro_ws/build/examples_rclcpp_async_client': CMAKE_PREFIX_PATH=${CMAKE_PREFIX_PATH}:/home/yahboom/intro_ws/install/turtle_test:/home/yahboom/intro_ws/install/time_tf2_py:/home/yahboom/intro_ws/install/test_tf2_py:/home/yahboom/intro_ws/install/python_parameters:/home/yahboom/intro_ws/install/launch_testing_examples:/home/yahboom/intro_ws/install/examples_rclpy_pointcloud_publisher:/home/yahboom/intro_ws/install/examples_rclpy_minimal_subscriber:/home/yahboom/intro_ws/install/examples_rclpy_minimal_service:/home/yahboom/intro_ws/install/examples_rclpy_minimal_publisher:/home/yahboom/intro_ws/install/examples_rclpy_minimal_client:/home/yahboom/intro_ws/install/examples_rclpy_minimal_action_server:/home/yahboom/intro_ws/install/examples_rclpy_minimal_action_client:/home/yahboom/intro_ws/install/examples_rclpy_guard_conditions:/home/yahboom/intro_ws/install/examples_rclpy_executors:/home/yahboom/cartoros2/install/yahboomcar_nav:/home/yahboom/cartoros2/install/yahboomcar_ctrl:/home/yahboom/cartoros2/install/yahboom_visual:/home/yahboom/cartoros2/install/yahboom_dog_joint_state:/home/yahboom/cartoros2/install/yahboom_description:/home/yahboom/cartoros2/install/yahboom_color_identify_server:/home/yahboom/cartoros2/install/yahboom_bringup:/home/yahboom/cartoros2/install/yahboom_base:/home/yahboom/cartoros2/install/yahboom_app_save_map:/home/yahboom/cartoros2/install/update_map:/home/yahboom/cartoros2/install/rosboard:/home/yahboom/cartoros2/install/path_planner_server:/home/yahboom/cartoros2/install/nav2_simple_commander:/home/yahboom/cartoros2/install/nav2_gazebo_spawner:/home/yahboom/cartoros2/install/localization_server:/home/yahboom/cartoros2/install/laserscan_to_point_pulisher:/home/yahboom/yahboomcar_ws/install/yahboom_dog_example:/opt/ros/humble /usr/bin/cmake --install /home/yahboom/intro_ws/build/examples_rclcpp_async_client
[0.859s] Level 1:colcon.colcon_core.environment:create_environment_scripts_only(examples_rclcpp_async_client)
[0.860s] DEBUG:colcon.colcon_core.event_handler.log_command:Invoked command in '/home/yahboom/intro_ws/build/examples_rclcpp_async_client' returned '0': CMAKE_PREFIX_PATH=${CMAKE_PREFIX_PATH}:/home/yahboom/intro_ws/install/turtle_test:/home/yahboom/intro_ws/install/time_tf2_py:/home/yahboom/intro_ws/install/test_tf2_py:/home/yahboom/intro_ws/install/python_parameters:/home/yahboom/intro_ws/install/launch_testing_examples:/home/yahboom/intro_ws/install/examples_rclpy_pointcloud_publisher:/home/yahboom/intro_ws/install/examples_rclpy_minimal_subscriber:/home/yahboom/intro_ws/install/examples_rclpy_minimal_service:/home/yahboom/intro_ws/install/examples_rclpy_minimal_publisher:/home/yahboom/intro_ws/install/examples_rclpy_minimal_client:/home/yahboom/intro_ws/install/examples_rclpy_minimal_action_server:/home/yahboom/intro_ws/install/examples_rclpy_minimal_action_client:/home/yahboom/intro_ws/install/examples_rclpy_guard_conditions:/home/yahboom/intro_ws/install/examples_rclpy_executors:/home/yahboom/cartoros2/install/yahboomcar_nav:/home/yahboom/cartoros2/install/yahboomcar_ctrl:/home/yahboom/cartoros2/install/yahboom_visual:/home/yahboom/cartoros2/install/yahboom_dog_joint_state:/home/yahboom/cartoros2/install/yahboom_description:/home/yahboom/cartoros2/install/yahboom_color_identify_server:/home/yahboom/cartoros2/install/yahboom_bringup:/home/yahboom/cartoros2/install/yahboom_base:/home/yahboom/cartoros2/install/yahboom_app_save_map:/home/yahboom/cartoros2/install/update_map:/home/yahboom/cartoros2/install/rosboard:/home/yahboom/cartoros2/install/path_planner_server:/home/yahboom/cartoros2/install/nav2_simple_commander:/home/yahboom/cartoros2/install/nav2_gazebo_spawner:/home/yahboom/cartoros2/install/localization_server:/home/yahboom/cartoros2/install/laserscan_to_point_pulisher:/home/yahboom/yahboomcar_ws/install/yahboom_dog_example:/opt/ros/humble /usr/bin/cmake --install /home/yahboom/intro_ws/build/examples_rclcpp_async_client
[0.865s] Level 1:colcon.colcon_core.environment:checking '/home/yahboom/intro_ws/install/examples_rclcpp_async_client' for CMake module files
[0.865s] Level 1:colcon.colcon_core.environment:checking '/home/yahboom/intro_ws/install/examples_rclcpp_async_client' for CMake config files
[0.866s] Level 1:colcon.colcon_core.shell:create_environment_hook('examples_rclcpp_async_client', 'cmake_prefix_path')
[0.866s] INFO:colcon.colcon_core.shell:Creating environment hook '/home/yahboom/intro_ws/install/examples_rclcpp_async_client/share/examples_rclcpp_async_client/hook/cmake_prefix_path.ps1'
[0.867s] INFO:colcon.colcon_core.shell:Creating environment descriptor '/home/yahboom/intro_ws/install/examples_rclcpp_async_client/share/examples_rclcpp_async_client/hook/cmake_prefix_path.dsv'
[0.867s] INFO:colcon.colcon_core.shell:Creating environment hook '/home/yahboom/intro_ws/install/examples_rclcpp_async_client/share/examples_rclcpp_async_client/hook/cmake_prefix_path.sh'
[0.868s] Level 1:colcon.colcon_core.environment:checking '/home/yahboom/intro_ws/install/examples_rclcpp_async_client/lib'
[0.868s] Level 1:colcon.colcon_core.environment:checking '/home/yahboom/intro_ws/install/examples_rclcpp_async_client/bin'
[0.869s] Level 1:colcon.colcon_core.environment:checking '/home/yahboom/intro_ws/install/examples_rclcpp_async_client/lib/pkgconfig/examples_rclcpp_async_client.pc'
[0.869s] Level 1:colcon.colcon_core.environment:checking '/home/yahboom/intro_ws/install/examples_rclcpp_async_client/lib/python3.10/site-packages'
[0.869s] Level 1:colcon.colcon_core.environment:checking '/home/yahboom/intro_ws/install/examples_rclcpp_async_client/bin'
[0.869s] INFO:colcon.colcon_core.shell:Creating package script '/home/yahboom/intro_ws/install/examples_rclcpp_async_client/share/examples_rclcpp_async_client/package.ps1'
[0.870s] INFO:colcon.colcon_core.shell:Creating package descriptor '/home/yahboom/intro_ws/install/examples_rclcpp_async_client/share/examples_rclcpp_async_client/package.dsv'
[0.870s] INFO:colcon.colcon_core.shell:Creating package script '/home/yahboom/intro_ws/install/examples_rclcpp_async_client/share/examples_rclcpp_async_client/package.sh'
[0.871s] INFO:colcon.colcon_core.shell:Creating package script '/home/yahboom/intro_ws/install/examples_rclcpp_async_client/share/examples_rclcpp_async_client/package.bash'
[0.872s] INFO:colcon.colcon_core.shell:Creating package script '/home/yahboom/intro_ws/install/examples_rclcpp_async_client/share/examples_rclcpp_async_client/package.zsh'
[0.873s] Level 1:colcon.colcon_core.environment:create_file_with_runtime_dependencies(/home/yahboom/intro_ws/install/examples_rclcpp_async_client/share/colcon-core/packages/examples_rclcpp_async_client)
[0.879s] DEBUG:colcon.colcon_core.event_handler.log_command:Invoking command in '/home/yahboom/intro_ws/build/examples_rclcpp_cbg_executor': CMAKE_PREFIX_PATH=${CMAKE_PREFIX_PATH}:/home/yahboom/intro_ws/install/turtle_test:/home/yahboom/intro_ws/install/time_tf2_py:/home/yahboom/intro_ws/install/test_tf2_py:/home/yahboom/intro_ws/install/python_parameters:/home/yahboom/intro_ws/install/launch_testing_examples:/home/yahboom/intro_ws/install/examples_rclpy_pointcloud_publisher:/home/yahboom/intro_ws/install/examples_rclpy_minimal_subscriber:/home/yahboom/intro_ws/install/examples_rclpy_minimal_service:/home/yahboom/intro_ws/install/examples_rclpy_minimal_publisher:/home/yahboom/intro_ws/install/examples_rclpy_minimal_client:/home/yahboom/intro_ws/install/examples_rclpy_minimal_action_server:/home/yahboom/intro_ws/install/examples_rclpy_minimal_action_client:/home/yahboom/intro_ws/install/examples_rclpy_guard_conditions:/home/yahboom/intro_ws/install/examples_rclpy_executors:/home/yahboom/cartoros2/install/yahboomcar_nav:/home/yahboom/cartoros2/install/yahboomcar_ctrl:/home/yahboom/cartoros2/install/yahboom_visual:/home/yahboom/cartoros2/install/yahboom_dog_joint_state:/home/yahboom/cartoros2/install/yahboom_description:/home/yahboom/cartoros2/install/yahboom_color_identify_server:/home/yahboom/cartoros2/install/yahboom_bringup:/home/yahboom/cartoros2/install/yahboom_base:/home/yahboom/cartoros2/install/yahboom_app_save_map:/home/yahboom/cartoros2/install/update_map:/home/yahboom/cartoros2/install/rosboard:/home/yahboom/cartoros2/install/path_planner_server:/home/yahboom/cartoros2/install/nav2_simple_commander:/home/yahboom/cartoros2/install/nav2_gazebo_spawner:/home/yahboom/cartoros2/install/localization_server:/home/yahboom/cartoros2/install/laserscan_to_point_pulisher:/home/yahboom/yahboomcar_ws/install/yahboom_dog_example:/opt/ros/humble /usr/bin/cmake --install /home/yahboom/intro_ws/build/examples_rclcpp_cbg_executor
[0.882s] DEBUG:colcon.colcon_core.event_handler.log_command:Invoking command in '/home/yahboom/intro_ws/build/examples_rclcpp_minimal_action_client': CMAKE_PREFIX_PATH=${CMAKE_PREFIX_PATH}:/home/yahboom/intro_ws/install/turtle_test:/home/yahboom/intro_ws/install/time_tf2_py:/home/yahboom/intro_ws/install/test_tf2_py:/home/yahboom/intro_ws/install/python_parameters:/home/yahboom/intro_ws/install/launch_testing_examples:/home/yahboom/intro_ws/install/examples_rclpy_pointcloud_publisher:/home/yahboom/intro_ws/install/examples_rclpy_minimal_subscriber:/home/yahboom/intro_ws/install/examples_rclpy_minimal_service:/home/yahboom/intro_ws/install/examples_rclpy_minimal_publisher:/home/yahboom/intro_ws/install/examples_rclpy_minimal_client:/home/yahboom/intro_ws/install/examples_rclpy_minimal_action_server:/home/yahboom/intro_ws/install/examples_rclpy_minimal_action_client:/home/yahboom/intro_ws/install/examples_rclpy_guard_conditions:/home/yahboom/intro_ws/install/examples_rclpy_executors:/home/yahboom/cartoros2/install/yahboomcar_nav:/home/yahboom/cartoros2/install/yahboomcar_ctrl:/home/yahboom/cartoros2/install/yahboom_visual:/home/yahboom/cartoros2/install/yahboom_dog_joint_state:/home/yahboom/cartoros2/install/yahboom_description:/home/yahboom/cartoros2/install/yahboom_color_identify_server:/home/yahboom/cartoros2/install/yahboom_bringup:/home/yahboom/cartoros2/install/yahboom_base:/home/yahboom/cartoros2/install/yahboom_app_save_map:/home/yahboom/cartoros2/install/update_map:/home/yahboom/cartoros2/install/rosboard:/home/yahboom/cartoros2/install/path_planner_server:/home/yahboom/cartoros2/install/nav2_simple_commander:/home/yahboom/cartoros2/install/nav2_gazebo_spawner:/home/yahboom/cartoros2/install/localization_server:/home/yahboom/cartoros2/install/laserscan_to_point_pulisher:/home/yahboom/yahboomcar_ws/install/yahboom_dog_example:/opt/ros/humble /usr/bin/cmake --install /home/yahboom/intro_ws/build/examples_rclcpp_minimal_action_client
[0.924s] Level 1:colcon.colcon_core.environment:create_environment_scripts_only(examples_rclcpp_cbg_executor)
[0.925s] Level 1:colcon.colcon_core.environment:checking '/home/yahboom/intro_ws/install/examples_rclcpp_cbg_executor' for CMake module files
[0.925s] DEBUG:colcon.colcon_core.event_handler.log_command:Invoked command in '/home/yahboom/intro_ws/build/examples_rclcpp_cbg_executor' returned '0': CMAKE_PREFIX_PATH=${CMAKE_PREFIX_PATH}:/home/yahboom/intro_ws/install/turtle_test:/home/yahboom/intro_ws/install/time_tf2_py:/home/yahboom/intro_ws/install/test_tf2_py:/home/yahboom/intro_ws/install/python_parameters:/home/yahboom/intro_ws/install/launch_testing_examples:/home/yahboom/intro_ws/install/examples_rclpy_pointcloud_publisher:/home/yahboom/intro_ws/install/examples_rclpy_minimal_subscriber:/home/yahboom/intro_ws/install/examples_rclpy_minimal_service:/home/yahboom/intro_ws/install/examples_rclpy_minimal_publisher:/home/yahboom/intro_ws/install/examples_rclpy_minimal_client:/home/yahboom/intro_ws/install/examples_rclpy_minimal_action_server:/home/yahboom/intro_ws/install/examples_rclpy_minimal_action_client:/home/yahboom/intro_ws/install/examples_rclpy_guard_conditions:/home/yahboom/intro_ws/install/examples_rclpy_executors:/home/yahboom/cartoros2/install/yahboomcar_nav:/home/yahboom/cartoros2/install/yahboomcar_ctrl:/home/yahboom/cartoros2/install/yahboom_visual:/home/yahboom/cartoros2/install/yahboom_dog_joint_state:/home/yahboom/cartoros2/install/yahboom_description:/home/yahboom/cartoros2/install/yahboom_color_identify_server:/home/yahboom/cartoros2/install/yahboom_bringup:/home/yahboom/cartoros2/install/yahboom_base:/home/yahboom/cartoros2/install/yahboom_app_save_map:/home/yahboom/cartoros2/install/update_map:/home/yahboom/cartoros2/install/rosboard:/home/yahboom/cartoros2/install/path_planner_server:/home/yahboom/cartoros2/install/nav2_simple_commander:/home/yahboom/cartoros2/install/nav2_gazebo_spawner:/home/yahboom/cartoros2/install/localization_server:/home/yahboom/cartoros2/install/laserscan_to_point_pulisher:/home/yahboom/yahboomcar_ws/install/yahboom_dog_example:/opt/ros/humble /usr/bin/cmake --install /home/yahboom/intro_ws/build/examples_rclcpp_cbg_executor
[0.926s] Level 1:colcon.colcon_core.environment:checking '/home/yahboom/intro_ws/install/examples_rclcpp_cbg_executor' for CMake config files
[0.926s] Level 1:colcon.colcon_core.shell:create_environment_hook('examples_rclcpp_cbg_executor', 'cmake_prefix_path')
[0.926s] INFO:colcon.colcon_core.shell:Creating environment hook '/home/yahboom/intro_ws/install/examples_rclcpp_cbg_executor/share/examples_rclcpp_cbg_executor/hook/cmake_prefix_path.ps1'
[0.928s] INFO:colcon.colcon_core.shell:Creating environment descriptor '/home/yahboom/intro_ws/install/examples_rclcpp_cbg_executor/share/examples_rclcpp_cbg_executor/hook/cmake_prefix_path.dsv'
[0.929s] INFO:colcon.colcon_core.shell:Creating environment hook '/home/yahboom/intro_ws/install/examples_rclcpp_cbg_executor/share/examples_rclcpp_cbg_executor/hook/cmake_prefix_path.sh'
[0.930s] Level 1:colcon.colcon_core.environment:checking '/home/yahboom/intro_ws/install/examples_rclcpp_cbg_executor/lib'
[0.930s] Level 1:colcon.colcon_core.environment:checking '/home/yahboom/intro_ws/install/examples_rclcpp_cbg_executor/bin'
[0.930s] Level 1:colcon.colcon_core.environment:checking '/home/yahboom/intro_ws/install/examples_rclcpp_cbg_executor/lib/pkgconfig/examples_rclcpp_cbg_executor.pc'
[0.930s] Level 1:colcon.colcon_core.environment:checking '/home/yahboom/intro_ws/install/examples_rclcpp_cbg_executor/lib/python3.10/site-packages'
[0.930s] Level 1:colcon.colcon_core.environment:checking '/home/yahboom/intro_ws/install/examples_rclcpp_cbg_executor/bin'
[0.931s] INFO:colcon.colcon_core.shell:Creating package script '/home/yahboom/intro_ws/install/examples_rclcpp_cbg_executor/share/examples_rclcpp_cbg_executor/package.ps1'
[0.931s] INFO:colcon.colcon_core.shell:Creating package descriptor '/home/yahboom/intro_ws/install/examples_rclcpp_cbg_executor/share/examples_rclcpp_cbg_executor/package.dsv'
[0.932s] INFO:colcon.colcon_core.shell:Creating package script '/home/yahboom/intro_ws/install/examples_rclcpp_cbg_executor/share/examples_rclcpp_cbg_executor/package.sh'
[0.935s] INFO:colcon.colcon_core.shell:Creating package script '/home/yahboom/intro_ws/install/examples_rclcpp_cbg_executor/share/examples_rclcpp_cbg_executor/package.bash'
[0.936s] INFO:colcon.colcon_core.shell:Creating package script '/home/yahboom/intro_ws/install/examples_rclcpp_cbg_executor/share/examples_rclcpp_cbg_executor/package.zsh'
[0.937s] Level 1:colcon.colcon_core.environment:create_file_with_runtime_dependencies(/home/yahboom/intro_ws/install/examples_rclcpp_cbg_executor/share/colcon-core/packages/examples_rclcpp_cbg_executor)
[0.960s] Level 1:colcon.colcon_core.environment:create_environment_scripts_only(examples_rclcpp_minimal_action_client)
[0.960s] Level 1:colcon.colcon_core.environment:checking '/home/yahboom/intro_ws/install/examples_rclcpp_minimal_action_client' for CMake module files
[0.961s] DEBUG:colcon.colcon_core.event_handler.log_command:Invoked command in '/home/yahboom/intro_ws/build/examples_rclcpp_minimal_action_client' returned '0': CMAKE_PREFIX_PATH=${CMAKE_PREFIX_PATH}:/home/yahboom/intro_ws/install/turtle_test:/home/yahboom/intro_ws/install/time_tf2_py:/home/yahboom/intro_ws/install/test_tf2_py:/home/yahboom/intro_ws/install/python_parameters:/home/yahboom/intro_ws/install/launch_testing_examples:/home/yahboom/intro_ws/install/examples_rclpy_pointcloud_publisher:/home/yahboom/intro_ws/install/examples_rclpy_minimal_subscriber:/home/yahboom/intro_ws/install/examples_rclpy_minimal_service:/home/yahboom/intro_ws/install/examples_rclpy_minimal_publisher:/home/yahboom/intro_ws/install/examples_rclpy_minimal_client:/home/yahboom/intro_ws/install/examples_rclpy_minimal_action_server:/home/yahboom/intro_ws/install/examples_rclpy_minimal_action_client:/home/yahboom/intro_ws/install/examples_rclpy_guard_conditions:/home/yahboom/intro_ws/install/examples_rclpy_executors:/home/yahboom/cartoros2/install/yahboomcar_nav:/home/yahboom/cartoros2/install/yahboomcar_ctrl:/home/yahboom/cartoros2/install/yahboom_visual:/home/yahboom/cartoros2/install/yahboom_dog_joint_state:/home/yahboom/cartoros2/install/yahboom_description:/home/yahboom/cartoros2/install/yahboom_color_identify_server:/home/yahboom/cartoros2/install/yahboom_bringup:/home/yahboom/cartoros2/install/yahboom_base:/home/yahboom/cartoros2/install/yahboom_app_save_map:/home/yahboom/cartoros2/install/update_map:/home/yahboom/cartoros2/install/rosboard:/home/yahboom/cartoros2/install/path_planner_server:/home/yahboom/cartoros2/install/nav2_simple_commander:/home/yahboom/cartoros2/install/nav2_gazebo_spawner:/home/yahboom/cartoros2/install/localization_server:/home/yahboom/cartoros2/install/laserscan_to_point_pulisher:/home/yahboom/yahboomcar_ws/install/yahboom_dog_example:/opt/ros/humble /usr/bin/cmake --install /home/yahboom/intro_ws/build/examples_rclcpp_minimal_action_client
[0.963s] Level 1:colcon.colcon_core.environment:checking '/home/yahboom/intro_ws/install/examples_rclcpp_minimal_action_client' for CMake config files
[0.963s] Level 1:colcon.colcon_core.shell:create_environment_hook('examples_rclcpp_minimal_action_client', 'cmake_prefix_path')
[0.963s] INFO:colcon.colcon_core.shell:Creating environment hook '/home/yahboom/intro_ws/install/examples_rclcpp_minimal_action_client/share/examples_rclcpp_minimal_action_client/hook/cmake_prefix_path.ps1'
[0.965s] INFO:colcon.colcon_core.shell:Creating environment descriptor '/home/yahboom/intro_ws/install/examples_rclcpp_minimal_action_client/share/examples_rclcpp_minimal_action_client/hook/cmake_prefix_path.dsv'
[0.967s] INFO:colcon.colcon_core.shell:Creating environment hook '/home/yahboom/intro_ws/install/examples_rclcpp_minimal_action_client/share/examples_rclcpp_minimal_action_client/hook/cmake_prefix_path.sh'
[0.968s] Level 1:colcon.colcon_core.environment:checking '/home/yahboom/intro_ws/install/examples_rclcpp_minimal_action_client/lib'
[0.968s] Level 1:colcon.colcon_core.environment:checking '/home/yahboom/intro_ws/install/examples_rclcpp_minimal_action_client/bin'
[0.968s] Level 1:colcon.colcon_core.environment:checking '/home/yahboom/intro_ws/install/examples_rclcpp_minimal_action_client/lib/pkgconfig/examples_rclcpp_minimal_action_client.pc'
[0.968s] Level 1:colcon.colcon_core.environment:checking '/home/yahboom/intro_ws/install/examples_rclcpp_minimal_action_client/lib/python3.10/site-packages'
[0.968s] Level 1:colcon.colcon_core.environment:checking '/home/yahboom/intro_ws/install/examples_rclcpp_minimal_action_client/bin'
[0.969s] INFO:colcon.colcon_core.shell:Creating package script '/home/yahboom/intro_ws/install/examples_rclcpp_minimal_action_client/share/examples_rclcpp_minimal_action_client/package.ps1'
[0.970s] INFO:colcon.colcon_core.shell:Creating package descriptor '/home/yahboom/intro_ws/install/examples_rclcpp_minimal_action_client/share/examples_rclcpp_minimal_action_client/package.dsv'
[0.970s] INFO:colcon.colcon_core.shell:Creating package script '/home/yahboom/intro_ws/install/examples_rclcpp_minimal_action_client/share/examples_rclcpp_minimal_action_client/package.sh'
[0.971s] INFO:colcon.colcon_core.shell:Creating package script '/home/yahboom/intro_ws/install/examples_rclcpp_minimal_action_client/share/examples_rclcpp_minimal_action_client/package.bash'
[0.975s] INFO:colcon.colcon_core.shell:Creating package script '/home/yahboom/intro_ws/install/examples_rclcpp_minimal_action_client/share/examples_rclcpp_minimal_action_client/package.zsh'
[0.977s] Level 1:colcon.colcon_core.environment:create_file_with_runtime_dependencies(/home/yahboom/intro_ws/install/examples_rclcpp_minimal_action_client/share/colcon-core/packages/examples_rclcpp_minimal_action_client)
[1.017s] Level 1:colcon.colcon_core.environment:create_environment_scripts_only(examples_rclcpp_async_client)
[1.017s] Level 1:colcon.colcon_core.environment:checking '/home/yahboom/intro_ws/install/examples_rclcpp_async_client' for CMake module files
[1.018s] Level 1:colcon.colcon_core.environment:checking '/home/yahboom/intro_ws/install/examples_rclcpp_async_client' for CMake config files
[1.018s] Level 1:colcon.colcon_core.shell:create_environment_hook('examples_rclcpp_async_client', 'cmake_prefix_path')
[1.018s] INFO:colcon.colcon_core.shell:Creating environment hook '/home/yahboom/intro_ws/install/examples_rclcpp_async_client/share/examples_rclcpp_async_client/hook/cmake_prefix_path.ps1'
[1.020s] INFO:colcon.colcon_core.shell:Creating environment descriptor '/home/yahboom/intro_ws/install/examples_rclcpp_async_client/share/examples_rclcpp_async_client/hook/cmake_prefix_path.dsv'
[1.020s] INFO:colcon.colcon_core.shell:Creating environment hook '/home/yahboom/intro_ws/install/examples_rclcpp_async_client/share/examples_rclcpp_async_client/hook/cmake_prefix_path.sh'
[1.022s] Level 1:colcon.colcon_core.environment:checking '/home/yahboom/intro_ws/install/examples_rclcpp_async_client/lib'
[1.022s] Level 1:colcon.colcon_core.environment:checking '/home/yahboom/intro_ws/install/examples_rclcpp_async_client/bin'
[1.022s] Level 1:colcon.colcon_core.environment:checking '/home/yahboom/intro_ws/install/examples_rclcpp_async_client/lib/pkgconfig/examples_rclcpp_async_client.pc'
[1.022s] Level 1:colcon.colcon_core.environment:checking '/home/yahboom/intro_ws/install/examples_rclcpp_async_client/lib/python3.10/site-packages'
[1.022s] Level 1:colcon.colcon_core.environment:checking '/home/yahboom/intro_ws/install/examples_rclcpp_async_client/bin'
[1.023s] INFO:colcon.colcon_core.shell:Creating package script '/home/yahboom/intro_ws/install/examples_rclcpp_async_client/share/examples_rclcpp_async_client/package.ps1'
[1.026s] INFO:colcon.colcon_core.shell:Creating package descriptor '/home/yahboom/intro_ws/install/examples_rclcpp_async_client/share/examples_rclcpp_async_client/package.dsv'
[1.027s] INFO:colcon.colcon_core.shell:Creating package script '/home/yahboom/intro_ws/install/examples_rclcpp_async_client/share/examples_rclcpp_async_client/package.sh'
[1.032s] INFO:colcon.colcon_core.shell:Creating package script '/home/yahboom/intro_ws/install/examples_rclcpp_async_client/share/examples_rclcpp_async_client/package.bash'
[1.036s] INFO:colcon.colcon_core.shell:Creating package script '/home/yahboom/intro_ws/install/examples_rclcpp_async_client/share/examples_rclcpp_async_client/package.zsh'
[1.037s] Level 1:colcon.colcon_core.environment:create_file_with_runtime_dependencies(/home/yahboom/intro_ws/install/examples_rclcpp_async_client/share/colcon-core/packages/examples_rclcpp_async_client)
[1.040s] INFO:colcon.colcon_ros.task.ament_cmake.build:Building ROS package in '/home/yahboom/intro_ws/src/examples/rclcpp/actions/minimal_action_server' with build type 'ament_cmake'
[1.040s] INFO:colcon.colcon_cmake.task.cmake.build:Building CMake package in '/home/yahboom/intro_ws/src/examples/rclcpp/actions/minimal_action_server'
[1.040s] INFO:colcon.colcon_core.shell:Skip shell extension 'powershell' for command environment: Not usable outside of PowerShell
[1.040s] DEBUG:colcon.colcon_core.shell:Skip shell extension 'dsv' for command environment
[1.063s] DEBUG:colcon.colcon_core.event_handler.log_command:Invoking command in '/home/yahboom/intro_ws/build/examples_rclcpp_minimal_action_server': CMAKE_PREFIX_PATH=${CMAKE_PREFIX_PATH}:/home/yahboom/intro_ws/install/turtle_test:/home/yahboom/intro_ws/install/time_tf2_py:/home/yahboom/intro_ws/install/test_tf2_py:/home/yahboom/intro_ws/install/python_parameters:/home/yahboom/intro_ws/install/launch_testing_examples:/home/yahboom/intro_ws/install/examples_rclpy_pointcloud_publisher:/home/yahboom/intro_ws/install/examples_rclpy_minimal_subscriber:/home/yahboom/intro_ws/install/examples_rclpy_minimal_service:/home/yahboom/intro_ws/install/examples_rclpy_minimal_publisher:/home/yahboom/intro_ws/install/examples_rclpy_minimal_client:/home/yahboom/intro_ws/install/examples_rclpy_minimal_action_server:/home/yahboom/intro_ws/install/examples_rclpy_minimal_action_client:/home/yahboom/intro_ws/install/examples_rclpy_guard_conditions:/home/yahboom/intro_ws/install/examples_rclpy_executors:/home/yahboom/cartoros2/install/yahboomcar_nav:/home/yahboom/cartoros2/install/yahboomcar_ctrl:/home/yahboom/cartoros2/install/yahboom_visual:/home/yahboom/cartoros2/install/yahboom_dog_joint_state:/home/yahboom/cartoros2/install/yahboom_description:/home/yahboom/cartoros2/install/yahboom_color_identify_server:/home/yahboom/cartoros2/install/yahboom_bringup:/home/yahboom/cartoros2/install/yahboom_base:/home/yahboom/cartoros2/install/yahboom_app_save_map:/home/yahboom/cartoros2/install/update_map:/home/yahboom/cartoros2/install/rosboard:/home/yahboom/cartoros2/install/path_planner_server:/home/yahboom/cartoros2/install/nav2_simple_commander:/home/yahboom/cartoros2/install/nav2_gazebo_spawner:/home/yahboom/cartoros2/install/localization_server:/home/yahboom/cartoros2/install/laserscan_to_point_pulisher:/home/yahboom/yahboomcar_ws/install/yahboom_dog_example:/opt/ros/humble /usr/bin/cmake --build /home/yahboom/intro_ws/build/examples_rclcpp_minimal_action_server -- -j4 -l4
[1.115s] Level 1:colcon.colcon_core.environment:create_environment_scripts_only(examples_rclcpp_cbg_executor)
[1.115s] Level 1:colcon.colcon_core.environment:checking '/home/yahboom/intro_ws/install/examples_rclcpp_cbg_executor' for CMake module files
[1.116s] Level 1:colcon.colcon_core.environment:checking '/home/yahboom/intro_ws/install/examples_rclcpp_cbg_executor' for CMake config files
[1.118s] Level 1:colcon.colcon_core.shell:create_environment_hook('examples_rclcpp_cbg_executor', 'cmake_prefix_path')
[1.118s] INFO:colcon.colcon_core.shell:Creating environment hook '/home/yahboom/intro_ws/install/examples_rclcpp_cbg_executor/share/examples_rclcpp_cbg_executor/hook/cmake_prefix_path.ps1'
[1.119s] INFO:colcon.colcon_core.shell:Creating environment descriptor '/home/yahboom/intro_ws/install/examples_rclcpp_cbg_executor/share/examples_rclcpp_cbg_executor/hook/cmake_prefix_path.dsv'
[1.120s] INFO:colcon.colcon_core.shell:Creating environment hook '/home/yahboom/intro_ws/install/examples_rclcpp_cbg_executor/share/examples_rclcpp_cbg_executor/hook/cmake_prefix_path.sh'
[1.120s] Level 1:colcon.colcon_core.environment:checking '/home/yahboom/intro_ws/install/examples_rclcpp_cbg_executor/lib'
[1.121s] Level 1:colcon.colcon_core.environment:checking '/home/yahboom/intro_ws/install/examples_rclcpp_cbg_executor/bin'
[1.121s] Level 1:colcon.colcon_core.environment:checking '/home/yahboom/intro_ws/install/examples_rclcpp_cbg_executor/lib/pkgconfig/examples_rclcpp_cbg_executor.pc'
[1.121s] Level 1:colcon.colcon_core.environment:checking '/home/yahboom/intro_ws/install/examples_rclcpp_cbg_executor/lib/python3.10/site-packages'
[1.121s] Level 1:colcon.colcon_core.environment:checking '/home/yahboom/intro_ws/install/examples_rclcpp_cbg_executor/bin'
[1.121s] INFO:colcon.colcon_core.shell:Creating package script '/home/yahboom/intro_ws/install/examples_rclcpp_cbg_executor/share/examples_rclcpp_cbg_executor/package.ps1'
[1.122s] INFO:colcon.colcon_core.shell:Creating package descriptor '/home/yahboom/intro_ws/install/examples_rclcpp_cbg_executor/share/examples_rclcpp_cbg_executor/package.dsv'
[1.123s] INFO:colcon.colcon_core.shell:Creating package script '/home/yahboom/intro_ws/install/examples_rclcpp_cbg_executor/share/examples_rclcpp_cbg_executor/package.sh'
[1.124s] INFO:colcon.colcon_core.shell:Creating package script '/home/yahboom/intro_ws/install/examples_rclcpp_cbg_executor/share/examples_rclcpp_cbg_executor/package.bash'
[1.125s] INFO:colcon.colcon_core.shell:Creating package script '/home/yahboom/intro_ws/install/examples_rclcpp_cbg_executor/share/examples_rclcpp_cbg_executor/package.zsh'
[1.126s] Level 1:colcon.colcon_core.environment:create_file_with_runtime_dependencies(/home/yahboom/intro_ws/install/examples_rclcpp_cbg_executor/share/colcon-core/packages/examples_rclcpp_cbg_executor)
[1.127s] INFO:colcon.colcon_ros.task.ament_cmake.build:Building ROS package in '/home/yahboom/intro_ws/src/examples/rclcpp/services/minimal_client' with build type 'ament_cmake'
[1.128s] INFO:colcon.colcon_cmake.task.cmake.build:Building CMake package in '/home/yahboom/intro_ws/src/examples/rclcpp/services/minimal_client'
[1.128s] INFO:colcon.colcon_core.shell:Skip shell extension 'powershell' for command environment: Not usable outside of PowerShell
[1.128s] DEBUG:colcon.colcon_core.shell:Skip shell extension 'dsv' for command environment
[1.143s] Level 1:colcon.colcon_core.environment:create_environment_scripts_only(examples_rclcpp_minimal_action_client)
[1.143s] Level 1:colcon.colcon_core.environment:checking '/home/yahboom/intro_ws/install/examples_rclcpp_minimal_action_client' for CMake module files
[1.143s] Level 1:colcon.colcon_core.environment:checking '/home/yahboom/intro_ws/install/examples_rclcpp_minimal_action_client' for CMake config files
[1.143s] Level 1:colcon.colcon_core.shell:create_environment_hook('examples_rclcpp_minimal_action_client', 'cmake_prefix_path')
[1.144s] INFO:colcon.colcon_core.shell:Creating environment hook '/home/yahboom/intro_ws/install/examples_rclcpp_minimal_action_client/share/examples_rclcpp_minimal_action_client/hook/cmake_prefix_path.ps1'
[1.145s] INFO:colcon.colcon_core.shell:Creating environment descriptor '/home/yahboom/intro_ws/install/examples_rclcpp_minimal_action_client/share/examples_rclcpp_minimal_action_client/hook/cmake_prefix_path.dsv'
[1.145s] INFO:colcon.colcon_core.shell:Creating environment hook '/home/yahboom/intro_ws/install/examples_rclcpp_minimal_action_client/share/examples_rclcpp_minimal_action_client/hook/cmake_prefix_path.sh'
[1.146s] Level 1:colcon.colcon_core.environment:checking '/home/yahboom/intro_ws/install/examples_rclcpp_minimal_action_client/lib'
[1.146s] Level 1:colcon.colcon_core.environment:checking '/home/yahboom/intro_ws/install/examples_rclcpp_minimal_action_client/bin'
[1.146s] Level 1:colcon.colcon_core.environment:checking '/home/yahboom/intro_ws/install/examples_rclcpp_minimal_action_client/lib/pkgconfig/examples_rclcpp_minimal_action_client.pc'
[1.147s] Level 1:colcon.colcon_core.environment:checking '/home/yahboom/intro_ws/install/examples_rclcpp_minimal_action_client/lib/python3.10/site-packages'
[1.147s] Level 1:colcon.colcon_core.environment:checking '/home/yahboom/intro_ws/install/examples_rclcpp_minimal_action_client/bin'
[1.147s] INFO:colcon.colcon_core.shell:Creating package script '/home/yahboom/intro_ws/install/examples_rclcpp_minimal_action_client/share/examples_rclcpp_minimal_action_client/package.ps1'
[1.148s] INFO:colcon.colcon_core.shell:Creating package descriptor '/home/yahboom/intro_ws/install/examples_rclcpp_minimal_action_client/share/examples_rclcpp_minimal_action_client/package.dsv'
[1.149s] INFO:colcon.colcon_core.shell:Creating package script '/home/yahboom/intro_ws/install/examples_rclcpp_minimal_action_client/share/examples_rclcpp_minimal_action_client/package.sh'
[1.150s] INFO:colcon.colcon_core.shell:Creating package script '/home/yahboom/intro_ws/install/examples_rclcpp_minimal_action_client/share/examples_rclcpp_minimal_action_client/package.bash'
[1.150s] INFO:colcon.colcon_core.shell:Creating package script '/home/yahboom/intro_ws/install/examples_rclcpp_minimal_action_client/share/examples_rclcpp_minimal_action_client/package.zsh'
[1.151s] Level 1:colcon.colcon_core.environment:create_file_with_runtime_dependencies(/home/yahboom/intro_ws/install/examples_rclcpp_minimal_action_client/share/colcon-core/packages/examples_rclcpp_minimal_action_client)
[1.152s] INFO:colcon.colcon_ros.task.ament_cmake.build:Building ROS package in '/home/yahboom/intro_ws/src/examples/rclcpp/composition/minimal_composition' with build type 'ament_cmake'
[1.152s] INFO:colcon.colcon_cmake.task.cmake.build:Building CMake package in '/home/yahboom/intro_ws/src/examples/rclcpp/composition/minimal_composition'
[1.153s] INFO:colcon.colcon_core.shell:Skip shell extension 'powershell' for command environment: Not usable outside of PowerShell
[1.153s] DEBUG:colcon.colcon_core.shell:Skip shell extension 'dsv' for command environment
[1.173s] DEBUG:colcon.colcon_core.event_handler.log_command:Invoking command in '/home/yahboom/intro_ws/build/examples_rclcpp_minimal_client': CMAKE_PREFIX_PATH=${CMAKE_PREFIX_PATH}:/home/yahboom/intro_ws/install/turtle_test:/home/yahboom/intro_ws/install/time_tf2_py:/home/yahboom/intro_ws/install/test_tf2_py:/home/yahboom/intro_ws/install/python_parameters:/home/yahboom/intro_ws/install/launch_testing_examples:/home/yahboom/intro_ws/install/examples_rclpy_pointcloud_publisher:/home/yahboom/intro_ws/install/examples_rclpy_minimal_subscriber:/home/yahboom/intro_ws/install/examples_rclpy_minimal_service:/home/yahboom/intro_ws/install/examples_rclpy_minimal_publisher:/home/yahboom/intro_ws/install/examples_rclpy_minimal_client:/home/yahboom/intro_ws/install/examples_rclpy_minimal_action_server:/home/yahboom/intro_ws/install/examples_rclpy_minimal_action_client:/home/yahboom/intro_ws/install/examples_rclpy_guard_conditions:/home/yahboom/intro_ws/install/examples_rclpy_executors:/home/yahboom/cartoros2/install/yahboomcar_nav:/home/yahboom/cartoros2/install/yahboomcar_ctrl:/home/yahboom/cartoros2/install/yahboom_visual:/home/yahboom/cartoros2/install/yahboom_dog_joint_state:/home/yahboom/cartoros2/install/yahboom_description:/home/yahboom/cartoros2/install/yahboom_color_identify_server:/home/yahboom/cartoros2/install/yahboom_bringup:/home/yahboom/cartoros2/install/yahboom_base:/home/yahboom/cartoros2/install/yahboom_app_save_map:/home/yahboom/cartoros2/install/update_map:/home/yahboom/cartoros2/install/rosboard:/home/yahboom/cartoros2/install/path_planner_server:/home/yahboom/cartoros2/install/nav2_simple_commander:/home/yahboom/cartoros2/install/nav2_gazebo_spawner:/home/yahboom/cartoros2/install/localization_server:/home/yahboom/cartoros2/install/laserscan_to_point_pulisher:/home/yahboom/yahboomcar_ws/install/yahboom_dog_example:/opt/ros/humble /usr/bin/cmake --build /home/yahboom/intro_ws/build/examples_rclcpp_minimal_client -- -j4 -l4
[1.184s] DEBUG:colcon.colcon_core.event_handler.log_command:Invoking command in '/home/yahboom/intro_ws/build/examples_rclcpp_minimal_composition': CMAKE_PREFIX_PATH=${CMAKE_PREFIX_PATH}:/home/yahboom/intro_ws/install/turtle_test:/home/yahboom/intro_ws/install/time_tf2_py:/home/yahboom/intro_ws/install/test_tf2_py:/home/yahboom/intro_ws/install/python_parameters:/home/yahboom/intro_ws/install/launch_testing_examples:/home/yahboom/intro_ws/install/examples_rclpy_pointcloud_publisher:/home/yahboom/intro_ws/install/examples_rclpy_minimal_subscriber:/home/yahboom/intro_ws/install/examples_rclpy_minimal_service:/home/yahboom/intro_ws/install/examples_rclpy_minimal_publisher:/home/yahboom/intro_ws/install/examples_rclpy_minimal_client:/home/yahboom/intro_ws/install/examples_rclpy_minimal_action_server:/home/yahboom/intro_ws/install/examples_rclpy_minimal_action_client:/home/yahboom/intro_ws/install/examples_rclpy_guard_conditions:/home/yahboom/intro_ws/install/examples_rclpy_executors:/home/yahboom/cartoros2/install/yahboomcar_nav:/home/yahboom/cartoros2/install/yahboomcar_ctrl:/home/yahboom/cartoros2/install/yahboom_visual:/home/yahboom/cartoros2/install/yahboom_dog_joint_state:/home/yahboom/cartoros2/install/yahboom_description:/home/yahboom/cartoros2/install/yahboom_color_identify_server:/home/yahboom/cartoros2/install/yahboom_bringup:/home/yahboom/cartoros2/install/yahboom_base:/home/yahboom/cartoros2/install/yahboom_app_save_map:/home/yahboom/cartoros2/install/update_map:/home/yahboom/cartoros2/install/rosboard:/home/yahboom/cartoros2/install/path_planner_server:/home/yahboom/cartoros2/install/nav2_simple_commander:/home/yahboom/cartoros2/install/nav2_gazebo_spawner:/home/yahboom/cartoros2/install/localization_server:/home/yahboom/cartoros2/install/laserscan_to_point_pulisher:/home/yahboom/yahboomcar_ws/install/yahboom_dog_example:/opt/ros/humble /usr/bin/cmake --build /home/yahboom/intro_ws/build/examples_rclcpp_minimal_composition -- -j4 -l4
[1.186s] DEBUG:colcon.colcon_core.event_handler.log_command:Invoked command in '/home/yahboom/intro_ws/build/turtle_interfaces' returned '0': CMAKE_PREFIX_PATH=${CMAKE_PREFIX_PATH}:/home/yahboom/intro_ws/install/turtle_test:/home/yahboom/intro_ws/install/time_tf2_py:/home/yahboom/intro_ws/install/test_tf2_py:/home/yahboom/intro_ws/install/python_parameters:/home/yahboom/intro_ws/install/launch_testing_examples:/home/yahboom/intro_ws/install/examples_rclpy_pointcloud_publisher:/home/yahboom/intro_ws/install/examples_rclpy_minimal_subscriber:/home/yahboom/intro_ws/install/examples_rclpy_minimal_service:/home/yahboom/intro_ws/install/examples_rclpy_minimal_publisher:/home/yahboom/intro_ws/install/examples_rclpy_minimal_client:/home/yahboom/intro_ws/install/examples_rclpy_minimal_action_server:/home/yahboom/intro_ws/install/examples_rclpy_minimal_action_client:/home/yahboom/intro_ws/install/examples_rclpy_guard_conditions:/home/yahboom/intro_ws/install/examples_rclpy_executors:/home/yahboom/cartoros2/install/yahboomcar_nav:/home/yahboom/cartoros2/install/yahboomcar_ctrl:/home/yahboom/cartoros2/install/yahboom_visual:/home/yahboom/cartoros2/install/yahboom_dog_joint_state:/home/yahboom/cartoros2/install/yahboom_description:/home/yahboom/cartoros2/install/yahboom_color_identify_server:/home/yahboom/cartoros2/install/yahboom_bringup:/home/yahboom/cartoros2/install/yahboom_base:/home/yahboom/cartoros2/install/yahboom_app_save_map:/home/yahboom/cartoros2/install/update_map:/home/yahboom/cartoros2/install/rosboard:/home/yahboom/cartoros2/install/path_planner_server:/home/yahboom/cartoros2/install/nav2_simple_commander:/home/yahboom/cartoros2/install/nav2_gazebo_spawner:/home/yahboom/cartoros2/install/localization_server:/home/yahboom/cartoros2/install/laserscan_to_point_pulisher:/home/yahboom/yahboomcar_ws/install/yahboom_dog_example:/opt/ros/humble /usr/bin/cmake --build /home/yahboom/intro_ws/build/turtle_interfaces -- -j4 -l4
[1.206s] DEBUG:colcon.colcon_core.event_handler.log_command:Invoked command in '/home/yahboom/intro_ws/build/examples_rclcpp_minimal_action_server' returned '0': CMAKE_PREFIX_PATH=${CMAKE_PREFIX_PATH}:/home/yahboom/intro_ws/install/turtle_test:/home/yahboom/intro_ws/install/time_tf2_py:/home/yahboom/intro_ws/install/test_tf2_py:/home/yahboom/intro_ws/install/python_parameters:/home/yahboom/intro_ws/install/launch_testing_examples:/home/yahboom/intro_ws/install/examples_rclpy_pointcloud_publisher:/home/yahboom/intro_ws/install/examples_rclpy_minimal_subscriber:/home/yahboom/intro_ws/install/examples_rclpy_minimal_service:/home/yahboom/intro_ws/install/examples_rclpy_minimal_publisher:/home/yahboom/intro_ws/install/examples_rclpy_minimal_client:/home/yahboom/intro_ws/install/examples_rclpy_minimal_action_server:/home/yahboom/intro_ws/install/examples_rclpy_minimal_action_client:/home/yahboom/intro_ws/install/examples_rclpy_guard_conditions:/home/yahboom/intro_ws/install/examples_rclpy_executors:/home/yahboom/cartoros2/install/yahboomcar_nav:/home/yahboom/cartoros2/install/yahboomcar_ctrl:/home/yahboom/cartoros2/install/yahboom_visual:/home/yahboom/cartoros2/install/yahboom_dog_joint_state:/home/yahboom/cartoros2/install/yahboom_description:/home/yahboom/cartoros2/install/yahboom_color_identify_server:/home/yahboom/cartoros2/install/yahboom_bringup:/home/yahboom/cartoros2/install/yahboom_base:/home/yahboom/cartoros2/install/yahboom_app_save_map:/home/yahboom/cartoros2/install/update_map:/home/yahboom/cartoros2/install/rosboard:/home/yahboom/cartoros2/install/path_planner_server:/home/yahboom/cartoros2/install/nav2_simple_commander:/home/yahboom/cartoros2/install/nav2_gazebo_spawner:/home/yahboom/cartoros2/install/localization_server:/home/yahboom/cartoros2/install/laserscan_to_point_pulisher:/home/yahboom/yahboomcar_ws/install/yahboom_dog_example:/opt/ros/humble /usr/bin/cmake --build /home/yahboom/intro_ws/build/examples_rclcpp_minimal_action_server -- -j4 -l4
[1.294s] DEBUG:colcon.colcon_core.event_handler.log_command:Invoking command in '/home/yahboom/intro_ws/build/examples_rclcpp_minimal_action_server': CMAKE_PREFIX_PATH=${CMAKE_PREFIX_PATH}:/home/yahboom/intro_ws/install/turtle_test:/home/yahboom/intro_ws/install/time_tf2_py:/home/yahboom/intro_ws/install/test_tf2_py:/home/yahboom/intro_ws/install/python_parameters:/home/yahboom/intro_ws/install/launch_testing_examples:/home/yahboom/intro_ws/install/examples_rclpy_pointcloud_publisher:/home/yahboom/intro_ws/install/examples_rclpy_minimal_subscriber:/home/yahboom/intro_ws/install/examples_rclpy_minimal_service:/home/yahboom/intro_ws/install/examples_rclpy_minimal_publisher:/home/yahboom/intro_ws/install/examples_rclpy_minimal_client:/home/yahboom/intro_ws/install/examples_rclpy_minimal_action_server:/home/yahboom/intro_ws/install/examples_rclpy_minimal_action_client:/home/yahboom/intro_ws/install/examples_rclpy_guard_conditions:/home/yahboom/intro_ws/install/examples_rclpy_executors:/home/yahboom/cartoros2/install/yahboomcar_nav:/home/yahboom/cartoros2/install/yahboomcar_ctrl:/home/yahboom/cartoros2/install/yahboom_visual:/home/yahboom/cartoros2/install/yahboom_dog_joint_state:/home/yahboom/cartoros2/install/yahboom_description:/home/yahboom/cartoros2/install/yahboom_color_identify_server:/home/yahboom/cartoros2/install/yahboom_bringup:/home/yahboom/cartoros2/install/yahboom_base:/home/yahboom/cartoros2/install/yahboom_app_save_map:/home/yahboom/cartoros2/install/update_map:/home/yahboom/cartoros2/install/rosboard:/home/yahboom/cartoros2/install/path_planner_server:/home/yahboom/cartoros2/install/nav2_simple_commander:/home/yahboom/cartoros2/install/nav2_gazebo_spawner:/home/yahboom/cartoros2/install/localization_server:/home/yahboom/cartoros2/install/laserscan_to_point_pulisher:/home/yahboom/yahboomcar_ws/install/yahboom_dog_example:/opt/ros/humble /usr/bin/cmake --install /home/yahboom/intro_ws/build/examples_rclcpp_minimal_action_server
[1.306s] DEBUG:colcon.colcon_core.event_handler.log_command:Invoked command in '/home/yahboom/intro_ws/build/examples_rclcpp_minimal_client' returned '0': CMAKE_PREFIX_PATH=${CMAKE_PREFIX_PATH}:/home/yahboom/intro_ws/install/turtle_test:/home/yahboom/intro_ws/install/time_tf2_py:/home/yahboom/intro_ws/install/test_tf2_py:/home/yahboom/intro_ws/install/python_parameters:/home/yahboom/intro_ws/install/launch_testing_examples:/home/yahboom/intro_ws/install/examples_rclpy_pointcloud_publisher:/home/yahboom/intro_ws/install/examples_rclpy_minimal_subscriber:/home/yahboom/intro_ws/install/examples_rclpy_minimal_service:/home/yahboom/intro_ws/install/examples_rclpy_minimal_publisher:/home/yahboom/intro_ws/install/examples_rclpy_minimal_client:/home/yahboom/intro_ws/install/examples_rclpy_minimal_action_server:/home/yahboom/intro_ws/install/examples_rclpy_minimal_action_client:/home/yahboom/intro_ws/install/examples_rclpy_guard_conditions:/home/yahboom/intro_ws/install/examples_rclpy_executors:/home/yahboom/cartoros2/install/yahboomcar_nav:/home/yahboom/cartoros2/install/yahboomcar_ctrl:/home/yahboom/cartoros2/install/yahboom_visual:/home/yahboom/cartoros2/install/yahboom_dog_joint_state:/home/yahboom/cartoros2/install/yahboom_description:/home/yahboom/cartoros2/install/yahboom_color_identify_server:/home/yahboom/cartoros2/install/yahboom_bringup:/home/yahboom/cartoros2/install/yahboom_base:/home/yahboom/cartoros2/install/yahboom_app_save_map:/home/yahboom/cartoros2/install/update_map:/home/yahboom/cartoros2/install/rosboard:/home/yahboom/cartoros2/install/path_planner_server:/home/yahboom/cartoros2/install/nav2_simple_commander:/home/yahboom/cartoros2/install/nav2_gazebo_spawner:/home/yahboom/cartoros2/install/localization_server:/home/yahboom/cartoros2/install/laserscan_to_point_pulisher:/home/yahboom/yahboomcar_ws/install/yahboom_dog_example:/opt/ros/humble /usr/bin/cmake --build /home/yahboom/intro_ws/build/examples_rclcpp_minimal_client -- -j4 -l4
[1.348s] Level 1:colcon.colcon_core.environment:create_environment_scripts_only(examples_rclcpp_minimal_action_server)
[1.348s] Level 1:colcon.colcon_core.environment:checking '/home/yahboom/intro_ws/install/examples_rclcpp_minimal_action_server' for CMake module files
[1.349s] Level 1:colcon.colcon_core.environment:checking '/home/yahboom/intro_ws/install/examples_rclcpp_minimal_action_server' for CMake config files
[1.349s] Level 1:colcon.colcon_core.shell:create_environment_hook('examples_rclcpp_minimal_action_server', 'cmake_prefix_path')
[1.349s] INFO:colcon.colcon_core.shell:Creating environment hook '/home/yahboom/intro_ws/install/examples_rclcpp_minimal_action_server/share/examples_rclcpp_minimal_action_server/hook/cmake_prefix_path.ps1'
[1.350s] INFO:colcon.colcon_core.shell:Creating environment descriptor '/home/yahboom/intro_ws/install/examples_rclcpp_minimal_action_server/share/examples_rclcpp_minimal_action_server/hook/cmake_prefix_path.dsv'
[1.350s] DEBUG:colcon.colcon_core.event_handler.log_command:Invoked command in '/home/yahboom/intro_ws/build/examples_rclcpp_minimal_action_server' returned '0': CMAKE_PREFIX_PATH=${CMAKE_PREFIX_PATH}:/home/yahboom/intro_ws/install/turtle_test:/home/yahboom/intro_ws/install/time_tf2_py:/home/yahboom/intro_ws/install/test_tf2_py:/home/yahboom/intro_ws/install/python_parameters:/home/yahboom/intro_ws/install/launch_testing_examples:/home/yahboom/intro_ws/install/examples_rclpy_pointcloud_publisher:/home/yahboom/intro_ws/install/examples_rclpy_minimal_subscriber:/home/yahboom/intro_ws/install/examples_rclpy_minimal_service:/home/yahboom/intro_ws/install/examples_rclpy_minimal_publisher:/home/yahboom/intro_ws/install/examples_rclpy_minimal_client:/home/yahboom/intro_ws/install/examples_rclpy_minimal_action_server:/home/yahboom/intro_ws/install/examples_rclpy_minimal_action_client:/home/yahboom/intro_ws/install/examples_rclpy_guard_conditions:/home/yahboom/intro_ws/install/examples_rclpy_executors:/home/yahboom/cartoros2/install/yahboomcar_nav:/home/yahboom/cartoros2/install/yahboomcar_ctrl:/home/yahboom/cartoros2/install/yahboom_visual:/home/yahboom/cartoros2/install/yahboom_dog_joint_state:/home/yahboom/cartoros2/install/yahboom_description:/home/yahboom/cartoros2/install/yahboom_color_identify_server:/home/yahboom/cartoros2/install/yahboom_bringup:/home/yahboom/cartoros2/install/yahboom_base:/home/yahboom/cartoros2/install/yahboom_app_save_map:/home/yahboom/cartoros2/install/update_map:/home/yahboom/cartoros2/install/rosboard:/home/yahboom/cartoros2/install/path_planner_server:/home/yahboom/cartoros2/install/nav2_simple_commander:/home/yahboom/cartoros2/install/nav2_gazebo_spawner:/home/yahboom/cartoros2/install/localization_server:/home/yahboom/cartoros2/install/laserscan_to_point_pulisher:/home/yahboom/yahboomcar_ws/install/yahboom_dog_example:/opt/ros/humble /usr/bin/cmake --install /home/yahboom/intro_ws/build/examples_rclcpp_minimal_action_server
[1.351s] INFO:colcon.colcon_core.shell:Creating environment hook '/home/yahboom/intro_ws/install/examples_rclcpp_minimal_action_server/share/examples_rclcpp_minimal_action_server/hook/cmake_prefix_path.sh'
[1.352s] Level 1:colcon.colcon_core.environment:checking '/home/yahboom/intro_ws/install/examples_rclcpp_minimal_action_server/lib'
[1.352s] Level 1:colcon.colcon_core.environment:checking '/home/yahboom/intro_ws/install/examples_rclcpp_minimal_action_server/bin'
[1.352s] Level 1:colcon.colcon_core.environment:checking '/home/yahboom/intro_ws/install/examples_rclcpp_minimal_action_server/lib/pkgconfig/examples_rclcpp_minimal_action_server.pc'
[1.352s] Level 1:colcon.colcon_core.environment:checking '/home/yahboom/intro_ws/install/examples_rclcpp_minimal_action_server/lib/python3.10/site-packages'
[1.352s] Level 1:colcon.colcon_core.environment:checking '/home/yahboom/intro_ws/install/examples_rclcpp_minimal_action_server/bin'
[1.352s] INFO:colcon.colcon_core.shell:Creating package script '/home/yahboom/intro_ws/install/examples_rclcpp_minimal_action_server/share/examples_rclcpp_minimal_action_server/package.ps1'
[1.353s] INFO:colcon.colcon_core.shell:Creating package descriptor '/home/yahboom/intro_ws/install/examples_rclcpp_minimal_action_server/share/examples_rclcpp_minimal_action_server/package.dsv'
[1.354s] INFO:colcon.colcon_core.shell:Creating package script '/home/yahboom/intro_ws/install/examples_rclcpp_minimal_action_server/share/examples_rclcpp_minimal_action_server/package.sh'
[1.354s] INFO:colcon.colcon_core.shell:Creating package script '/home/yahboom/intro_ws/install/examples_rclcpp_minimal_action_server/share/examples_rclcpp_minimal_action_server/package.bash'
[1.355s] INFO:colcon.colcon_core.shell:Creating package script '/home/yahboom/intro_ws/install/examples_rclcpp_minimal_action_server/share/examples_rclcpp_minimal_action_server/package.zsh'
[1.355s] Level 1:colcon.colcon_core.environment:create_file_with_runtime_dependencies(/home/yahboom/intro_ws/install/examples_rclcpp_minimal_action_server/share/colcon-core/packages/examples_rclcpp_minimal_action_server)
[1.400s] DEBUG:colcon.colcon_core.event_handler.log_command:Invoking command in '/home/yahboom/intro_ws/build/examples_rclcpp_minimal_client': CMAKE_PREFIX_PATH=${CMAKE_PREFIX_PATH}:/home/yahboom/intro_ws/install/turtle_test:/home/yahboom/intro_ws/install/time_tf2_py:/home/yahboom/intro_ws/install/test_tf2_py:/home/yahboom/intro_ws/install/python_parameters:/home/yahboom/intro_ws/install/launch_testing_examples:/home/yahboom/intro_ws/install/examples_rclpy_pointcloud_publisher:/home/yahboom/intro_ws/install/examples_rclpy_minimal_subscriber:/home/yahboom/intro_ws/install/examples_rclpy_minimal_service:/home/yahboom/intro_ws/install/examples_rclpy_minimal_publisher:/home/yahboom/intro_ws/install/examples_rclpy_minimal_client:/home/yahboom/intro_ws/install/examples_rclpy_minimal_action_server:/home/yahboom/intro_ws/install/examples_rclpy_minimal_action_client:/home/yahboom/intro_ws/install/examples_rclpy_guard_conditions:/home/yahboom/intro_ws/install/examples_rclpy_executors:/home/yahboom/cartoros2/install/yahboomcar_nav:/home/yahboom/cartoros2/install/yahboomcar_ctrl:/home/yahboom/cartoros2/install/yahboom_visual:/home/yahboom/cartoros2/install/yahboom_dog_joint_state:/home/yahboom/cartoros2/install/yahboom_description:/home/yahboom/cartoros2/install/yahboom_color_identify_server:/home/yahboom/cartoros2/install/yahboom_bringup:/home/yahboom/cartoros2/install/yahboom_base:/home/yahboom/cartoros2/install/yahboom_app_save_map:/home/yahboom/cartoros2/install/update_map:/home/yahboom/cartoros2/install/rosboard:/home/yahboom/cartoros2/install/path_planner_server:/home/yahboom/cartoros2/install/nav2_simple_commander:/home/yahboom/cartoros2/install/nav2_gazebo_spawner:/home/yahboom/cartoros2/install/localization_server:/home/yahboom/cartoros2/install/laserscan_to_point_pulisher:/home/yahboom/yahboomcar_ws/install/yahboom_dog_example:/opt/ros/humble /usr/bin/cmake --install /home/yahboom/intro_ws/build/examples_rclcpp_minimal_client
[1.409s] DEBUG:colcon.colcon_core.event_handler.log_command:Invoked command in '/home/yahboom/intro_ws/build/examples_rclcpp_minimal_composition' returned '0': CMAKE_PREFIX_PATH=${CMAKE_PREFIX_PATH}:/home/yahboom/intro_ws/install/turtle_test:/home/yahboom/intro_ws/install/time_tf2_py:/home/yahboom/intro_ws/install/test_tf2_py:/home/yahboom/intro_ws/install/python_parameters:/home/yahboom/intro_ws/install/launch_testing_examples:/home/yahboom/intro_ws/install/examples_rclpy_pointcloud_publisher:/home/yahboom/intro_ws/install/examples_rclpy_minimal_subscriber:/home/yahboom/intro_ws/install/examples_rclpy_minimal_service:/home/yahboom/intro_ws/install/examples_rclpy_minimal_publisher:/home/yahboom/intro_ws/install/examples_rclpy_minimal_client:/home/yahboom/intro_ws/install/examples_rclpy_minimal_action_server:/home/yahboom/intro_ws/install/examples_rclpy_minimal_action_client:/home/yahboom/intro_ws/install/examples_rclpy_guard_conditions:/home/yahboom/intro_ws/install/examples_rclpy_executors:/home/yahboom/cartoros2/install/yahboomcar_nav:/home/yahboom/cartoros2/install/yahboomcar_ctrl:/home/yahboom/cartoros2/install/yahboom_visual:/home/yahboom/cartoros2/install/yahboom_dog_joint_state:/home/yahboom/cartoros2/install/yahboom_description:/home/yahboom/cartoros2/install/yahboom_color_identify_server:/home/yahboom/cartoros2/install/yahboom_bringup:/home/yahboom/cartoros2/install/yahboom_base:/home/yahboom/cartoros2/install/yahboom_app_save_map:/home/yahboom/cartoros2/install/update_map:/home/yahboom/cartoros2/install/rosboard:/home/yahboom/cartoros2/install/path_planner_server:/home/yahboom/cartoros2/install/nav2_simple_commander:/home/yahboom/cartoros2/install/nav2_gazebo_spawner:/home/yahboom/cartoros2/install/localization_server:/home/yahboom/cartoros2/install/laserscan_to_point_pulisher:/home/yahboom/yahboomcar_ws/install/yahboom_dog_example:/opt/ros/humble /usr/bin/cmake --build /home/yahboom/intro_ws/build/examples_rclcpp_minimal_composition -- -j4 -l4
[1.440s] Level 1:colcon.colcon_core.environment:create_environment_scripts_only(examples_rclcpp_minimal_client)
[1.441s] Level 1:colcon.colcon_core.environment:checking '/home/yahboom/intro_ws/install/examples_rclcpp_minimal_client' for CMake module files
[1.441s] Level 1:colcon.colcon_core.environment:checking '/home/yahboom/intro_ws/install/examples_rclcpp_minimal_client' for CMake config files
[1.441s] Level 1:colcon.colcon_core.shell:create_environment_hook('examples_rclcpp_minimal_client', 'cmake_prefix_path')
[1.441s] INFO:colcon.colcon_core.shell:Creating environment hook '/home/yahboom/intro_ws/install/examples_rclcpp_minimal_client/share/examples_rclcpp_minimal_client/hook/cmake_prefix_path.ps1'
[1.442s] DEBUG:colcon.colcon_core.event_handler.log_command:Invoked command in '/home/yahboom/intro_ws/build/examples_rclcpp_minimal_client' returned '0': CMAKE_PREFIX_PATH=${CMAKE_PREFIX_PATH}:/home/yahboom/intro_ws/install/turtle_test:/home/yahboom/intro_ws/install/time_tf2_py:/home/yahboom/intro_ws/install/test_tf2_py:/home/yahboom/intro_ws/install/python_parameters:/home/yahboom/intro_ws/install/launch_testing_examples:/home/yahboom/intro_ws/install/examples_rclpy_pointcloud_publisher:/home/yahboom/intro_ws/install/examples_rclpy_minimal_subscriber:/home/yahboom/intro_ws/install/examples_rclpy_minimal_service:/home/yahboom/intro_ws/install/examples_rclpy_minimal_publisher:/home/yahboom/intro_ws/install/examples_rclpy_minimal_client:/home/yahboom/intro_ws/install/examples_rclpy_minimal_action_server:/home/yahboom/intro_ws/install/examples_rclpy_minimal_action_client:/home/yahboom/intro_ws/install/examples_rclpy_guard_conditions:/home/yahboom/intro_ws/install/examples_rclpy_executors:/home/yahboom/cartoros2/install/yahboomcar_nav:/home/yahboom/cartoros2/install/yahboomcar_ctrl:/home/yahboom/cartoros2/install/yahboom_visual:/home/yahboom/cartoros2/install/yahboom_dog_joint_state:/home/yahboom/cartoros2/install/yahboom_description:/home/yahboom/cartoros2/install/yahboom_color_identify_server:/home/yahboom/cartoros2/install/yahboom_bringup:/home/yahboom/cartoros2/install/yahboom_base:/home/yahboom/cartoros2/install/yahboom_app_save_map:/home/yahboom/cartoros2/install/update_map:/home/yahboom/cartoros2/install/rosboard:/home/yahboom/cartoros2/install/path_planner_server:/home/yahboom/cartoros2/install/nav2_simple_commander:/home/yahboom/cartoros2/install/nav2_gazebo_spawner:/home/yahboom/cartoros2/install/localization_server:/home/yahboom/cartoros2/install/laserscan_to_point_pulisher:/home/yahboom/yahboomcar_ws/install/yahboom_dog_example:/opt/ros/humble /usr/bin/cmake --install /home/yahboom/intro_ws/build/examples_rclcpp_minimal_client
[1.442s] INFO:colcon.colcon_core.shell:Creating environment descriptor '/home/yahboom/intro_ws/install/examples_rclcpp_minimal_client/share/examples_rclcpp_minimal_client/hook/cmake_prefix_path.dsv'
[1.443s] INFO:colcon.colcon_core.shell:Creating environment hook '/home/yahboom/intro_ws/install/examples_rclcpp_minimal_client/share/examples_rclcpp_minimal_client/hook/cmake_prefix_path.sh'
[1.444s] Level 1:colcon.colcon_core.environment:checking '/home/yahboom/intro_ws/install/examples_rclcpp_minimal_client/lib'
[1.444s] Level 1:colcon.colcon_core.environment:checking '/home/yahboom/intro_ws/install/examples_rclcpp_minimal_client/bin'
[1.444s] Level 1:colcon.colcon_core.environment:checking '/home/yahboom/intro_ws/install/examples_rclcpp_minimal_client/lib/pkgconfig/examples_rclcpp_minimal_client.pc'
[1.444s] Level 1:colcon.colcon_core.environment:checking '/home/yahboom/intro_ws/install/examples_rclcpp_minimal_client/lib/python3.10/site-packages'
[1.445s] Level 1:colcon.colcon_core.environment:checking '/home/yahboom/intro_ws/install/examples_rclcpp_minimal_client/bin'
[1.445s] INFO:colcon.colcon_core.shell:Creating package script '/home/yahboom/intro_ws/install/examples_rclcpp_minimal_client/share/examples_rclcpp_minimal_client/package.ps1'
[1.445s] INFO:colcon.colcon_core.shell:Creating package descriptor '/home/yahboom/intro_ws/install/examples_rclcpp_minimal_client/share/examples_rclcpp_minimal_client/package.dsv'
[1.446s] INFO:colcon.colcon_core.shell:Creating package script '/home/yahboom/intro_ws/install/examples_rclcpp_minimal_client/share/examples_rclcpp_minimal_client/package.sh'
[1.446s] INFO:colcon.colcon_core.shell:Creating package script '/home/yahboom/intro_ws/install/examples_rclcpp_minimal_client/share/examples_rclcpp_minimal_client/package.bash'
[1.448s] INFO:colcon.colcon_core.shell:Creating package script '/home/yahboom/intro_ws/install/examples_rclcpp_minimal_client/share/examples_rclcpp_minimal_client/package.zsh'
[1.449s] Level 1:colcon.colcon_core.environment:create_file_with_runtime_dependencies(/home/yahboom/intro_ws/install/examples_rclcpp_minimal_client/share/colcon-core/packages/examples_rclcpp_minimal_client)
[1.453s] Level 1:colcon.colcon_core.environment:create_environment_scripts_only(examples_rclcpp_minimal_action_server)
[1.453s] Level 1:colcon.colcon_core.environment:checking '/home/yahboom/intro_ws/install/examples_rclcpp_minimal_action_server' for CMake module files
[1.453s] Level 1:colcon.colcon_core.environment:checking '/home/yahboom/intro_ws/install/examples_rclcpp_minimal_action_server' for CMake config files
[1.454s] Level 1:colcon.colcon_core.shell:create_environment_hook('examples_rclcpp_minimal_action_server', 'cmake_prefix_path')
[1.454s] INFO:colcon.colcon_core.shell:Creating environment hook '/home/yahboom/intro_ws/install/examples_rclcpp_minimal_action_server/share/examples_rclcpp_minimal_action_server/hook/cmake_prefix_path.ps1'
[1.454s] INFO:colcon.colcon_core.shell:Creating environment descriptor '/home/yahboom/intro_ws/install/examples_rclcpp_minimal_action_server/share/examples_rclcpp_minimal_action_server/hook/cmake_prefix_path.dsv'
[1.455s] INFO:colcon.colcon_core.shell:Creating environment hook '/home/yahboom/intro_ws/install/examples_rclcpp_minimal_action_server/share/examples_rclcpp_minimal_action_server/hook/cmake_prefix_path.sh'
[1.457s] Level 1:colcon.colcon_core.environment:checking '/home/yahboom/intro_ws/install/examples_rclcpp_minimal_action_server/lib'
[1.457s] Level 1:colcon.colcon_core.environment:checking '/home/yahboom/intro_ws/install/examples_rclcpp_minimal_action_server/bin'
[1.457s] Level 1:colcon.colcon_core.environment:checking '/home/yahboom/intro_ws/install/examples_rclcpp_minimal_action_server/lib/pkgconfig/examples_rclcpp_minimal_action_server.pc'
[1.457s] Level 1:colcon.colcon_core.environment:checking '/home/yahboom/intro_ws/install/examples_rclcpp_minimal_action_server/lib/python3.10/site-packages'
[1.457s] Level 1:colcon.colcon_core.environment:checking '/home/yahboom/intro_ws/install/examples_rclcpp_minimal_action_server/bin'
[1.458s] INFO:colcon.colcon_core.shell:Creating package script '/home/yahboom/intro_ws/install/examples_rclcpp_minimal_action_server/share/examples_rclcpp_minimal_action_server/package.ps1'
[1.458s] INFO:colcon.colcon_core.shell:Creating package descriptor '/home/yahboom/intro_ws/install/examples_rclcpp_minimal_action_server/share/examples_rclcpp_minimal_action_server/package.dsv'
[1.459s] INFO:colcon.colcon_core.shell:Creating package script '/home/yahboom/intro_ws/install/examples_rclcpp_minimal_action_server/share/examples_rclcpp_minimal_action_server/package.sh'
[1.460s] INFO:colcon.colcon_core.shell:Creating package script '/home/yahboom/intro_ws/install/examples_rclcpp_minimal_action_server/share/examples_rclcpp_minimal_action_server/package.bash'
[1.461s] INFO:colcon.colcon_core.shell:Creating package script '/home/yahboom/intro_ws/install/examples_rclcpp_minimal_action_server/share/examples_rclcpp_minimal_action_server/package.zsh'
[1.462s] Level 1:colcon.colcon_core.environment:create_file_with_runtime_dependencies(/home/yahboom/intro_ws/install/examples_rclcpp_minimal_action_server/share/colcon-core/packages/examples_rclcpp_minimal_action_server)
[1.463s] INFO:colcon.colcon_ros.task.ament_cmake.build:Building ROS package in '/home/yahboom/intro_ws/src/examples/rclcpp/topics/minimal_publisher' with build type 'ament_cmake'
[1.463s] INFO:colcon.colcon_cmake.task.cmake.build:Building CMake package in '/home/yahboom/intro_ws/src/examples/rclcpp/topics/minimal_publisher'
[1.463s] INFO:colcon.colcon_core.shell:Skip shell extension 'powershell' for command environment: Not usable outside of PowerShell
[1.463s] DEBUG:colcon.colcon_core.shell:Skip shell extension 'dsv' for command environment
[1.487s] DEBUG:colcon.colcon_core.event_handler.log_command:Invoking command in '/home/yahboom/intro_ws/build/examples_rclcpp_minimal_publisher': CMAKE_PREFIX_PATH=${CMAKE_PREFIX_PATH}:/home/yahboom/intro_ws/install/turtle_test:/home/yahboom/intro_ws/install/time_tf2_py:/home/yahboom/intro_ws/install/test_tf2_py:/home/yahboom/intro_ws/install/python_parameters:/home/yahboom/intro_ws/install/launch_testing_examples:/home/yahboom/intro_ws/install/examples_rclpy_pointcloud_publisher:/home/yahboom/intro_ws/install/examples_rclpy_minimal_subscriber:/home/yahboom/intro_ws/install/examples_rclpy_minimal_service:/home/yahboom/intro_ws/install/examples_rclpy_minimal_publisher:/home/yahboom/intro_ws/install/examples_rclpy_minimal_client:/home/yahboom/intro_ws/install/examples_rclpy_minimal_action_server:/home/yahboom/intro_ws/install/examples_rclpy_minimal_action_client:/home/yahboom/intro_ws/install/examples_rclpy_guard_conditions:/home/yahboom/intro_ws/install/examples_rclpy_executors:/home/yahboom/cartoros2/install/yahboomcar_nav:/home/yahboom/cartoros2/install/yahboomcar_ctrl:/home/yahboom/cartoros2/install/yahboom_visual:/home/yahboom/cartoros2/install/yahboom_dog_joint_state:/home/yahboom/cartoros2/install/yahboom_description:/home/yahboom/cartoros2/install/yahboom_color_identify_server:/home/yahboom/cartoros2/install/yahboom_bringup:/home/yahboom/cartoros2/install/yahboom_base:/home/yahboom/cartoros2/install/yahboom_app_save_map:/home/yahboom/cartoros2/install/update_map:/home/yahboom/cartoros2/install/rosboard:/home/yahboom/cartoros2/install/path_planner_server:/home/yahboom/cartoros2/install/nav2_simple_commander:/home/yahboom/cartoros2/install/nav2_gazebo_spawner:/home/yahboom/cartoros2/install/localization_server:/home/yahboom/cartoros2/install/laserscan_to_point_pulisher:/home/yahboom/yahboomcar_ws/install/yahboom_dog_example:/opt/ros/humble /usr/bin/cmake --build /home/yahboom/intro_ws/build/examples_rclcpp_minimal_publisher -- -j4 -l4
[1.531s] Level 1:colcon.colcon_core.environment:create_environment_scripts_only(examples_rclcpp_minimal_client)
[1.532s] Level 1:colcon.colcon_core.environment:checking '/home/yahboom/intro_ws/install/examples_rclcpp_minimal_client' for CMake module files
[1.533s] Level 1:colcon.colcon_core.environment:checking '/home/yahboom/intro_ws/install/examples_rclcpp_minimal_client' for CMake config files
[1.533s] Level 1:colcon.colcon_core.shell:create_environment_hook('examples_rclcpp_minimal_client', 'cmake_prefix_path')
[1.533s] INFO:colcon.colcon_core.shell:Creating environment hook '/home/yahboom/intro_ws/install/examples_rclcpp_minimal_client/share/examples_rclcpp_minimal_client/hook/cmake_prefix_path.ps1'
[1.534s] INFO:colcon.colcon_core.shell:Creating environment descriptor '/home/yahboom/intro_ws/install/examples_rclcpp_minimal_client/share/examples_rclcpp_minimal_client/hook/cmake_prefix_path.dsv'
[1.536s] INFO:colcon.colcon_core.shell:Creating environment hook '/home/yahboom/intro_ws/install/examples_rclcpp_minimal_client/share/examples_rclcpp_minimal_client/hook/cmake_prefix_path.sh'
[1.538s] Level 1:colcon.colcon_core.environment:checking '/home/yahboom/intro_ws/install/examples_rclcpp_minimal_client/lib'
[1.538s] Level 1:colcon.colcon_core.environment:checking '/home/yahboom/intro_ws/install/examples_rclcpp_minimal_client/bin'
[1.538s] Level 1:colcon.colcon_core.environment:checking '/home/yahboom/intro_ws/install/examples_rclcpp_minimal_client/lib/pkgconfig/examples_rclcpp_minimal_client.pc'
[1.538s] Level 1:colcon.colcon_core.environment:checking '/home/yahboom/intro_ws/install/examples_rclcpp_minimal_client/lib/python3.10/site-packages'
[1.538s] Level 1:colcon.colcon_core.environment:checking '/home/yahboom/intro_ws/install/examples_rclcpp_minimal_client/bin'
[1.539s] INFO:colcon.colcon_core.shell:Creating package script '/home/yahboom/intro_ws/install/examples_rclcpp_minimal_client/share/examples_rclcpp_minimal_client/package.ps1'
[1.540s] INFO:colcon.colcon_core.shell:Creating package descriptor '/home/yahboom/intro_ws/install/examples_rclcpp_minimal_client/share/examples_rclcpp_minimal_client/package.dsv'
[1.540s] INFO:colcon.colcon_core.shell:Creating package script '/home/yahboom/intro_ws/install/examples_rclcpp_minimal_client/share/examples_rclcpp_minimal_client/package.sh'
[1.541s] INFO:colcon.colcon_core.shell:Creating package script '/home/yahboom/intro_ws/install/examples_rclcpp_minimal_client/share/examples_rclcpp_minimal_client/package.bash'
[1.542s] INFO:colcon.colcon_core.shell:Creating package script '/home/yahboom/intro_ws/install/examples_rclcpp_minimal_client/share/examples_rclcpp_minimal_client/package.zsh'
[1.543s] Level 1:colcon.colcon_core.environment:create_file_with_runtime_dependencies(/home/yahboom/intro_ws/install/examples_rclcpp_minimal_client/share/colcon-core/packages/examples_rclcpp_minimal_client)
[1.544s] INFO:colcon.colcon_ros.task.ament_cmake.build:Building ROS package in '/home/yahboom/intro_ws/src/examples/rclcpp/services/minimal_service' with build type 'ament_cmake'
[1.544s] INFO:colcon.colcon_cmake.task.cmake.build:Building CMake package in '/home/yahboom/intro_ws/src/examples/rclcpp/services/minimal_service'
[1.544s] INFO:colcon.colcon_core.shell:Skip shell extension 'powershell' for command environment: Not usable outside of PowerShell
[1.544s] DEBUG:colcon.colcon_core.shell:Skip shell extension 'dsv' for command environment
[1.561s] DEBUG:colcon.colcon_core.event_handler.log_command:Invoking command in '/home/yahboom/intro_ws/build/examples_rclcpp_minimal_composition': CMAKE_PREFIX_PATH=${CMAKE_PREFIX_PATH}:/home/yahboom/intro_ws/install/turtle_test:/home/yahboom/intro_ws/install/time_tf2_py:/home/yahboom/intro_ws/install/test_tf2_py:/home/yahboom/intro_ws/install/python_parameters:/home/yahboom/intro_ws/install/launch_testing_examples:/home/yahboom/intro_ws/install/examples_rclpy_pointcloud_publisher:/home/yahboom/intro_ws/install/examples_rclpy_minimal_subscriber:/home/yahboom/intro_ws/install/examples_rclpy_minimal_service:/home/yahboom/intro_ws/install/examples_rclpy_minimal_publisher:/home/yahboom/intro_ws/install/examples_rclpy_minimal_client:/home/yahboom/intro_ws/install/examples_rclpy_minimal_action_server:/home/yahboom/intro_ws/install/examples_rclpy_minimal_action_client:/home/yahboom/intro_ws/install/examples_rclpy_guard_conditions:/home/yahboom/intro_ws/install/examples_rclpy_executors:/home/yahboom/cartoros2/install/yahboomcar_nav:/home/yahboom/cartoros2/install/yahboomcar_ctrl:/home/yahboom/cartoros2/install/yahboom_visual:/home/yahboom/cartoros2/install/yahboom_dog_joint_state:/home/yahboom/cartoros2/install/yahboom_description:/home/yahboom/cartoros2/install/yahboom_color_identify_server:/home/yahboom/cartoros2/install/yahboom_bringup:/home/yahboom/cartoros2/install/yahboom_base:/home/yahboom/cartoros2/install/yahboom_app_save_map:/home/yahboom/cartoros2/install/update_map:/home/yahboom/cartoros2/install/rosboard:/home/yahboom/cartoros2/install/path_planner_server:/home/yahboom/cartoros2/install/nav2_simple_commander:/home/yahboom/cartoros2/install/nav2_gazebo_spawner:/home/yahboom/cartoros2/install/localization_server:/home/yahboom/cartoros2/install/laserscan_to_point_pulisher:/home/yahboom/yahboomcar_ws/install/yahboom_dog_example:/opt/ros/humble /usr/bin/cmake --install /home/yahboom/intro_ws/build/examples_rclcpp_minimal_composition
[1.578s] DEBUG:colcon.colcon_core.event_handler.log_command:Invoking command in '/home/yahboom/intro_ws/build/examples_rclcpp_minimal_service': CMAKE_PREFIX_PATH=${CMAKE_PREFIX_PATH}:/home/yahboom/intro_ws/install/turtle_test:/home/yahboom/intro_ws/install/time_tf2_py:/home/yahboom/intro_ws/install/test_tf2_py:/home/yahboom/intro_ws/install/python_parameters:/home/yahboom/intro_ws/install/launch_testing_examples:/home/yahboom/intro_ws/install/examples_rclpy_pointcloud_publisher:/home/yahboom/intro_ws/install/examples_rclpy_minimal_subscriber:/home/yahboom/intro_ws/install/examples_rclpy_minimal_service:/home/yahboom/intro_ws/install/examples_rclpy_minimal_publisher:/home/yahboom/intro_ws/install/examples_rclpy_minimal_client:/home/yahboom/intro_ws/install/examples_rclpy_minimal_action_server:/home/yahboom/intro_ws/install/examples_rclpy_minimal_action_client:/home/yahboom/intro_ws/install/examples_rclpy_guard_conditions:/home/yahboom/intro_ws/install/examples_rclpy_executors:/home/yahboom/cartoros2/install/yahboomcar_nav:/home/yahboom/cartoros2/install/yahboomcar_ctrl:/home/yahboom/cartoros2/install/yahboom_visual:/home/yahboom/cartoros2/install/yahboom_dog_joint_state:/home/yahboom/cartoros2/install/yahboom_description:/home/yahboom/cartoros2/install/yahboom_color_identify_server:/home/yahboom/cartoros2/install/yahboom_bringup:/home/yahboom/cartoros2/install/yahboom_base:/home/yahboom/cartoros2/install/yahboom_app_save_map:/home/yahboom/cartoros2/install/update_map:/home/yahboom/cartoros2/install/rosboard:/home/yahboom/cartoros2/install/path_planner_server:/home/yahboom/cartoros2/install/nav2_simple_commander:/home/yahboom/cartoros2/install/nav2_gazebo_spawner:/home/yahboom/cartoros2/install/localization_server:/home/yahboom/cartoros2/install/laserscan_to_point_pulisher:/home/yahboom/yahboomcar_ws/install/yahboom_dog_example:/opt/ros/humble /usr/bin/cmake --build /home/yahboom/intro_ws/build/examples_rclcpp_minimal_service -- -j4 -l4
[1.632s] Level 1:colcon.colcon_core.environment:create_environment_scripts_only(examples_rclcpp_minimal_composition)
[1.632s] Level 1:colcon.colcon_core.environment:checking '/home/yahboom/intro_ws/install/examples_rclcpp_minimal_composition' for CMake module files
[1.633s] DEBUG:colcon.colcon_core.event_handler.log_command:Invoked command in '/home/yahboom/intro_ws/build/examples_rclcpp_minimal_composition' returned '0': CMAKE_PREFIX_PATH=${CMAKE_PREFIX_PATH}:/home/yahboom/intro_ws/install/turtle_test:/home/yahboom/intro_ws/install/time_tf2_py:/home/yahboom/intro_ws/install/test_tf2_py:/home/yahboom/intro_ws/install/python_parameters:/home/yahboom/intro_ws/install/launch_testing_examples:/home/yahboom/intro_ws/install/examples_rclpy_pointcloud_publisher:/home/yahboom/intro_ws/install/examples_rclpy_minimal_subscriber:/home/yahboom/intro_ws/install/examples_rclpy_minimal_service:/home/yahboom/intro_ws/install/examples_rclpy_minimal_publisher:/home/yahboom/intro_ws/install/examples_rclpy_minimal_client:/home/yahboom/intro_ws/install/examples_rclpy_minimal_action_server:/home/yahboom/intro_ws/install/examples_rclpy_minimal_action_client:/home/yahboom/intro_ws/install/examples_rclpy_guard_conditions:/home/yahboom/intro_ws/install/examples_rclpy_executors:/home/yahboom/cartoros2/install/yahboomcar_nav:/home/yahboom/cartoros2/install/yahboomcar_ctrl:/home/yahboom/cartoros2/install/yahboom_visual:/home/yahboom/cartoros2/install/yahboom_dog_joint_state:/home/yahboom/cartoros2/install/yahboom_description:/home/yahboom/cartoros2/install/yahboom_color_identify_server:/home/yahboom/cartoros2/install/yahboom_bringup:/home/yahboom/cartoros2/install/yahboom_base:/home/yahboom/cartoros2/install/yahboom_app_save_map:/home/yahboom/cartoros2/install/update_map:/home/yahboom/cartoros2/install/rosboard:/home/yahboom/cartoros2/install/path_planner_server:/home/yahboom/cartoros2/install/nav2_simple_commander:/home/yahboom/cartoros2/install/nav2_gazebo_spawner:/home/yahboom/cartoros2/install/localization_server:/home/yahboom/cartoros2/install/laserscan_to_point_pulisher:/home/yahboom/yahboomcar_ws/install/yahboom_dog_example:/opt/ros/humble /usr/bin/cmake --install /home/yahboom/intro_ws/build/examples_rclcpp_minimal_composition
[1.634s] Level 1:colcon.colcon_core.environment:checking '/home/yahboom/intro_ws/install/examples_rclcpp_minimal_composition' for CMake config files
[1.635s] Level 1:colcon.colcon_core.shell:create_environment_hook('examples_rclcpp_minimal_composition', 'cmake_prefix_path')
[1.637s] INFO:colcon.colcon_core.shell:Creating environment hook '/home/yahboom/intro_ws/install/examples_rclcpp_minimal_composition/share/examples_rclcpp_minimal_composition/hook/cmake_prefix_path.ps1'
[1.638s] INFO:colcon.colcon_core.shell:Creating environment descriptor '/home/yahboom/intro_ws/install/examples_rclcpp_minimal_composition/share/examples_rclcpp_minimal_composition/hook/cmake_prefix_path.dsv'
[1.642s] INFO:colcon.colcon_core.shell:Creating environment hook '/home/yahboom/intro_ws/install/examples_rclcpp_minimal_composition/share/examples_rclcpp_minimal_composition/hook/cmake_prefix_path.sh'
[1.643s] Level 1:colcon.colcon_core.environment:checking '/home/yahboom/intro_ws/install/examples_rclcpp_minimal_composition/lib'
[1.644s] Level 1:colcon.colcon_core.shell:create_environment_hook('examples_rclcpp_minimal_composition', 'ld_library_path_lib')
[1.645s] INFO:colcon.colcon_core.shell:Creating environment hook '/home/yahboom/intro_ws/install/examples_rclcpp_minimal_composition/share/examples_rclcpp_minimal_composition/hook/ld_library_path_lib.ps1'
[1.646s] INFO:colcon.colcon_core.shell:Creating environment descriptor '/home/yahboom/intro_ws/install/examples_rclcpp_minimal_composition/share/examples_rclcpp_minimal_composition/hook/ld_library_path_lib.dsv'
[1.647s] INFO:colcon.colcon_core.shell:Creating environment hook '/home/yahboom/intro_ws/install/examples_rclcpp_minimal_composition/share/examples_rclcpp_minimal_composition/hook/ld_library_path_lib.sh'
[1.648s] Level 1:colcon.colcon_core.environment:checking '/home/yahboom/intro_ws/install/examples_rclcpp_minimal_composition/bin'
[1.648s] Level 1:colcon.colcon_core.environment:checking '/home/yahboom/intro_ws/install/examples_rclcpp_minimal_composition/lib/pkgconfig/examples_rclcpp_minimal_composition.pc'
[1.648s] Level 1:colcon.colcon_core.environment:checking '/home/yahboom/intro_ws/install/examples_rclcpp_minimal_composition/lib/python3.10/site-packages'
[1.651s] Level 1:colcon.colcon_core.environment:checking '/home/yahboom/intro_ws/install/examples_rclcpp_minimal_composition/bin'
[1.651s] INFO:colcon.colcon_core.shell:Creating package script '/home/yahboom/intro_ws/install/examples_rclcpp_minimal_composition/share/examples_rclcpp_minimal_composition/package.ps1'
[1.653s] INFO:colcon.colcon_core.shell:Creating package descriptor '/home/yahboom/intro_ws/install/examples_rclcpp_minimal_composition/share/examples_rclcpp_minimal_composition/package.dsv'
[1.653s] INFO:colcon.colcon_core.shell:Creating package script '/home/yahboom/intro_ws/install/examples_rclcpp_minimal_composition/share/examples_rclcpp_minimal_composition/package.sh'
[1.655s] INFO:colcon.colcon_core.shell:Creating package script '/home/yahboom/intro_ws/install/examples_rclcpp_minimal_composition/share/examples_rclcpp_minimal_composition/package.bash'
[1.657s] INFO:colcon.colcon_core.shell:Creating package script '/home/yahboom/intro_ws/install/examples_rclcpp_minimal_composition/share/examples_rclcpp_minimal_composition/package.zsh'
[1.658s] Level 1:colcon.colcon_core.environment:create_file_with_runtime_dependencies(/home/yahboom/intro_ws/install/examples_rclcpp_minimal_composition/share/colcon-core/packages/examples_rclcpp_minimal_composition)
[1.667s] DEBUG:colcon.colcon_core.event_handler.log_command:Invoking command in '/home/yahboom/intro_ws/build/turtle_interfaces': CMAKE_PREFIX_PATH=${CMAKE_PREFIX_PATH}:/home/yahboom/intro_ws/install/turtle_test:/home/yahboom/intro_ws/install/time_tf2_py:/home/yahboom/intro_ws/install/test_tf2_py:/home/yahboom/intro_ws/install/python_parameters:/home/yahboom/intro_ws/install/launch_testing_examples:/home/yahboom/intro_ws/install/examples_rclpy_pointcloud_publisher:/home/yahboom/intro_ws/install/examples_rclpy_minimal_subscriber:/home/yahboom/intro_ws/install/examples_rclpy_minimal_service:/home/yahboom/intro_ws/install/examples_rclpy_minimal_publisher:/home/yahboom/intro_ws/install/examples_rclpy_minimal_client:/home/yahboom/intro_ws/install/examples_rclpy_minimal_action_server:/home/yahboom/intro_ws/install/examples_rclpy_minimal_action_client:/home/yahboom/intro_ws/install/examples_rclpy_guard_conditions:/home/yahboom/intro_ws/install/examples_rclpy_executors:/home/yahboom/cartoros2/install/yahboomcar_nav:/home/yahboom/cartoros2/install/yahboomcar_ctrl:/home/yahboom/cartoros2/install/yahboom_visual:/home/yahboom/cartoros2/install/yahboom_dog_joint_state:/home/yahboom/cartoros2/install/yahboom_description:/home/yahboom/cartoros2/install/yahboom_color_identify_server:/home/yahboom/cartoros2/install/yahboom_bringup:/home/yahboom/cartoros2/install/yahboom_base:/home/yahboom/cartoros2/install/yahboom_app_save_map:/home/yahboom/cartoros2/install/update_map:/home/yahboom/cartoros2/install/rosboard:/home/yahboom/cartoros2/install/path_planner_server:/home/yahboom/cartoros2/install/nav2_simple_commander:/home/yahboom/cartoros2/install/nav2_gazebo_spawner:/home/yahboom/cartoros2/install/localization_server:/home/yahboom/cartoros2/install/laserscan_to_point_pulisher:/home/yahboom/yahboomcar_ws/install/yahboom_dog_example:/opt/ros/humble /usr/bin/cmake --install /home/yahboom/intro_ws/build/turtle_interfaces
[1.733s] DEBUG:colcon.colcon_core.event_handler.log_command:Invoked command in '/home/yahboom/intro_ws/build/examples_rclcpp_minimal_publisher' returned '0': CMAKE_PREFIX_PATH=${CMAKE_PREFIX_PATH}:/home/yahboom/intro_ws/install/turtle_test:/home/yahboom/intro_ws/install/time_tf2_py:/home/yahboom/intro_ws/install/test_tf2_py:/home/yahboom/intro_ws/install/python_parameters:/home/yahboom/intro_ws/install/launch_testing_examples:/home/yahboom/intro_ws/install/examples_rclpy_pointcloud_publisher:/home/yahboom/intro_ws/install/examples_rclpy_minimal_subscriber:/home/yahboom/intro_ws/install/examples_rclpy_minimal_service:/home/yahboom/intro_ws/install/examples_rclpy_minimal_publisher:/home/yahboom/intro_ws/install/examples_rclpy_minimal_client:/home/yahboom/intro_ws/install/examples_rclpy_minimal_action_server:/home/yahboom/intro_ws/install/examples_rclpy_minimal_action_client:/home/yahboom/intro_ws/install/examples_rclpy_guard_conditions:/home/yahboom/intro_ws/install/examples_rclpy_executors:/home/yahboom/cartoros2/install/yahboomcar_nav:/home/yahboom/cartoros2/install/yahboomcar_ctrl:/home/yahboom/cartoros2/install/yahboom_visual:/home/yahboom/cartoros2/install/yahboom_dog_joint_state:/home/yahboom/cartoros2/install/yahboom_description:/home/yahboom/cartoros2/install/yahboom_color_identify_server:/home/yahboom/cartoros2/install/yahboom_bringup:/home/yahboom/cartoros2/install/yahboom_base:/home/yahboom/cartoros2/install/yahboom_app_save_map:/home/yahboom/cartoros2/install/update_map:/home/yahboom/cartoros2/install/rosboard:/home/yahboom/cartoros2/install/path_planner_server:/home/yahboom/cartoros2/install/nav2_simple_commander:/home/yahboom/cartoros2/install/nav2_gazebo_spawner:/home/yahboom/cartoros2/install/localization_server:/home/yahboom/cartoros2/install/laserscan_to_point_pulisher:/home/yahboom/yahboomcar_ws/install/yahboom_dog_example:/opt/ros/humble /usr/bin/cmake --build /home/yahboom/intro_ws/build/examples_rclcpp_minimal_publisher -- -j4 -l4
[1.749s] DEBUG:colcon.colcon_core.event_handler.log_command:Invoked command in '/home/yahboom/intro_ws/build/examples_rclcpp_minimal_service' returned '0': CMAKE_PREFIX_PATH=${CMAKE_PREFIX_PATH}:/home/yahboom/intro_ws/install/turtle_test:/home/yahboom/intro_ws/install/time_tf2_py:/home/yahboom/intro_ws/install/test_tf2_py:/home/yahboom/intro_ws/install/python_parameters:/home/yahboom/intro_ws/install/launch_testing_examples:/home/yahboom/intro_ws/install/examples_rclpy_pointcloud_publisher:/home/yahboom/intro_ws/install/examples_rclpy_minimal_subscriber:/home/yahboom/intro_ws/install/examples_rclpy_minimal_service:/home/yahboom/intro_ws/install/examples_rclpy_minimal_publisher:/home/yahboom/intro_ws/install/examples_rclpy_minimal_client:/home/yahboom/intro_ws/install/examples_rclpy_minimal_action_server:/home/yahboom/intro_ws/install/examples_rclpy_minimal_action_client:/home/yahboom/intro_ws/install/examples_rclpy_guard_conditions:/home/yahboom/intro_ws/install/examples_rclpy_executors:/home/yahboom/cartoros2/install/yahboomcar_nav:/home/yahboom/cartoros2/install/yahboomcar_ctrl:/home/yahboom/cartoros2/install/yahboom_visual:/home/yahboom/cartoros2/install/yahboom_dog_joint_state:/home/yahboom/cartoros2/install/yahboom_description:/home/yahboom/cartoros2/install/yahboom_color_identify_server:/home/yahboom/cartoros2/install/yahboom_bringup:/home/yahboom/cartoros2/install/yahboom_base:/home/yahboom/cartoros2/install/yahboom_app_save_map:/home/yahboom/cartoros2/install/update_map:/home/yahboom/cartoros2/install/rosboard:/home/yahboom/cartoros2/install/path_planner_server:/home/yahboom/cartoros2/install/nav2_simple_commander:/home/yahboom/cartoros2/install/nav2_gazebo_spawner:/home/yahboom/cartoros2/install/localization_server:/home/yahboom/cartoros2/install/laserscan_to_point_pulisher:/home/yahboom/yahboomcar_ws/install/yahboom_dog_example:/opt/ros/humble /usr/bin/cmake --build /home/yahboom/intro_ws/build/examples_rclcpp_minimal_service -- -j4 -l4
[1.784s] Level 1:colcon.colcon_core.environment:create_environment_scripts_only(turtle_interfaces)
[1.784s] Level 1:colcon.colcon_core.environment:checking '/home/yahboom/intro_ws/install/turtle_interfaces' for CMake module files
[1.784s] Level 1:colcon.colcon_core.environment:checking '/home/yahboom/intro_ws/install/turtle_interfaces' for CMake config files
[1.785s] Level 1:colcon.colcon_core.shell:create_environment_hook('turtle_interfaces', 'cmake_prefix_path')
[1.785s] INFO:colcon.colcon_core.shell:Creating environment hook '/home/yahboom/intro_ws/install/turtle_interfaces/share/turtle_interfaces/hook/cmake_prefix_path.ps1'
[1.786s] DEBUG:colcon.colcon_core.event_handler.log_command:Invoked command in '/home/yahboom/intro_ws/build/turtle_interfaces' returned '0': CMAKE_PREFIX_PATH=${CMAKE_PREFIX_PATH}:/home/yahboom/intro_ws/install/turtle_test:/home/yahboom/intro_ws/install/time_tf2_py:/home/yahboom/intro_ws/install/test_tf2_py:/home/yahboom/intro_ws/install/python_parameters:/home/yahboom/intro_ws/install/launch_testing_examples:/home/yahboom/intro_ws/install/examples_rclpy_pointcloud_publisher:/home/yahboom/intro_ws/install/examples_rclpy_minimal_subscriber:/home/yahboom/intro_ws/install/examples_rclpy_minimal_service:/home/yahboom/intro_ws/install/examples_rclpy_minimal_publisher:/home/yahboom/intro_ws/install/examples_rclpy_minimal_client:/home/yahboom/intro_ws/install/examples_rclpy_minimal_action_server:/home/yahboom/intro_ws/install/examples_rclpy_minimal_action_client:/home/yahboom/intro_ws/install/examples_rclpy_guard_conditions:/home/yahboom/intro_ws/install/examples_rclpy_executors:/home/yahboom/cartoros2/install/yahboomcar_nav:/home/yahboom/cartoros2/install/yahboomcar_ctrl:/home/yahboom/cartoros2/install/yahboom_visual:/home/yahboom/cartoros2/install/yahboom_dog_joint_state:/home/yahboom/cartoros2/install/yahboom_description:/home/yahboom/cartoros2/install/yahboom_color_identify_server:/home/yahboom/cartoros2/install/yahboom_bringup:/home/yahboom/cartoros2/install/yahboom_base:/home/yahboom/cartoros2/install/yahboom_app_save_map:/home/yahboom/cartoros2/install/update_map:/home/yahboom/cartoros2/install/rosboard:/home/yahboom/cartoros2/install/path_planner_server:/home/yahboom/cartoros2/install/nav2_simple_commander:/home/yahboom/cartoros2/install/nav2_gazebo_spawner:/home/yahboom/cartoros2/install/localization_server:/home/yahboom/cartoros2/install/laserscan_to_point_pulisher:/home/yahboom/yahboomcar_ws/install/yahboom_dog_example:/opt/ros/humble /usr/bin/cmake --install /home/yahboom/intro_ws/build/turtle_interfaces
[1.787s] INFO:colcon.colcon_core.shell:Creating environment descriptor '/home/yahboom/intro_ws/install/turtle_interfaces/share/turtle_interfaces/hook/cmake_prefix_path.dsv'
[1.788s] INFO:colcon.colcon_core.shell:Creating environment hook '/home/yahboom/intro_ws/install/turtle_interfaces/share/turtle_interfaces/hook/cmake_prefix_path.sh'
[1.789s] Level 1:colcon.colcon_core.environment:checking '/home/yahboom/intro_ws/install/turtle_interfaces/lib'
[1.789s] Level 1:colcon.colcon_core.shell:create_environment_hook('turtle_interfaces', 'ld_library_path_lib')
[1.789s] INFO:colcon.colcon_core.shell:Creating environment hook '/home/yahboom/intro_ws/install/turtle_interfaces/share/turtle_interfaces/hook/ld_library_path_lib.ps1'
[1.790s] INFO:colcon.colcon_core.shell:Creating environment descriptor '/home/yahboom/intro_ws/install/turtle_interfaces/share/turtle_interfaces/hook/ld_library_path_lib.dsv'
[1.791s] INFO:colcon.colcon_core.shell:Creating environment hook '/home/yahboom/intro_ws/install/turtle_interfaces/share/turtle_interfaces/hook/ld_library_path_lib.sh'
[1.792s] Level 1:colcon.colcon_core.environment:checking '/home/yahboom/intro_ws/install/turtle_interfaces/bin'
[1.792s] Level 1:colcon.colcon_core.environment:checking '/home/yahboom/intro_ws/install/turtle_interfaces/lib/pkgconfig/turtle_interfaces.pc'
[1.792s] Level 1:colcon.colcon_core.environment:checking '/home/yahboom/intro_ws/install/turtle_interfaces/lib/python3.10/site-packages'
[1.792s] Level 1:colcon.colcon_core.environment:checking '/home/yahboom/intro_ws/install/turtle_interfaces/bin'
[1.792s] INFO:colcon.colcon_core.shell:Creating package script '/home/yahboom/intro_ws/install/turtle_interfaces/share/turtle_interfaces/package.ps1'
[1.793s] INFO:colcon.colcon_core.shell:Creating package descriptor '/home/yahboom/intro_ws/install/turtle_interfaces/share/turtle_interfaces/package.dsv'
[1.793s] INFO:colcon.colcon_core.shell:Creating package script '/home/yahboom/intro_ws/install/turtle_interfaces/share/turtle_interfaces/package.sh'
[1.794s] INFO:colcon.colcon_core.shell:Creating package script '/home/yahboom/intro_ws/install/turtle_interfaces/share/turtle_interfaces/package.bash'
[1.795s] INFO:colcon.colcon_core.shell:Creating package script '/home/yahboom/intro_ws/install/turtle_interfaces/share/turtle_interfaces/package.zsh'
[1.795s] Level 1:colcon.colcon_core.environment:create_file_with_runtime_dependencies(/home/yahboom/intro_ws/install/turtle_interfaces/share/colcon-core/packages/turtle_interfaces)
[1.797s] Level 1:colcon.colcon_core.environment:create_environment_scripts_only(examples_rclcpp_minimal_composition)
[1.797s] Level 1:colcon.colcon_core.environment:checking '/home/yahboom/intro_ws/install/examples_rclcpp_minimal_composition' for CMake module files
[1.798s] Level 1:colcon.colcon_core.environment:checking '/home/yahboom/intro_ws/install/examples_rclcpp_minimal_composition' for CMake config files
[1.798s] Level 1:colcon.colcon_core.shell:create_environment_hook('examples_rclcpp_minimal_composition', 'cmake_prefix_path')
[1.799s] INFO:colcon.colcon_core.shell:Creating environment hook '/home/yahboom/intro_ws/install/examples_rclcpp_minimal_composition/share/examples_rclcpp_minimal_composition/hook/cmake_prefix_path.ps1'
[1.800s] INFO:colcon.colcon_core.shell:Creating environment descriptor '/home/yahboom/intro_ws/install/examples_rclcpp_minimal_composition/share/examples_rclcpp_minimal_composition/hook/cmake_prefix_path.dsv'
[1.801s] INFO:colcon.colcon_core.shell:Creating environment hook '/home/yahboom/intro_ws/install/examples_rclcpp_minimal_composition/share/examples_rclcpp_minimal_composition/hook/cmake_prefix_path.sh'
[1.801s] Level 1:colcon.colcon_core.environment:checking '/home/yahboom/intro_ws/install/examples_rclcpp_minimal_composition/lib'
[1.801s] Level 1:colcon.colcon_core.shell:create_environment_hook('examples_rclcpp_minimal_composition', 'ld_library_path_lib')
[1.802s] INFO:colcon.colcon_core.shell:Creating environment hook '/home/yahboom/intro_ws/install/examples_rclcpp_minimal_composition/share/examples_rclcpp_minimal_composition/hook/ld_library_path_lib.ps1'
[1.802s] INFO:colcon.colcon_core.shell:Creating environment descriptor '/home/yahboom/intro_ws/install/examples_rclcpp_minimal_composition/share/examples_rclcpp_minimal_composition/hook/ld_library_path_lib.dsv'
[1.803s] INFO:colcon.colcon_core.shell:Creating environment hook '/home/yahboom/intro_ws/install/examples_rclcpp_minimal_composition/share/examples_rclcpp_minimal_composition/hook/ld_library_path_lib.sh'
[1.803s] Level 1:colcon.colcon_core.environment:checking '/home/yahboom/intro_ws/install/examples_rclcpp_minimal_composition/bin'
[1.803s] Level 1:colcon.colcon_core.environment:checking '/home/yahboom/intro_ws/install/examples_rclcpp_minimal_composition/lib/pkgconfig/examples_rclcpp_minimal_composition.pc'
[1.804s] Level 1:colcon.colcon_core.environment:checking '/home/yahboom/intro_ws/install/examples_rclcpp_minimal_composition/lib/python3.10/site-packages'
[1.804s] Level 1:colcon.colcon_core.environment:checking '/home/yahboom/intro_ws/install/examples_rclcpp_minimal_composition/bin'
[1.804s] INFO:colcon.colcon_core.shell:Creating package script '/home/yahboom/intro_ws/install/examples_rclcpp_minimal_composition/share/examples_rclcpp_minimal_composition/package.ps1'
[1.805s] INFO:colcon.colcon_core.shell:Creating package descriptor '/home/yahboom/intro_ws/install/examples_rclcpp_minimal_composition/share/examples_rclcpp_minimal_composition/package.dsv'
[1.805s] INFO:colcon.colcon_core.shell:Creating package script '/home/yahboom/intro_ws/install/examples_rclcpp_minimal_composition/share/examples_rclcpp_minimal_composition/package.sh'
[1.806s] INFO:colcon.colcon_core.shell:Creating package script '/home/yahboom/intro_ws/install/examples_rclcpp_minimal_composition/share/examples_rclcpp_minimal_composition/package.bash'
[1.808s] INFO:colcon.colcon_core.shell:Creating package script '/home/yahboom/intro_ws/install/examples_rclcpp_minimal_composition/share/examples_rclcpp_minimal_composition/package.zsh'
[1.809s] Level 1:colcon.colcon_core.environment:create_file_with_runtime_dependencies(/home/yahboom/intro_ws/install/examples_rclcpp_minimal_composition/share/colcon-core/packages/examples_rclcpp_minimal_composition)
[1.810s] INFO:colcon.colcon_ros.task.ament_cmake.build:Building ROS package in '/home/yahboom/intro_ws/src/examples/rclcpp/topics/minimal_subscriber' with build type 'ament_cmake'
[1.811s] INFO:colcon.colcon_cmake.task.cmake.build:Building CMake package in '/home/yahboom/intro_ws/src/examples/rclcpp/topics/minimal_subscriber'
[1.811s] INFO:colcon.colcon_core.shell:Skip shell extension 'powershell' for command environment: Not usable outside of PowerShell
[1.811s] DEBUG:colcon.colcon_core.shell:Skip shell extension 'dsv' for command environment
[1.830s] DEBUG:colcon.colcon_core.event_handler.log_command:Invoking command in '/home/yahboom/intro_ws/build/examples_rclcpp_minimal_service': CMAKE_PREFIX_PATH=${CMAKE_PREFIX_PATH}:/home/yahboom/intro_ws/install/turtle_test:/home/yahboom/intro_ws/install/time_tf2_py:/home/yahboom/intro_ws/install/test_tf2_py:/home/yahboom/intro_ws/install/python_parameters:/home/yahboom/intro_ws/install/launch_testing_examples:/home/yahboom/intro_ws/install/examples_rclpy_pointcloud_publisher:/home/yahboom/intro_ws/install/examples_rclpy_minimal_subscriber:/home/yahboom/intro_ws/install/examples_rclpy_minimal_service:/home/yahboom/intro_ws/install/examples_rclpy_minimal_publisher:/home/yahboom/intro_ws/install/examples_rclpy_minimal_client:/home/yahboom/intro_ws/install/examples_rclpy_minimal_action_server:/home/yahboom/intro_ws/install/examples_rclpy_minimal_action_client:/home/yahboom/intro_ws/install/examples_rclpy_guard_conditions:/home/yahboom/intro_ws/install/examples_rclpy_executors:/home/yahboom/cartoros2/install/yahboomcar_nav:/home/yahboom/cartoros2/install/yahboomcar_ctrl:/home/yahboom/cartoros2/install/yahboom_visual:/home/yahboom/cartoros2/install/yahboom_dog_joint_state:/home/yahboom/cartoros2/install/yahboom_description:/home/yahboom/cartoros2/install/yahboom_color_identify_server:/home/yahboom/cartoros2/install/yahboom_bringup:/home/yahboom/cartoros2/install/yahboom_base:/home/yahboom/cartoros2/install/yahboom_app_save_map:/home/yahboom/cartoros2/install/update_map:/home/yahboom/cartoros2/install/rosboard:/home/yahboom/cartoros2/install/path_planner_server:/home/yahboom/cartoros2/install/nav2_simple_commander:/home/yahboom/cartoros2/install/nav2_gazebo_spawner:/home/yahboom/cartoros2/install/localization_server:/home/yahboom/cartoros2/install/laserscan_to_point_pulisher:/home/yahboom/yahboomcar_ws/install/yahboom_dog_example:/opt/ros/humble /usr/bin/cmake --install /home/yahboom/intro_ws/build/examples_rclcpp_minimal_service
[1.838s] DEBUG:colcon.colcon_core.event_handler.log_command:Invoking command in '/home/yahboom/intro_ws/build/examples_rclcpp_minimal_subscriber': CMAKE_PREFIX_PATH=${CMAKE_PREFIX_PATH}:/home/yahboom/intro_ws/install/turtle_test:/home/yahboom/intro_ws/install/time_tf2_py:/home/yahboom/intro_ws/install/test_tf2_py:/home/yahboom/intro_ws/install/python_parameters:/home/yahboom/intro_ws/install/launch_testing_examples:/home/yahboom/intro_ws/install/examples_rclpy_pointcloud_publisher:/home/yahboom/intro_ws/install/examples_rclpy_minimal_subscriber:/home/yahboom/intro_ws/install/examples_rclpy_minimal_service:/home/yahboom/intro_ws/install/examples_rclpy_minimal_publisher:/home/yahboom/intro_ws/install/examples_rclpy_minimal_client:/home/yahboom/intro_ws/install/examples_rclpy_minimal_action_server:/home/yahboom/intro_ws/install/examples_rclpy_minimal_action_client:/home/yahboom/intro_ws/install/examples_rclpy_guard_conditions:/home/yahboom/intro_ws/install/examples_rclpy_executors:/home/yahboom/cartoros2/install/yahboomcar_nav:/home/yahboom/cartoros2/install/yahboomcar_ctrl:/home/yahboom/cartoros2/install/yahboom_visual:/home/yahboom/cartoros2/install/yahboom_dog_joint_state:/home/yahboom/cartoros2/install/yahboom_description:/home/yahboom/cartoros2/install/yahboom_color_identify_server:/home/yahboom/cartoros2/install/yahboom_bringup:/home/yahboom/cartoros2/install/yahboom_base:/home/yahboom/cartoros2/install/yahboom_app_save_map:/home/yahboom/cartoros2/install/update_map:/home/yahboom/cartoros2/install/rosboard:/home/yahboom/cartoros2/install/path_planner_server:/home/yahboom/cartoros2/install/nav2_simple_commander:/home/yahboom/cartoros2/install/nav2_gazebo_spawner:/home/yahboom/cartoros2/install/localization_server:/home/yahboom/cartoros2/install/laserscan_to_point_pulisher:/home/yahboom/yahboomcar_ws/install/yahboom_dog_example:/opt/ros/humble /usr/bin/cmake --build /home/yahboom/intro_ws/build/examples_rclcpp_minimal_subscriber -- -j4 -l4
[1.876s] Level 1:colcon.colcon_core.environment:create_environment_scripts_only(examples_rclcpp_minimal_service)
[1.877s] Level 1:colcon.colcon_core.environment:checking '/home/yahboom/intro_ws/install/examples_rclcpp_minimal_service' for CMake module files
[1.877s] Level 1:colcon.colcon_core.environment:checking '/home/yahboom/intro_ws/install/examples_rclcpp_minimal_service' for CMake config files
[1.878s] Level 1:colcon.colcon_core.shell:create_environment_hook('examples_rclcpp_minimal_service', 'cmake_prefix_path')
[1.878s] INFO:colcon.colcon_core.shell:Creating environment hook '/home/yahboom/intro_ws/install/examples_rclcpp_minimal_service/share/examples_rclcpp_minimal_service/hook/cmake_prefix_path.ps1'
[1.879s] DEBUG:colcon.colcon_core.event_handler.log_command:Invoked command in '/home/yahboom/intro_ws/build/examples_rclcpp_minimal_service' returned '0': CMAKE_PREFIX_PATH=${CMAKE_PREFIX_PATH}:/home/yahboom/intro_ws/install/turtle_test:/home/yahboom/intro_ws/install/time_tf2_py:/home/yahboom/intro_ws/install/test_tf2_py:/home/yahboom/intro_ws/install/python_parameters:/home/yahboom/intro_ws/install/launch_testing_examples:/home/yahboom/intro_ws/install/examples_rclpy_pointcloud_publisher:/home/yahboom/intro_ws/install/examples_rclpy_minimal_subscriber:/home/yahboom/intro_ws/install/examples_rclpy_minimal_service:/home/yahboom/intro_ws/install/examples_rclpy_minimal_publisher:/home/yahboom/intro_ws/install/examples_rclpy_minimal_client:/home/yahboom/intro_ws/install/examples_rclpy_minimal_action_server:/home/yahboom/intro_ws/install/examples_rclpy_minimal_action_client:/home/yahboom/intro_ws/install/examples_rclpy_guard_conditions:/home/yahboom/intro_ws/install/examples_rclpy_executors:/home/yahboom/cartoros2/install/yahboomcar_nav:/home/yahboom/cartoros2/install/yahboomcar_ctrl:/home/yahboom/cartoros2/install/yahboom_visual:/home/yahboom/cartoros2/install/yahboom_dog_joint_state:/home/yahboom/cartoros2/install/yahboom_description:/home/yahboom/cartoros2/install/yahboom_color_identify_server:/home/yahboom/cartoros2/install/yahboom_bringup:/home/yahboom/cartoros2/install/yahboom_base:/home/yahboom/cartoros2/install/yahboom_app_save_map:/home/yahboom/cartoros2/install/update_map:/home/yahboom/cartoros2/install/rosboard:/home/yahboom/cartoros2/install/path_planner_server:/home/yahboom/cartoros2/install/nav2_simple_commander:/home/yahboom/cartoros2/install/nav2_gazebo_spawner:/home/yahboom/cartoros2/install/localization_server:/home/yahboom/cartoros2/install/laserscan_to_point_pulisher:/home/yahboom/yahboomcar_ws/install/yahboom_dog_example:/opt/ros/humble /usr/bin/cmake --install /home/yahboom/intro_ws/build/examples_rclcpp_minimal_service
[1.880s] INFO:colcon.colcon_core.shell:Creating environment descriptor '/home/yahboom/intro_ws/install/examples_rclcpp_minimal_service/share/examples_rclcpp_minimal_service/hook/cmake_prefix_path.dsv'
[1.881s] INFO:colcon.colcon_core.shell:Creating environment hook '/home/yahboom/intro_ws/install/examples_rclcpp_minimal_service/share/examples_rclcpp_minimal_service/hook/cmake_prefix_path.sh'
[1.882s] Level 1:colcon.colcon_core.environment:checking '/home/yahboom/intro_ws/install/examples_rclcpp_minimal_service/lib'
[1.882s] Level 1:colcon.colcon_core.environment:checking '/home/yahboom/intro_ws/install/examples_rclcpp_minimal_service/bin'
[1.882s] Level 1:colcon.colcon_core.environment:checking '/home/yahboom/intro_ws/install/examples_rclcpp_minimal_service/lib/pkgconfig/examples_rclcpp_minimal_service.pc'
[1.883s] Level 1:colcon.colcon_core.environment:checking '/home/yahboom/intro_ws/install/examples_rclcpp_minimal_service/lib/python3.10/site-packages'
[1.883s] Level 1:colcon.colcon_core.environment:checking '/home/yahboom/intro_ws/install/examples_rclcpp_minimal_service/bin'
[1.883s] INFO:colcon.colcon_core.shell:Creating package script '/home/yahboom/intro_ws/install/examples_rclcpp_minimal_service/share/examples_rclcpp_minimal_service/package.ps1'
[1.884s] INFO:colcon.colcon_core.shell:Creating package descriptor '/home/yahboom/intro_ws/install/examples_rclcpp_minimal_service/share/examples_rclcpp_minimal_service/package.dsv'
[1.884s] INFO:colcon.colcon_core.shell:Creating package script '/home/yahboom/intro_ws/install/examples_rclcpp_minimal_service/share/examples_rclcpp_minimal_service/package.sh'
[1.885s] INFO:colcon.colcon_core.shell:Creating package script '/home/yahboom/intro_ws/install/examples_rclcpp_minimal_service/share/examples_rclcpp_minimal_service/package.bash'
[1.886s] INFO:colcon.colcon_core.shell:Creating package script '/home/yahboom/intro_ws/install/examples_rclcpp_minimal_service/share/examples_rclcpp_minimal_service/package.zsh'
[1.887s] Level 1:colcon.colcon_core.environment:create_file_with_runtime_dependencies(/home/yahboom/intro_ws/install/examples_rclcpp_minimal_service/share/colcon-core/packages/examples_rclcpp_minimal_service)
[1.893s] DEBUG:colcon.colcon_core.event_handler.log_command:Invoking command in '/home/yahboom/intro_ws/build/examples_rclcpp_minimal_publisher': CMAKE_PREFIX_PATH=${CMAKE_PREFIX_PATH}:/home/yahboom/intro_ws/install/turtle_test:/home/yahboom/intro_ws/install/time_tf2_py:/home/yahboom/intro_ws/install/test_tf2_py:/home/yahboom/intro_ws/install/python_parameters:/home/yahboom/intro_ws/install/launch_testing_examples:/home/yahboom/intro_ws/install/examples_rclpy_pointcloud_publisher:/home/yahboom/intro_ws/install/examples_rclpy_minimal_subscriber:/home/yahboom/intro_ws/install/examples_rclpy_minimal_service:/home/yahboom/intro_ws/install/examples_rclpy_minimal_publisher:/home/yahboom/intro_ws/install/examples_rclpy_minimal_client:/home/yahboom/intro_ws/install/examples_rclpy_minimal_action_server:/home/yahboom/intro_ws/install/examples_rclpy_minimal_action_client:/home/yahboom/intro_ws/install/examples_rclpy_guard_conditions:/home/yahboom/intro_ws/install/examples_rclpy_executors:/home/yahboom/cartoros2/install/yahboomcar_nav:/home/yahboom/cartoros2/install/yahboomcar_ctrl:/home/yahboom/cartoros2/install/yahboom_visual:/home/yahboom/cartoros2/install/yahboom_dog_joint_state:/home/yahboom/cartoros2/install/yahboom_description:/home/yahboom/cartoros2/install/yahboom_color_identify_server:/home/yahboom/cartoros2/install/yahboom_bringup:/home/yahboom/cartoros2/install/yahboom_base:/home/yahboom/cartoros2/install/yahboom_app_save_map:/home/yahboom/cartoros2/install/update_map:/home/yahboom/cartoros2/install/rosboard:/home/yahboom/cartoros2/install/path_planner_server:/home/yahboom/cartoros2/install/nav2_simple_commander:/home/yahboom/cartoros2/install/nav2_gazebo_spawner:/home/yahboom/cartoros2/install/localization_server:/home/yahboom/cartoros2/install/laserscan_to_point_pulisher:/home/yahboom/yahboomcar_ws/install/yahboom_dog_example:/opt/ros/humble /usr/bin/cmake --install /home/yahboom/intro_ws/build/examples_rclcpp_minimal_publisher
[1.954s] Level 1:colcon.colcon_core.environment:create_environment_scripts_only(examples_rclcpp_minimal_publisher)
[1.954s] Level 1:colcon.colcon_core.environment:checking '/home/yahboom/intro_ws/install/examples_rclcpp_minimal_publisher' for CMake module files
[1.955s] DEBUG:colcon.colcon_core.event_handler.log_command:Invoked command in '/home/yahboom/intro_ws/build/examples_rclcpp_minimal_publisher' returned '0': CMAKE_PREFIX_PATH=${CMAKE_PREFIX_PATH}:/home/yahboom/intro_ws/install/turtle_test:/home/yahboom/intro_ws/install/time_tf2_py:/home/yahboom/intro_ws/install/test_tf2_py:/home/yahboom/intro_ws/install/python_parameters:/home/yahboom/intro_ws/install/launch_testing_examples:/home/yahboom/intro_ws/install/examples_rclpy_pointcloud_publisher:/home/yahboom/intro_ws/install/examples_rclpy_minimal_subscriber:/home/yahboom/intro_ws/install/examples_rclpy_minimal_service:/home/yahboom/intro_ws/install/examples_rclpy_minimal_publisher:/home/yahboom/intro_ws/install/examples_rclpy_minimal_client:/home/yahboom/intro_ws/install/examples_rclpy_minimal_action_server:/home/yahboom/intro_ws/install/examples_rclpy_minimal_action_client:/home/yahboom/intro_ws/install/examples_rclpy_guard_conditions:/home/yahboom/intro_ws/install/examples_rclpy_executors:/home/yahboom/cartoros2/install/yahboomcar_nav:/home/yahboom/cartoros2/install/yahboomcar_ctrl:/home/yahboom/cartoros2/install/yahboom_visual:/home/yahboom/cartoros2/install/yahboom_dog_joint_state:/home/yahboom/cartoros2/install/yahboom_description:/home/yahboom/cartoros2/install/yahboom_color_identify_server:/home/yahboom/cartoros2/install/yahboom_bringup:/home/yahboom/cartoros2/install/yahboom_base:/home/yahboom/cartoros2/install/yahboom_app_save_map:/home/yahboom/cartoros2/install/update_map:/home/yahboom/cartoros2/install/rosboard:/home/yahboom/cartoros2/install/path_planner_server:/home/yahboom/cartoros2/install/nav2_simple_commander:/home/yahboom/cartoros2/install/nav2_gazebo_spawner:/home/yahboom/cartoros2/install/localization_server:/home/yahboom/cartoros2/install/laserscan_to_point_pulisher:/home/yahboom/yahboomcar_ws/install/yahboom_dog_example:/opt/ros/humble /usr/bin/cmake --install /home/yahboom/intro_ws/build/examples_rclcpp_minimal_publisher
[1.957s] Level 1:colcon.colcon_core.environment:checking '/home/yahboom/intro_ws/install/examples_rclcpp_minimal_publisher' for CMake config files
[1.958s] Level 1:colcon.colcon_core.shell:create_environment_hook('examples_rclcpp_minimal_publisher', 'cmake_prefix_path')
[1.958s] INFO:colcon.colcon_core.shell:Creating environment hook '/home/yahboom/intro_ws/install/examples_rclcpp_minimal_publisher/share/examples_rclcpp_minimal_publisher/hook/cmake_prefix_path.ps1'
[1.961s] INFO:colcon.colcon_core.shell:Creating environment descriptor '/home/yahboom/intro_ws/install/examples_rclcpp_minimal_publisher/share/examples_rclcpp_minimal_publisher/hook/cmake_prefix_path.dsv'
[1.963s] INFO:colcon.colcon_core.shell:Creating environment hook '/home/yahboom/intro_ws/install/examples_rclcpp_minimal_publisher/share/examples_rclcpp_minimal_publisher/hook/cmake_prefix_path.sh'
[1.964s] Level 1:colcon.colcon_core.environment:checking '/home/yahboom/intro_ws/install/examples_rclcpp_minimal_publisher/lib'
[1.964s] Level 1:colcon.colcon_core.environment:checking '/home/yahboom/intro_ws/install/examples_rclcpp_minimal_publisher/bin'
[1.964s] Level 1:colcon.colcon_core.environment:checking '/home/yahboom/intro_ws/install/examples_rclcpp_minimal_publisher/lib/pkgconfig/examples_rclcpp_minimal_publisher.pc'
[1.964s] Level 1:colcon.colcon_core.environment:checking '/home/yahboom/intro_ws/install/examples_rclcpp_minimal_publisher/lib/python3.10/site-packages'
[1.964s] Level 1:colcon.colcon_core.environment:checking '/home/yahboom/intro_ws/install/examples_rclcpp_minimal_publisher/bin'
[1.965s] INFO:colcon.colcon_core.shell:Creating package script '/home/yahboom/intro_ws/install/examples_rclcpp_minimal_publisher/share/examples_rclcpp_minimal_publisher/package.ps1'
[1.966s] INFO:colcon.colcon_core.shell:Creating package descriptor '/home/yahboom/intro_ws/install/examples_rclcpp_minimal_publisher/share/examples_rclcpp_minimal_publisher/package.dsv'
[1.967s] INFO:colcon.colcon_core.shell:Creating package script '/home/yahboom/intro_ws/install/examples_rclcpp_minimal_publisher/share/examples_rclcpp_minimal_publisher/package.sh'
[1.967s] INFO:colcon.colcon_core.shell:Creating package script '/home/yahboom/intro_ws/install/examples_rclcpp_minimal_publisher/share/examples_rclcpp_minimal_publisher/package.bash'
[1.968s] INFO:colcon.colcon_core.shell:Creating package script '/home/yahboom/intro_ws/install/examples_rclcpp_minimal_publisher/share/examples_rclcpp_minimal_publisher/package.zsh'
[1.971s] Level 1:colcon.colcon_core.environment:create_file_with_runtime_dependencies(/home/yahboom/intro_ws/install/examples_rclcpp_minimal_publisher/share/colcon-core/packages/examples_rclcpp_minimal_publisher)
[2.027s] Level 1:colcon.colcon_core.environment:create_environment_scripts_only(examples_rclcpp_minimal_service)
[2.027s] Level 1:colcon.colcon_core.environment:checking '/home/yahboom/intro_ws/install/examples_rclcpp_minimal_service' for CMake module files
[2.028s] Level 1:colcon.colcon_core.environment:checking '/home/yahboom/intro_ws/install/examples_rclcpp_minimal_service' for CMake config files
[2.028s] Level 1:colcon.colcon_core.shell:create_environment_hook('examples_rclcpp_minimal_service', 'cmake_prefix_path')
[2.028s] INFO:colcon.colcon_core.shell:Creating environment hook '/home/yahboom/intro_ws/install/examples_rclcpp_minimal_service/share/examples_rclcpp_minimal_service/hook/cmake_prefix_path.ps1'
[2.030s] INFO:colcon.colcon_core.shell:Creating environment descriptor '/home/yahboom/intro_ws/install/examples_rclcpp_minimal_service/share/examples_rclcpp_minimal_service/hook/cmake_prefix_path.dsv'
[2.031s] INFO:colcon.colcon_core.shell:Creating environment hook '/home/yahboom/intro_ws/install/examples_rclcpp_minimal_service/share/examples_rclcpp_minimal_service/hook/cmake_prefix_path.sh'
[2.032s] Level 1:colcon.colcon_core.environment:checking '/home/yahboom/intro_ws/install/examples_rclcpp_minimal_service/lib'
[2.033s] Level 1:colcon.colcon_core.environment:checking '/home/yahboom/intro_ws/install/examples_rclcpp_minimal_service/bin'
[2.033s] Level 1:colcon.colcon_core.environment:checking '/home/yahboom/intro_ws/install/examples_rclcpp_minimal_service/lib/pkgconfig/examples_rclcpp_minimal_service.pc'
[2.033s] Level 1:colcon.colcon_core.environment:checking '/home/yahboom/intro_ws/install/examples_rclcpp_minimal_service/lib/python3.10/site-packages'
[2.033s] Level 1:colcon.colcon_core.environment:checking '/home/yahboom/intro_ws/install/examples_rclcpp_minimal_service/bin'
[2.033s] INFO:colcon.colcon_core.shell:Creating package script '/home/yahboom/intro_ws/install/examples_rclcpp_minimal_service/share/examples_rclcpp_minimal_service/package.ps1'
[2.034s] INFO:colcon.colcon_core.shell:Creating package descriptor '/home/yahboom/intro_ws/install/examples_rclcpp_minimal_service/share/examples_rclcpp_minimal_service/package.dsv'
[2.035s] INFO:colcon.colcon_core.shell:Creating package script '/home/yahboom/intro_ws/install/examples_rclcpp_minimal_service/share/examples_rclcpp_minimal_service/package.sh'
[2.036s] INFO:colcon.colcon_core.shell:Creating package script '/home/yahboom/intro_ws/install/examples_rclcpp_minimal_service/share/examples_rclcpp_minimal_service/package.bash'
[2.037s] INFO:colcon.colcon_core.shell:Creating package script '/home/yahboom/intro_ws/install/examples_rclcpp_minimal_service/share/examples_rclcpp_minimal_service/package.zsh'
[2.038s] Level 1:colcon.colcon_core.environment:create_file_with_runtime_dependencies(/home/yahboom/intro_ws/install/examples_rclcpp_minimal_service/share/colcon-core/packages/examples_rclcpp_minimal_service)
[2.042s] INFO:colcon.colcon_ros.task.ament_cmake.build:Building ROS package in '/home/yahboom/intro_ws/src/examples/rclcpp/timers/minimal_timer' with build type 'ament_cmake'
[2.043s] INFO:colcon.colcon_cmake.task.cmake.build:Building CMake package in '/home/yahboom/intro_ws/src/examples/rclcpp/timers/minimal_timer'
[2.043s] INFO:colcon.colcon_core.shell:Skip shell extension 'powershell' for command environment: Not usable outside of PowerShell
[2.043s] DEBUG:colcon.colcon_core.shell:Skip shell extension 'dsv' for command environment
[2.079s] DEBUG:colcon.colcon_core.event_handler.log_command:Invoking command in '/home/yahboom/intro_ws/build/examples_rclcpp_minimal_timer': CMAKE_PREFIX_PATH=${CMAKE_PREFIX_PATH}:/home/yahboom/intro_ws/install/turtle_test:/home/yahboom/intro_ws/install/time_tf2_py:/home/yahboom/intro_ws/install/test_tf2_py:/home/yahboom/intro_ws/install/python_parameters:/home/yahboom/intro_ws/install/launch_testing_examples:/home/yahboom/intro_ws/install/examples_rclpy_pointcloud_publisher:/home/yahboom/intro_ws/install/examples_rclpy_minimal_subscriber:/home/yahboom/intro_ws/install/examples_rclpy_minimal_service:/home/yahboom/intro_ws/install/examples_rclpy_minimal_publisher:/home/yahboom/intro_ws/install/examples_rclpy_minimal_client:/home/yahboom/intro_ws/install/examples_rclpy_minimal_action_server:/home/yahboom/intro_ws/install/examples_rclpy_minimal_action_client:/home/yahboom/intro_ws/install/examples_rclpy_guard_conditions:/home/yahboom/intro_ws/install/examples_rclpy_executors:/home/yahboom/cartoros2/install/yahboomcar_nav:/home/yahboom/cartoros2/install/yahboomcar_ctrl:/home/yahboom/cartoros2/install/yahboom_visual:/home/yahboom/cartoros2/install/yahboom_dog_joint_state:/home/yahboom/cartoros2/install/yahboom_description:/home/yahboom/cartoros2/install/yahboom_color_identify_server:/home/yahboom/cartoros2/install/yahboom_bringup:/home/yahboom/cartoros2/install/yahboom_base:/home/yahboom/cartoros2/install/yahboom_app_save_map:/home/yahboom/cartoros2/install/update_map:/home/yahboom/cartoros2/install/rosboard:/home/yahboom/cartoros2/install/path_planner_server:/home/yahboom/cartoros2/install/nav2_simple_commander:/home/yahboom/cartoros2/install/nav2_gazebo_spawner:/home/yahboom/cartoros2/install/localization_server:/home/yahboom/cartoros2/install/laserscan_to_point_pulisher:/home/yahboom/yahboomcar_ws/install/yahboom_dog_example:/opt/ros/humble /usr/bin/cmake --build /home/yahboom/intro_ws/build/examples_rclcpp_minimal_timer -- -j4 -l4
[2.229s] DEBUG:colcon.colcon_core.event_handler.log_command:Invoked command in '/home/yahboom/intro_ws/build/examples_rclcpp_minimal_subscriber' returned '0': CMAKE_PREFIX_PATH=${CMAKE_PREFIX_PATH}:/home/yahboom/intro_ws/install/turtle_test:/home/yahboom/intro_ws/install/time_tf2_py:/home/yahboom/intro_ws/install/test_tf2_py:/home/yahboom/intro_ws/install/python_parameters:/home/yahboom/intro_ws/install/launch_testing_examples:/home/yahboom/intro_ws/install/examples_rclpy_pointcloud_publisher:/home/yahboom/intro_ws/install/examples_rclpy_minimal_subscriber:/home/yahboom/intro_ws/install/examples_rclpy_minimal_service:/home/yahboom/intro_ws/install/examples_rclpy_minimal_publisher:/home/yahboom/intro_ws/install/examples_rclpy_minimal_client:/home/yahboom/intro_ws/install/examples_rclpy_minimal_action_server:/home/yahboom/intro_ws/install/examples_rclpy_minimal_action_client:/home/yahboom/intro_ws/install/examples_rclpy_guard_conditions:/home/yahboom/intro_ws/install/examples_rclpy_executors:/home/yahboom/cartoros2/install/yahboomcar_nav:/home/yahboom/cartoros2/install/yahboomcar_ctrl:/home/yahboom/cartoros2/install/yahboom_visual:/home/yahboom/cartoros2/install/yahboom_dog_joint_state:/home/yahboom/cartoros2/install/yahboom_description:/home/yahboom/cartoros2/install/yahboom_color_identify_server:/home/yahboom/cartoros2/install/yahboom_bringup:/home/yahboom/cartoros2/install/yahboom_base:/home/yahboom/cartoros2/install/yahboom_app_save_map:/home/yahboom/cartoros2/install/update_map:/home/yahboom/cartoros2/install/rosboard:/home/yahboom/cartoros2/install/path_planner_server:/home/yahboom/cartoros2/install/nav2_simple_commander:/home/yahboom/cartoros2/install/nav2_gazebo_spawner:/home/yahboom/cartoros2/install/localization_server:/home/yahboom/cartoros2/install/laserscan_to_point_pulisher:/home/yahboom/yahboomcar_ws/install/yahboom_dog_example:/opt/ros/humble /usr/bin/cmake --build /home/yahboom/intro_ws/build/examples_rclcpp_minimal_subscriber -- -j4 -l4
[2.232s] Level 1:colcon.colcon_core.environment:create_environment_scripts_only(examples_rclcpp_minimal_publisher)
[2.233s] Level 1:colcon.colcon_core.environment:checking '/home/yahboom/intro_ws/install/examples_rclcpp_minimal_publisher' for CMake module files
[2.235s] Level 1:colcon.colcon_core.environment:checking '/home/yahboom/intro_ws/install/examples_rclcpp_minimal_publisher' for CMake config files
[2.235s] Level 1:colcon.colcon_core.shell:create_environment_hook('examples_rclcpp_minimal_publisher', 'cmake_prefix_path')
[2.235s] INFO:colcon.colcon_core.shell:Creating environment hook '/home/yahboom/intro_ws/install/examples_rclcpp_minimal_publisher/share/examples_rclcpp_minimal_publisher/hook/cmake_prefix_path.ps1'
[2.237s] INFO:colcon.colcon_core.shell:Creating environment descriptor '/home/yahboom/intro_ws/install/examples_rclcpp_minimal_publisher/share/examples_rclcpp_minimal_publisher/hook/cmake_prefix_path.dsv'
[2.238s] INFO:colcon.colcon_core.shell:Creating environment hook '/home/yahboom/intro_ws/install/examples_rclcpp_minimal_publisher/share/examples_rclcpp_minimal_publisher/hook/cmake_prefix_path.sh'
[2.242s] Level 1:colcon.colcon_core.environment:checking '/home/yahboom/intro_ws/install/examples_rclcpp_minimal_publisher/lib'
[2.242s] Level 1:colcon.colcon_core.environment:checking '/home/yahboom/intro_ws/install/examples_rclcpp_minimal_publisher/bin'
[2.242s] Level 1:colcon.colcon_core.environment:checking '/home/yahboom/intro_ws/install/examples_rclcpp_minimal_publisher/lib/pkgconfig/examples_rclcpp_minimal_publisher.pc'
[2.243s] Level 1:colcon.colcon_core.environment:checking '/home/yahboom/intro_ws/install/examples_rclcpp_minimal_publisher/lib/python3.10/site-packages'
[2.243s] Level 1:colcon.colcon_core.environment:checking '/home/yahboom/intro_ws/install/examples_rclcpp_minimal_publisher/bin'
[2.243s] INFO:colcon.colcon_core.shell:Creating package script '/home/yahboom/intro_ws/install/examples_rclcpp_minimal_publisher/share/examples_rclcpp_minimal_publisher/package.ps1'
[2.244s] INFO:colcon.colcon_core.shell:Creating package descriptor '/home/yahboom/intro_ws/install/examples_rclcpp_minimal_publisher/share/examples_rclcpp_minimal_publisher/package.dsv'
[2.246s] INFO:colcon.colcon_core.shell:Creating package script '/home/yahboom/intro_ws/install/examples_rclcpp_minimal_publisher/share/examples_rclcpp_minimal_publisher/package.sh'
[2.247s] INFO:colcon.colcon_core.shell:Creating package script '/home/yahboom/intro_ws/install/examples_rclcpp_minimal_publisher/share/examples_rclcpp_minimal_publisher/package.bash'
[2.247s] INFO:colcon.colcon_core.shell:Creating package script '/home/yahboom/intro_ws/install/examples_rclcpp_minimal_publisher/share/examples_rclcpp_minimal_publisher/package.zsh'
[2.248s] Level 1:colcon.colcon_core.environment:create_file_with_runtime_dependencies(/home/yahboom/intro_ws/install/examples_rclcpp_minimal_publisher/share/colcon-core/packages/examples_rclcpp_minimal_publisher)
[2.249s] INFO:colcon.colcon_ros.task.ament_cmake.build:Building ROS package in '/home/yahboom/intro_ws/src/examples/rclcpp/executors/multithreaded_executor' with build type 'ament_cmake'
[2.250s] INFO:colcon.colcon_cmake.task.cmake.build:Building CMake package in '/home/yahboom/intro_ws/src/examples/rclcpp/executors/multithreaded_executor'
[2.250s] INFO:colcon.colcon_core.shell:Skip shell extension 'powershell' for command environment: Not usable outside of PowerShell
[2.250s] DEBUG:colcon.colcon_core.shell:Skip shell extension 'dsv' for command environment
[2.274s] DEBUG:colcon.colcon_core.event_handler.log_command:Invoked command in '/home/yahboom/intro_ws/build/examples_rclcpp_minimal_timer' returned '0': CMAKE_PREFIX_PATH=${CMAKE_PREFIX_PATH}:/home/yahboom/intro_ws/install/turtle_test:/home/yahboom/intro_ws/install/time_tf2_py:/home/yahboom/intro_ws/install/test_tf2_py:/home/yahboom/intro_ws/install/python_parameters:/home/yahboom/intro_ws/install/launch_testing_examples:/home/yahboom/intro_ws/install/examples_rclpy_pointcloud_publisher:/home/yahboom/intro_ws/install/examples_rclpy_minimal_subscriber:/home/yahboom/intro_ws/install/examples_rclpy_minimal_service:/home/yahboom/intro_ws/install/examples_rclpy_minimal_publisher:/home/yahboom/intro_ws/install/examples_rclpy_minimal_client:/home/yahboom/intro_ws/install/examples_rclpy_minimal_action_server:/home/yahboom/intro_ws/install/examples_rclpy_minimal_action_client:/home/yahboom/intro_ws/install/examples_rclpy_guard_conditions:/home/yahboom/intro_ws/install/examples_rclpy_executors:/home/yahboom/cartoros2/install/yahboomcar_nav:/home/yahboom/cartoros2/install/yahboomcar_ctrl:/home/yahboom/cartoros2/install/yahboom_visual:/home/yahboom/cartoros2/install/yahboom_dog_joint_state:/home/yahboom/cartoros2/install/yahboom_description:/home/yahboom/cartoros2/install/yahboom_color_identify_server:/home/yahboom/cartoros2/install/yahboom_bringup:/home/yahboom/cartoros2/install/yahboom_base:/home/yahboom/cartoros2/install/yahboom_app_save_map:/home/yahboom/cartoros2/install/update_map:/home/yahboom/cartoros2/install/rosboard:/home/yahboom/cartoros2/install/path_planner_server:/home/yahboom/cartoros2/install/nav2_simple_commander:/home/yahboom/cartoros2/install/nav2_gazebo_spawner:/home/yahboom/cartoros2/install/localization_server:/home/yahboom/cartoros2/install/laserscan_to_point_pulisher:/home/yahboom/yahboomcar_ws/install/yahboom_dog_example:/opt/ros/humble /usr/bin/cmake --build /home/yahboom/intro_ws/build/examples_rclcpp_minimal_timer -- -j4 -l4
[2.279s] DEBUG:colcon.colcon_core.event_handler.log_command:Invoking command in '/home/yahboom/intro_ws/build/examples_rclcpp_multithreaded_executor': CMAKE_PREFIX_PATH=${CMAKE_PREFIX_PATH}:/home/yahboom/intro_ws/install/turtle_test:/home/yahboom/intro_ws/install/time_tf2_py:/home/yahboom/intro_ws/install/test_tf2_py:/home/yahboom/intro_ws/install/python_parameters:/home/yahboom/intro_ws/install/launch_testing_examples:/home/yahboom/intro_ws/install/examples_rclpy_pointcloud_publisher:/home/yahboom/intro_ws/install/examples_rclpy_minimal_subscriber:/home/yahboom/intro_ws/install/examples_rclpy_minimal_service:/home/yahboom/intro_ws/install/examples_rclpy_minimal_publisher:/home/yahboom/intro_ws/install/examples_rclpy_minimal_client:/home/yahboom/intro_ws/install/examples_rclpy_minimal_action_server:/home/yahboom/intro_ws/install/examples_rclpy_minimal_action_client:/home/yahboom/intro_ws/install/examples_rclpy_guard_conditions:/home/yahboom/intro_ws/install/examples_rclpy_executors:/home/yahboom/cartoros2/install/yahboomcar_nav:/home/yahboom/cartoros2/install/yahboomcar_ctrl:/home/yahboom/cartoros2/install/yahboom_visual:/home/yahboom/cartoros2/install/yahboom_dog_joint_state:/home/yahboom/cartoros2/install/yahboom_description:/home/yahboom/cartoros2/install/yahboom_color_identify_server:/home/yahboom/cartoros2/install/yahboom_bringup:/home/yahboom/cartoros2/install/yahboom_base:/home/yahboom/cartoros2/install/yahboom_app_save_map:/home/yahboom/cartoros2/install/update_map:/home/yahboom/cartoros2/install/rosboard:/home/yahboom/cartoros2/install/path_planner_server:/home/yahboom/cartoros2/install/nav2_simple_commander:/home/yahboom/cartoros2/install/nav2_gazebo_spawner:/home/yahboom/cartoros2/install/localization_server:/home/yahboom/cartoros2/install/laserscan_to_point_pulisher:/home/yahboom/yahboomcar_ws/install/yahboom_dog_example:/opt/ros/humble /usr/bin/cmake --build /home/yahboom/intro_ws/build/examples_rclcpp_multithreaded_executor -- -j4 -l4
[2.364s] Level 1:colcon.colcon_core.environment:create_environment_scripts_only(turtle_interfaces)
[2.364s] Level 1:colcon.colcon_core.environment:checking '/home/yahboom/intro_ws/install/turtle_interfaces' for CMake module files
[2.365s] Level 1:colcon.colcon_core.environment:checking '/home/yahboom/intro_ws/install/turtle_interfaces' for CMake config files
[2.365s] Level 1:colcon.colcon_core.shell:create_environment_hook('turtle_interfaces', 'cmake_prefix_path')
[2.366s] INFO:colcon.colcon_core.shell:Creating environment hook '/home/yahboom/intro_ws/install/turtle_interfaces/share/turtle_interfaces/hook/cmake_prefix_path.ps1'
[2.367s] INFO:colcon.colcon_core.shell:Creating environment descriptor '/home/yahboom/intro_ws/install/turtle_interfaces/share/turtle_interfaces/hook/cmake_prefix_path.dsv'
[2.368s] INFO:colcon.colcon_core.shell:Creating environment hook '/home/yahboom/intro_ws/install/turtle_interfaces/share/turtle_interfaces/hook/cmake_prefix_path.sh'
[2.369s] Level 1:colcon.colcon_core.environment:checking '/home/yahboom/intro_ws/install/turtle_interfaces/lib'
[2.369s] Level 1:colcon.colcon_core.shell:create_environment_hook('turtle_interfaces', 'ld_library_path_lib')
[2.369s] INFO:colcon.colcon_core.shell:Creating environment hook '/home/yahboom/intro_ws/install/turtle_interfaces/share/turtle_interfaces/hook/ld_library_path_lib.ps1'
[2.370s] INFO:colcon.colcon_core.shell:Creating environment descriptor '/home/yahboom/intro_ws/install/turtle_interfaces/share/turtle_interfaces/hook/ld_library_path_lib.dsv'
[2.370s] INFO:colcon.colcon_core.shell:Creating environment hook '/home/yahboom/intro_ws/install/turtle_interfaces/share/turtle_interfaces/hook/ld_library_path_lib.sh'
[2.371s] Level 1:colcon.colcon_core.environment:checking '/home/yahboom/intro_ws/install/turtle_interfaces/bin'
[2.371s] Level 1:colcon.colcon_core.environment:checking '/home/yahboom/intro_ws/install/turtle_interfaces/lib/pkgconfig/turtle_interfaces.pc'
[2.371s] Level 1:colcon.colcon_core.environment:checking '/home/yahboom/intro_ws/install/turtle_interfaces/lib/python3.10/site-packages'
[2.371s] Level 1:colcon.colcon_core.environment:checking '/home/yahboom/intro_ws/install/turtle_interfaces/bin'
[2.372s] INFO:colcon.colcon_core.shell:Creating package script '/home/yahboom/intro_ws/install/turtle_interfaces/share/turtle_interfaces/package.ps1'
[2.372s] INFO:colcon.colcon_core.shell:Creating package descriptor '/home/yahboom/intro_ws/install/turtle_interfaces/share/turtle_interfaces/package.dsv'
[2.374s] INFO:colcon.colcon_core.shell:Creating package script '/home/yahboom/intro_ws/install/turtle_interfaces/share/turtle_interfaces/package.sh'
[2.374s] INFO:colcon.colcon_core.shell:Creating package script '/home/yahboom/intro_ws/install/turtle_interfaces/share/turtle_interfaces/package.bash'
[2.375s] INFO:colcon.colcon_core.shell:Creating package script '/home/yahboom/intro_ws/install/turtle_interfaces/share/turtle_interfaces/package.zsh'
[2.376s] Level 1:colcon.colcon_core.environment:create_file_with_runtime_dependencies(/home/yahboom/intro_ws/install/turtle_interfaces/share/colcon-core/packages/turtle_interfaces)
[2.378s] INFO:colcon.colcon_ros.task.ament_cmake.build:Building ROS package in '/home/yahboom/intro_ws/src/examples/rclcpp/wait_set' with build type 'ament_cmake'
[2.378s] INFO:colcon.colcon_cmake.task.cmake.build:Building CMake package in '/home/yahboom/intro_ws/src/examples/rclcpp/wait_set'
[2.378s] INFO:colcon.colcon_core.shell:Skip shell extension 'powershell' for command environment: Not usable outside of PowerShell
[2.378s] DEBUG:colcon.colcon_core.shell:Skip shell extension 'dsv' for command environment
[2.395s] DEBUG:colcon.colcon_core.event_handler.log_command:Invoking command in '/home/yahboom/intro_ws/build/examples_rclcpp_minimal_timer': CMAKE_PREFIX_PATH=${CMAKE_PREFIX_PATH}:/home/yahboom/intro_ws/install/turtle_test:/home/yahboom/intro_ws/install/time_tf2_py:/home/yahboom/intro_ws/install/test_tf2_py:/home/yahboom/intro_ws/install/python_parameters:/home/yahboom/intro_ws/install/launch_testing_examples:/home/yahboom/intro_ws/install/examples_rclpy_pointcloud_publisher:/home/yahboom/intro_ws/install/examples_rclpy_minimal_subscriber:/home/yahboom/intro_ws/install/examples_rclpy_minimal_service:/home/yahboom/intro_ws/install/examples_rclpy_minimal_publisher:/home/yahboom/intro_ws/install/examples_rclpy_minimal_client:/home/yahboom/intro_ws/install/examples_rclpy_minimal_action_server:/home/yahboom/intro_ws/install/examples_rclpy_minimal_action_client:/home/yahboom/intro_ws/install/examples_rclpy_guard_conditions:/home/yahboom/intro_ws/install/examples_rclpy_executors:/home/yahboom/cartoros2/install/yahboomcar_nav:/home/yahboom/cartoros2/install/yahboomcar_ctrl:/home/yahboom/cartoros2/install/yahboom_visual:/home/yahboom/cartoros2/install/yahboom_dog_joint_state:/home/yahboom/cartoros2/install/yahboom_description:/home/yahboom/cartoros2/install/yahboom_color_identify_server:/home/yahboom/cartoros2/install/yahboom_bringup:/home/yahboom/cartoros2/install/yahboom_base:/home/yahboom/cartoros2/install/yahboom_app_save_map:/home/yahboom/cartoros2/install/update_map:/home/yahboom/cartoros2/install/rosboard:/home/yahboom/cartoros2/install/path_planner_server:/home/yahboom/cartoros2/install/nav2_simple_commander:/home/yahboom/cartoros2/install/nav2_gazebo_spawner:/home/yahboom/cartoros2/install/localization_server:/home/yahboom/cartoros2/install/laserscan_to_point_pulisher:/home/yahboom/yahboomcar_ws/install/yahboom_dog_example:/opt/ros/humble /usr/bin/cmake --install /home/yahboom/intro_ws/build/examples_rclcpp_minimal_timer
[2.404s] DEBUG:colcon.colcon_core.event_handler.log_command:Invoking command in '/home/yahboom/intro_ws/build/examples_rclcpp_wait_set': CMAKE_PREFIX_PATH=${CMAKE_PREFIX_PATH}:/home/yahboom/intro_ws/install/turtle_test:/home/yahboom/intro_ws/install/time_tf2_py:/home/yahboom/intro_ws/install/test_tf2_py:/home/yahboom/intro_ws/install/python_parameters:/home/yahboom/intro_ws/install/launch_testing_examples:/home/yahboom/intro_ws/install/examples_rclpy_pointcloud_publisher:/home/yahboom/intro_ws/install/examples_rclpy_minimal_subscriber:/home/yahboom/intro_ws/install/examples_rclpy_minimal_service:/home/yahboom/intro_ws/install/examples_rclpy_minimal_publisher:/home/yahboom/intro_ws/install/examples_rclpy_minimal_client:/home/yahboom/intro_ws/install/examples_rclpy_minimal_action_server:/home/yahboom/intro_ws/install/examples_rclpy_minimal_action_client:/home/yahboom/intro_ws/install/examples_rclpy_guard_conditions:/home/yahboom/intro_ws/install/examples_rclpy_executors:/home/yahboom/cartoros2/install/yahboomcar_nav:/home/yahboom/cartoros2/install/yahboomcar_ctrl:/home/yahboom/cartoros2/install/yahboom_visual:/home/yahboom/cartoros2/install/yahboom_dog_joint_state:/home/yahboom/cartoros2/install/yahboom_description:/home/yahboom/cartoros2/install/yahboom_color_identify_server:/home/yahboom/cartoros2/install/yahboom_bringup:/home/yahboom/cartoros2/install/yahboom_base:/home/yahboom/cartoros2/install/yahboom_app_save_map:/home/yahboom/cartoros2/install/update_map:/home/yahboom/cartoros2/install/rosboard:/home/yahboom/cartoros2/install/path_planner_server:/home/yahboom/cartoros2/install/nav2_simple_commander:/home/yahboom/cartoros2/install/nav2_gazebo_spawner:/home/yahboom/cartoros2/install/localization_server:/home/yahboom/cartoros2/install/laserscan_to_point_pulisher:/home/yahboom/yahboomcar_ws/install/yahboom_dog_example:/opt/ros/humble /usr/bin/cmake --build /home/yahboom/intro_ws/build/examples_rclcpp_wait_set -- -j4 -l4
[2.442s] DEBUG:colcon.colcon_core.event_handler.log_command:Invoked command in '/home/yahboom/intro_ws/build/examples_rclcpp_multithreaded_executor' returned '0': CMAKE_PREFIX_PATH=${CMAKE_PREFIX_PATH}:/home/yahboom/intro_ws/install/turtle_test:/home/yahboom/intro_ws/install/time_tf2_py:/home/yahboom/intro_ws/install/test_tf2_py:/home/yahboom/intro_ws/install/python_parameters:/home/yahboom/intro_ws/install/launch_testing_examples:/home/yahboom/intro_ws/install/examples_rclpy_pointcloud_publisher:/home/yahboom/intro_ws/install/examples_rclpy_minimal_subscriber:/home/yahboom/intro_ws/install/examples_rclpy_minimal_service:/home/yahboom/intro_ws/install/examples_rclpy_minimal_publisher:/home/yahboom/intro_ws/install/examples_rclpy_minimal_client:/home/yahboom/intro_ws/install/examples_rclpy_minimal_action_server:/home/yahboom/intro_ws/install/examples_rclpy_minimal_action_client:/home/yahboom/intro_ws/install/examples_rclpy_guard_conditions:/home/yahboom/intro_ws/install/examples_rclpy_executors:/home/yahboom/cartoros2/install/yahboomcar_nav:/home/yahboom/cartoros2/install/yahboomcar_ctrl:/home/yahboom/cartoros2/install/yahboom_visual:/home/yahboom/cartoros2/install/yahboom_dog_joint_state:/home/yahboom/cartoros2/install/yahboom_description:/home/yahboom/cartoros2/install/yahboom_color_identify_server:/home/yahboom/cartoros2/install/yahboom_bringup:/home/yahboom/cartoros2/install/yahboom_base:/home/yahboom/cartoros2/install/yahboom_app_save_map:/home/yahboom/cartoros2/install/update_map:/home/yahboom/cartoros2/install/rosboard:/home/yahboom/cartoros2/install/path_planner_server:/home/yahboom/cartoros2/install/nav2_simple_commander:/home/yahboom/cartoros2/install/nav2_gazebo_spawner:/home/yahboom/cartoros2/install/localization_server:/home/yahboom/cartoros2/install/laserscan_to_point_pulisher:/home/yahboom/yahboomcar_ws/install/yahboom_dog_example:/opt/ros/humble /usr/bin/cmake --build /home/yahboom/intro_ws/build/examples_rclcpp_multithreaded_executor -- -j4 -l4
[2.445s] Level 1:colcon.colcon_core.environment:create_environment_scripts_only(examples_rclcpp_minimal_timer)
[2.446s] Level 1:colcon.colcon_core.environment:checking '/home/yahboom/intro_ws/install/examples_rclcpp_minimal_timer' for CMake module files
[2.446s] Level 1:colcon.colcon_core.environment:checking '/home/yahboom/intro_ws/install/examples_rclcpp_minimal_timer' for CMake config files
[2.447s] Level 1:colcon.colcon_core.shell:create_environment_hook('examples_rclcpp_minimal_timer', 'cmake_prefix_path')
[2.447s] INFO:colcon.colcon_core.shell:Creating environment hook '/home/yahboom/intro_ws/install/examples_rclcpp_minimal_timer/share/examples_rclcpp_minimal_timer/hook/cmake_prefix_path.ps1'
[2.449s] DEBUG:colcon.colcon_core.event_handler.log_command:Invoked command in '/home/yahboom/intro_ws/build/examples_rclcpp_minimal_timer' returned '0': CMAKE_PREFIX_PATH=${CMAKE_PREFIX_PATH}:/home/yahboom/intro_ws/install/turtle_test:/home/yahboom/intro_ws/install/time_tf2_py:/home/yahboom/intro_ws/install/test_tf2_py:/home/yahboom/intro_ws/install/python_parameters:/home/yahboom/intro_ws/install/launch_testing_examples:/home/yahboom/intro_ws/install/examples_rclpy_pointcloud_publisher:/home/yahboom/intro_ws/install/examples_rclpy_minimal_subscriber:/home/yahboom/intro_ws/install/examples_rclpy_minimal_service:/home/yahboom/intro_ws/install/examples_rclpy_minimal_publisher:/home/yahboom/intro_ws/install/examples_rclpy_minimal_client:/home/yahboom/intro_ws/install/examples_rclpy_minimal_action_server:/home/yahboom/intro_ws/install/examples_rclpy_minimal_action_client:/home/yahboom/intro_ws/install/examples_rclpy_guard_conditions:/home/yahboom/intro_ws/install/examples_rclpy_executors:/home/yahboom/cartoros2/install/yahboomcar_nav:/home/yahboom/cartoros2/install/yahboomcar_ctrl:/home/yahboom/cartoros2/install/yahboom_visual:/home/yahboom/cartoros2/install/yahboom_dog_joint_state:/home/yahboom/cartoros2/install/yahboom_description:/home/yahboom/cartoros2/install/yahboom_color_identify_server:/home/yahboom/cartoros2/install/yahboom_bringup:/home/yahboom/cartoros2/install/yahboom_base:/home/yahboom/cartoros2/install/yahboom_app_save_map:/home/yahboom/cartoros2/install/update_map:/home/yahboom/cartoros2/install/rosboard:/home/yahboom/cartoros2/install/path_planner_server:/home/yahboom/cartoros2/install/nav2_simple_commander:/home/yahboom/cartoros2/install/nav2_gazebo_spawner:/home/yahboom/cartoros2/install/localization_server:/home/yahboom/cartoros2/install/laserscan_to_point_pulisher:/home/yahboom/yahboomcar_ws/install/yahboom_dog_example:/opt/ros/humble /usr/bin/cmake --install /home/yahboom/intro_ws/build/examples_rclcpp_minimal_timer
[2.450s] INFO:colcon.colcon_core.shell:Creating environment descriptor '/home/yahboom/intro_ws/install/examples_rclcpp_minimal_timer/share/examples_rclcpp_minimal_timer/hook/cmake_prefix_path.dsv'
[2.451s] INFO:colcon.colcon_core.shell:Creating environment hook '/home/yahboom/intro_ws/install/examples_rclcpp_minimal_timer/share/examples_rclcpp_minimal_timer/hook/cmake_prefix_path.sh'
[2.452s] Level 1:colcon.colcon_core.environment:checking '/home/yahboom/intro_ws/install/examples_rclcpp_minimal_timer/lib'
[2.452s] Level 1:colcon.colcon_core.environment:checking '/home/yahboom/intro_ws/install/examples_rclcpp_minimal_timer/bin'
[2.452s] Level 1:colcon.colcon_core.environment:checking '/home/yahboom/intro_ws/install/examples_rclcpp_minimal_timer/lib/pkgconfig/examples_rclcpp_minimal_timer.pc'
[2.453s] Level 1:colcon.colcon_core.environment:checking '/home/yahboom/intro_ws/install/examples_rclcpp_minimal_timer/lib/python3.10/site-packages'
[2.453s] Level 1:colcon.colcon_core.environment:checking '/home/yahboom/intro_ws/install/examples_rclcpp_minimal_timer/bin'
[2.453s] INFO:colcon.colcon_core.shell:Creating package script '/home/yahboom/intro_ws/install/examples_rclcpp_minimal_timer/share/examples_rclcpp_minimal_timer/package.ps1'
[2.454s] INFO:colcon.colcon_core.shell:Creating package descriptor '/home/yahboom/intro_ws/install/examples_rclcpp_minimal_timer/share/examples_rclcpp_minimal_timer/package.dsv'
[2.454s] INFO:colcon.colcon_core.shell:Creating package script '/home/yahboom/intro_ws/install/examples_rclcpp_minimal_timer/share/examples_rclcpp_minimal_timer/package.sh'
[2.455s] INFO:colcon.colcon_core.shell:Creating package script '/home/yahboom/intro_ws/install/examples_rclcpp_minimal_timer/share/examples_rclcpp_minimal_timer/package.bash'
[2.455s] INFO:colcon.colcon_core.shell:Creating package script '/home/yahboom/intro_ws/install/examples_rclcpp_minimal_timer/share/examples_rclcpp_minimal_timer/package.zsh'
[2.456s] Level 1:colcon.colcon_core.environment:create_file_with_runtime_dependencies(/home/yahboom/intro_ws/install/examples_rclcpp_minimal_timer/share/colcon-core/packages/examples_rclcpp_minimal_timer)
[2.497s] DEBUG:colcon.colcon_core.event_handler.log_command:Invoking command in '/home/yahboom/intro_ws/build/examples_rclcpp_minimal_subscriber': CMAKE_PREFIX_PATH=${CMAKE_PREFIX_PATH}:/home/yahboom/intro_ws/install/turtle_test:/home/yahboom/intro_ws/install/time_tf2_py:/home/yahboom/intro_ws/install/test_tf2_py:/home/yahboom/intro_ws/install/python_parameters:/home/yahboom/intro_ws/install/launch_testing_examples:/home/yahboom/intro_ws/install/examples_rclpy_pointcloud_publisher:/home/yahboom/intro_ws/install/examples_rclpy_minimal_subscriber:/home/yahboom/intro_ws/install/examples_rclpy_minimal_service:/home/yahboom/intro_ws/install/examples_rclpy_minimal_publisher:/home/yahboom/intro_ws/install/examples_rclpy_minimal_client:/home/yahboom/intro_ws/install/examples_rclpy_minimal_action_server:/home/yahboom/intro_ws/install/examples_rclpy_minimal_action_client:/home/yahboom/intro_ws/install/examples_rclpy_guard_conditions:/home/yahboom/intro_ws/install/examples_rclpy_executors:/home/yahboom/cartoros2/install/yahboomcar_nav:/home/yahboom/cartoros2/install/yahboomcar_ctrl:/home/yahboom/cartoros2/install/yahboom_visual:/home/yahboom/cartoros2/install/yahboom_dog_joint_state:/home/yahboom/cartoros2/install/yahboom_description:/home/yahboom/cartoros2/install/yahboom_color_identify_server:/home/yahboom/cartoros2/install/yahboom_bringup:/home/yahboom/cartoros2/install/yahboom_base:/home/yahboom/cartoros2/install/yahboom_app_save_map:/home/yahboom/cartoros2/install/update_map:/home/yahboom/cartoros2/install/rosboard:/home/yahboom/cartoros2/install/path_planner_server:/home/yahboom/cartoros2/install/nav2_simple_commander:/home/yahboom/cartoros2/install/nav2_gazebo_spawner:/home/yahboom/cartoros2/install/localization_server:/home/yahboom/cartoros2/install/laserscan_to_point_pulisher:/home/yahboom/yahboomcar_ws/install/yahboom_dog_example:/opt/ros/humble /usr/bin/cmake --install /home/yahboom/intro_ws/build/examples_rclcpp_minimal_subscriber
[2.576s] Level 1:colcon.colcon_core.environment:create_environment_scripts_only(examples_rclcpp_minimal_subscriber)
[2.576s] Level 1:colcon.colcon_core.environment:checking '/home/yahboom/intro_ws/install/examples_rclcpp_minimal_subscriber' for CMake module files
[2.576s] Level 1:colcon.colcon_core.environment:checking '/home/yahboom/intro_ws/install/examples_rclcpp_minimal_subscriber' for CMake config files
[2.577s] Level 1:colcon.colcon_core.shell:create_environment_hook('examples_rclcpp_minimal_subscriber', 'cmake_prefix_path')
[2.577s] INFO:colcon.colcon_core.shell:Creating environment hook '/home/yahboom/intro_ws/install/examples_rclcpp_minimal_subscriber/share/examples_rclcpp_minimal_subscriber/hook/cmake_prefix_path.ps1'
[2.578s] DEBUG:colcon.colcon_core.event_handler.log_command:Invoked command in '/home/yahboom/intro_ws/build/examples_rclcpp_minimal_subscriber' returned '0': CMAKE_PREFIX_PATH=${CMAKE_PREFIX_PATH}:/home/yahboom/intro_ws/install/turtle_test:/home/yahboom/intro_ws/install/time_tf2_py:/home/yahboom/intro_ws/install/test_tf2_py:/home/yahboom/intro_ws/install/python_parameters:/home/yahboom/intro_ws/install/launch_testing_examples:/home/yahboom/intro_ws/install/examples_rclpy_pointcloud_publisher:/home/yahboom/intro_ws/install/examples_rclpy_minimal_subscriber:/home/yahboom/intro_ws/install/examples_rclpy_minimal_service:/home/yahboom/intro_ws/install/examples_rclpy_minimal_publisher:/home/yahboom/intro_ws/install/examples_rclpy_minimal_client:/home/yahboom/intro_ws/install/examples_rclpy_minimal_action_server:/home/yahboom/intro_ws/install/examples_rclpy_minimal_action_client:/home/yahboom/intro_ws/install/examples_rclpy_guard_conditions:/home/yahboom/intro_ws/install/examples_rclpy_executors:/home/yahboom/cartoros2/install/yahboomcar_nav:/home/yahboom/cartoros2/install/yahboomcar_ctrl:/home/yahboom/cartoros2/install/yahboom_visual:/home/yahboom/cartoros2/install/yahboom_dog_joint_state:/home/yahboom/cartoros2/install/yahboom_description:/home/yahboom/cartoros2/install/yahboom_color_identify_server:/home/yahboom/cartoros2/install/yahboom_bringup:/home/yahboom/cartoros2/install/yahboom_base:/home/yahboom/cartoros2/install/yahboom_app_save_map:/home/yahboom/cartoros2/install/update_map:/home/yahboom/cartoros2/install/rosboard:/home/yahboom/cartoros2/install/path_planner_server:/home/yahboom/cartoros2/install/nav2_simple_commander:/home/yahboom/cartoros2/install/nav2_gazebo_spawner:/home/yahboom/cartoros2/install/localization_server:/home/yahboom/cartoros2/install/laserscan_to_point_pulisher:/home/yahboom/yahboomcar_ws/install/yahboom_dog_example:/opt/ros/humble /usr/bin/cmake --install /home/yahboom/intro_ws/build/examples_rclcpp_minimal_subscriber
[2.579s] INFO:colcon.colcon_core.shell:Creating environment descriptor '/home/yahboom/intro_ws/install/examples_rclcpp_minimal_subscriber/share/examples_rclcpp_minimal_subscriber/hook/cmake_prefix_path.dsv'
[2.581s] INFO:colcon.colcon_core.shell:Creating environment hook '/home/yahboom/intro_ws/install/examples_rclcpp_minimal_subscriber/share/examples_rclcpp_minimal_subscriber/hook/cmake_prefix_path.sh'
[2.585s] Level 1:colcon.colcon_core.environment:checking '/home/yahboom/intro_ws/install/examples_rclcpp_minimal_subscriber/lib'
[2.585s] Level 1:colcon.colcon_core.shell:create_environment_hook('examples_rclcpp_minimal_subscriber', 'ld_library_path_lib')
[2.586s] INFO:colcon.colcon_core.shell:Creating environment hook '/home/yahboom/intro_ws/install/examples_rclcpp_minimal_subscriber/share/examples_rclcpp_minimal_subscriber/hook/ld_library_path_lib.ps1'
[2.587s] INFO:colcon.colcon_core.shell:Creating environment descriptor '/home/yahboom/intro_ws/install/examples_rclcpp_minimal_subscriber/share/examples_rclcpp_minimal_subscriber/hook/ld_library_path_lib.dsv'
[2.588s] INFO:colcon.colcon_core.shell:Creating environment hook '/home/yahboom/intro_ws/install/examples_rclcpp_minimal_subscriber/share/examples_rclcpp_minimal_subscriber/hook/ld_library_path_lib.sh'
[2.589s] Level 1:colcon.colcon_core.environment:checking '/home/yahboom/intro_ws/install/examples_rclcpp_minimal_subscriber/bin'
[2.589s] Level 1:colcon.colcon_core.environment:checking '/home/yahboom/intro_ws/install/examples_rclcpp_minimal_subscriber/lib/pkgconfig/examples_rclcpp_minimal_subscriber.pc'
[2.589s] Level 1:colcon.colcon_core.environment:checking '/home/yahboom/intro_ws/install/examples_rclcpp_minimal_subscriber/lib/python3.10/site-packages'
[2.589s] Level 1:colcon.colcon_core.environment:checking '/home/yahboom/intro_ws/install/examples_rclcpp_minimal_subscriber/bin'
[2.589s] INFO:colcon.colcon_core.shell:Creating package script '/home/yahboom/intro_ws/install/examples_rclcpp_minimal_subscriber/share/examples_rclcpp_minimal_subscriber/package.ps1'
[2.590s] INFO:colcon.colcon_core.shell:Creating package descriptor '/home/yahboom/intro_ws/install/examples_rclcpp_minimal_subscriber/share/examples_rclcpp_minimal_subscriber/package.dsv'
[2.591s] INFO:colcon.colcon_core.shell:Creating package script '/home/yahboom/intro_ws/install/examples_rclcpp_minimal_subscriber/share/examples_rclcpp_minimal_subscriber/package.sh'
[2.592s] INFO:colcon.colcon_core.shell:Creating package script '/home/yahboom/intro_ws/install/examples_rclcpp_minimal_subscriber/share/examples_rclcpp_minimal_subscriber/package.bash'
[2.592s] INFO:colcon.colcon_core.shell:Creating package script '/home/yahboom/intro_ws/install/examples_rclcpp_minimal_subscriber/share/examples_rclcpp_minimal_subscriber/package.zsh'
[2.593s] Level 1:colcon.colcon_core.environment:create_file_with_runtime_dependencies(/home/yahboom/intro_ws/install/examples_rclcpp_minimal_subscriber/share/colcon-core/packages/examples_rclcpp_minimal_subscriber)
[2.601s] DEBUG:colcon.colcon_core.event_handler.log_command:Invoking command in '/home/yahboom/intro_ws/build/examples_rclcpp_multithreaded_executor': CMAKE_PREFIX_PATH=${CMAKE_PREFIX_PATH}:/home/yahboom/intro_ws/install/turtle_test:/home/yahboom/intro_ws/install/time_tf2_py:/home/yahboom/intro_ws/install/test_tf2_py:/home/yahboom/intro_ws/install/python_parameters:/home/yahboom/intro_ws/install/launch_testing_examples:/home/yahboom/intro_ws/install/examples_rclpy_pointcloud_publisher:/home/yahboom/intro_ws/install/examples_rclpy_minimal_subscriber:/home/yahboom/intro_ws/install/examples_rclpy_minimal_service:/home/yahboom/intro_ws/install/examples_rclpy_minimal_publisher:/home/yahboom/intro_ws/install/examples_rclpy_minimal_client:/home/yahboom/intro_ws/install/examples_rclpy_minimal_action_server:/home/yahboom/intro_ws/install/examples_rclpy_minimal_action_client:/home/yahboom/intro_ws/install/examples_rclpy_guard_conditions:/home/yahboom/intro_ws/install/examples_rclpy_executors:/home/yahboom/cartoros2/install/yahboomcar_nav:/home/yahboom/cartoros2/install/yahboomcar_ctrl:/home/yahboom/cartoros2/install/yahboom_visual:/home/yahboom/cartoros2/install/yahboom_dog_joint_state:/home/yahboom/cartoros2/install/yahboom_description:/home/yahboom/cartoros2/install/yahboom_color_identify_server:/home/yahboom/cartoros2/install/yahboom_bringup:/home/yahboom/cartoros2/install/yahboom_base:/home/yahboom/cartoros2/install/yahboom_app_save_map:/home/yahboom/cartoros2/install/update_map:/home/yahboom/cartoros2/install/rosboard:/home/yahboom/cartoros2/install/path_planner_server:/home/yahboom/cartoros2/install/nav2_simple_commander:/home/yahboom/cartoros2/install/nav2_gazebo_spawner:/home/yahboom/cartoros2/install/localization_server:/home/yahboom/cartoros2/install/laserscan_to_point_pulisher:/home/yahboom/yahboomcar_ws/install/yahboom_dog_example:/opt/ros/humble /usr/bin/cmake --install /home/yahboom/intro_ws/build/examples_rclcpp_multithreaded_executor
[2.612s] Level 1:colcon.colcon_core.environment:create_environment_scripts_only(examples_rclcpp_minimal_timer)
[2.613s] Level 1:colcon.colcon_core.environment:checking '/home/yahboom/intro_ws/install/examples_rclcpp_minimal_timer' for CMake module files
[2.613s] Level 1:colcon.colcon_core.environment:checking '/home/yahboom/intro_ws/install/examples_rclcpp_minimal_timer' for CMake config files
[2.614s] Level 1:colcon.colcon_core.shell:create_environment_hook('examples_rclcpp_minimal_timer', 'cmake_prefix_path')
[2.614s] INFO:colcon.colcon_core.shell:Creating environment hook '/home/yahboom/intro_ws/install/examples_rclcpp_minimal_timer/share/examples_rclcpp_minimal_timer/hook/cmake_prefix_path.ps1'
[2.618s] INFO:colcon.colcon_core.shell:Creating environment descriptor '/home/yahboom/intro_ws/install/examples_rclcpp_minimal_timer/share/examples_rclcpp_minimal_timer/hook/cmake_prefix_path.dsv'
[2.619s] INFO:colcon.colcon_core.shell:Creating environment hook '/home/yahboom/intro_ws/install/examples_rclcpp_minimal_timer/share/examples_rclcpp_minimal_timer/hook/cmake_prefix_path.sh'
[2.620s] Level 1:colcon.colcon_core.environment:checking '/home/yahboom/intro_ws/install/examples_rclcpp_minimal_timer/lib'
[2.620s] Level 1:colcon.colcon_core.environment:checking '/home/yahboom/intro_ws/install/examples_rclcpp_minimal_timer/bin'
[2.620s] Level 1:colcon.colcon_core.environment:checking '/home/yahboom/intro_ws/install/examples_rclcpp_minimal_timer/lib/pkgconfig/examples_rclcpp_minimal_timer.pc'
[2.620s] Level 1:colcon.colcon_core.environment:checking '/home/yahboom/intro_ws/install/examples_rclcpp_minimal_timer/lib/python3.10/site-packages'
[2.620s] Level 1:colcon.colcon_core.environment:checking '/home/yahboom/intro_ws/install/examples_rclcpp_minimal_timer/bin'
[2.621s] INFO:colcon.colcon_core.shell:Creating package script '/home/yahboom/intro_ws/install/examples_rclcpp_minimal_timer/share/examples_rclcpp_minimal_timer/package.ps1'
[2.624s] INFO:colcon.colcon_core.shell:Creating package descriptor '/home/yahboom/intro_ws/install/examples_rclcpp_minimal_timer/share/examples_rclcpp_minimal_timer/package.dsv'
[2.625s] INFO:colcon.colcon_core.shell:Creating package script '/home/yahboom/intro_ws/install/examples_rclcpp_minimal_timer/share/examples_rclcpp_minimal_timer/package.sh'
[2.629s] INFO:colcon.colcon_core.shell:Creating package script '/home/yahboom/intro_ws/install/examples_rclcpp_minimal_timer/share/examples_rclcpp_minimal_timer/package.bash'
[2.631s] INFO:colcon.colcon_core.shell:Creating package script '/home/yahboom/intro_ws/install/examples_rclcpp_minimal_timer/share/examples_rclcpp_minimal_timer/package.zsh'
[2.632s] Level 1:colcon.colcon_core.environment:create_file_with_runtime_dependencies(/home/yahboom/intro_ws/install/examples_rclcpp_minimal_timer/share/colcon-core/packages/examples_rclcpp_minimal_timer)
[2.636s] INFO:colcon.colcon_ros.task.ament_python.build:Building ROS package in '/home/yahboom/intro_ws/src/examples/rclpy/executors' with build type 'ament_python'
[2.636s] Level 1:colcon.colcon_core.shell:create_environment_hook('examples_rclpy_executors', 'ament_prefix_path')
[2.636s] INFO:colcon.colcon_core.shell:Creating environment hook '/home/yahboom/intro_ws/install/examples_rclpy_executors/share/examples_rclpy_executors/hook/ament_prefix_path.ps1'
[2.637s] INFO:colcon.colcon_core.shell:Creating environment descriptor '/home/yahboom/intro_ws/install/examples_rclpy_executors/share/examples_rclpy_executors/hook/ament_prefix_path.dsv'
[2.639s] INFO:colcon.colcon_core.shell:Creating environment hook '/home/yahboom/intro_ws/install/examples_rclpy_executors/share/examples_rclpy_executors/hook/ament_prefix_path.sh'
[2.641s] INFO:colcon.colcon_core.shell:Skip shell extension 'powershell' for command environment: Not usable outside of PowerShell
[2.642s] DEBUG:colcon.colcon_core.shell:Skip shell extension 'dsv' for command environment
[2.998s] INFO:colcon.colcon_core.task.python.build:Building Python package in '/home/yahboom/intro_ws/src/examples/rclpy/executors'
[2.999s] INFO:colcon.colcon_core.shell:Skip shell extension 'powershell' for command environment: Not usable outside of PowerShell
[2.999s] DEBUG:colcon.colcon_core.shell:Skip shell extension 'dsv' for command environment
[3.010s] Level 1:colcon.colcon_core.environment:create_environment_scripts_only(examples_rclcpp_multithreaded_executor)
[3.010s] Level 1:colcon.colcon_core.environment:checking '/home/yahboom/intro_ws/install/examples_rclcpp_multithreaded_executor' for CMake module files
[3.011s] DEBUG:colcon.colcon_core.event_handler.log_command:Invoked command in '/home/yahboom/intro_ws/build/examples_rclcpp_multithreaded_executor' returned '0': CMAKE_PREFIX_PATH=${CMAKE_PREFIX_PATH}:/home/yahboom/intro_ws/install/turtle_test:/home/yahboom/intro_ws/install/time_tf2_py:/home/yahboom/intro_ws/install/test_tf2_py:/home/yahboom/intro_ws/install/python_parameters:/home/yahboom/intro_ws/install/launch_testing_examples:/home/yahboom/intro_ws/install/examples_rclpy_pointcloud_publisher:/home/yahboom/intro_ws/install/examples_rclpy_minimal_subscriber:/home/yahboom/intro_ws/install/examples_rclpy_minimal_service:/home/yahboom/intro_ws/install/examples_rclpy_minimal_publisher:/home/yahboom/intro_ws/install/examples_rclpy_minimal_client:/home/yahboom/intro_ws/install/examples_rclpy_minimal_action_server:/home/yahboom/intro_ws/install/examples_rclpy_minimal_action_client:/home/yahboom/intro_ws/install/examples_rclpy_guard_conditions:/home/yahboom/intro_ws/install/examples_rclpy_executors:/home/yahboom/cartoros2/install/yahboomcar_nav:/home/yahboom/cartoros2/install/yahboomcar_ctrl:/home/yahboom/cartoros2/install/yahboom_visual:/home/yahboom/cartoros2/install/yahboom_dog_joint_state:/home/yahboom/cartoros2/install/yahboom_description:/home/yahboom/cartoros2/install/yahboom_color_identify_server:/home/yahboom/cartoros2/install/yahboom_bringup:/home/yahboom/cartoros2/install/yahboom_base:/home/yahboom/cartoros2/install/yahboom_app_save_map:/home/yahboom/cartoros2/install/update_map:/home/yahboom/cartoros2/install/rosboard:/home/yahboom/cartoros2/install/path_planner_server:/home/yahboom/cartoros2/install/nav2_simple_commander:/home/yahboom/cartoros2/install/nav2_gazebo_spawner:/home/yahboom/cartoros2/install/localization_server:/home/yahboom/cartoros2/install/laserscan_to_point_pulisher:/home/yahboom/yahboomcar_ws/install/yahboom_dog_example:/opt/ros/humble /usr/bin/cmake --install /home/yahboom/intro_ws/build/examples_rclcpp_multithreaded_executor
[3.011s] Level 1:colcon.colcon_core.environment:checking '/home/yahboom/intro_ws/install/examples_rclcpp_multithreaded_executor' for CMake config files
[3.012s] Level 1:colcon.colcon_core.shell:create_environment_hook('examples_rclcpp_multithreaded_executor', 'cmake_prefix_path')
[3.012s] INFO:colcon.colcon_core.shell:Creating environment hook '/home/yahboom/intro_ws/install/examples_rclcpp_multithreaded_executor/share/examples_rclcpp_multithreaded_executor/hook/cmake_prefix_path.ps1'
[3.013s] INFO:colcon.colcon_core.shell:Creating environment descriptor '/home/yahboom/intro_ws/install/examples_rclcpp_multithreaded_executor/share/examples_rclcpp_multithreaded_executor/hook/cmake_prefix_path.dsv'
[3.013s] INFO:colcon.colcon_core.shell:Creating environment hook '/home/yahboom/intro_ws/install/examples_rclcpp_multithreaded_executor/share/examples_rclcpp_multithreaded_executor/hook/cmake_prefix_path.sh'
[3.014s] Level 1:colcon.colcon_core.environment:checking '/home/yahboom/intro_ws/install/examples_rclcpp_multithreaded_executor/lib'
[3.014s] Level 1:colcon.colcon_core.environment:checking '/home/yahboom/intro_ws/install/examples_rclcpp_multithreaded_executor/bin'
[3.014s] Level 1:colcon.colcon_core.environment:checking '/home/yahboom/intro_ws/install/examples_rclcpp_multithreaded_executor/lib/pkgconfig/examples_rclcpp_multithreaded_executor.pc'
[3.014s] Level 1:colcon.colcon_core.environment:checking '/home/yahboom/intro_ws/install/examples_rclcpp_multithreaded_executor/lib/python3.10/site-packages'
[3.014s] Level 1:colcon.colcon_core.environment:checking '/home/yahboom/intro_ws/install/examples_rclcpp_multithreaded_executor/bin'
[3.015s] INFO:colcon.colcon_core.shell:Creating package script '/home/yahboom/intro_ws/install/examples_rclcpp_multithreaded_executor/share/examples_rclcpp_multithreaded_executor/package.ps1'
[3.015s] INFO:colcon.colcon_core.shell:Creating package descriptor '/home/yahboom/intro_ws/install/examples_rclcpp_multithreaded_executor/share/examples_rclcpp_multithreaded_executor/package.dsv'
[3.016s] INFO:colcon.colcon_core.shell:Creating package script '/home/yahboom/intro_ws/install/examples_rclcpp_multithreaded_executor/share/examples_rclcpp_multithreaded_executor/package.sh'
[3.016s] INFO:colcon.colcon_core.shell:Creating package script '/home/yahboom/intro_ws/install/examples_rclcpp_multithreaded_executor/share/examples_rclcpp_multithreaded_executor/package.bash'
[3.017s] INFO:colcon.colcon_core.shell:Creating package script '/home/yahboom/intro_ws/install/examples_rclcpp_multithreaded_executor/share/examples_rclcpp_multithreaded_executor/package.zsh'
[3.017s] Level 1:colcon.colcon_core.environment:create_file_with_runtime_dependencies(/home/yahboom/intro_ws/install/examples_rclcpp_multithreaded_executor/share/colcon-core/packages/examples_rclcpp_multithreaded_executor)
[3.019s] Level 1:colcon.colcon_core.environment:create_environment_scripts_only(examples_rclcpp_minimal_subscriber)
[3.019s] Level 1:colcon.colcon_core.environment:checking '/home/yahboom/intro_ws/install/examples_rclcpp_minimal_subscriber' for CMake module files
[3.020s] Level 1:colcon.colcon_core.environment:checking '/home/yahboom/intro_ws/install/examples_rclcpp_minimal_subscriber' for CMake config files
[3.020s] Level 1:colcon.colcon_core.shell:create_environment_hook('examples_rclcpp_minimal_subscriber', 'cmake_prefix_path')
[3.020s] INFO:colcon.colcon_core.shell:Creating environment hook '/home/yahboom/intro_ws/install/examples_rclcpp_minimal_subscriber/share/examples_rclcpp_minimal_subscriber/hook/cmake_prefix_path.ps1'
[3.021s] INFO:colcon.colcon_core.shell:Creating environment descriptor '/home/yahboom/intro_ws/install/examples_rclcpp_minimal_subscriber/share/examples_rclcpp_minimal_subscriber/hook/cmake_prefix_path.dsv'
[3.022s] INFO:colcon.colcon_core.shell:Creating environment hook '/home/yahboom/intro_ws/install/examples_rclcpp_minimal_subscriber/share/examples_rclcpp_minimal_subscriber/hook/cmake_prefix_path.sh'
[3.023s] Level 1:colcon.colcon_core.environment:checking '/home/yahboom/intro_ws/install/examples_rclcpp_minimal_subscriber/lib'
[3.023s] Level 1:colcon.colcon_core.shell:create_environment_hook('examples_rclcpp_minimal_subscriber', 'ld_library_path_lib')
[3.023s] INFO:colcon.colcon_core.shell:Creating environment hook '/home/yahboom/intro_ws/install/examples_rclcpp_minimal_subscriber/share/examples_rclcpp_minimal_subscriber/hook/ld_library_path_lib.ps1'
[3.023s] INFO:colcon.colcon_core.shell:Creating environment descriptor '/home/yahboom/intro_ws/install/examples_rclcpp_minimal_subscriber/share/examples_rclcpp_minimal_subscriber/hook/ld_library_path_lib.dsv'
[3.024s] INFO:colcon.colcon_core.shell:Creating environment hook '/home/yahboom/intro_ws/install/examples_rclcpp_minimal_subscriber/share/examples_rclcpp_minimal_subscriber/hook/ld_library_path_lib.sh'
[3.025s] Level 1:colcon.colcon_core.environment:checking '/home/yahboom/intro_ws/install/examples_rclcpp_minimal_subscriber/bin'
[3.025s] Level 1:colcon.colcon_core.environment:checking '/home/yahboom/intro_ws/install/examples_rclcpp_minimal_subscriber/lib/pkgconfig/examples_rclcpp_minimal_subscriber.pc'
[3.025s] Level 1:colcon.colcon_core.environment:checking '/home/yahboom/intro_ws/install/examples_rclcpp_minimal_subscriber/lib/python3.10/site-packages'
[3.025s] Level 1:colcon.colcon_core.environment:checking '/home/yahboom/intro_ws/install/examples_rclcpp_minimal_subscriber/bin'
[3.025s] INFO:colcon.colcon_core.shell:Creating package script '/home/yahboom/intro_ws/install/examples_rclcpp_minimal_subscriber/share/examples_rclcpp_minimal_subscriber/package.ps1'
[3.026s] INFO:colcon.colcon_core.shell:Creating package descriptor '/home/yahboom/intro_ws/install/examples_rclcpp_minimal_subscriber/share/examples_rclcpp_minimal_subscriber/package.dsv'
[3.027s] INFO:colcon.colcon_core.shell:Creating package script '/home/yahboom/intro_ws/install/examples_rclcpp_minimal_subscriber/share/examples_rclcpp_minimal_subscriber/package.sh'
[3.027s] INFO:colcon.colcon_core.shell:Creating package script '/home/yahboom/intro_ws/install/examples_rclcpp_minimal_subscriber/share/examples_rclcpp_minimal_subscriber/package.bash'
[3.028s] INFO:colcon.colcon_core.shell:Creating package script '/home/yahboom/intro_ws/install/examples_rclcpp_minimal_subscriber/share/examples_rclcpp_minimal_subscriber/package.zsh'
[3.029s] Level 1:colcon.colcon_core.environment:create_file_with_runtime_dependencies(/home/yahboom/intro_ws/install/examples_rclcpp_minimal_subscriber/share/colcon-core/packages/examples_rclcpp_minimal_subscriber)
[3.031s] INFO:colcon.colcon_ros.task.ament_python.build:Building ROS package in '/home/yahboom/intro_ws/src/examples/rclpy/guard_conditions' with build type 'ament_python'
[3.031s] Level 1:colcon.colcon_core.shell:create_environment_hook('examples_rclpy_guard_conditions', 'ament_prefix_path')
[3.032s] INFO:colcon.colcon_core.shell:Creating environment hook '/home/yahboom/intro_ws/install/examples_rclpy_guard_conditions/share/examples_rclpy_guard_conditions/hook/ament_prefix_path.ps1'
[3.032s] INFO:colcon.colcon_core.shell:Creating environment descriptor '/home/yahboom/intro_ws/install/examples_rclpy_guard_conditions/share/examples_rclpy_guard_conditions/hook/ament_prefix_path.dsv'
[3.033s] INFO:colcon.colcon_core.shell:Creating environment hook '/home/yahboom/intro_ws/install/examples_rclpy_guard_conditions/share/examples_rclpy_guard_conditions/hook/ament_prefix_path.sh'
[3.034s] INFO:colcon.colcon_core.shell:Skip shell extension 'powershell' for command environment: Not usable outside of PowerShell
[3.034s] DEBUG:colcon.colcon_core.shell:Skip shell extension 'dsv' for command environment
[3.035s] DEBUG:colcon.colcon_core.event_handler.log_command:Invoked command in '/home/yahboom/intro_ws/build/examples_rclcpp_wait_set' returned '0': CMAKE_PREFIX_PATH=${CMAKE_PREFIX_PATH}:/home/yahboom/intro_ws/install/turtle_test:/home/yahboom/intro_ws/install/time_tf2_py:/home/yahboom/intro_ws/install/test_tf2_py:/home/yahboom/intro_ws/install/python_parameters:/home/yahboom/intro_ws/install/launch_testing_examples:/home/yahboom/intro_ws/install/examples_rclpy_pointcloud_publisher:/home/yahboom/intro_ws/install/examples_rclpy_minimal_subscriber:/home/yahboom/intro_ws/install/examples_rclpy_minimal_service:/home/yahboom/intro_ws/install/examples_rclpy_minimal_publisher:/home/yahboom/intro_ws/install/examples_rclpy_minimal_client:/home/yahboom/intro_ws/install/examples_rclpy_minimal_action_server:/home/yahboom/intro_ws/install/examples_rclpy_minimal_action_client:/home/yahboom/intro_ws/install/examples_rclpy_guard_conditions:/home/yahboom/intro_ws/install/examples_rclpy_executors:/home/yahboom/cartoros2/install/yahboomcar_nav:/home/yahboom/cartoros2/install/yahboomcar_ctrl:/home/yahboom/cartoros2/install/yahboom_visual:/home/yahboom/cartoros2/install/yahboom_dog_joint_state:/home/yahboom/cartoros2/install/yahboom_description:/home/yahboom/cartoros2/install/yahboom_color_identify_server:/home/yahboom/cartoros2/install/yahboom_bringup:/home/yahboom/cartoros2/install/yahboom_base:/home/yahboom/cartoros2/install/yahboom_app_save_map:/home/yahboom/cartoros2/install/update_map:/home/yahboom/cartoros2/install/rosboard:/home/yahboom/cartoros2/install/path_planner_server:/home/yahboom/cartoros2/install/nav2_simple_commander:/home/yahboom/cartoros2/install/nav2_gazebo_spawner:/home/yahboom/cartoros2/install/localization_server:/home/yahboom/cartoros2/install/laserscan_to_point_pulisher:/home/yahboom/yahboomcar_ws/install/yahboom_dog_example:/opt/ros/humble /usr/bin/cmake --build /home/yahboom/intro_ws/build/examples_rclcpp_wait_set -- -j4 -l4
[3.325s] INFO:colcon.colcon_core.task.python.build:Building Python package in '/home/yahboom/intro_ws/src/examples/rclpy/guard_conditions'
[3.326s] INFO:colcon.colcon_core.shell:Skip shell extension 'powershell' for command environment: Not usable outside of PowerShell
[3.326s] DEBUG:colcon.colcon_core.shell:Skip shell extension 'dsv' for command environment
[3.340s] DEBUG:colcon.colcon_core.event_handler.log_command:Invoking command in '/home/yahboom/intro_ws/build/examples_rclcpp_wait_set': CMAKE_PREFIX_PATH=${CMAKE_PREFIX_PATH}:/home/yahboom/intro_ws/install/turtle_test:/home/yahboom/intro_ws/install/time_tf2_py:/home/yahboom/intro_ws/install/test_tf2_py:/home/yahboom/intro_ws/install/python_parameters:/home/yahboom/intro_ws/install/launch_testing_examples:/home/yahboom/intro_ws/install/examples_rclpy_pointcloud_publisher:/home/yahboom/intro_ws/install/examples_rclpy_minimal_subscriber:/home/yahboom/intro_ws/install/examples_rclpy_minimal_service:/home/yahboom/intro_ws/install/examples_rclpy_minimal_publisher:/home/yahboom/intro_ws/install/examples_rclpy_minimal_client:/home/yahboom/intro_ws/install/examples_rclpy_minimal_action_server:/home/yahboom/intro_ws/install/examples_rclpy_minimal_action_client:/home/yahboom/intro_ws/install/examples_rclpy_guard_conditions:/home/yahboom/intro_ws/install/examples_rclpy_executors:/home/yahboom/cartoros2/install/yahboomcar_nav:/home/yahboom/cartoros2/install/yahboomcar_ctrl:/home/yahboom/cartoros2/install/yahboom_visual:/home/yahboom/cartoros2/install/yahboom_dog_joint_state:/home/yahboom/cartoros2/install/yahboom_description:/home/yahboom/cartoros2/install/yahboom_color_identify_server:/home/yahboom/cartoros2/install/yahboom_bringup:/home/yahboom/cartoros2/install/yahboom_base:/home/yahboom/cartoros2/install/yahboom_app_save_map:/home/yahboom/cartoros2/install/update_map:/home/yahboom/cartoros2/install/rosboard:/home/yahboom/cartoros2/install/path_planner_server:/home/yahboom/cartoros2/install/nav2_simple_commander:/home/yahboom/cartoros2/install/nav2_gazebo_spawner:/home/yahboom/cartoros2/install/localization_server:/home/yahboom/cartoros2/install/laserscan_to_point_pulisher:/home/yahboom/yahboomcar_ws/install/yahboom_dog_example:/opt/ros/humble /usr/bin/cmake --install /home/yahboom/intro_ws/build/examples_rclcpp_wait_set
[3.340s] Level 1:colcon.colcon_core.environment:create_environment_scripts_only(examples_rclcpp_multithreaded_executor)
[3.340s] Level 1:colcon.colcon_core.environment:checking '/home/yahboom/intro_ws/install/examples_rclcpp_multithreaded_executor' for CMake module files
[3.341s] Level 1:colcon.colcon_core.environment:checking '/home/yahboom/intro_ws/install/examples_rclcpp_multithreaded_executor' for CMake config files
[3.341s] Level 1:colcon.colcon_core.shell:create_environment_hook('examples_rclcpp_multithreaded_executor', 'cmake_prefix_path')
[3.341s] INFO:colcon.colcon_core.shell:Creating environment hook '/home/yahboom/intro_ws/install/examples_rclcpp_multithreaded_executor/share/examples_rclcpp_multithreaded_executor/hook/cmake_prefix_path.ps1'
[3.342s] INFO:colcon.colcon_core.shell:Creating environment descriptor '/home/yahboom/intro_ws/install/examples_rclcpp_multithreaded_executor/share/examples_rclcpp_multithreaded_executor/hook/cmake_prefix_path.dsv'
[3.342s] INFO:colcon.colcon_core.shell:Creating environment hook '/home/yahboom/intro_ws/install/examples_rclcpp_multithreaded_executor/share/examples_rclcpp_multithreaded_executor/hook/cmake_prefix_path.sh'
[3.343s] Level 1:colcon.colcon_core.environment:checking '/home/yahboom/intro_ws/install/examples_rclcpp_multithreaded_executor/lib'
[3.343s] Level 1:colcon.colcon_core.environment:checking '/home/yahboom/intro_ws/install/examples_rclcpp_multithreaded_executor/bin'
[3.343s] Level 1:colcon.colcon_core.environment:checking '/home/yahboom/intro_ws/install/examples_rclcpp_multithreaded_executor/lib/pkgconfig/examples_rclcpp_multithreaded_executor.pc'
[3.343s] Level 1:colcon.colcon_core.environment:checking '/home/yahboom/intro_ws/install/examples_rclcpp_multithreaded_executor/lib/python3.10/site-packages'
[3.343s] Level 1:colcon.colcon_core.environment:checking '/home/yahboom/intro_ws/install/examples_rclcpp_multithreaded_executor/bin'
[3.343s] INFO:colcon.colcon_core.shell:Creating package script '/home/yahboom/intro_ws/install/examples_rclcpp_multithreaded_executor/share/examples_rclcpp_multithreaded_executor/package.ps1'
[3.345s] INFO:colcon.colcon_core.shell:Creating package descriptor '/home/yahboom/intro_ws/install/examples_rclcpp_multithreaded_executor/share/examples_rclcpp_multithreaded_executor/package.dsv'
[3.345s] INFO:colcon.colcon_core.shell:Creating package script '/home/yahboom/intro_ws/install/examples_rclcpp_multithreaded_executor/share/examples_rclcpp_multithreaded_executor/package.sh'
[3.346s] INFO:colcon.colcon_core.shell:Creating package script '/home/yahboom/intro_ws/install/examples_rclcpp_multithreaded_executor/share/examples_rclcpp_multithreaded_executor/package.bash'
[3.347s] INFO:colcon.colcon_core.shell:Creating package script '/home/yahboom/intro_ws/install/examples_rclcpp_multithreaded_executor/share/examples_rclcpp_multithreaded_executor/package.zsh'
[3.347s] Level 1:colcon.colcon_core.environment:create_file_with_runtime_dependencies(/home/yahboom/intro_ws/install/examples_rclcpp_multithreaded_executor/share/colcon-core/packages/examples_rclcpp_multithreaded_executor)
[3.349s] INFO:colcon.colcon_ros.task.ament_python.build:Building ROS package in '/home/yahboom/intro_ws/src/examples/rclpy/actions/minimal_action_client' with build type 'ament_python'
[3.349s] Level 1:colcon.colcon_core.shell:create_environment_hook('examples_rclpy_minimal_action_client', 'ament_prefix_path')
[3.349s] INFO:colcon.colcon_core.shell:Creating environment hook '/home/yahboom/intro_ws/install/examples_rclpy_minimal_action_client/share/examples_rclpy_minimal_action_client/hook/ament_prefix_path.ps1'
[3.351s] INFO:colcon.colcon_core.shell:Creating environment descriptor '/home/yahboom/intro_ws/install/examples_rclpy_minimal_action_client/share/examples_rclpy_minimal_action_client/hook/ament_prefix_path.dsv'
[3.352s] INFO:colcon.colcon_core.shell:Creating environment hook '/home/yahboom/intro_ws/install/examples_rclpy_minimal_action_client/share/examples_rclpy_minimal_action_client/hook/ament_prefix_path.sh'
[3.353s] INFO:colcon.colcon_core.shell:Skip shell extension 'powershell' for command environment: Not usable outside of PowerShell
[3.353s] DEBUG:colcon.colcon_core.shell:Skip shell extension 'dsv' for command environment
[3.649s] INFO:colcon.colcon_core.task.python.build:Building Python package in '/home/yahboom/intro_ws/src/examples/rclpy/actions/minimal_action_client'
[3.649s] INFO:colcon.colcon_core.shell:Skip shell extension 'powershell' for command environment: Not usable outside of PowerShell
[3.649s] DEBUG:colcon.colcon_core.shell:Skip shell extension 'dsv' for command environment
[3.662s] DEBUG:colcon.colcon_core.event_handler.log_command:Invoking command in '/home/yahboom/intro_ws/build/examples_rclpy_executors': PYTHONPATH=/home/yahboom/intro_ws/build/examples_rclpy_executors/prefix_override:/home/yahboom/intro_ws/install/examples_rclpy_executors/lib/python3.10/site-packages:${PYTHONPATH} /usr/bin/python3 -W ignore:setup.py install is deprecated setup.py develop --editable --build-directory /home/yahboom/intro_ws/build/examples_rclpy_executors/build --no-deps symlink_data
[3.662s] Level 1:colcon.colcon_core.environment:create_environment_scripts_only(examples_rclcpp_wait_set)
[3.663s] Level 1:colcon.colcon_core.environment:checking '/home/yahboom/intro_ws/install/examples_rclcpp_wait_set' for CMake module files
[3.663s] Level 1:colcon.colcon_core.environment:checking '/home/yahboom/intro_ws/install/examples_rclcpp_wait_set' for CMake config files
[3.663s] Level 1:colcon.colcon_core.shell:create_environment_hook('examples_rclcpp_wait_set', 'cmake_prefix_path')
[3.664s] INFO:colcon.colcon_core.shell:Creating environment hook '/home/yahboom/intro_ws/install/examples_rclcpp_wait_set/share/examples_rclcpp_wait_set/hook/cmake_prefix_path.ps1'
[3.664s] DEBUG:colcon.colcon_core.event_handler.log_command:Invoked command in '/home/yahboom/intro_ws/build/examples_rclcpp_wait_set' returned '0': CMAKE_PREFIX_PATH=${CMAKE_PREFIX_PATH}:/home/yahboom/intro_ws/install/turtle_test:/home/yahboom/intro_ws/install/time_tf2_py:/home/yahboom/intro_ws/install/test_tf2_py:/home/yahboom/intro_ws/install/python_parameters:/home/yahboom/intro_ws/install/launch_testing_examples:/home/yahboom/intro_ws/install/examples_rclpy_pointcloud_publisher:/home/yahboom/intro_ws/install/examples_rclpy_minimal_subscriber:/home/yahboom/intro_ws/install/examples_rclpy_minimal_service:/home/yahboom/intro_ws/install/examples_rclpy_minimal_publisher:/home/yahboom/intro_ws/install/examples_rclpy_minimal_client:/home/yahboom/intro_ws/install/examples_rclpy_minimal_action_server:/home/yahboom/intro_ws/install/examples_rclpy_minimal_action_client:/home/yahboom/intro_ws/install/examples_rclpy_guard_conditions:/home/yahboom/intro_ws/install/examples_rclpy_executors:/home/yahboom/cartoros2/install/yahboomcar_nav:/home/yahboom/cartoros2/install/yahboomcar_ctrl:/home/yahboom/cartoros2/install/yahboom_visual:/home/yahboom/cartoros2/install/yahboom_dog_joint_state:/home/yahboom/cartoros2/install/yahboom_description:/home/yahboom/cartoros2/install/yahboom_color_identify_server:/home/yahboom/cartoros2/install/yahboom_bringup:/home/yahboom/cartoros2/install/yahboom_base:/home/yahboom/cartoros2/install/yahboom_app_save_map:/home/yahboom/cartoros2/install/update_map:/home/yahboom/cartoros2/install/rosboard:/home/yahboom/cartoros2/install/path_planner_server:/home/yahboom/cartoros2/install/nav2_simple_commander:/home/yahboom/cartoros2/install/nav2_gazebo_spawner:/home/yahboom/cartoros2/install/localization_server:/home/yahboom/cartoros2/install/laserscan_to_point_pulisher:/home/yahboom/yahboomcar_ws/install/yahboom_dog_example:/opt/ros/humble /usr/bin/cmake --install /home/yahboom/intro_ws/build/examples_rclcpp_wait_set
[3.665s] INFO:colcon.colcon_core.shell:Creating environment descriptor '/home/yahboom/intro_ws/install/examples_rclcpp_wait_set/share/examples_rclcpp_wait_set/hook/cmake_prefix_path.dsv'
[3.666s] INFO:colcon.colcon_core.shell:Creating environment hook '/home/yahboom/intro_ws/install/examples_rclcpp_wait_set/share/examples_rclcpp_wait_set/hook/cmake_prefix_path.sh'
[3.667s] Level 1:colcon.colcon_core.environment:checking '/home/yahboom/intro_ws/install/examples_rclcpp_wait_set/lib'
[3.667s] Level 1:colcon.colcon_core.shell:create_environment_hook('examples_rclcpp_wait_set', 'ld_library_path_lib')
[3.667s] INFO:colcon.colcon_core.shell:Creating environment hook '/home/yahboom/intro_ws/install/examples_rclcpp_wait_set/share/examples_rclcpp_wait_set/hook/ld_library_path_lib.ps1'
[3.668s] INFO:colcon.colcon_core.shell:Creating environment descriptor '/home/yahboom/intro_ws/install/examples_rclcpp_wait_set/share/examples_rclcpp_wait_set/hook/ld_library_path_lib.dsv'
[3.668s] INFO:colcon.colcon_core.shell:Creating environment hook '/home/yahboom/intro_ws/install/examples_rclcpp_wait_set/share/examples_rclcpp_wait_set/hook/ld_library_path_lib.sh'
[3.669s] Level 1:colcon.colcon_core.environment:checking '/home/yahboom/intro_ws/install/examples_rclcpp_wait_set/bin'
[3.669s] Level 1:colcon.colcon_core.environment:checking '/home/yahboom/intro_ws/install/examples_rclcpp_wait_set/lib/pkgconfig/examples_rclcpp_wait_set.pc'
[3.669s] Level 1:colcon.colcon_core.environment:checking '/home/yahboom/intro_ws/install/examples_rclcpp_wait_set/lib/python3.10/site-packages'
[3.669s] Level 1:colcon.colcon_core.environment:checking '/home/yahboom/intro_ws/install/examples_rclcpp_wait_set/bin'
[3.670s] INFO:colcon.colcon_core.shell:Creating package script '/home/yahboom/intro_ws/install/examples_rclcpp_wait_set/share/examples_rclcpp_wait_set/package.ps1'
[3.671s] INFO:colcon.colcon_core.shell:Creating package descriptor '/home/yahboom/intro_ws/install/examples_rclcpp_wait_set/share/examples_rclcpp_wait_set/package.dsv'
[3.671s] INFO:colcon.colcon_core.shell:Creating package script '/home/yahboom/intro_ws/install/examples_rclcpp_wait_set/share/examples_rclcpp_wait_set/package.sh'
[3.672s] INFO:colcon.colcon_core.shell:Creating package script '/home/yahboom/intro_ws/install/examples_rclcpp_wait_set/share/examples_rclcpp_wait_set/package.bash'
[3.672s] INFO:colcon.colcon_core.shell:Creating package script '/home/yahboom/intro_ws/install/examples_rclcpp_wait_set/share/examples_rclcpp_wait_set/package.zsh'
[3.673s] Level 1:colcon.colcon_core.environment:create_file_with_runtime_dependencies(/home/yahboom/intro_ws/install/examples_rclcpp_wait_set/share/colcon-core/packages/examples_rclcpp_wait_set)
[3.730s] DEBUG:colcon.colcon_core.event_handler.log_command:Invoking command in '/home/yahboom/intro_ws/build/examples_rclpy_guard_conditions': PYTHONPATH=/home/yahboom/intro_ws/build/examples_rclpy_guard_conditions/prefix_override:/home/yahboom/intro_ws/install/examples_rclpy_guard_conditions/lib/python3.10/site-packages:${PYTHONPATH} /usr/bin/python3 -W ignore:setup.py install is deprecated setup.py develop --editable --build-directory /home/yahboom/intro_ws/build/examples_rclpy_guard_conditions/build --no-deps symlink_data
[3.901s] Level 1:colcon.colcon_core.environment:create_environment_scripts_only(examples_rclcpp_wait_set)
[3.902s] Level 1:colcon.colcon_core.environment:checking '/home/yahboom/intro_ws/install/examples_rclcpp_wait_set' for CMake module files
[3.902s] Level 1:colcon.colcon_core.environment:checking '/home/yahboom/intro_ws/install/examples_rclcpp_wait_set' for CMake config files
[3.902s] Level 1:colcon.colcon_core.shell:create_environment_hook('examples_rclcpp_wait_set', 'cmake_prefix_path')
[3.903s] INFO:colcon.colcon_core.shell:Creating environment hook '/home/yahboom/intro_ws/install/examples_rclcpp_wait_set/share/examples_rclcpp_wait_set/hook/cmake_prefix_path.ps1'
[3.904s] INFO:colcon.colcon_core.shell:Creating environment descriptor '/home/yahboom/intro_ws/install/examples_rclcpp_wait_set/share/examples_rclcpp_wait_set/hook/cmake_prefix_path.dsv'
[3.904s] INFO:colcon.colcon_core.shell:Creating environment hook '/home/yahboom/intro_ws/install/examples_rclcpp_wait_set/share/examples_rclcpp_wait_set/hook/cmake_prefix_path.sh'
[3.905s] Level 1:colcon.colcon_core.environment:checking '/home/yahboom/intro_ws/install/examples_rclcpp_wait_set/lib'
[3.905s] Level 1:colcon.colcon_core.shell:create_environment_hook('examples_rclcpp_wait_set', 'ld_library_path_lib')
[3.905s] INFO:colcon.colcon_core.shell:Creating environment hook '/home/yahboom/intro_ws/install/examples_rclcpp_wait_set/share/examples_rclcpp_wait_set/hook/ld_library_path_lib.ps1'
[3.906s] INFO:colcon.colcon_core.shell:Creating environment descriptor '/home/yahboom/intro_ws/install/examples_rclcpp_wait_set/share/examples_rclcpp_wait_set/hook/ld_library_path_lib.dsv'
[3.906s] INFO:colcon.colcon_core.shell:Creating environment hook '/home/yahboom/intro_ws/install/examples_rclcpp_wait_set/share/examples_rclcpp_wait_set/hook/ld_library_path_lib.sh'
[3.907s] Level 1:colcon.colcon_core.environment:checking '/home/yahboom/intro_ws/install/examples_rclcpp_wait_set/bin'
[3.907s] Level 1:colcon.colcon_core.environment:checking '/home/yahboom/intro_ws/install/examples_rclcpp_wait_set/lib/pkgconfig/examples_rclcpp_wait_set.pc'
[3.908s] Level 1:colcon.colcon_core.environment:checking '/home/yahboom/intro_ws/install/examples_rclcpp_wait_set/lib/python3.10/site-packages'
[3.908s] Level 1:colcon.colcon_core.environment:checking '/home/yahboom/intro_ws/install/examples_rclcpp_wait_set/bin'
[3.908s] INFO:colcon.colcon_core.shell:Creating package script '/home/yahboom/intro_ws/install/examples_rclcpp_wait_set/share/examples_rclcpp_wait_set/package.ps1'
[3.909s] INFO:colcon.colcon_core.shell:Creating package descriptor '/home/yahboom/intro_ws/install/examples_rclcpp_wait_set/share/examples_rclcpp_wait_set/package.dsv'
[3.910s] INFO:colcon.colcon_core.shell:Creating package script '/home/yahboom/intro_ws/install/examples_rclcpp_wait_set/share/examples_rclcpp_wait_set/package.sh'
[3.911s] INFO:colcon.colcon_core.shell:Creating package script '/home/yahboom/intro_ws/install/examples_rclcpp_wait_set/share/examples_rclcpp_wait_set/package.bash'
[3.911s] INFO:colcon.colcon_core.shell:Creating package script '/home/yahboom/intro_ws/install/examples_rclcpp_wait_set/share/examples_rclcpp_wait_set/package.zsh'
[3.912s] Level 1:colcon.colcon_core.environment:create_file_with_runtime_dependencies(/home/yahboom/intro_ws/install/examples_rclcpp_wait_set/share/colcon-core/packages/examples_rclcpp_wait_set)
[3.913s] INFO:colcon.colcon_ros.task.ament_python.build:Building ROS package in '/home/yahboom/intro_ws/src/examples/rclpy/actions/minimal_action_server' with build type 'ament_python'
[3.914s] Level 1:colcon.colcon_core.shell:create_environment_hook('examples_rclpy_minimal_action_server', 'ament_prefix_path')
[3.914s] INFO:colcon.colcon_core.shell:Creating environment hook '/home/yahboom/intro_ws/install/examples_rclpy_minimal_action_server/share/examples_rclpy_minimal_action_server/hook/ament_prefix_path.ps1'
[3.914s] INFO:colcon.colcon_core.shell:Creating environment descriptor '/home/yahboom/intro_ws/install/examples_rclpy_minimal_action_server/share/examples_rclpy_minimal_action_server/hook/ament_prefix_path.dsv'
[3.915s] INFO:colcon.colcon_core.shell:Creating environment hook '/home/yahboom/intro_ws/install/examples_rclpy_minimal_action_server/share/examples_rclpy_minimal_action_server/hook/ament_prefix_path.sh'
[3.916s] INFO:colcon.colcon_core.shell:Skip shell extension 'powershell' for command environment: Not usable outside of PowerShell
[3.916s] DEBUG:colcon.colcon_core.shell:Skip shell extension 'dsv' for command environment
[4.232s] INFO:colcon.colcon_core.task.python.build:Building Python package in '/home/yahboom/intro_ws/src/examples/rclpy/actions/minimal_action_server'
[4.233s] INFO:colcon.colcon_core.shell:Skip shell extension 'powershell' for command environment: Not usable outside of PowerShell
[4.233s] DEBUG:colcon.colcon_core.shell:Skip shell extension 'dsv' for command environment
[4.245s] Level 1:colcon.colcon_core.shell:create_environment_hook('examples_rclpy_executors', 'pythonpath_develop')
[4.246s] INFO:colcon.colcon_core.shell:Creating environment hook '/home/yahboom/intro_ws/build/examples_rclpy_executors/share/examples_rclpy_executors/hook/pythonpath_develop.ps1'
[4.247s] INFO:colcon.colcon_core.shell:Creating environment descriptor '/home/yahboom/intro_ws/build/examples_rclpy_executors/share/examples_rclpy_executors/hook/pythonpath_develop.dsv'
[4.248s] DEBUG:colcon.colcon_core.event_handler.log_command:Invoking command in '/home/yahboom/intro_ws/build/examples_rclpy_minimal_action_client': PYTHONPATH=/home/yahboom/intro_ws/build/examples_rclpy_minimal_action_client/prefix_override:/home/yahboom/intro_ws/install/examples_rclpy_minimal_action_client/lib/python3.10/site-packages:${PYTHONPATH} /usr/bin/python3 -W ignore:setup.py install is deprecated setup.py develop --editable --build-directory /home/yahboom/intro_ws/build/examples_rclpy_minimal_action_client/build --no-deps symlink_data
[4.248s] INFO:colcon.colcon_core.shell:Creating environment hook '/home/yahboom/intro_ws/build/examples_rclpy_executors/share/examples_rclpy_executors/hook/pythonpath_develop.sh'
[4.249s] DEBUG:colcon.colcon_core.event_handler.log_command:Invoked command in '/home/yahboom/intro_ws/build/examples_rclpy_executors' returned '0': PYTHONPATH=/home/yahboom/intro_ws/build/examples_rclpy_executors/prefix_override:/home/yahboom/intro_ws/install/examples_rclpy_executors/lib/python3.10/site-packages:${PYTHONPATH} /usr/bin/python3 -W ignore:setup.py install is deprecated setup.py develop --editable --build-directory /home/yahboom/intro_ws/build/examples_rclpy_executors/build --no-deps symlink_data
[4.250s] Level 1:colcon.colcon_core.environment:checking '/home/yahboom/intro_ws/install/examples_rclpy_executors' for CMake module files
[4.251s] Level 1:colcon.colcon_core.environment:checking '/home/yahboom/intro_ws/install/examples_rclpy_executors' for CMake config files
[4.251s] Level 1:colcon.colcon_core.environment:checking '/home/yahboom/intro_ws/install/examples_rclpy_executors/lib'
[4.251s] Level 1:colcon.colcon_core.environment:checking '/home/yahboom/intro_ws/install/examples_rclpy_executors/bin'
[4.251s] Level 1:colcon.colcon_core.environment:checking '/home/yahboom/intro_ws/install/examples_rclpy_executors/lib/pkgconfig/examples_rclpy_executors.pc'
[4.251s] Level 1:colcon.colcon_core.environment:checking '/home/yahboom/intro_ws/install/examples_rclpy_executors/lib/python3.10/site-packages'
[4.251s] Level 1:colcon.colcon_core.shell:create_environment_hook('examples_rclpy_executors', 'pythonpath')
[4.251s] INFO:colcon.colcon_core.shell:Creating environment hook '/home/yahboom/intro_ws/install/examples_rclpy_executors/share/examples_rclpy_executors/hook/pythonpath.ps1'
[4.252s] INFO:colcon.colcon_core.shell:Creating environment descriptor '/home/yahboom/intro_ws/install/examples_rclpy_executors/share/examples_rclpy_executors/hook/pythonpath.dsv'
[4.253s] INFO:colcon.colcon_core.shell:Creating environment hook '/home/yahboom/intro_ws/install/examples_rclpy_executors/share/examples_rclpy_executors/hook/pythonpath.sh'
[4.253s] Level 1:colcon.colcon_core.environment:checking '/home/yahboom/intro_ws/install/examples_rclpy_executors/bin'
[4.253s] Level 1:colcon.colcon_core.environment:create_environment_scripts_only(examples_rclpy_executors)
[4.254s] INFO:colcon.colcon_core.shell:Creating package script '/home/yahboom/intro_ws/install/examples_rclpy_executors/share/examples_rclpy_executors/package.ps1'
[4.254s] INFO:colcon.colcon_core.shell:Creating package descriptor '/home/yahboom/intro_ws/install/examples_rclpy_executors/share/examples_rclpy_executors/package.dsv'
[4.255s] INFO:colcon.colcon_core.shell:Creating package script '/home/yahboom/intro_ws/install/examples_rclpy_executors/share/examples_rclpy_executors/package.sh'
[4.255s] INFO:colcon.colcon_core.shell:Creating package script '/home/yahboom/intro_ws/install/examples_rclpy_executors/share/examples_rclpy_executors/package.bash'
[4.256s] INFO:colcon.colcon_core.shell:Creating package script '/home/yahboom/intro_ws/install/examples_rclpy_executors/share/examples_rclpy_executors/package.zsh'
[4.257s] Level 1:colcon.colcon_core.environment:create_file_with_runtime_dependencies(/home/yahboom/intro_ws/install/examples_rclpy_executors/share/colcon-core/packages/examples_rclpy_executors)
[4.258s] INFO:colcon.colcon_ros.task.ament_python.build:Building ROS package in '/home/yahboom/intro_ws/src/examples/rclpy/services/minimal_client' with build type 'ament_python'
[4.258s] Level 1:colcon.colcon_core.shell:create_environment_hook('examples_rclpy_minimal_client', 'ament_prefix_path')
[4.258s] INFO:colcon.colcon_core.shell:Creating environment hook '/home/yahboom/intro_ws/install/examples_rclpy_minimal_client/share/examples_rclpy_minimal_client/hook/ament_prefix_path.ps1'
[4.260s] INFO:colcon.colcon_core.shell:Creating environment descriptor '/home/yahboom/intro_ws/install/examples_rclpy_minimal_client/share/examples_rclpy_minimal_client/hook/ament_prefix_path.dsv'
[4.260s] INFO:colcon.colcon_core.shell:Creating environment hook '/home/yahboom/intro_ws/install/examples_rclpy_minimal_client/share/examples_rclpy_minimal_client/hook/ament_prefix_path.sh'
[4.261s] INFO:colcon.colcon_core.shell:Skip shell extension 'powershell' for command environment: Not usable outside of PowerShell
[4.261s] DEBUG:colcon.colcon_core.shell:Skip shell extension 'dsv' for command environment
[4.275s] Level 1:colcon.colcon_core.shell:create_environment_hook('examples_rclpy_guard_conditions', 'pythonpath_develop')
[4.276s] INFO:colcon.colcon_core.shell:Creating environment hook '/home/yahboom/intro_ws/build/examples_rclpy_guard_conditions/share/examples_rclpy_guard_conditions/hook/pythonpath_develop.ps1'
[4.277s] INFO:colcon.colcon_core.shell:Creating environment descriptor '/home/yahboom/intro_ws/build/examples_rclpy_guard_conditions/share/examples_rclpy_guard_conditions/hook/pythonpath_develop.dsv'
[4.277s] DEBUG:colcon.colcon_core.event_handler.log_command:Invoked command in '/home/yahboom/intro_ws/build/examples_rclpy_guard_conditions' returned '0': PYTHONPATH=/home/yahboom/intro_ws/build/examples_rclpy_guard_conditions/prefix_override:/home/yahboom/intro_ws/install/examples_rclpy_guard_conditions/lib/python3.10/site-packages:${PYTHONPATH} /usr/bin/python3 -W ignore:setup.py install is deprecated setup.py develop --editable --build-directory /home/yahboom/intro_ws/build/examples_rclpy_guard_conditions/build --no-deps symlink_data
[4.277s] INFO:colcon.colcon_core.shell:Creating environment hook '/home/yahboom/intro_ws/build/examples_rclpy_guard_conditions/share/examples_rclpy_guard_conditions/hook/pythonpath_develop.sh'
[4.278s] Level 1:colcon.colcon_core.environment:checking '/home/yahboom/intro_ws/install/examples_rclpy_guard_conditions' for CMake module files
[4.279s] Level 1:colcon.colcon_core.environment:checking '/home/yahboom/intro_ws/install/examples_rclpy_guard_conditions' for CMake config files
[4.279s] Level 1:colcon.colcon_core.environment:checking '/home/yahboom/intro_ws/install/examples_rclpy_guard_conditions/lib'
[4.279s] Level 1:colcon.colcon_core.environment:checking '/home/yahboom/intro_ws/install/examples_rclpy_guard_conditions/bin'
[4.279s] Level 1:colcon.colcon_core.environment:checking '/home/yahboom/intro_ws/install/examples_rclpy_guard_conditions/lib/pkgconfig/examples_rclpy_guard_conditions.pc'
[4.279s] Level 1:colcon.colcon_core.environment:checking '/home/yahboom/intro_ws/install/examples_rclpy_guard_conditions/lib/python3.10/site-packages'
[4.279s] Level 1:colcon.colcon_core.shell:create_environment_hook('examples_rclpy_guard_conditions', 'pythonpath')
[4.279s] INFO:colcon.colcon_core.shell:Creating environment hook '/home/yahboom/intro_ws/install/examples_rclpy_guard_conditions/share/examples_rclpy_guard_conditions/hook/pythonpath.ps1'
[4.280s] INFO:colcon.colcon_core.shell:Creating environment descriptor '/home/yahboom/intro_ws/install/examples_rclpy_guard_conditions/share/examples_rclpy_guard_conditions/hook/pythonpath.dsv'
[4.281s] INFO:colcon.colcon_core.shell:Creating environment hook '/home/yahboom/intro_ws/install/examples_rclpy_guard_conditions/share/examples_rclpy_guard_conditions/hook/pythonpath.sh'
[4.282s] Level 1:colcon.colcon_core.environment:checking '/home/yahboom/intro_ws/install/examples_rclpy_guard_conditions/bin'
[4.282s] Level 1:colcon.colcon_core.environment:create_environment_scripts_only(examples_rclpy_guard_conditions)
[4.282s] INFO:colcon.colcon_core.shell:Creating package script '/home/yahboom/intro_ws/install/examples_rclpy_guard_conditions/share/examples_rclpy_guard_conditions/package.ps1'
[4.283s] INFO:colcon.colcon_core.shell:Creating package descriptor '/home/yahboom/intro_ws/install/examples_rclpy_guard_conditions/share/examples_rclpy_guard_conditions/package.dsv'
[4.283s] INFO:colcon.colcon_core.shell:Creating package script '/home/yahboom/intro_ws/install/examples_rclpy_guard_conditions/share/examples_rclpy_guard_conditions/package.sh'
[4.284s] INFO:colcon.colcon_core.shell:Creating package script '/home/yahboom/intro_ws/install/examples_rclpy_guard_conditions/share/examples_rclpy_guard_conditions/package.bash'
[4.285s] INFO:colcon.colcon_core.shell:Creating package script '/home/yahboom/intro_ws/install/examples_rclpy_guard_conditions/share/examples_rclpy_guard_conditions/package.zsh'
[4.285s] Level 1:colcon.colcon_core.environment:create_file_with_runtime_dependencies(/home/yahboom/intro_ws/install/examples_rclpy_guard_conditions/share/colcon-core/packages/examples_rclpy_guard_conditions)
[4.286s] INFO:colcon.colcon_ros.task.ament_python.build:Building ROS package in '/home/yahboom/intro_ws/src/examples/rclpy/topics/minimal_publisher' with build type 'ament_python'
[4.287s] Level 1:colcon.colcon_core.shell:create_environment_hook('examples_rclpy_minimal_publisher', 'ament_prefix_path')
[4.287s] INFO:colcon.colcon_core.shell:Creating environment hook '/home/yahboom/intro_ws/install/examples_rclpy_minimal_publisher/share/examples_rclpy_minimal_publisher/hook/ament_prefix_path.ps1'
[4.288s] INFO:colcon.colcon_core.shell:Creating environment descriptor '/home/yahboom/intro_ws/install/examples_rclpy_minimal_publisher/share/examples_rclpy_minimal_publisher/hook/ament_prefix_path.dsv'
[4.288s] INFO:colcon.colcon_core.shell:Creating environment hook '/home/yahboom/intro_ws/install/examples_rclpy_minimal_publisher/share/examples_rclpy_minimal_publisher/hook/ament_prefix_path.sh'
[4.289s] INFO:colcon.colcon_core.shell:Skip shell extension 'powershell' for command environment: Not usable outside of PowerShell
[4.289s] DEBUG:colcon.colcon_core.shell:Skip shell extension 'dsv' for command environment
[4.573s] INFO:colcon.colcon_core.task.python.build:Building Python package in '/home/yahboom/intro_ws/src/examples/rclpy/services/minimal_client'
[4.574s] INFO:colcon.colcon_core.shell:Skip shell extension 'powershell' for command environment: Not usable outside of PowerShell
[4.574s] DEBUG:colcon.colcon_core.shell:Skip shell extension 'dsv' for command environment
[4.848s] INFO:colcon.colcon_core.task.python.build:Building Python package in '/home/yahboom/intro_ws/src/examples/rclpy/topics/minimal_publisher'
[4.849s] INFO:colcon.colcon_core.shell:Skip shell extension 'powershell' for command environment: Not usable outside of PowerShell
[4.849s] DEBUG:colcon.colcon_core.shell:Skip shell extension 'dsv' for command environment
[4.864s] DEBUG:colcon.colcon_core.event_handler.log_command:Invoking command in '/home/yahboom/intro_ws/build/examples_rclpy_minimal_action_server': PYTHONPATH=/home/yahboom/intro_ws/build/examples_rclpy_minimal_action_server/prefix_override:/home/yahboom/intro_ws/install/examples_rclpy_minimal_action_server/lib/python3.10/site-packages:${PYTHONPATH} /usr/bin/python3 -W ignore:setup.py install is deprecated setup.py develop --editable --build-directory /home/yahboom/intro_ws/build/examples_rclpy_minimal_action_server/build --no-deps symlink_data
[4.869s] Level 1:colcon.colcon_core.shell:create_environment_hook('examples_rclpy_minimal_action_client', 'pythonpath_develop')
[4.869s] INFO:colcon.colcon_core.shell:Creating environment hook '/home/yahboom/intro_ws/build/examples_rclpy_minimal_action_client/share/examples_rclpy_minimal_action_client/hook/pythonpath_develop.ps1'
[4.870s] INFO:colcon.colcon_core.shell:Creating environment descriptor '/home/yahboom/intro_ws/build/examples_rclpy_minimal_action_client/share/examples_rclpy_minimal_action_client/hook/pythonpath_develop.dsv'
[4.870s] DEBUG:colcon.colcon_core.event_handler.log_command:Invoked command in '/home/yahboom/intro_ws/build/examples_rclpy_minimal_action_client' returned '0': PYTHONPATH=/home/yahboom/intro_ws/build/examples_rclpy_minimal_action_client/prefix_override:/home/yahboom/intro_ws/install/examples_rclpy_minimal_action_client/lib/python3.10/site-packages:${PYTHONPATH} /usr/bin/python3 -W ignore:setup.py install is deprecated setup.py develop --editable --build-directory /home/yahboom/intro_ws/build/examples_rclpy_minimal_action_client/build --no-deps symlink_data
[4.871s] INFO:colcon.colcon_core.shell:Creating environment hook '/home/yahboom/intro_ws/build/examples_rclpy_minimal_action_client/share/examples_rclpy_minimal_action_client/hook/pythonpath_develop.sh'
[4.872s] Level 1:colcon.colcon_core.environment:checking '/home/yahboom/intro_ws/install/examples_rclpy_minimal_action_client' for CMake module files
[4.872s] Level 1:colcon.colcon_core.environment:checking '/home/yahboom/intro_ws/install/examples_rclpy_minimal_action_client' for CMake config files
[4.873s] Level 1:colcon.colcon_core.environment:checking '/home/yahboom/intro_ws/install/examples_rclpy_minimal_action_client/lib'
[4.873s] Level 1:colcon.colcon_core.environment:checking '/home/yahboom/intro_ws/install/examples_rclpy_minimal_action_client/bin'
[4.873s] Level 1:colcon.colcon_core.environment:checking '/home/yahboom/intro_ws/install/examples_rclpy_minimal_action_client/lib/pkgconfig/examples_rclpy_minimal_action_client.pc'
[4.873s] Level 1:colcon.colcon_core.environment:checking '/home/yahboom/intro_ws/install/examples_rclpy_minimal_action_client/lib/python3.10/site-packages'
[4.873s] Level 1:colcon.colcon_core.shell:create_environment_hook('examples_rclpy_minimal_action_client', 'pythonpath')
[4.873s] INFO:colcon.colcon_core.shell:Creating environment hook '/home/yahboom/intro_ws/install/examples_rclpy_minimal_action_client/share/examples_rclpy_minimal_action_client/hook/pythonpath.ps1'
[4.874s] INFO:colcon.colcon_core.shell:Creating environment descriptor '/home/yahboom/intro_ws/install/examples_rclpy_minimal_action_client/share/examples_rclpy_minimal_action_client/hook/pythonpath.dsv'
[4.875s] INFO:colcon.colcon_core.shell:Creating environment hook '/home/yahboom/intro_ws/install/examples_rclpy_minimal_action_client/share/examples_rclpy_minimal_action_client/hook/pythonpath.sh'
[4.875s] Level 1:colcon.colcon_core.environment:checking '/home/yahboom/intro_ws/install/examples_rclpy_minimal_action_client/bin'
[4.875s] Level 1:colcon.colcon_core.environment:create_environment_scripts_only(examples_rclpy_minimal_action_client)
[4.876s] INFO:colcon.colcon_core.shell:Creating package script '/home/yahboom/intro_ws/install/examples_rclpy_minimal_action_client/share/examples_rclpy_minimal_action_client/package.ps1'
[4.876s] INFO:colcon.colcon_core.shell:Creating package descriptor '/home/yahboom/intro_ws/install/examples_rclpy_minimal_action_client/share/examples_rclpy_minimal_action_client/package.dsv'
[4.877s] INFO:colcon.colcon_core.shell:Creating package script '/home/yahboom/intro_ws/install/examples_rclpy_minimal_action_client/share/examples_rclpy_minimal_action_client/package.sh'
[4.878s] INFO:colcon.colcon_core.shell:Creating package script '/home/yahboom/intro_ws/install/examples_rclpy_minimal_action_client/share/examples_rclpy_minimal_action_client/package.bash'
[4.878s] INFO:colcon.colcon_core.shell:Creating package script '/home/yahboom/intro_ws/install/examples_rclpy_minimal_action_client/share/examples_rclpy_minimal_action_client/package.zsh'
[4.879s] Level 1:colcon.colcon_core.environment:create_file_with_runtime_dependencies(/home/yahboom/intro_ws/install/examples_rclpy_minimal_action_client/share/colcon-core/packages/examples_rclpy_minimal_action_client)
[4.880s] INFO:colcon.colcon_ros.task.ament_python.build:Building ROS package in '/home/yahboom/intro_ws/src/examples/rclpy/services/minimal_service' with build type 'ament_python'
[4.880s] Level 1:colcon.colcon_core.shell:create_environment_hook('examples_rclpy_minimal_service', 'ament_prefix_path')
[4.880s] INFO:colcon.colcon_core.shell:Creating environment hook '/home/yahboom/intro_ws/install/examples_rclpy_minimal_service/share/examples_rclpy_minimal_service/hook/ament_prefix_path.ps1'
[4.881s] INFO:colcon.colcon_core.shell:Creating environment descriptor '/home/yahboom/intro_ws/install/examples_rclpy_minimal_service/share/examples_rclpy_minimal_service/hook/ament_prefix_path.dsv'
[4.882s] INFO:colcon.colcon_core.shell:Creating environment hook '/home/yahboom/intro_ws/install/examples_rclpy_minimal_service/share/examples_rclpy_minimal_service/hook/ament_prefix_path.sh'
[4.883s] INFO:colcon.colcon_core.shell:Skip shell extension 'powershell' for command environment: Not usable outside of PowerShell
[4.883s] DEBUG:colcon.colcon_core.shell:Skip shell extension 'dsv' for command environment
[5.213s] INFO:colcon.colcon_core.task.python.build:Building Python package in '/home/yahboom/intro_ws/src/examples/rclpy/services/minimal_service'
[5.214s] INFO:colcon.colcon_core.shell:Skip shell extension 'powershell' for command environment: Not usable outside of PowerShell
[5.214s] DEBUG:colcon.colcon_core.shell:Skip shell extension 'dsv' for command environment
[5.272s] DEBUG:colcon.colcon_core.event_handler.log_command:Invoking command in '/home/yahboom/intro_ws/build/examples_rclpy_minimal_client': PYTHONPATH=/home/yahboom/intro_ws/build/examples_rclpy_minimal_client/prefix_override:/home/yahboom/intro_ws/install/examples_rclpy_minimal_client/lib/python3.10/site-packages:${PYTHONPATH} /usr/bin/python3 -W ignore:setup.py install is deprecated setup.py develop --editable --build-directory /home/yahboom/intro_ws/build/examples_rclpy_minimal_client/build --no-deps symlink_data
[5.316s] DEBUG:colcon.colcon_core.event_handler.log_command:Invoking command in '/home/yahboom/intro_ws/build/examples_rclpy_minimal_publisher': PYTHONPATH=/home/yahboom/intro_ws/build/examples_rclpy_minimal_publisher/prefix_override:/home/yahboom/intro_ws/install/examples_rclpy_minimal_publisher/lib/python3.10/site-packages:${PYTHONPATH} /usr/bin/python3 -W ignore:setup.py install is deprecated setup.py develop --editable --build-directory /home/yahboom/intro_ws/build/examples_rclpy_minimal_publisher/build --no-deps symlink_data
[5.432s] Level 1:colcon.colcon_core.shell:create_environment_hook('examples_rclpy_minimal_action_server', 'pythonpath_develop')
[5.433s] INFO:colcon.colcon_core.shell:Creating environment hook '/home/yahboom/intro_ws/build/examples_rclpy_minimal_action_server/share/examples_rclpy_minimal_action_server/hook/pythonpath_develop.ps1'
[5.434s] INFO:colcon.colcon_core.shell:Creating environment descriptor '/home/yahboom/intro_ws/build/examples_rclpy_minimal_action_server/share/examples_rclpy_minimal_action_server/hook/pythonpath_develop.dsv'
[5.434s] DEBUG:colcon.colcon_core.event_handler.log_command:Invoked command in '/home/yahboom/intro_ws/build/examples_rclpy_minimal_action_server' returned '0': PYTHONPATH=/home/yahboom/intro_ws/build/examples_rclpy_minimal_action_server/prefix_override:/home/yahboom/intro_ws/install/examples_rclpy_minimal_action_server/lib/python3.10/site-packages:${PYTHONPATH} /usr/bin/python3 -W ignore:setup.py install is deprecated setup.py develop --editable --build-directory /home/yahboom/intro_ws/build/examples_rclpy_minimal_action_server/build --no-deps symlink_data
[5.435s] INFO:colcon.colcon_core.shell:Creating environment hook '/home/yahboom/intro_ws/build/examples_rclpy_minimal_action_server/share/examples_rclpy_minimal_action_server/hook/pythonpath_develop.sh'
[5.436s] Level 1:colcon.colcon_core.environment:checking '/home/yahboom/intro_ws/install/examples_rclpy_minimal_action_server' for CMake module files
[5.436s] Level 1:colcon.colcon_core.environment:checking '/home/yahboom/intro_ws/install/examples_rclpy_minimal_action_server' for CMake config files
[5.436s] Level 1:colcon.colcon_core.environment:checking '/home/yahboom/intro_ws/install/examples_rclpy_minimal_action_server/lib'
[5.436s] Level 1:colcon.colcon_core.environment:checking '/home/yahboom/intro_ws/install/examples_rclpy_minimal_action_server/bin'
[5.436s] Level 1:colcon.colcon_core.environment:checking '/home/yahboom/intro_ws/install/examples_rclpy_minimal_action_server/lib/pkgconfig/examples_rclpy_minimal_action_server.pc'
[5.437s] Level 1:colcon.colcon_core.environment:checking '/home/yahboom/intro_ws/install/examples_rclpy_minimal_action_server/lib/python3.10/site-packages'
[5.437s] Level 1:colcon.colcon_core.shell:create_environment_hook('examples_rclpy_minimal_action_server', 'pythonpath')
[5.437s] INFO:colcon.colcon_core.shell:Creating environment hook '/home/yahboom/intro_ws/install/examples_rclpy_minimal_action_server/share/examples_rclpy_minimal_action_server/hook/pythonpath.ps1'
[5.438s] INFO:colcon.colcon_core.shell:Creating environment descriptor '/home/yahboom/intro_ws/install/examples_rclpy_minimal_action_server/share/examples_rclpy_minimal_action_server/hook/pythonpath.dsv'
[5.439s] INFO:colcon.colcon_core.shell:Creating environment hook '/home/yahboom/intro_ws/install/examples_rclpy_minimal_action_server/share/examples_rclpy_minimal_action_server/hook/pythonpath.sh'
[5.440s] Level 1:colcon.colcon_core.environment:checking '/home/yahboom/intro_ws/install/examples_rclpy_minimal_action_server/bin'
[5.440s] Level 1:colcon.colcon_core.environment:create_environment_scripts_only(examples_rclpy_minimal_action_server)
[5.440s] INFO:colcon.colcon_core.shell:Creating package script '/home/yahboom/intro_ws/install/examples_rclpy_minimal_action_server/share/examples_rclpy_minimal_action_server/package.ps1'
[5.441s] INFO:colcon.colcon_core.shell:Creating package descriptor '/home/yahboom/intro_ws/install/examples_rclpy_minimal_action_server/share/examples_rclpy_minimal_action_server/package.dsv'
[5.441s] INFO:colcon.colcon_core.shell:Creating package script '/home/yahboom/intro_ws/install/examples_rclpy_minimal_action_server/share/examples_rclpy_minimal_action_server/package.sh'
[5.442s] INFO:colcon.colcon_core.shell:Creating package script '/home/yahboom/intro_ws/install/examples_rclpy_minimal_action_server/share/examples_rclpy_minimal_action_server/package.bash'
[5.443s] INFO:colcon.colcon_core.shell:Creating package script '/home/yahboom/intro_ws/install/examples_rclpy_minimal_action_server/share/examples_rclpy_minimal_action_server/package.zsh'
[5.443s] Level 1:colcon.colcon_core.environment:create_file_with_runtime_dependencies(/home/yahboom/intro_ws/install/examples_rclpy_minimal_action_server/share/colcon-core/packages/examples_rclpy_minimal_action_server)
[5.445s] INFO:colcon.colcon_ros.task.ament_python.build:Building ROS package in '/home/yahboom/intro_ws/src/examples/rclpy/topics/minimal_subscriber' with build type 'ament_python'
[5.445s] Level 1:colcon.colcon_core.shell:create_environment_hook('examples_rclpy_minimal_subscriber', 'ament_prefix_path')
[5.446s] INFO:colcon.colcon_core.shell:Creating environment hook '/home/yahboom/intro_ws/install/examples_rclpy_minimal_subscriber/share/examples_rclpy_minimal_subscriber/hook/ament_prefix_path.ps1'
[5.446s] INFO:colcon.colcon_core.shell:Creating environment descriptor '/home/yahboom/intro_ws/install/examples_rclpy_minimal_subscriber/share/examples_rclpy_minimal_subscriber/hook/ament_prefix_path.dsv'
[5.447s] INFO:colcon.colcon_core.shell:Creating environment hook '/home/yahboom/intro_ws/install/examples_rclpy_minimal_subscriber/share/examples_rclpy_minimal_subscriber/hook/ament_prefix_path.sh'
[5.448s] INFO:colcon.colcon_core.shell:Skip shell extension 'powershell' for command environment: Not usable outside of PowerShell
[5.448s] DEBUG:colcon.colcon_core.shell:Skip shell extension 'dsv' for command environment
[5.757s] INFO:colcon.colcon_core.task.python.build:Building Python package in '/home/yahboom/intro_ws/src/examples/rclpy/topics/minimal_subscriber'
[5.757s] INFO:colcon.colcon_core.shell:Skip shell extension 'powershell' for command environment: Not usable outside of PowerShell
[5.757s] DEBUG:colcon.colcon_core.shell:Skip shell extension 'dsv' for command environment
[5.772s] DEBUG:colcon.colcon_core.event_handler.log_command:Invoking command in '/home/yahboom/intro_ws/build/examples_rclpy_minimal_service': PYTHONPATH=/home/yahboom/intro_ws/build/examples_rclpy_minimal_service/prefix_override:/home/yahboom/intro_ws/install/examples_rclpy_minimal_service/lib/python3.10/site-packages:${PYTHONPATH} /usr/bin/python3 -W ignore:setup.py install is deprecated setup.py develop --editable --build-directory /home/yahboom/intro_ws/build/examples_rclpy_minimal_service/build --no-deps symlink_data
[5.787s] Level 1:colcon.colcon_core.shell:create_environment_hook('examples_rclpy_minimal_client', 'pythonpath_develop')
[5.788s] INFO:colcon.colcon_core.shell:Creating environment hook '/home/yahboom/intro_ws/build/examples_rclpy_minimal_client/share/examples_rclpy_minimal_client/hook/pythonpath_develop.ps1'
[5.789s] INFO:colcon.colcon_core.shell:Creating environment descriptor '/home/yahboom/intro_ws/build/examples_rclpy_minimal_client/share/examples_rclpy_minimal_client/hook/pythonpath_develop.dsv'
[5.789s] INFO:colcon.colcon_core.shell:Creating environment hook '/home/yahboom/intro_ws/build/examples_rclpy_minimal_client/share/examples_rclpy_minimal_client/hook/pythonpath_develop.sh'
[5.790s] Level 1:colcon.colcon_core.environment:checking '/home/yahboom/intro_ws/install/examples_rclpy_minimal_client' for CMake module files
[5.791s] DEBUG:colcon.colcon_core.event_handler.log_command:Invoked command in '/home/yahboom/intro_ws/build/examples_rclpy_minimal_client' returned '0': PYTHONPATH=/home/yahboom/intro_ws/build/examples_rclpy_minimal_client/prefix_override:/home/yahboom/intro_ws/install/examples_rclpy_minimal_client/lib/python3.10/site-packages:${PYTHONPATH} /usr/bin/python3 -W ignore:setup.py install is deprecated setup.py develop --editable --build-directory /home/yahboom/intro_ws/build/examples_rclpy_minimal_client/build --no-deps symlink_data
[5.792s] Level 1:colcon.colcon_core.environment:checking '/home/yahboom/intro_ws/install/examples_rclpy_minimal_client' for CMake config files
[5.792s] Level 1:colcon.colcon_core.environment:checking '/home/yahboom/intro_ws/install/examples_rclpy_minimal_client/lib'
[5.792s] Level 1:colcon.colcon_core.environment:checking '/home/yahboom/intro_ws/install/examples_rclpy_minimal_client/bin'
[5.792s] Level 1:colcon.colcon_core.environment:checking '/home/yahboom/intro_ws/install/examples_rclpy_minimal_client/lib/pkgconfig/examples_rclpy_minimal_client.pc'
[5.792s] Level 1:colcon.colcon_core.environment:checking '/home/yahboom/intro_ws/install/examples_rclpy_minimal_client/lib/python3.10/site-packages'
[5.792s] Level 1:colcon.colcon_core.shell:create_environment_hook('examples_rclpy_minimal_client', 'pythonpath')
[5.793s] INFO:colcon.colcon_core.shell:Creating environment hook '/home/yahboom/intro_ws/install/examples_rclpy_minimal_client/share/examples_rclpy_minimal_client/hook/pythonpath.ps1'
[5.793s] INFO:colcon.colcon_core.shell:Creating environment descriptor '/home/yahboom/intro_ws/install/examples_rclpy_minimal_client/share/examples_rclpy_minimal_client/hook/pythonpath.dsv'
[5.794s] INFO:colcon.colcon_core.shell:Creating environment hook '/home/yahboom/intro_ws/install/examples_rclpy_minimal_client/share/examples_rclpy_minimal_client/hook/pythonpath.sh'
[5.795s] Level 1:colcon.colcon_core.environment:checking '/home/yahboom/intro_ws/install/examples_rclpy_minimal_client/bin'
[5.795s] Level 1:colcon.colcon_core.environment:create_environment_scripts_only(examples_rclpy_minimal_client)
[5.795s] INFO:colcon.colcon_core.shell:Creating package script '/home/yahboom/intro_ws/install/examples_rclpy_minimal_client/share/examples_rclpy_minimal_client/package.ps1'
[5.796s] INFO:colcon.colcon_core.shell:Creating package descriptor '/home/yahboom/intro_ws/install/examples_rclpy_minimal_client/share/examples_rclpy_minimal_client/package.dsv'
[5.797s] INFO:colcon.colcon_core.shell:Creating package script '/home/yahboom/intro_ws/install/examples_rclpy_minimal_client/share/examples_rclpy_minimal_client/package.sh'
[5.798s] INFO:colcon.colcon_core.shell:Creating package script '/home/yahboom/intro_ws/install/examples_rclpy_minimal_client/share/examples_rclpy_minimal_client/package.bash'
[5.798s] INFO:colcon.colcon_core.shell:Creating package script '/home/yahboom/intro_ws/install/examples_rclpy_minimal_client/share/examples_rclpy_minimal_client/package.zsh'
[5.799s] Level 1:colcon.colcon_core.environment:create_file_with_runtime_dependencies(/home/yahboom/intro_ws/install/examples_rclpy_minimal_client/share/colcon-core/packages/examples_rclpy_minimal_client)
[5.801s] INFO:colcon.colcon_ros.task.ament_python.build:Building ROS package in '/home/yahboom/intro_ws/src/examples/rclpy/topics/pointcloud_publisher' with build type 'ament_python'
[5.801s] Level 1:colcon.colcon_core.shell:create_environment_hook('examples_rclpy_pointcloud_publisher', 'ament_prefix_path')
[5.801s] INFO:colcon.colcon_core.shell:Creating environment hook '/home/yahboom/intro_ws/install/examples_rclpy_pointcloud_publisher/share/examples_rclpy_pointcloud_publisher/hook/ament_prefix_path.ps1'
[5.802s] INFO:colcon.colcon_core.shell:Creating environment descriptor '/home/yahboom/intro_ws/install/examples_rclpy_pointcloud_publisher/share/examples_rclpy_pointcloud_publisher/hook/ament_prefix_path.dsv'
[5.803s] INFO:colcon.colcon_core.shell:Creating environment hook '/home/yahboom/intro_ws/install/examples_rclpy_pointcloud_publisher/share/examples_rclpy_pointcloud_publisher/hook/ament_prefix_path.sh'
[5.804s] INFO:colcon.colcon_core.shell:Skip shell extension 'powershell' for command environment: Not usable outside of PowerShell
[5.804s] DEBUG:colcon.colcon_core.shell:Skip shell extension 'dsv' for command environment
[6.101s] INFO:colcon.colcon_core.task.python.build:Building Python package in '/home/yahboom/intro_ws/src/examples/rclpy/topics/pointcloud_publisher'
[6.102s] INFO:colcon.colcon_core.shell:Skip shell extension 'powershell' for command environment: Not usable outside of PowerShell
[6.102s] DEBUG:colcon.colcon_core.shell:Skip shell extension 'dsv' for command environment
[6.116s] Level 1:colcon.colcon_core.shell:create_environment_hook('examples_rclpy_minimal_publisher', 'pythonpath_develop')
[6.116s] INFO:colcon.colcon_core.shell:Creating environment hook '/home/yahboom/intro_ws/build/examples_rclpy_minimal_publisher/share/examples_rclpy_minimal_publisher/hook/pythonpath_develop.ps1'
[6.117s] INFO:colcon.colcon_core.shell:Creating environment descriptor '/home/yahboom/intro_ws/build/examples_rclpy_minimal_publisher/share/examples_rclpy_minimal_publisher/hook/pythonpath_develop.dsv'
[6.118s] INFO:colcon.colcon_core.shell:Creating environment hook '/home/yahboom/intro_ws/build/examples_rclpy_minimal_publisher/share/examples_rclpy_minimal_publisher/hook/pythonpath_develop.sh'
[6.119s] DEBUG:colcon.colcon_core.event_handler.log_command:Invoked command in '/home/yahboom/intro_ws/build/examples_rclpy_minimal_publisher' returned '0': PYTHONPATH=/home/yahboom/intro_ws/build/examples_rclpy_minimal_publisher/prefix_override:/home/yahboom/intro_ws/install/examples_rclpy_minimal_publisher/lib/python3.10/site-packages:${PYTHONPATH} /usr/bin/python3 -W ignore:setup.py install is deprecated setup.py develop --editable --build-directory /home/yahboom/intro_ws/build/examples_rclpy_minimal_publisher/build --no-deps symlink_data
[6.119s] Level 1:colcon.colcon_core.environment:checking '/home/yahboom/intro_ws/install/examples_rclpy_minimal_publisher' for CMake module files
[6.119s] Level 1:colcon.colcon_core.environment:checking '/home/yahboom/intro_ws/install/examples_rclpy_minimal_publisher' for CMake config files
[6.120s] Level 1:colcon.colcon_core.environment:checking '/home/yahboom/intro_ws/install/examples_rclpy_minimal_publisher/lib'
[6.120s] Level 1:colcon.colcon_core.environment:checking '/home/yahboom/intro_ws/install/examples_rclpy_minimal_publisher/bin'
[6.120s] Level 1:colcon.colcon_core.environment:checking '/home/yahboom/intro_ws/install/examples_rclpy_minimal_publisher/lib/pkgconfig/examples_rclpy_minimal_publisher.pc'
[6.120s] Level 1:colcon.colcon_core.environment:checking '/home/yahboom/intro_ws/install/examples_rclpy_minimal_publisher/lib/python3.10/site-packages'
[6.120s] Level 1:colcon.colcon_core.shell:create_environment_hook('examples_rclpy_minimal_publisher', 'pythonpath')
[6.120s] INFO:colcon.colcon_core.shell:Creating environment hook '/home/yahboom/intro_ws/install/examples_rclpy_minimal_publisher/share/examples_rclpy_minimal_publisher/hook/pythonpath.ps1'
[6.121s] INFO:colcon.colcon_core.shell:Creating environment descriptor '/home/yahboom/intro_ws/install/examples_rclpy_minimal_publisher/share/examples_rclpy_minimal_publisher/hook/pythonpath.dsv'
[6.121s] INFO:colcon.colcon_core.shell:Creating environment hook '/home/yahboom/intro_ws/install/examples_rclpy_minimal_publisher/share/examples_rclpy_minimal_publisher/hook/pythonpath.sh'
[6.122s] Level 1:colcon.colcon_core.environment:checking '/home/yahboom/intro_ws/install/examples_rclpy_minimal_publisher/bin'
[6.122s] Level 1:colcon.colcon_core.environment:create_environment_scripts_only(examples_rclpy_minimal_publisher)
[6.122s] INFO:colcon.colcon_core.shell:Creating package script '/home/yahboom/intro_ws/install/examples_rclpy_minimal_publisher/share/examples_rclpy_minimal_publisher/package.ps1'
[6.123s] INFO:colcon.colcon_core.shell:Creating package descriptor '/home/yahboom/intro_ws/install/examples_rclpy_minimal_publisher/share/examples_rclpy_minimal_publisher/package.dsv'
[6.124s] INFO:colcon.colcon_core.shell:Creating package script '/home/yahboom/intro_ws/install/examples_rclpy_minimal_publisher/share/examples_rclpy_minimal_publisher/package.sh'
[6.124s] INFO:colcon.colcon_core.shell:Creating package script '/home/yahboom/intro_ws/install/examples_rclpy_minimal_publisher/share/examples_rclpy_minimal_publisher/package.bash'
[6.125s] INFO:colcon.colcon_core.shell:Creating package script '/home/yahboom/intro_ws/install/examples_rclpy_minimal_publisher/share/examples_rclpy_minimal_publisher/package.zsh'
[6.125s] Level 1:colcon.colcon_core.environment:create_file_with_runtime_dependencies(/home/yahboom/intro_ws/install/examples_rclpy_minimal_publisher/share/colcon-core/packages/examples_rclpy_minimal_publisher)
[6.126s] INFO:colcon.colcon_ros.task.ament_python.build:Building ROS package in '/home/yahboom/intro_ws/src/examples/launch_testing/launch_testing_examples' with build type 'ament_python'
[6.126s] Level 1:colcon.colcon_core.shell:create_environment_hook('launch_testing_examples', 'ament_prefix_path')
[6.127s] INFO:colcon.colcon_core.shell:Creating environment hook '/home/yahboom/intro_ws/install/launch_testing_examples/share/launch_testing_examples/hook/ament_prefix_path.ps1'
[6.128s] INFO:colcon.colcon_core.shell:Creating environment descriptor '/home/yahboom/intro_ws/install/launch_testing_examples/share/launch_testing_examples/hook/ament_prefix_path.dsv'
[6.129s] INFO:colcon.colcon_core.shell:Creating environment hook '/home/yahboom/intro_ws/install/launch_testing_examples/share/launch_testing_examples/hook/ament_prefix_path.sh'
[6.129s] INFO:colcon.colcon_core.shell:Skip shell extension 'powershell' for command environment: Not usable outside of PowerShell
[6.129s] DEBUG:colcon.colcon_core.shell:Skip shell extension 'dsv' for command environment
[6.148s] DEBUG:colcon.colcon_core.event_handler.log_command:Invoking command in '/home/yahboom/intro_ws/build/examples_rclpy_minimal_subscriber': PYTHONPATH=/home/yahboom/intro_ws/build/examples_rclpy_minimal_subscriber/prefix_override:/home/yahboom/intro_ws/install/examples_rclpy_minimal_subscriber/lib/python3.10/site-packages:${PYTHONPATH} /usr/bin/python3 -W ignore:setup.py install is deprecated setup.py develop --editable --build-directory /home/yahboom/intro_ws/build/examples_rclpy_minimal_subscriber/build --no-deps symlink_data
[6.436s] INFO:colcon.colcon_core.task.python.build:Building Python package in '/home/yahboom/intro_ws/src/examples/launch_testing/launch_testing_examples'
[6.436s] INFO:colcon.colcon_core.shell:Skip shell extension 'powershell' for command environment: Not usable outside of PowerShell
[6.436s] DEBUG:colcon.colcon_core.shell:Skip shell extension 'dsv' for command environment
[6.449s] Level 1:colcon.colcon_core.shell:create_environment_hook('examples_rclpy_minimal_service', 'pythonpath_develop')
[6.450s] DEBUG:colcon.colcon_core.event_handler.log_command:Invoked command in '/home/yahboom/intro_ws/build/examples_rclpy_minimal_service' returned '0': PYTHONPATH=/home/yahboom/intro_ws/build/examples_rclpy_minimal_service/prefix_override:/home/yahboom/intro_ws/install/examples_rclpy_minimal_service/lib/python3.10/site-packages:${PYTHONPATH} /usr/bin/python3 -W ignore:setup.py install is deprecated setup.py develop --editable --build-directory /home/yahboom/intro_ws/build/examples_rclpy_minimal_service/build --no-deps symlink_data
[6.450s] INFO:colcon.colcon_core.shell:Creating environment hook '/home/yahboom/intro_ws/build/examples_rclpy_minimal_service/share/examples_rclpy_minimal_service/hook/pythonpath_develop.ps1'
[6.451s] INFO:colcon.colcon_core.shell:Creating environment descriptor '/home/yahboom/intro_ws/build/examples_rclpy_minimal_service/share/examples_rclpy_minimal_service/hook/pythonpath_develop.dsv'
[6.452s] INFO:colcon.colcon_core.shell:Creating environment hook '/home/yahboom/intro_ws/build/examples_rclpy_minimal_service/share/examples_rclpy_minimal_service/hook/pythonpath_develop.sh'
[6.453s] Level 1:colcon.colcon_core.environment:checking '/home/yahboom/intro_ws/install/examples_rclpy_minimal_service' for CMake module files
[6.453s] Level 1:colcon.colcon_core.environment:checking '/home/yahboom/intro_ws/install/examples_rclpy_minimal_service' for CMake config files
[6.454s] Level 1:colcon.colcon_core.environment:checking '/home/yahboom/intro_ws/install/examples_rclpy_minimal_service/lib'
[6.454s] Level 1:colcon.colcon_core.environment:checking '/home/yahboom/intro_ws/install/examples_rclpy_minimal_service/bin'
[6.454s] Level 1:colcon.colcon_core.environment:checking '/home/yahboom/intro_ws/install/examples_rclpy_minimal_service/lib/pkgconfig/examples_rclpy_minimal_service.pc'
[6.454s] Level 1:colcon.colcon_core.environment:checking '/home/yahboom/intro_ws/install/examples_rclpy_minimal_service/lib/python3.10/site-packages'
[6.454s] Level 1:colcon.colcon_core.shell:create_environment_hook('examples_rclpy_minimal_service', 'pythonpath')
[6.454s] INFO:colcon.colcon_core.shell:Creating environment hook '/home/yahboom/intro_ws/install/examples_rclpy_minimal_service/share/examples_rclpy_minimal_service/hook/pythonpath.ps1'
[6.455s] INFO:colcon.colcon_core.shell:Creating environment descriptor '/home/yahboom/intro_ws/install/examples_rclpy_minimal_service/share/examples_rclpy_minimal_service/hook/pythonpath.dsv'
[6.456s] INFO:colcon.colcon_core.shell:Creating environment hook '/home/yahboom/intro_ws/install/examples_rclpy_minimal_service/share/examples_rclpy_minimal_service/hook/pythonpath.sh'
[6.457s] Level 1:colcon.colcon_core.environment:checking '/home/yahboom/intro_ws/install/examples_rclpy_minimal_service/bin'
[6.457s] Level 1:colcon.colcon_core.environment:create_environment_scripts_only(examples_rclpy_minimal_service)
[6.457s] INFO:colcon.colcon_core.shell:Creating package script '/home/yahboom/intro_ws/install/examples_rclpy_minimal_service/share/examples_rclpy_minimal_service/package.ps1'
[6.459s] INFO:colcon.colcon_core.shell:Creating package descriptor '/home/yahboom/intro_ws/install/examples_rclpy_minimal_service/share/examples_rclpy_minimal_service/package.dsv'
[6.460s] INFO:colcon.colcon_core.shell:Creating package script '/home/yahboom/intro_ws/install/examples_rclpy_minimal_service/share/examples_rclpy_minimal_service/package.sh'
[6.461s] INFO:colcon.colcon_core.shell:Creating package script '/home/yahboom/intro_ws/install/examples_rclpy_minimal_service/share/examples_rclpy_minimal_service/package.bash'
[6.461s] INFO:colcon.colcon_core.shell:Creating package script '/home/yahboom/intro_ws/install/examples_rclpy_minimal_service/share/examples_rclpy_minimal_service/package.zsh'
[6.462s] Level 1:colcon.colcon_core.environment:create_file_with_runtime_dependencies(/home/yahboom/intro_ws/install/examples_rclpy_minimal_service/share/colcon-core/packages/examples_rclpy_minimal_service)
[6.464s] INFO:colcon.colcon_ros.task.ament_python.build:Building ROS package in '/home/yahboom/intro_ws/src/python_parameters' with build type 'ament_python'
[6.464s] Level 1:colcon.colcon_core.shell:create_environment_hook('python_parameters', 'ament_prefix_path')
[6.465s] INFO:colcon.colcon_core.shell:Creating environment hook '/home/yahboom/intro_ws/install/python_parameters/share/python_parameters/hook/ament_prefix_path.ps1'
[6.466s] INFO:colcon.colcon_core.shell:Creating environment descriptor '/home/yahboom/intro_ws/install/python_parameters/share/python_parameters/hook/ament_prefix_path.dsv'
[6.467s] INFO:colcon.colcon_core.shell:Creating environment hook '/home/yahboom/intro_ws/install/python_parameters/share/python_parameters/hook/ament_prefix_path.sh'
[6.468s] INFO:colcon.colcon_core.shell:Skip shell extension 'powershell' for command environment: Not usable outside of PowerShell
[6.468s] DEBUG:colcon.colcon_core.shell:Skip shell extension 'dsv' for command environment
[6.761s] INFO:colcon.colcon_core.task.python.build:Building Python package in '/home/yahboom/intro_ws/src/python_parameters'
[6.761s] INFO:colcon.colcon_core.shell:Skip shell extension 'powershell' for command environment: Not usable outside of PowerShell
[6.761s] DEBUG:colcon.colcon_core.shell:Skip shell extension 'dsv' for command environment
[6.774s] DEBUG:colcon.colcon_core.event_handler.log_command:Invoking command in '/home/yahboom/intro_ws/build/examples_rclpy_pointcloud_publisher': PYTHONPATH=/home/yahboom/intro_ws/build/examples_rclpy_pointcloud_publisher/prefix_override:/home/yahboom/intro_ws/install/examples_rclpy_pointcloud_publisher/lib/python3.10/site-packages:${PYTHONPATH} /usr/bin/python3 -W ignore:setup.py install is deprecated setup.py develop --editable --build-directory /home/yahboom/intro_ws/build/examples_rclpy_pointcloud_publisher/build --no-deps symlink_data
[6.775s] Level 1:colcon.colcon_core.shell:create_environment_hook('examples_rclpy_minimal_subscriber', 'pythonpath_develop')
[6.775s] INFO:colcon.colcon_core.shell:Creating environment hook '/home/yahboom/intro_ws/build/examples_rclpy_minimal_subscriber/share/examples_rclpy_minimal_subscriber/hook/pythonpath_develop.ps1'
[6.776s] INFO:colcon.colcon_core.shell:Creating environment descriptor '/home/yahboom/intro_ws/build/examples_rclpy_minimal_subscriber/share/examples_rclpy_minimal_subscriber/hook/pythonpath_develop.dsv'
[6.776s] DEBUG:colcon.colcon_core.event_handler.log_command:Invoked command in '/home/yahboom/intro_ws/build/examples_rclpy_minimal_subscriber' returned '0': PYTHONPATH=/home/yahboom/intro_ws/build/examples_rclpy_minimal_subscriber/prefix_override:/home/yahboom/intro_ws/install/examples_rclpy_minimal_subscriber/lib/python3.10/site-packages:${PYTHONPATH} /usr/bin/python3 -W ignore:setup.py install is deprecated setup.py develop --editable --build-directory /home/yahboom/intro_ws/build/examples_rclpy_minimal_subscriber/build --no-deps symlink_data
[6.777s] INFO:colcon.colcon_core.shell:Creating environment hook '/home/yahboom/intro_ws/build/examples_rclpy_minimal_subscriber/share/examples_rclpy_minimal_subscriber/hook/pythonpath_develop.sh'
[6.778s] Level 1:colcon.colcon_core.environment:checking '/home/yahboom/intro_ws/install/examples_rclpy_minimal_subscriber' for CMake module files
[6.778s] Level 1:colcon.colcon_core.environment:checking '/home/yahboom/intro_ws/install/examples_rclpy_minimal_subscriber' for CMake config files
[6.779s] Level 1:colcon.colcon_core.environment:checking '/home/yahboom/intro_ws/install/examples_rclpy_minimal_subscriber/lib'
[6.779s] Level 1:colcon.colcon_core.environment:checking '/home/yahboom/intro_ws/install/examples_rclpy_minimal_subscriber/bin'
[6.779s] Level 1:colcon.colcon_core.environment:checking '/home/yahboom/intro_ws/install/examples_rclpy_minimal_subscriber/lib/pkgconfig/examples_rclpy_minimal_subscriber.pc'
[6.780s] Level 1:colcon.colcon_core.environment:checking '/home/yahboom/intro_ws/install/examples_rclpy_minimal_subscriber/lib/python3.10/site-packages'
[6.780s] Level 1:colcon.colcon_core.shell:create_environment_hook('examples_rclpy_minimal_subscriber', 'pythonpath')
[6.780s] INFO:colcon.colcon_core.shell:Creating environment hook '/home/yahboom/intro_ws/install/examples_rclpy_minimal_subscriber/share/examples_rclpy_minimal_subscriber/hook/pythonpath.ps1'
[6.782s] INFO:colcon.colcon_core.shell:Creating environment descriptor '/home/yahboom/intro_ws/install/examples_rclpy_minimal_subscriber/share/examples_rclpy_minimal_subscriber/hook/pythonpath.dsv'
[6.783s] INFO:colcon.colcon_core.shell:Creating environment hook '/home/yahboom/intro_ws/install/examples_rclpy_minimal_subscriber/share/examples_rclpy_minimal_subscriber/hook/pythonpath.sh'
[6.784s] Level 1:colcon.colcon_core.environment:checking '/home/yahboom/intro_ws/install/examples_rclpy_minimal_subscriber/bin'
[6.784s] Level 1:colcon.colcon_core.environment:create_environment_scripts_only(examples_rclpy_minimal_subscriber)
[6.784s] INFO:colcon.colcon_core.shell:Creating package script '/home/yahboom/intro_ws/install/examples_rclpy_minimal_subscriber/share/examples_rclpy_minimal_subscriber/package.ps1'
[6.785s] INFO:colcon.colcon_core.shell:Creating package descriptor '/home/yahboom/intro_ws/install/examples_rclpy_minimal_subscriber/share/examples_rclpy_minimal_subscriber/package.dsv'
[6.786s] INFO:colcon.colcon_core.shell:Creating package script '/home/yahboom/intro_ws/install/examples_rclpy_minimal_subscriber/share/examples_rclpy_minimal_subscriber/package.sh'
[6.787s] INFO:colcon.colcon_core.shell:Creating package script '/home/yahboom/intro_ws/install/examples_rclpy_minimal_subscriber/share/examples_rclpy_minimal_subscriber/package.bash'
[6.787s] INFO:colcon.colcon_core.shell:Creating package script '/home/yahboom/intro_ws/install/examples_rclpy_minimal_subscriber/share/examples_rclpy_minimal_subscriber/package.zsh'
[6.788s] Level 1:colcon.colcon_core.environment:create_file_with_runtime_dependencies(/home/yahboom/intro_ws/install/examples_rclpy_minimal_subscriber/share/colcon-core/packages/examples_rclpy_minimal_subscriber)
[6.789s] INFO:colcon.colcon_ros.task.ament_python.build:Building ROS package in '/home/yahboom/intro_ws/src/test_tf2_py' with build type 'ament_python'
[6.789s] Level 1:colcon.colcon_core.shell:create_environment_hook('test_tf2_py', 'ament_prefix_path')
[6.790s] INFO:colcon.colcon_core.shell:Creating environment hook '/home/yahboom/intro_ws/install/test_tf2_py/share/test_tf2_py/hook/ament_prefix_path.ps1'
[6.791s] INFO:colcon.colcon_core.shell:Creating environment descriptor '/home/yahboom/intro_ws/install/test_tf2_py/share/test_tf2_py/hook/ament_prefix_path.dsv'
[6.792s] INFO:colcon.colcon_core.shell:Creating environment hook '/home/yahboom/intro_ws/install/test_tf2_py/share/test_tf2_py/hook/ament_prefix_path.sh'
[6.794s] INFO:colcon.colcon_core.shell:Skip shell extension 'powershell' for command environment: Not usable outside of PowerShell
[6.794s] DEBUG:colcon.colcon_core.shell:Skip shell extension 'dsv' for command environment
[7.079s] INFO:colcon.colcon_core.task.python.build:Building Python package in '/home/yahboom/intro_ws/src/test_tf2_py'
[7.079s] INFO:colcon.colcon_core.shell:Skip shell extension 'powershell' for command environment: Not usable outside of PowerShell
[7.079s] DEBUG:colcon.colcon_core.shell:Skip shell extension 'dsv' for command environment
[7.096s] DEBUG:colcon.colcon_core.event_handler.log_command:Invoking command in '/home/yahboom/intro_ws/build/launch_testing_examples': PYTHONPATH=/home/yahboom/intro_ws/build/launch_testing_examples/prefix_override:/home/yahboom/intro_ws/install/launch_testing_examples/lib/python3.10/site-packages:${PYTHONPATH} /usr/bin/python3 -W ignore:setup.py install is deprecated setup.py develop --editable --build-directory /home/yahboom/intro_ws/build/launch_testing_examples/build --no-deps symlink_data
[7.169s] DEBUG:colcon.colcon_core.event_handler.log_command:Invoking command in '/home/yahboom/intro_ws/build/python_parameters': PYTHONPATH=/home/yahboom/intro_ws/build/python_parameters/prefix_override:/home/yahboom/intro_ws/install/python_parameters/lib/python3.10/site-packages:${PYTHONPATH} /usr/bin/python3 -W ignore:setup.py install is deprecated setup.py develop --editable --build-directory /home/yahboom/intro_ws/build/python_parameters/build --no-deps symlink_data
[7.272s] Level 1:colcon.colcon_core.shell:create_environment_hook('examples_rclpy_pointcloud_publisher', 'pythonpath_develop')
[7.272s] INFO:colcon.colcon_core.shell:Creating environment hook '/home/yahboom/intro_ws/build/examples_rclpy_pointcloud_publisher/share/examples_rclpy_pointcloud_publisher/hook/pythonpath_develop.ps1'
[7.272s] DEBUG:colcon.colcon_core.event_handler.log_command:Invoked command in '/home/yahboom/intro_ws/build/examples_rclpy_pointcloud_publisher' returned '0': PYTHONPATH=/home/yahboom/intro_ws/build/examples_rclpy_pointcloud_publisher/prefix_override:/home/yahboom/intro_ws/install/examples_rclpy_pointcloud_publisher/lib/python3.10/site-packages:${PYTHONPATH} /usr/bin/python3 -W ignore:setup.py install is deprecated setup.py develop --editable --build-directory /home/yahboom/intro_ws/build/examples_rclpy_pointcloud_publisher/build --no-deps symlink_data
[7.274s] INFO:colcon.colcon_core.shell:Creating environment descriptor '/home/yahboom/intro_ws/build/examples_rclpy_pointcloud_publisher/share/examples_rclpy_pointcloud_publisher/hook/pythonpath_develop.dsv'
[7.274s] INFO:colcon.colcon_core.shell:Creating environment hook '/home/yahboom/intro_ws/build/examples_rclpy_pointcloud_publisher/share/examples_rclpy_pointcloud_publisher/hook/pythonpath_develop.sh'
[7.275s] Level 1:colcon.colcon_core.environment:checking '/home/yahboom/intro_ws/install/examples_rclpy_pointcloud_publisher' for CMake module files
[7.276s] Level 1:colcon.colcon_core.environment:checking '/home/yahboom/intro_ws/install/examples_rclpy_pointcloud_publisher' for CMake config files
[7.276s] Level 1:colcon.colcon_core.environment:checking '/home/yahboom/intro_ws/install/examples_rclpy_pointcloud_publisher/lib'
[7.276s] Level 1:colcon.colcon_core.environment:checking '/home/yahboom/intro_ws/install/examples_rclpy_pointcloud_publisher/bin'
[7.276s] Level 1:colcon.colcon_core.environment:checking '/home/yahboom/intro_ws/install/examples_rclpy_pointcloud_publisher/lib/pkgconfig/examples_rclpy_pointcloud_publisher.pc'
[7.276s] Level 1:colcon.colcon_core.environment:checking '/home/yahboom/intro_ws/install/examples_rclpy_pointcloud_publisher/lib/python3.10/site-packages'
[7.276s] Level 1:colcon.colcon_core.shell:create_environment_hook('examples_rclpy_pointcloud_publisher', 'pythonpath')
[7.276s] INFO:colcon.colcon_core.shell:Creating environment hook '/home/yahboom/intro_ws/install/examples_rclpy_pointcloud_publisher/share/examples_rclpy_pointcloud_publisher/hook/pythonpath.ps1'
[7.277s] INFO:colcon.colcon_core.shell:Creating environment descriptor '/home/yahboom/intro_ws/install/examples_rclpy_pointcloud_publisher/share/examples_rclpy_pointcloud_publisher/hook/pythonpath.dsv'
[7.278s] INFO:colcon.colcon_core.shell:Creating environment hook '/home/yahboom/intro_ws/install/examples_rclpy_pointcloud_publisher/share/examples_rclpy_pointcloud_publisher/hook/pythonpath.sh'
[7.279s] Level 1:colcon.colcon_core.environment:checking '/home/yahboom/intro_ws/install/examples_rclpy_pointcloud_publisher/bin'
[7.279s] Level 1:colcon.colcon_core.environment:create_environment_scripts_only(examples_rclpy_pointcloud_publisher)
[7.279s] INFO:colcon.colcon_core.shell:Creating package script '/home/yahboom/intro_ws/install/examples_rclpy_pointcloud_publisher/share/examples_rclpy_pointcloud_publisher/package.ps1'
[7.280s] INFO:colcon.colcon_core.shell:Creating package descriptor '/home/yahboom/intro_ws/install/examples_rclpy_pointcloud_publisher/share/examples_rclpy_pointcloud_publisher/package.dsv'
[7.280s] INFO:colcon.colcon_core.shell:Creating package script '/home/yahboom/intro_ws/install/examples_rclpy_pointcloud_publisher/share/examples_rclpy_pointcloud_publisher/package.sh'
[7.281s] INFO:colcon.colcon_core.shell:Creating package script '/home/yahboom/intro_ws/install/examples_rclpy_pointcloud_publisher/share/examples_rclpy_pointcloud_publisher/package.bash'
[7.282s] INFO:colcon.colcon_core.shell:Creating package script '/home/yahboom/intro_ws/install/examples_rclpy_pointcloud_publisher/share/examples_rclpy_pointcloud_publisher/package.zsh'
[7.282s] Level 1:colcon.colcon_core.environment:create_file_with_runtime_dependencies(/home/yahboom/intro_ws/install/examples_rclpy_pointcloud_publisher/share/colcon-core/packages/examples_rclpy_pointcloud_publisher)
[7.283s] INFO:colcon.colcon_ros.task.ament_python.build:Building ROS package in '/home/yahboom/intro_ws/src/time_tf2_py' with build type 'ament_python'
[7.283s] Level 1:colcon.colcon_core.shell:create_environment_hook('time_tf2_py', 'ament_prefix_path')
[7.283s] INFO:colcon.colcon_core.shell:Creating environment hook '/home/yahboom/intro_ws/install/time_tf2_py/share/time_tf2_py/hook/ament_prefix_path.ps1'
[7.284s] INFO:colcon.colcon_core.shell:Creating environment descriptor '/home/yahboom/intro_ws/install/time_tf2_py/share/time_tf2_py/hook/ament_prefix_path.dsv'
[7.284s] INFO:colcon.colcon_core.shell:Creating environment hook '/home/yahboom/intro_ws/install/time_tf2_py/share/time_tf2_py/hook/ament_prefix_path.sh'
[7.285s] INFO:colcon.colcon_core.shell:Skip shell extension 'powershell' for command environment: Not usable outside of PowerShell
[7.285s] DEBUG:colcon.colcon_core.shell:Skip shell extension 'dsv' for command environment
[7.594s] INFO:colcon.colcon_core.task.python.build:Building Python package in '/home/yahboom/intro_ws/src/time_tf2_py'
[7.594s] INFO:colcon.colcon_core.shell:Skip shell extension 'powershell' for command environment: Not usable outside of PowerShell
[7.594s] DEBUG:colcon.colcon_core.shell:Skip shell extension 'dsv' for command environment
[7.607s] Level 1:colcon.colcon_core.shell:create_environment_hook('launch_testing_examples', 'pythonpath_develop')
[7.608s] INFO:colcon.colcon_core.shell:Creating environment hook '/home/yahboom/intro_ws/build/launch_testing_examples/share/launch_testing_examples/hook/pythonpath_develop.ps1'
[7.609s] DEBUG:colcon.colcon_core.event_handler.log_command:Invoking command in '/home/yahboom/intro_ws/build/test_tf2_py': PYTHONPATH=/home/yahboom/intro_ws/build/test_tf2_py/prefix_override:/home/yahboom/intro_ws/install/test_tf2_py/lib/python3.10/site-packages:${PYTHONPATH} /usr/bin/python3 -W ignore:setup.py install is deprecated setup.py develop --editable --build-directory /home/yahboom/intro_ws/build/test_tf2_py/build --no-deps symlink_data
[7.609s] DEBUG:colcon.colcon_core.event_handler.log_command:Invoked command in '/home/yahboom/intro_ws/build/launch_testing_examples' returned '0': PYTHONPATH=/home/yahboom/intro_ws/build/launch_testing_examples/prefix_override:/home/yahboom/intro_ws/install/launch_testing_examples/lib/python3.10/site-packages:${PYTHONPATH} /usr/bin/python3 -W ignore:setup.py install is deprecated setup.py develop --editable --build-directory /home/yahboom/intro_ws/build/launch_testing_examples/build --no-deps symlink_data
[7.609s] INFO:colcon.colcon_core.shell:Creating environment descriptor '/home/yahboom/intro_ws/build/launch_testing_examples/share/launch_testing_examples/hook/pythonpath_develop.dsv'
[7.609s] INFO:colcon.colcon_core.shell:Creating environment hook '/home/yahboom/intro_ws/build/launch_testing_examples/share/launch_testing_examples/hook/pythonpath_develop.sh'
[7.610s] Level 1:colcon.colcon_core.environment:checking '/home/yahboom/intro_ws/install/launch_testing_examples' for CMake module files
[7.611s] Level 1:colcon.colcon_core.environment:checking '/home/yahboom/intro_ws/install/launch_testing_examples' for CMake config files
[7.611s] Level 1:colcon.colcon_core.environment:checking '/home/yahboom/intro_ws/install/launch_testing_examples/lib'
[7.611s] Level 1:colcon.colcon_core.environment:checking '/home/yahboom/intro_ws/install/launch_testing_examples/bin'
[7.611s] Level 1:colcon.colcon_core.environment:checking '/home/yahboom/intro_ws/install/launch_testing_examples/lib/pkgconfig/launch_testing_examples.pc'
[7.611s] Level 1:colcon.colcon_core.environment:checking '/home/yahboom/intro_ws/install/launch_testing_examples/lib/python3.10/site-packages'
[7.611s] Level 1:colcon.colcon_core.shell:create_environment_hook('launch_testing_examples', 'pythonpath')
[7.611s] INFO:colcon.colcon_core.shell:Creating environment hook '/home/yahboom/intro_ws/install/launch_testing_examples/share/launch_testing_examples/hook/pythonpath.ps1'
[7.612s] INFO:colcon.colcon_core.shell:Creating environment descriptor '/home/yahboom/intro_ws/install/launch_testing_examples/share/launch_testing_examples/hook/pythonpath.dsv'
[7.613s] INFO:colcon.colcon_core.shell:Creating environment hook '/home/yahboom/intro_ws/install/launch_testing_examples/share/launch_testing_examples/hook/pythonpath.sh'
[7.613s] Level 1:colcon.colcon_core.environment:checking '/home/yahboom/intro_ws/install/launch_testing_examples/bin'
[7.613s] Level 1:colcon.colcon_core.environment:create_environment_scripts_only(launch_testing_examples)
[7.614s] INFO:colcon.colcon_core.shell:Creating package script '/home/yahboom/intro_ws/install/launch_testing_examples/share/launch_testing_examples/package.ps1'
[7.614s] INFO:colcon.colcon_core.shell:Creating package descriptor '/home/yahboom/intro_ws/install/launch_testing_examples/share/launch_testing_examples/package.dsv'
[7.615s] INFO:colcon.colcon_core.shell:Creating package script '/home/yahboom/intro_ws/install/launch_testing_examples/share/launch_testing_examples/package.sh'
[7.616s] INFO:colcon.colcon_core.shell:Creating package script '/home/yahboom/intro_ws/install/launch_testing_examples/share/launch_testing_examples/package.bash'
[7.616s] INFO:colcon.colcon_core.shell:Creating package script '/home/yahboom/intro_ws/install/launch_testing_examples/share/launch_testing_examples/package.zsh'
[7.617s] Level 1:colcon.colcon_core.environment:create_file_with_runtime_dependencies(/home/yahboom/intro_ws/install/launch_testing_examples/share/colcon-core/packages/launch_testing_examples)
[7.618s] INFO:colcon.colcon_ros.task.ament_python.build:Building ROS package in '/home/yahboom/intro_ws/src/turtle_test' with build type 'ament_python'
[7.618s] Level 1:colcon.colcon_core.shell:create_environment_hook('turtle_test', 'ament_prefix_path')
[7.618s] INFO:colcon.colcon_core.shell:Creating environment hook '/home/yahboom/intro_ws/install/turtle_test/share/turtle_test/hook/ament_prefix_path.ps1'
[7.619s] INFO:colcon.colcon_core.shell:Creating environment descriptor '/home/yahboom/intro_ws/install/turtle_test/share/turtle_test/hook/ament_prefix_path.dsv'
[7.620s] INFO:colcon.colcon_core.shell:Creating environment hook '/home/yahboom/intro_ws/install/turtle_test/share/turtle_test/hook/ament_prefix_path.sh'
[7.621s] INFO:colcon.colcon_core.shell:Skip shell extension 'powershell' for command environment: Not usable outside of PowerShell
[7.621s] DEBUG:colcon.colcon_core.shell:Skip shell extension 'dsv' for command environment
[7.926s] INFO:colcon.colcon_core.task.python.build:Building Python package in '/home/yahboom/intro_ws/src/turtle_test'
[7.926s] INFO:colcon.colcon_core.shell:Skip shell extension 'powershell' for command environment: Not usable outside of PowerShell
[7.926s] DEBUG:colcon.colcon_core.shell:Skip shell extension 'dsv' for command environment
[7.938s] Level 1:colcon.colcon_core.shell:create_environment_hook('python_parameters', 'pythonpath_develop')
[7.939s] DEBUG:colcon.colcon_core.event_handler.log_command:Invoked command in '/home/yahboom/intro_ws/build/python_parameters' returned '0': PYTHONPATH=/home/yahboom/intro_ws/build/python_parameters/prefix_override:/home/yahboom/intro_ws/install/python_parameters/lib/python3.10/site-packages:${PYTHONPATH} /usr/bin/python3 -W ignore:setup.py install is deprecated setup.py develop --editable --build-directory /home/yahboom/intro_ws/build/python_parameters/build --no-deps symlink_data
[7.939s] INFO:colcon.colcon_core.shell:Creating environment hook '/home/yahboom/intro_ws/build/python_parameters/share/python_parameters/hook/pythonpath_develop.ps1'
[7.940s] INFO:colcon.colcon_core.shell:Creating environment descriptor '/home/yahboom/intro_ws/build/python_parameters/share/python_parameters/hook/pythonpath_develop.dsv'
[7.941s] INFO:colcon.colcon_core.shell:Creating environment hook '/home/yahboom/intro_ws/build/python_parameters/share/python_parameters/hook/pythonpath_develop.sh'
[7.942s] Level 1:colcon.colcon_core.environment:checking '/home/yahboom/intro_ws/install/python_parameters' for CMake module files
[7.942s] Level 1:colcon.colcon_core.environment:checking '/home/yahboom/intro_ws/install/python_parameters' for CMake config files
[7.942s] Level 1:colcon.colcon_core.environment:checking '/home/yahboom/intro_ws/install/python_parameters/lib'
[7.942s] Level 1:colcon.colcon_core.environment:checking '/home/yahboom/intro_ws/install/python_parameters/bin'
[7.942s] Level 1:colcon.colcon_core.environment:checking '/home/yahboom/intro_ws/install/python_parameters/lib/pkgconfig/python_parameters.pc'
[7.943s] Level 1:colcon.colcon_core.environment:checking '/home/yahboom/intro_ws/install/python_parameters/lib/python3.10/site-packages'
[7.943s] Level 1:colcon.colcon_core.shell:create_environment_hook('python_parameters', 'pythonpath')
[7.943s] INFO:colcon.colcon_core.shell:Creating environment hook '/home/yahboom/intro_ws/install/python_parameters/share/python_parameters/hook/pythonpath.ps1'
[7.943s] INFO:colcon.colcon_core.shell:Creating environment descriptor '/home/yahboom/intro_ws/install/python_parameters/share/python_parameters/hook/pythonpath.dsv'
[7.944s] INFO:colcon.colcon_core.shell:Creating environment hook '/home/yahboom/intro_ws/install/python_parameters/share/python_parameters/hook/pythonpath.sh'
[7.945s] Level 1:colcon.colcon_core.environment:checking '/home/yahboom/intro_ws/install/python_parameters/bin'
[7.945s] Level 1:colcon.colcon_core.environment:create_environment_scripts_only(python_parameters)
[7.945s] INFO:colcon.colcon_core.shell:Creating package script '/home/yahboom/intro_ws/install/python_parameters/share/python_parameters/package.ps1'
[7.946s] INFO:colcon.colcon_core.shell:Creating package descriptor '/home/yahboom/intro_ws/install/python_parameters/share/python_parameters/package.dsv'
[7.947s] INFO:colcon.colcon_core.shell:Creating package script '/home/yahboom/intro_ws/install/python_parameters/share/python_parameters/package.sh'
[7.948s] INFO:colcon.colcon_core.shell:Creating package script '/home/yahboom/intro_ws/install/python_parameters/share/python_parameters/package.bash'
[7.949s] INFO:colcon.colcon_core.shell:Creating package script '/home/yahboom/intro_ws/install/python_parameters/share/python_parameters/package.zsh'
[7.949s] Level 1:colcon.colcon_core.environment:create_file_with_runtime_dependencies(/home/yahboom/intro_ws/install/python_parameters/share/colcon-core/packages/python_parameters)
[7.995s] DEBUG:colcon.colcon_core.event_handler.log_command:Invoking command in '/home/yahboom/intro_ws/build/time_tf2_py': PYTHONPATH=/home/yahboom/intro_ws/build/time_tf2_py/prefix_override:/home/yahboom/intro_ws/install/time_tf2_py/lib/python3.10/site-packages:${PYTHONPATH} /usr/bin/python3 -W ignore:setup.py install is deprecated setup.py develop --editable --build-directory /home/yahboom/intro_ws/build/time_tf2_py/build --no-deps symlink_data
[8.104s] Level 1:colcon.colcon_core.shell:create_environment_hook('test_tf2_py', 'pythonpath_develop')
[8.104s] INFO:colcon.colcon_core.shell:Creating environment hook '/home/yahboom/intro_ws/build/test_tf2_py/share/test_tf2_py/hook/pythonpath_develop.ps1'
[8.105s] DEBUG:colcon.colcon_core.event_handler.log_command:Invoked command in '/home/yahboom/intro_ws/build/test_tf2_py' returned '0': PYTHONPATH=/home/yahboom/intro_ws/build/test_tf2_py/prefix_override:/home/yahboom/intro_ws/install/test_tf2_py/lib/python3.10/site-packages:${PYTHONPATH} /usr/bin/python3 -W ignore:setup.py install is deprecated setup.py develop --editable --build-directory /home/yahboom/intro_ws/build/test_tf2_py/build --no-deps symlink_data
[8.106s] INFO:colcon.colcon_core.shell:Creating environment descriptor '/home/yahboom/intro_ws/build/test_tf2_py/share/test_tf2_py/hook/pythonpath_develop.dsv'
[8.107s] INFO:colcon.colcon_core.shell:Creating environment hook '/home/yahboom/intro_ws/build/test_tf2_py/share/test_tf2_py/hook/pythonpath_develop.sh'
[8.108s] Level 1:colcon.colcon_core.environment:checking '/home/yahboom/intro_ws/install/test_tf2_py' for CMake module files
[8.108s] Level 1:colcon.colcon_core.environment:checking '/home/yahboom/intro_ws/install/test_tf2_py' for CMake config files
[8.108s] Level 1:colcon.colcon_core.environment:checking '/home/yahboom/intro_ws/install/test_tf2_py/lib'
[8.108s] Level 1:colcon.colcon_core.environment:checking '/home/yahboom/intro_ws/install/test_tf2_py/bin'
[8.108s] Level 1:colcon.colcon_core.environment:checking '/home/yahboom/intro_ws/install/test_tf2_py/lib/pkgconfig/test_tf2_py.pc'
[8.109s] Level 1:colcon.colcon_core.environment:checking '/home/yahboom/intro_ws/install/test_tf2_py/lib/python3.10/site-packages'
[8.109s] Level 1:colcon.colcon_core.shell:create_environment_hook('test_tf2_py', 'pythonpath')
[8.109s] INFO:colcon.colcon_core.shell:Creating environment hook '/home/yahboom/intro_ws/install/test_tf2_py/share/test_tf2_py/hook/pythonpath.ps1'
[8.110s] INFO:colcon.colcon_core.shell:Creating environment descriptor '/home/yahboom/intro_ws/install/test_tf2_py/share/test_tf2_py/hook/pythonpath.dsv'
[8.110s] INFO:colcon.colcon_core.shell:Creating environment hook '/home/yahboom/intro_ws/install/test_tf2_py/share/test_tf2_py/hook/pythonpath.sh'
[8.111s] Level 1:colcon.colcon_core.environment:checking '/home/yahboom/intro_ws/install/test_tf2_py/bin'
[8.111s] Level 1:colcon.colcon_core.environment:create_environment_scripts_only(test_tf2_py)
[8.111s] INFO:colcon.colcon_core.shell:Creating package script '/home/yahboom/intro_ws/install/test_tf2_py/share/test_tf2_py/package.ps1'
[8.112s] INFO:colcon.colcon_core.shell:Creating package descriptor '/home/yahboom/intro_ws/install/test_tf2_py/share/test_tf2_py/package.dsv'
[8.113s] INFO:colcon.colcon_core.shell:Creating package script '/home/yahboom/intro_ws/install/test_tf2_py/share/test_tf2_py/package.sh'
[8.114s] INFO:colcon.colcon_core.shell:Creating package script '/home/yahboom/intro_ws/install/test_tf2_py/share/test_tf2_py/package.bash'
[8.114s] INFO:colcon.colcon_core.shell:Creating package script '/home/yahboom/intro_ws/install/test_tf2_py/share/test_tf2_py/package.zsh'
[8.115s] Level 1:colcon.colcon_core.environment:create_file_with_runtime_dependencies(/home/yahboom/intro_ws/install/test_tf2_py/share/colcon-core/packages/test_tf2_py)
[8.328s] DEBUG:colcon.colcon_core.event_handler.log_command:Invoking command in '/home/yahboom/intro_ws/build/turtle_test': LD_LIBRARY_PATH=/home/yahboom/intro_ws/install/turtle_interfaces/lib:/home/yahboom/intro_ws/install/examples_rclcpp_wait_set/lib:/home/yahboom/intro_ws/install/examples_rclcpp_minimal_subscriber/lib:/home/yahboom/intro_ws/install/examples_rclcpp_minimal_composition/lib:/home/yahboom/cartoros2/install/yahboom_web_savmap_interfaces/lib:/home/yahboom/cartoros2/install/yahboom_msgs/lib:/home/yahboom/cartoros2/install/yahboom_color_identify_interfaces/lib:/home/yahboom/cartoros2/install/yahboom_attitude_record_interfaces/lib:/home/yahboom/cartoros2/install/nav2_smoother/lib:/home/yahboom/cartoros2/install/nav2_graceful_controller/lib:/home/yahboom/cartoros2/install/nav2_controller/lib:/home/yahboom/cartoros2/install/dwb_plugins/lib:/home/yahboom/cartoros2/install/dwb_critics/lib:/home/yahboom/cartoros2/install/dwb_core/lib:/home/yahboom/cartoros2/install/nav_2d_utils/lib:/home/yahboom/cartoros2/install/dwb_msgs/lib:/home/yahboom/cartoros2/install/nav_2d_msgs/lib:/home/yahboom/cartoros2/install/nav2_waypoint_follower/lib:/home/yahboom/cartoros2/install/nav2_theta_star_planner/lib:/home/yahboom/cartoros2/install/nav2_smac_planner/lib:/home/yahboom/cartoros2/install/nav2_rotation_shim_controller/lib:/home/yahboom/cartoros2/install/nav2_regulated_pure_pursuit_controller/lib:/home/yahboom/cartoros2/install/nav2_planner/lib:/home/yahboom/cartoros2/install/nav2_navfn_planner/lib:/home/yahboom/cartoros2/install/nav2_mppi_controller/lib:/home/yahboom/cartoros2/install/nav2_constrained_smoother/lib:/home/yahboom/cartoros2/install/nav2_bt_navigator/lib:/home/yahboom/cartoros2/install/nav2_behaviors/lib:/home/yahboom/cartoros2/install/nav2_collision_monitor/lib:/home/yahboom/cartoros2/install/costmap_queue/lib:/home/yahboom/cartoros2/install/nav2_costmap_2d/lib:/home/yahboom/cartoros2/install/nav2_voxel_grid/lib:/home/yahboom/cartoros2/install/nav2_velocity_smoother/lib:/home/yahboom/cartoros2/install/nav2_rviz_plugins/lib:/home/yahboom/cartoros2/install/nav2_map_server/lib:/home/yahboom/cartoros2/install/nav2_lifecycle_manager/lib:/home/yahboom/cartoros2/install/nav2_behavior_tree/lib:/home/yahboom/cartoros2/install/nav2_amcl/lib:/home/yahboom/cartoros2/install/nav2_util/lib:/home/yahboom/cartoros2/install/nav2_msgs/lib:/home/yahboom/cartoros2/install/image_color_lab/lib:/home/yahboom/cartoros2/install/dynamixel_sdk_custom_interfaces/lib:/home/yahboom/cartoros2/install/dynamixel_sdk/lib:/home/yahboom/cartoros2/install/csm/lib:/home/yahboom/cartoros2/install/champ_msgs/lib:/home/yahboom/cartoros2/install/cartographer_ros_msgs/lib:/home/yahboom/yahboomcar_ws/install/yahboom_dog_msgs/lib:/home/yahboom/yahboomcar_ws/install/dynamixel_sdk_custom_interfaces/lib:/home/yahboom/yahboomcar_ws/install/dynamixel_sdk/lib:/home/yahboom/yahboomcar_ws/install/champ_msgs/lib:/home/yahboom/gmapping_ws/install/openslam_gmapping/lib:/usr/lib/x86_64-linux-gnu/gazebo-11/plugins:/opt/ros/humble/opt/rviz_ogre_vendor/lib:/opt/ros/humble/lib/x86_64-linux-gnu:/opt/ros/humble/lib:/opt/ros/humble/include/std_msgs/std_msgs/msg/:/usr/lib/jvm/java-11-openjdk-amd64/lib/:/usr/lib/jvm/java-11-openjdk-amd64/lib/server/ PYTHONPATH=/home/yahboom/intro_ws/build/turtle_test/prefix_override:/home/yahboom/intro_ws/install/turtle_test/lib/python3.10/site-packages:${PYTHONPATH} /usr/bin/python3 -W ignore:setup.py install is deprecated setup.py develop --editable --build-directory /home/yahboom/intro_ws/build/turtle_test/build --no-deps symlink_data
[8.499s] Level 1:colcon.colcon_core.shell:create_environment_hook('time_tf2_py', 'pythonpath_develop')
[8.500s] INFO:colcon.colcon_core.shell:Creating environment hook '/home/yahboom/intro_ws/build/time_tf2_py/share/time_tf2_py/hook/pythonpath_develop.ps1'
[8.500s] DEBUG:colcon.colcon_core.event_handler.log_command:Invoked command in '/home/yahboom/intro_ws/build/time_tf2_py' returned '0': PYTHONPATH=/home/yahboom/intro_ws/build/time_tf2_py/prefix_override:/home/yahboom/intro_ws/install/time_tf2_py/lib/python3.10/site-packages:${PYTHONPATH} /usr/bin/python3 -W ignore:setup.py install is deprecated setup.py develop --editable --build-directory /home/yahboom/intro_ws/build/time_tf2_py/build --no-deps symlink_data
[8.502s] INFO:colcon.colcon_core.shell:Creating environment descriptor '/home/yahboom/intro_ws/build/time_tf2_py/share/time_tf2_py/hook/pythonpath_develop.dsv'
[8.503s] INFO:colcon.colcon_core.shell:Creating environment hook '/home/yahboom/intro_ws/build/time_tf2_py/share/time_tf2_py/hook/pythonpath_develop.sh'
[8.504s] Level 1:colcon.colcon_core.environment:checking '/home/yahboom/intro_ws/install/time_tf2_py' for CMake module files
[8.504s] Level 1:colcon.colcon_core.environment:checking '/home/yahboom/intro_ws/install/time_tf2_py' for CMake config files
[8.505s] Level 1:colcon.colcon_core.environment:checking '/home/yahboom/intro_ws/install/time_tf2_py/lib'
[8.505s] Level 1:colcon.colcon_core.environment:checking '/home/yahboom/intro_ws/install/time_tf2_py/bin'
[8.505s] Level 1:colcon.colcon_core.environment:checking '/home/yahboom/intro_ws/install/time_tf2_py/lib/pkgconfig/time_tf2_py.pc'
[8.505s] Level 1:colcon.colcon_core.environment:checking '/home/yahboom/intro_ws/install/time_tf2_py/lib/python3.10/site-packages'
[8.505s] Level 1:colcon.colcon_core.shell:create_environment_hook('time_tf2_py', 'pythonpath')
[8.505s] INFO:colcon.colcon_core.shell:Creating environment hook '/home/yahboom/intro_ws/install/time_tf2_py/share/time_tf2_py/hook/pythonpath.ps1'
[8.506s] INFO:colcon.colcon_core.shell:Creating environment descriptor '/home/yahboom/intro_ws/install/time_tf2_py/share/time_tf2_py/hook/pythonpath.dsv'
[8.506s] INFO:colcon.colcon_core.shell:Creating environment hook '/home/yahboom/intro_ws/install/time_tf2_py/share/time_tf2_py/hook/pythonpath.sh'
[8.507s] Level 1:colcon.colcon_core.environment:checking '/home/yahboom/intro_ws/install/time_tf2_py/bin'
[8.508s] Level 1:colcon.colcon_core.environment:create_environment_scripts_only(time_tf2_py)
[8.508s] INFO:colcon.colcon_core.shell:Creating package script '/home/yahboom/intro_ws/install/time_tf2_py/share/time_tf2_py/package.ps1'
[8.509s] INFO:colcon.colcon_core.shell:Creating package descriptor '/home/yahboom/intro_ws/install/time_tf2_py/share/time_tf2_py/package.dsv'
[8.509s] INFO:colcon.colcon_core.shell:Creating package script '/home/yahboom/intro_ws/install/time_tf2_py/share/time_tf2_py/package.sh'
[8.510s] INFO:colcon.colcon_core.shell:Creating package script '/home/yahboom/intro_ws/install/time_tf2_py/share/time_tf2_py/package.bash'
[8.511s] INFO:colcon.colcon_core.shell:Creating package script '/home/yahboom/intro_ws/install/time_tf2_py/share/time_tf2_py/package.zsh'
[8.511s] Level 1:colcon.colcon_core.environment:create_file_with_runtime_dependencies(/home/yahboom/intro_ws/install/time_tf2_py/share/colcon-core/packages/time_tf2_py)
[8.822s] Level 1:colcon.colcon_core.shell:create_environment_hook('turtle_test', 'pythonpath_develop')
[8.823s] INFO:colcon.colcon_core.shell:Creating environment hook '/home/yahboom/intro_ws/build/turtle_test/share/turtle_test/hook/pythonpath_develop.ps1'
[8.824s] DEBUG:colcon.colcon_core.event_handler.log_command:Invoked command in '/home/yahboom/intro_ws/build/turtle_test' returned '0': LD_LIBRARY_PATH=/home/yahboom/intro_ws/install/turtle_interfaces/lib:/home/yahboom/intro_ws/install/examples_rclcpp_wait_set/lib:/home/yahboom/intro_ws/install/examples_rclcpp_minimal_subscriber/lib:/home/yahboom/intro_ws/install/examples_rclcpp_minimal_composition/lib:/home/yahboom/cartoros2/install/yahboom_web_savmap_interfaces/lib:/home/yahboom/cartoros2/install/yahboom_msgs/lib:/home/yahboom/cartoros2/install/yahboom_color_identify_interfaces/lib:/home/yahboom/cartoros2/install/yahboom_attitude_record_interfaces/lib:/home/yahboom/cartoros2/install/nav2_smoother/lib:/home/yahboom/cartoros2/install/nav2_graceful_controller/lib:/home/yahboom/cartoros2/install/nav2_controller/lib:/home/yahboom/cartoros2/install/dwb_plugins/lib:/home/yahboom/cartoros2/install/dwb_critics/lib:/home/yahboom/cartoros2/install/dwb_core/lib:/home/yahboom/cartoros2/install/nav_2d_utils/lib:/home/yahboom/cartoros2/install/dwb_msgs/lib:/home/yahboom/cartoros2/install/nav_2d_msgs/lib:/home/yahboom/cartoros2/install/nav2_waypoint_follower/lib:/home/yahboom/cartoros2/install/nav2_theta_star_planner/lib:/home/yahboom/cartoros2/install/nav2_smac_planner/lib:/home/yahboom/cartoros2/install/nav2_rotation_shim_controller/lib:/home/yahboom/cartoros2/install/nav2_regulated_pure_pursuit_controller/lib:/home/yahboom/cartoros2/install/nav2_planner/lib:/home/yahboom/cartoros2/install/nav2_navfn_planner/lib:/home/yahboom/cartoros2/install/nav2_mppi_controller/lib:/home/yahboom/cartoros2/install/nav2_constrained_smoother/lib:/home/yahboom/cartoros2/install/nav2_bt_navigator/lib:/home/yahboom/cartoros2/install/nav2_behaviors/lib:/home/yahboom/cartoros2/install/nav2_collision_monitor/lib:/home/yahboom/cartoros2/install/costmap_queue/lib:/home/yahboom/cartoros2/install/nav2_costmap_2d/lib:/home/yahboom/cartoros2/install/nav2_voxel_grid/lib:/home/yahboom/cartoros2/install/nav2_velocity_smoother/lib:/home/yahboom/cartoros2/install/nav2_rviz_plugins/lib:/home/yahboom/cartoros2/install/nav2_map_server/lib:/home/yahboom/cartoros2/install/nav2_lifecycle_manager/lib:/home/yahboom/cartoros2/install/nav2_behavior_tree/lib:/home/yahboom/cartoros2/install/nav2_amcl/lib:/home/yahboom/cartoros2/install/nav2_util/lib:/home/yahboom/cartoros2/install/nav2_msgs/lib:/home/yahboom/cartoros2/install/image_color_lab/lib:/home/yahboom/cartoros2/install/dynamixel_sdk_custom_interfaces/lib:/home/yahboom/cartoros2/install/dynamixel_sdk/lib:/home/yahboom/cartoros2/install/csm/lib:/home/yahboom/cartoros2/install/champ_msgs/lib:/home/yahboom/cartoros2/install/cartographer_ros_msgs/lib:/home/yahboom/yahboomcar_ws/install/yahboom_dog_msgs/lib:/home/yahboom/yahboomcar_ws/install/dynamixel_sdk_custom_interfaces/lib:/home/yahboom/yahboomcar_ws/install/dynamixel_sdk/lib:/home/yahboom/yahboomcar_ws/install/champ_msgs/lib:/home/yahboom/gmapping_ws/install/openslam_gmapping/lib:/usr/lib/x86_64-linux-gnu/gazebo-11/plugins:/opt/ros/humble/opt/rviz_ogre_vendor/lib:/opt/ros/humble/lib/x86_64-linux-gnu:/opt/ros/humble/lib:/opt/ros/humble/include/std_msgs/std_msgs/msg/:/usr/lib/jvm/java-11-openjdk-amd64/lib/:/usr/lib/jvm/java-11-openjdk-amd64/lib/server/ PYTHONPATH=/home/yahboom/intro_ws/build/turtle_test/prefix_override:/home/yahboom/intro_ws/install/turtle_test/lib/python3.10/site-packages:${PYTHONPATH} /usr/bin/python3 -W ignore:setup.py install is deprecated setup.py develop --editable --build-directory /home/yahboom/intro_ws/build/turtle_test/build --no-deps symlink_data
[8.825s] INFO:colcon.colcon_core.shell:Creating environment descriptor '/home/yahboom/intro_ws/build/turtle_test/share/turtle_test/hook/pythonpath_develop.dsv'
[8.825s] INFO:colcon.colcon_core.shell:Creating environment hook '/home/yahboom/intro_ws/build/turtle_test/share/turtle_test/hook/pythonpath_develop.sh'
[8.826s] Level 1:colcon.colcon_core.environment:checking '/home/yahboom/intro_ws/install/turtle_test' for CMake module files
[8.827s] Level 1:colcon.colcon_core.environment:checking '/home/yahboom/intro_ws/install/turtle_test' for CMake config files
[8.827s] Level 1:colcon.colcon_core.environment:checking '/home/yahboom/intro_ws/install/turtle_test/lib'
[8.827s] Level 1:colcon.colcon_core.environment:checking '/home/yahboom/intro_ws/install/turtle_test/bin'
[8.827s] Level 1:colcon.colcon_core.environment:checking '/home/yahboom/intro_ws/install/turtle_test/lib/pkgconfig/turtle_test.pc'
[8.827s] Level 1:colcon.colcon_core.environment:checking '/home/yahboom/intro_ws/install/turtle_test/lib/python3.10/site-packages'
[8.827s] Level 1:colcon.colcon_core.shell:create_environment_hook('turtle_test', 'pythonpath')
[8.827s] INFO:colcon.colcon_core.shell:Creating environment hook '/home/yahboom/intro_ws/install/turtle_test/share/turtle_test/hook/pythonpath.ps1'
[8.828s] INFO:colcon.colcon_core.shell:Creating environment descriptor '/home/yahboom/intro_ws/install/turtle_test/share/turtle_test/hook/pythonpath.dsv'
[8.829s] INFO:colcon.colcon_core.shell:Creating environment hook '/home/yahboom/intro_ws/install/turtle_test/share/turtle_test/hook/pythonpath.sh'
[8.830s] Level 1:colcon.colcon_core.environment:checking '/home/yahboom/intro_ws/install/turtle_test/bin'
[8.830s] Level 1:colcon.colcon_core.environment:create_environment_scripts_only(turtle_test)
[8.830s] INFO:colcon.colcon_core.shell:Creating package script '/home/yahboom/intro_ws/install/turtle_test/share/turtle_test/package.ps1'
[8.831s] INFO:colcon.colcon_core.shell:Creating package descriptor '/home/yahboom/intro_ws/install/turtle_test/share/turtle_test/package.dsv'
[8.831s] INFO:colcon.colcon_core.shell:Creating package script '/home/yahboom/intro_ws/install/turtle_test/share/turtle_test/package.sh'
[8.832s] INFO:colcon.colcon_core.shell:Creating package script '/home/yahboom/intro_ws/install/turtle_test/share/turtle_test/package.bash'
[8.833s] INFO:colcon.colcon_core.shell:Creating package script '/home/yahboom/intro_ws/install/turtle_test/share/turtle_test/package.zsh'
[8.833s] Level 1:colcon.colcon_core.environment:create_file_with_runtime_dependencies(/home/yahboom/intro_ws/install/turtle_test/share/colcon-core/packages/turtle_test)
[8.834s] DEBUG:colcon.colcon_parallel_executor.executor.parallel:closing loop
[8.834s] DEBUG:colcon.colcon_parallel_executor.executor.parallel:loop closed
[8.834s] DEBUG:colcon.colcon_parallel_executor.executor.parallel:run_until_complete finished with '0'
[8.834s] DEBUG:colcon.colcon_core.event_reactor:joining thread
[8.844s] INFO:colcon.colcon_core.plugin_system:Skipping extension 'colcon_notification.desktop_notification.terminal_notifier': Not used on non-Darwin systems
[8.844s] INFO:colcon.colcon_core.plugin_system:Skipping extension 'colcon_notification.desktop_notification.win32': Not used on non-Windows systems
[8.844s] INFO:colcon.colcon_notification.desktop_notification:Sending desktop notification using 'notify2'
[8.856s] DEBUG:colcon.colcon_core.event_reactor:joined thread
[8.857s] INFO:colcon.colcon_core.shell:Creating prefix script '/home/yahboom/intro_ws/install/local_setup.ps1'
[8.859s] INFO:colcon.colcon_core.shell:Creating prefix util module '/home/yahboom/intro_ws/install/_local_setup_util_ps1.py'
[8.861s] INFO:colcon.colcon_core.shell:Creating prefix chain script '/home/yahboom/intro_ws/install/setup.ps1'
[8.866s] INFO:colcon.colcon_core.shell:Creating prefix script '/home/yahboom/intro_ws/install/local_setup.sh'
[8.867s] INFO:colcon.colcon_core.shell:Creating prefix util module '/home/yahboom/intro_ws/install/_local_setup_util_sh.py'
[8.867s] INFO:colcon.colcon_core.shell:Creating prefix chain script '/home/yahboom/intro_ws/install/setup.sh'
[8.873s] INFO:colcon.colcon_core.shell:Creating prefix script '/home/yahboom/intro_ws/install/local_setup.bash'
[8.875s] INFO:colcon.colcon_core.shell:Creating prefix chain script '/home/yahboom/intro_ws/install/setup.bash'
[8.881s] INFO:colcon.colcon_core.shell:Creating prefix script '/home/yahboom/intro_ws/install/local_setup.zsh'
[8.883s] INFO:colcon.colcon_core.shell:Creating prefix chain script '/home/yahboom/intro_ws/install/setup.zsh'
