[0.093s] DEBUG:colcon:Command line arguments: ['/usr/bin/colcon', 'build', '--symlink-install']
[0.093s] DEBUG:colcon:Parsed command line arguments: Namespace(log_base=None, log_level=None, verb_name='build', build_base='build', install_base='install', merge_install=False, symlink_install=True, test_result_base=None, continue_on_error=False, executor='parallel', parallel_workers=4, event_handlers=None, ignore_user_meta=False, metas=['./colcon.meta'], base_paths=['.'], packages_ignore=None, packages_ignore_regex=None, paths=None, packages_up_to=None, packages_up_to_regex=None, packages_above=None, packages_above_and_dependencies=None, packages_above_depth=None, packages_select_by_dep=None, packages_skip_by_dep=None, packages_skip_up_to=None, packages_select_build_failed=False, packages_skip_build_finished=False, packages_select_test_failures=False, packages_skip_test_passed=False, packages_select=None, packages_skip=None, packages_select_regex=None, packages_skip_regex=None, packages_start=None, packages_end=None, allow_overriding=[], cmake_args=None, cmake_target=None, cmake_target_skip_unavailable=False, cmake_clean_cache=False, cmake_clean_first=False, cmake_force_configure=False, ament_cmake_args=None, catkin_cmake_args=None, catkin_skip_building_tests=False, verb_parser=<colcon_defaults.argument_parser.defaults.DefaultArgumentsDecorator object at 0x7c9c25ea89d0>, verb_extension=<colcon_core.verb.build.BuildVerb object at 0x7c9c25ea84c0>, main=<bound method BuildVerb.main of <colcon_core.verb.build.BuildVerb object at 0x7c9c25ea84c0>>)
[0.231s] Level 1:colcon.colcon_core.package_discovery:discover_packages(colcon_meta) check parameters
[0.231s] Level 1:colcon.colcon_core.package_discovery:discover_packages(recursive) check parameters
[0.231s] Level 1:colcon.colcon_core.package_discovery:discover_packages(ignore) check parameters
[0.231s] Level 1:colcon.colcon_core.package_discovery:discover_packages(path) check parameters
[0.231s] Level 1:colcon.colcon_core.package_discovery:discover_packages(colcon_meta) discover
[0.231s] Level 1:colcon.colcon_core.package_discovery:discover_packages(recursive) discover
[0.231s] INFO:colcon.colcon_core.package_discovery:Crawling recursively for packages in '/home/yahboom/intro_ws'
[0.232s] Level 1:colcon.colcon_core.package_identification:_identify(.) by extensions ['ignore', 'ignore_ament_install']
[0.232s] Level 1:colcon.colcon_core.package_identification:_identify(.) by extension 'ignore'
[0.232s] Level 1:colcon.colcon_core.package_identification:_identify(.) by extension 'ignore_ament_install'
[0.232s] Level 1:colcon.colcon_core.package_identification:_identify(.) by extensions ['colcon_pkg']
[0.232s] Level 1:colcon.colcon_core.package_identification:_identify(.) by extension 'colcon_pkg'
[0.232s] Level 1:colcon.colcon_core.package_identification:_identify(.) by extensions ['colcon_meta']
[0.232s] Level 1:colcon.colcon_core.package_identification:_identify(.) by extension 'colcon_meta'
[0.232s] Level 1:colcon.colcon_core.package_identification:_identify(.) by extensions ['ros']
[0.232s] Level 1:colcon.colcon_core.package_identification:_identify(.) by extension 'ros'
[0.241s] Level 1:colcon.colcon_core.package_identification:_identify(.) by extensions ['cmake', 'python']
[0.241s] Level 1:colcon.colcon_core.package_identification:_identify(.) by extension 'cmake'
[0.241s] Level 1:colcon.colcon_core.package_identification:_identify(.) by extension 'python'
[0.241s] Level 1:colcon.colcon_core.package_identification:_identify(.) by extensions ['python_setup_py']
[0.241s] Level 1:colcon.colcon_core.package_identification:_identify(.) by extension 'python_setup_py'
[0.241s] Level 1:colcon.colcon_core.package_identification:_identify(build) by extensions ['ignore', 'ignore_ament_install']
[0.241s] Level 1:colcon.colcon_core.package_identification:_identify(build) by extension 'ignore'
[0.241s] Level 1:colcon.colcon_core.package_identification:_identify(build) ignored
[0.241s] Level 1:colcon.colcon_core.package_identification:_identify(install) by extensions ['ignore', 'ignore_ament_install']
[0.241s] Level 1:colcon.colcon_core.package_identification:_identify(install) by extension 'ignore'
[0.241s] Level 1:colcon.colcon_core.package_identification:_identify(install) ignored
[0.241s] Level 1:colcon.colcon_core.package_identification:_identify(log) by extensions ['ignore', 'ignore_ament_install']
[0.241s] Level 1:colcon.colcon_core.package_identification:_identify(log) by extension 'ignore'
[0.241s] Level 1:colcon.colcon_core.package_identification:_identify(log) ignored
[0.241s] Level 1:colcon.colcon_core.package_identification:_identify(src) by extensions ['ignore', 'ignore_ament_install']
[0.241s] Level 1:colcon.colcon_core.package_identification:_identify(src) by extension 'ignore'
[0.241s] Level 1:colcon.colcon_core.package_identification:_identify(src) by extension 'ignore_ament_install'
[0.241s] Level 1:colcon.colcon_core.package_identification:_identify(src) by extensions ['colcon_pkg']
[0.241s] Level 1:colcon.colcon_core.package_identification:_identify(src) by extension 'colcon_pkg'
[0.241s] Level 1:colcon.colcon_core.package_identification:_identify(src) by extensions ['colcon_meta']
[0.241s] Level 1:colcon.colcon_core.package_identification:_identify(src) by extension 'colcon_meta'
[0.241s] Level 1:colcon.colcon_core.package_identification:_identify(src) by extensions ['ros']
[0.241s] Level 1:colcon.colcon_core.package_identification:_identify(src) by extension 'ros'
[0.241s] Level 1:colcon.colcon_core.package_identification:_identify(src) by extensions ['cmake', 'python']
[0.241s] Level 1:colcon.colcon_core.package_identification:_identify(src) by extension 'cmake'
[0.241s] Level 1:colcon.colcon_core.package_identification:_identify(src) by extension 'python'
[0.241s] Level 1:colcon.colcon_core.package_identification:_identify(src) by extensions ['python_setup_py']
[0.242s] Level 1:colcon.colcon_core.package_identification:_identify(src) by extension 'python_setup_py'
[0.242s] Level 1:colcon.colcon_core.package_identification:_identify(src/examples) by extensions ['ignore', 'ignore_ament_install']
[0.242s] Level 1:colcon.colcon_core.package_identification:_identify(src/examples) by extension 'ignore'
[0.242s] Level 1:colcon.colcon_core.package_identification:_identify(src/examples) by extension 'ignore_ament_install'
[0.242s] Level 1:colcon.colcon_core.package_identification:_identify(src/examples) by extensions ['colcon_pkg']
[0.242s] Level 1:colcon.colcon_core.package_identification:_identify(src/examples) by extension 'colcon_pkg'
[0.242s] Level 1:colcon.colcon_core.package_identification:_identify(src/examples) by extensions ['colcon_meta']
[0.242s] Level 1:colcon.colcon_core.package_identification:_identify(src/examples) by extension 'colcon_meta'
[0.242s] Level 1:colcon.colcon_core.package_identification:_identify(src/examples) by extensions ['ros']
[0.242s] Level 1:colcon.colcon_core.package_identification:_identify(src/examples) by extension 'ros'
[0.242s] Level 1:colcon.colcon_core.package_identification:_identify(src/examples) by extensions ['cmake', 'python']
[0.242s] Level 1:colcon.colcon_core.package_identification:_identify(src/examples) by extension 'cmake'
[0.242s] Level 1:colcon.colcon_core.package_identification:_identify(src/examples) by extension 'python'
[0.242s] Level 1:colcon.colcon_core.package_identification:_identify(src/examples) by extensions ['python_setup_py']
[0.242s] Level 1:colcon.colcon_core.package_identification:_identify(src/examples) by extension 'python_setup_py'
[0.242s] Level 1:colcon.colcon_core.package_identification:_identify(src/examples/launch_testing) by extensions ['ignore', 'ignore_ament_install']
[0.242s] Level 1:colcon.colcon_core.package_identification:_identify(src/examples/launch_testing) by extension 'ignore'
[0.242s] Level 1:colcon.colcon_core.package_identification:_identify(src/examples/launch_testing) by extension 'ignore_ament_install'
[0.242s] Level 1:colcon.colcon_core.package_identification:_identify(src/examples/launch_testing) by extensions ['colcon_pkg']
[0.242s] Level 1:colcon.colcon_core.package_identification:_identify(src/examples/launch_testing) by extension 'colcon_pkg'
[0.242s] Level 1:colcon.colcon_core.package_identification:_identify(src/examples/launch_testing) by extensions ['colcon_meta']
[0.242s] Level 1:colcon.colcon_core.package_identification:_identify(src/examples/launch_testing) by extension 'colcon_meta'
[0.242s] Level 1:colcon.colcon_core.package_identification:_identify(src/examples/launch_testing) by extensions ['ros']
[0.242s] Level 1:colcon.colcon_core.package_identification:_identify(src/examples/launch_testing) by extension 'ros'
[0.242s] Level 1:colcon.colcon_core.package_identification:_identify(src/examples/launch_testing) by extensions ['cmake', 'python']
[0.242s] Level 1:colcon.colcon_core.package_identification:_identify(src/examples/launch_testing) by extension 'cmake'
[0.242s] Level 1:colcon.colcon_core.package_identification:_identify(src/examples/launch_testing) by extension 'python'
[0.242s] Level 1:colcon.colcon_core.package_identification:_identify(src/examples/launch_testing) by extensions ['python_setup_py']
[0.242s] Level 1:colcon.colcon_core.package_identification:_identify(src/examples/launch_testing) by extension 'python_setup_py'
[0.242s] Level 1:colcon.colcon_core.package_identification:_identify(src/examples/launch_testing/launch_testing_examples) by extensions ['ignore', 'ignore_ament_install']
[0.242s] Level 1:colcon.colcon_core.package_identification:_identify(src/examples/launch_testing/launch_testing_examples) by extension 'ignore'
[0.242s] Level 1:colcon.colcon_core.package_identification:_identify(src/examples/launch_testing/launch_testing_examples) by extension 'ignore_ament_install'
[0.242s] Level 1:colcon.colcon_core.package_identification:_identify(src/examples/launch_testing/launch_testing_examples) by extensions ['colcon_pkg']
[0.242s] Level 1:colcon.colcon_core.package_identification:_identify(src/examples/launch_testing/launch_testing_examples) by extension 'colcon_pkg'
[0.242s] Level 1:colcon.colcon_core.package_identification:_identify(src/examples/launch_testing/launch_testing_examples) by extensions ['colcon_meta']
[0.242s] Level 1:colcon.colcon_core.package_identification:_identify(src/examples/launch_testing/launch_testing_examples) by extension 'colcon_meta'
[0.242s] Level 1:colcon.colcon_core.package_identification:_identify(src/examples/launch_testing/launch_testing_examples) by extensions ['ros']
[0.242s] Level 1:colcon.colcon_core.package_identification:_identify(src/examples/launch_testing/launch_testing_examples) by extension 'ros'
[0.245s] DEBUG:colcon.colcon_core.package_identification:Package 'src/examples/launch_testing/launch_testing_examples' with type 'ros.ament_python' and name 'launch_testing_examples'
[0.245s] Level 1:colcon.colcon_core.package_identification:_identify(src/examples/rclcpp) by extensions ['ignore', 'ignore_ament_install']
[0.245s] Level 1:colcon.colcon_core.package_identification:_identify(src/examples/rclcpp) by extension 'ignore'
[0.245s] Level 1:colcon.colcon_core.package_identification:_identify(src/examples/rclcpp) by extension 'ignore_ament_install'
[0.245s] Level 1:colcon.colcon_core.package_identification:_identify(src/examples/rclcpp) by extensions ['colcon_pkg']
[0.245s] Level 1:colcon.colcon_core.package_identification:_identify(src/examples/rclcpp) by extension 'colcon_pkg'
[0.245s] Level 1:colcon.colcon_core.package_identification:_identify(src/examples/rclcpp) by extensions ['colcon_meta']
[0.245s] Level 1:colcon.colcon_core.package_identification:_identify(src/examples/rclcpp) by extension 'colcon_meta'
[0.245s] Level 1:colcon.colcon_core.package_identification:_identify(src/examples/rclcpp) by extensions ['ros']
[0.245s] Level 1:colcon.colcon_core.package_identification:_identify(src/examples/rclcpp) by extension 'ros'
[0.245s] Level 1:colcon.colcon_core.package_identification:_identify(src/examples/rclcpp) by extensions ['cmake', 'python']
[0.245s] Level 1:colcon.colcon_core.package_identification:_identify(src/examples/rclcpp) by extension 'cmake'
[0.246s] Level 1:colcon.colcon_core.package_identification:_identify(src/examples/rclcpp) by extension 'python'
[0.246s] Level 1:colcon.colcon_core.package_identification:_identify(src/examples/rclcpp) by extensions ['python_setup_py']
[0.246s] Level 1:colcon.colcon_core.package_identification:_identify(src/examples/rclcpp) by extension 'python_setup_py'
[0.246s] Level 1:colcon.colcon_core.package_identification:_identify(src/examples/rclcpp/actions) by extensions ['ignore', 'ignore_ament_install']
[0.246s] Level 1:colcon.colcon_core.package_identification:_identify(src/examples/rclcpp/actions) by extension 'ignore'
[0.246s] Level 1:colcon.colcon_core.package_identification:_identify(src/examples/rclcpp/actions) by extension 'ignore_ament_install'
[0.246s] Level 1:colcon.colcon_core.package_identification:_identify(src/examples/rclcpp/actions) by extensions ['colcon_pkg']
[0.246s] Level 1:colcon.colcon_core.package_identification:_identify(src/examples/rclcpp/actions) by extension 'colcon_pkg'
[0.246s] Level 1:colcon.colcon_core.package_identification:_identify(src/examples/rclcpp/actions) by extensions ['colcon_meta']
[0.246s] Level 1:colcon.colcon_core.package_identification:_identify(src/examples/rclcpp/actions) by extension 'colcon_meta'
[0.246s] Level 1:colcon.colcon_core.package_identification:_identify(src/examples/rclcpp/actions) by extensions ['ros']
[0.246s] Level 1:colcon.colcon_core.package_identification:_identify(src/examples/rclcpp/actions) by extension 'ros'
[0.246s] Level 1:colcon.colcon_core.package_identification:_identify(src/examples/rclcpp/actions) by extensions ['cmake', 'python']
[0.246s] Level 1:colcon.colcon_core.package_identification:_identify(src/examples/rclcpp/actions) by extension 'cmake'
[0.246s] Level 1:colcon.colcon_core.package_identification:_identify(src/examples/rclcpp/actions) by extension 'python'
[0.246s] Level 1:colcon.colcon_core.package_identification:_identify(src/examples/rclcpp/actions) by extensions ['python_setup_py']
[0.246s] Level 1:colcon.colcon_core.package_identification:_identify(src/examples/rclcpp/actions) by extension 'python_setup_py'
[0.246s] Level 1:colcon.colcon_core.package_identification:_identify(src/examples/rclcpp/actions/minimal_action_client) by extensions ['ignore', 'ignore_ament_install']
[0.246s] Level 1:colcon.colcon_core.package_identification:_identify(src/examples/rclcpp/actions/minimal_action_client) by extension 'ignore'
[0.246s] Level 1:colcon.colcon_core.package_identification:_identify(src/examples/rclcpp/actions/minimal_action_client) by extension 'ignore_ament_install'
[0.246s] Level 1:colcon.colcon_core.package_identification:_identify(src/examples/rclcpp/actions/minimal_action_client) by extensions ['colcon_pkg']
[0.246s] Level 1:colcon.colcon_core.package_identification:_identify(src/examples/rclcpp/actions/minimal_action_client) by extension 'colcon_pkg'
[0.246s] Level 1:colcon.colcon_core.package_identification:_identify(src/examples/rclcpp/actions/minimal_action_client) by extensions ['colcon_meta']
[0.246s] Level 1:colcon.colcon_core.package_identification:_identify(src/examples/rclcpp/actions/minimal_action_client) by extension 'colcon_meta'
[0.246s] Level 1:colcon.colcon_core.package_identification:_identify(src/examples/rclcpp/actions/minimal_action_client) by extensions ['ros']
[0.246s] Level 1:colcon.colcon_core.package_identification:_identify(src/examples/rclcpp/actions/minimal_action_client) by extension 'ros'
[0.247s] DEBUG:colcon.colcon_core.package_identification:Package 'src/examples/rclcpp/actions/minimal_action_client' with type 'ros.ament_cmake' and name 'examples_rclcpp_minimal_action_client'
[0.247s] Level 1:colcon.colcon_core.package_identification:_identify(src/examples/rclcpp/actions/minimal_action_server) by extensions ['ignore', 'ignore_ament_install']
[0.247s] Level 1:colcon.colcon_core.package_identification:_identify(src/examples/rclcpp/actions/minimal_action_server) by extension 'ignore'
[0.247s] Level 1:colcon.colcon_core.package_identification:_identify(src/examples/rclcpp/actions/minimal_action_server) by extension 'ignore_ament_install'
[0.247s] Level 1:colcon.colcon_core.package_identification:_identify(src/examples/rclcpp/actions/minimal_action_server) by extensions ['colcon_pkg']
[0.247s] Level 1:colcon.colcon_core.package_identification:_identify(src/examples/rclcpp/actions/minimal_action_server) by extension 'colcon_pkg'
[0.247s] Level 1:colcon.colcon_core.package_identification:_identify(src/examples/rclcpp/actions/minimal_action_server) by extensions ['colcon_meta']
[0.247s] Level 1:colcon.colcon_core.package_identification:_identify(src/examples/rclcpp/actions/minimal_action_server) by extension 'colcon_meta'
[0.247s] Level 1:colcon.colcon_core.package_identification:_identify(src/examples/rclcpp/actions/minimal_action_server) by extensions ['ros']
[0.247s] Level 1:colcon.colcon_core.package_identification:_identify(src/examples/rclcpp/actions/minimal_action_server) by extension 'ros'
[0.262s] DEBUG:colcon.colcon_core.package_identification:Package 'src/examples/rclcpp/actions/minimal_action_server' with type 'ros.ament_cmake' and name 'examples_rclcpp_minimal_action_server'
[0.262s] Level 1:colcon.colcon_core.package_identification:_identify(src/examples/rclcpp/composition) by extensions ['ignore', 'ignore_ament_install']
[0.262s] Level 1:colcon.colcon_core.package_identification:_identify(src/examples/rclcpp/composition) by extension 'ignore'
[0.262s] Level 1:colcon.colcon_core.package_identification:_identify(src/examples/rclcpp/composition) by extension 'ignore_ament_install'
[0.262s] Level 1:colcon.colcon_core.package_identification:_identify(src/examples/rclcpp/composition) by extensions ['colcon_pkg']
[0.262s] Level 1:colcon.colcon_core.package_identification:_identify(src/examples/rclcpp/composition) by extension 'colcon_pkg'
[0.262s] Level 1:colcon.colcon_core.package_identification:_identify(src/examples/rclcpp/composition) by extensions ['colcon_meta']
[0.262s] Level 1:colcon.colcon_core.package_identification:_identify(src/examples/rclcpp/composition) by extension 'colcon_meta'
[0.262s] Level 1:colcon.colcon_core.package_identification:_identify(src/examples/rclcpp/composition) by extensions ['ros']
[0.262s] Level 1:colcon.colcon_core.package_identification:_identify(src/examples/rclcpp/composition) by extension 'ros'
[0.262s] Level 1:colcon.colcon_core.package_identification:_identify(src/examples/rclcpp/composition) by extensions ['cmake', 'python']
[0.262s] Level 1:colcon.colcon_core.package_identification:_identify(src/examples/rclcpp/composition) by extension 'cmake'
[0.262s] Level 1:colcon.colcon_core.package_identification:_identify(src/examples/rclcpp/composition) by extension 'python'
[0.262s] Level 1:colcon.colcon_core.package_identification:_identify(src/examples/rclcpp/composition) by extensions ['python_setup_py']
[0.262s] Level 1:colcon.colcon_core.package_identification:_identify(src/examples/rclcpp/composition) by extension 'python_setup_py'
[0.263s] Level 1:colcon.colcon_core.package_identification:_identify(src/examples/rclcpp/composition/minimal_composition) by extensions ['ignore', 'ignore_ament_install']
[0.263s] Level 1:colcon.colcon_core.package_identification:_identify(src/examples/rclcpp/composition/minimal_composition) by extension 'ignore'
[0.263s] Level 1:colcon.colcon_core.package_identification:_identify(src/examples/rclcpp/composition/minimal_composition) by extension 'ignore_ament_install'
[0.263s] Level 1:colcon.colcon_core.package_identification:_identify(src/examples/rclcpp/composition/minimal_composition) by extensions ['colcon_pkg']
[0.263s] Level 1:colcon.colcon_core.package_identification:_identify(src/examples/rclcpp/composition/minimal_composition) by extension 'colcon_pkg'
[0.263s] Level 1:colcon.colcon_core.package_identification:_identify(src/examples/rclcpp/composition/minimal_composition) by extensions ['colcon_meta']
[0.263s] Level 1:colcon.colcon_core.package_identification:_identify(src/examples/rclcpp/composition/minimal_composition) by extension 'colcon_meta'
[0.263s] Level 1:colcon.colcon_core.package_identification:_identify(src/examples/rclcpp/composition/minimal_composition) by extensions ['ros']
[0.263s] Level 1:colcon.colcon_core.package_identification:_identify(src/examples/rclcpp/composition/minimal_composition) by extension 'ros'
[0.263s] DEBUG:colcon.colcon_core.package_identification:Package 'src/examples/rclcpp/composition/minimal_composition' with type 'ros.ament_cmake' and name 'examples_rclcpp_minimal_composition'
[0.263s] Level 1:colcon.colcon_core.package_identification:_identify(src/examples/rclcpp/executors) by extensions ['ignore', 'ignore_ament_install']
[0.263s] Level 1:colcon.colcon_core.package_identification:_identify(src/examples/rclcpp/executors) by extension 'ignore'
[0.263s] Level 1:colcon.colcon_core.package_identification:_identify(src/examples/rclcpp/executors) by extension 'ignore_ament_install'
[0.263s] Level 1:colcon.colcon_core.package_identification:_identify(src/examples/rclcpp/executors) by extensions ['colcon_pkg']
[0.263s] Level 1:colcon.colcon_core.package_identification:_identify(src/examples/rclcpp/executors) by extension 'colcon_pkg'
[0.263s] Level 1:colcon.colcon_core.package_identification:_identify(src/examples/rclcpp/executors) by extensions ['colcon_meta']
[0.263s] Level 1:colcon.colcon_core.package_identification:_identify(src/examples/rclcpp/executors) by extension 'colcon_meta'
[0.263s] Level 1:colcon.colcon_core.package_identification:_identify(src/examples/rclcpp/executors) by extensions ['ros']
[0.263s] Level 1:colcon.colcon_core.package_identification:_identify(src/examples/rclcpp/executors) by extension 'ros'
[0.263s] Level 1:colcon.colcon_core.package_identification:_identify(src/examples/rclcpp/executors) by extensions ['cmake', 'python']
[0.263s] Level 1:colcon.colcon_core.package_identification:_identify(src/examples/rclcpp/executors) by extension 'cmake'
[0.264s] Level 1:colcon.colcon_core.package_identification:_identify(src/examples/rclcpp/executors) by extension 'python'
[0.264s] Level 1:colcon.colcon_core.package_identification:_identify(src/examples/rclcpp/executors) by extensions ['python_setup_py']
[0.264s] Level 1:colcon.colcon_core.package_identification:_identify(src/examples/rclcpp/executors) by extension 'python_setup_py'
[0.264s] Level 1:colcon.colcon_core.package_identification:_identify(src/examples/rclcpp/executors/cbg_executor) by extensions ['ignore', 'ignore_ament_install']
[0.264s] Level 1:colcon.colcon_core.package_identification:_identify(src/examples/rclcpp/executors/cbg_executor) by extension 'ignore'
[0.264s] Level 1:colcon.colcon_core.package_identification:_identify(src/examples/rclcpp/executors/cbg_executor) by extension 'ignore_ament_install'
[0.264s] Level 1:colcon.colcon_core.package_identification:_identify(src/examples/rclcpp/executors/cbg_executor) by extensions ['colcon_pkg']
[0.264s] Level 1:colcon.colcon_core.package_identification:_identify(src/examples/rclcpp/executors/cbg_executor) by extension 'colcon_pkg'
[0.264s] Level 1:colcon.colcon_core.package_identification:_identify(src/examples/rclcpp/executors/cbg_executor) by extensions ['colcon_meta']
[0.264s] Level 1:colcon.colcon_core.package_identification:_identify(src/examples/rclcpp/executors/cbg_executor) by extension 'colcon_meta'
[0.264s] Level 1:colcon.colcon_core.package_identification:_identify(src/examples/rclcpp/executors/cbg_executor) by extensions ['ros']
[0.264s] Level 1:colcon.colcon_core.package_identification:_identify(src/examples/rclcpp/executors/cbg_executor) by extension 'ros'
[0.264s] DEBUG:colcon.colcon_core.package_identification:Package 'src/examples/rclcpp/executors/cbg_executor' with type 'ros.ament_cmake' and name 'examples_rclcpp_cbg_executor'
[0.264s] Level 1:colcon.colcon_core.package_identification:_identify(src/examples/rclcpp/executors/multithreaded_executor) by extensions ['ignore', 'ignore_ament_install']
[0.264s] Level 1:colcon.colcon_core.package_identification:_identify(src/examples/rclcpp/executors/multithreaded_executor) by extension 'ignore'
[0.264s] Level 1:colcon.colcon_core.package_identification:_identify(src/examples/rclcpp/executors/multithreaded_executor) by extension 'ignore_ament_install'
[0.264s] Level 1:colcon.colcon_core.package_identification:_identify(src/examples/rclcpp/executors/multithreaded_executor) by extensions ['colcon_pkg']
[0.264s] Level 1:colcon.colcon_core.package_identification:_identify(src/examples/rclcpp/executors/multithreaded_executor) by extension 'colcon_pkg'
[0.264s] Level 1:colcon.colcon_core.package_identification:_identify(src/examples/rclcpp/executors/multithreaded_executor) by extensions ['colcon_meta']
[0.264s] Level 1:colcon.colcon_core.package_identification:_identify(src/examples/rclcpp/executors/multithreaded_executor) by extension 'colcon_meta'
[0.264s] Level 1:colcon.colcon_core.package_identification:_identify(src/examples/rclcpp/executors/multithreaded_executor) by extensions ['ros']
[0.264s] Level 1:colcon.colcon_core.package_identification:_identify(src/examples/rclcpp/executors/multithreaded_executor) by extension 'ros'
[0.265s] DEBUG:colcon.colcon_core.package_identification:Package 'src/examples/rclcpp/executors/multithreaded_executor' with type 'ros.ament_cmake' and name 'examples_rclcpp_multithreaded_executor'
[0.265s] Level 1:colcon.colcon_core.package_identification:_identify(src/examples/rclcpp/services) by extensions ['ignore', 'ignore_ament_install']
[0.265s] Level 1:colcon.colcon_core.package_identification:_identify(src/examples/rclcpp/services) by extension 'ignore'
[0.265s] Level 1:colcon.colcon_core.package_identification:_identify(src/examples/rclcpp/services) by extension 'ignore_ament_install'
[0.265s] Level 1:colcon.colcon_core.package_identification:_identify(src/examples/rclcpp/services) by extensions ['colcon_pkg']
[0.265s] Level 1:colcon.colcon_core.package_identification:_identify(src/examples/rclcpp/services) by extension 'colcon_pkg'
[0.265s] Level 1:colcon.colcon_core.package_identification:_identify(src/examples/rclcpp/services) by extensions ['colcon_meta']
[0.265s] Level 1:colcon.colcon_core.package_identification:_identify(src/examples/rclcpp/services) by extension 'colcon_meta'
[0.265s] Level 1:colcon.colcon_core.package_identification:_identify(src/examples/rclcpp/services) by extensions ['ros']
[0.265s] Level 1:colcon.colcon_core.package_identification:_identify(src/examples/rclcpp/services) by extension 'ros'
[0.265s] Level 1:colcon.colcon_core.package_identification:_identify(src/examples/rclcpp/services) by extensions ['cmake', 'python']
[0.265s] Level 1:colcon.colcon_core.package_identification:_identify(src/examples/rclcpp/services) by extension 'cmake'
[0.265s] Level 1:colcon.colcon_core.package_identification:_identify(src/examples/rclcpp/services) by extension 'python'
[0.265s] Level 1:colcon.colcon_core.package_identification:_identify(src/examples/rclcpp/services) by extensions ['python_setup_py']
[0.265s] Level 1:colcon.colcon_core.package_identification:_identify(src/examples/rclcpp/services) by extension 'python_setup_py'
[0.265s] Level 1:colcon.colcon_core.package_identification:_identify(src/examples/rclcpp/services/async_client) by extensions ['ignore', 'ignore_ament_install']
[0.265s] Level 1:colcon.colcon_core.package_identification:_identify(src/examples/rclcpp/services/async_client) by extension 'ignore'
[0.265s] Level 1:colcon.colcon_core.package_identification:_identify(src/examples/rclcpp/services/async_client) by extension 'ignore_ament_install'
[0.265s] Level 1:colcon.colcon_core.package_identification:_identify(src/examples/rclcpp/services/async_client) by extensions ['colcon_pkg']
[0.265s] Level 1:colcon.colcon_core.package_identification:_identify(src/examples/rclcpp/services/async_client) by extension 'colcon_pkg'
[0.265s] Level 1:colcon.colcon_core.package_identification:_identify(src/examples/rclcpp/services/async_client) by extensions ['colcon_meta']
[0.265s] Level 1:colcon.colcon_core.package_identification:_identify(src/examples/rclcpp/services/async_client) by extension 'colcon_meta'
[0.265s] Level 1:colcon.colcon_core.package_identification:_identify(src/examples/rclcpp/services/async_client) by extensions ['ros']
[0.265s] Level 1:colcon.colcon_core.package_identification:_identify(src/examples/rclcpp/services/async_client) by extension 'ros'
[0.266s] DEBUG:colcon.colcon_core.package_identification:Package 'src/examples/rclcpp/services/async_client' with type 'ros.ament_cmake' and name 'examples_rclcpp_async_client'
[0.266s] Level 1:colcon.colcon_core.package_identification:_identify(src/examples/rclcpp/services/minimal_client) by extensions ['ignore', 'ignore_ament_install']
[0.266s] Level 1:colcon.colcon_core.package_identification:_identify(src/examples/rclcpp/services/minimal_client) by extension 'ignore'
[0.266s] Level 1:colcon.colcon_core.package_identification:_identify(src/examples/rclcpp/services/minimal_client) by extension 'ignore_ament_install'
[0.266s] Level 1:colcon.colcon_core.package_identification:_identify(src/examples/rclcpp/services/minimal_client) by extensions ['colcon_pkg']
[0.266s] Level 1:colcon.colcon_core.package_identification:_identify(src/examples/rclcpp/services/minimal_client) by extension 'colcon_pkg'
[0.266s] Level 1:colcon.colcon_core.package_identification:_identify(src/examples/rclcpp/services/minimal_client) by extensions ['colcon_meta']
[0.266s] Level 1:colcon.colcon_core.package_identification:_identify(src/examples/rclcpp/services/minimal_client) by extension 'colcon_meta'
[0.266s] Level 1:colcon.colcon_core.package_identification:_identify(src/examples/rclcpp/services/minimal_client) by extensions ['ros']
[0.266s] Level 1:colcon.colcon_core.package_identification:_identify(src/examples/rclcpp/services/minimal_client) by extension 'ros'
[0.267s] DEBUG:colcon.colcon_core.package_identification:Package 'src/examples/rclcpp/services/minimal_client' with type 'ros.ament_cmake' and name 'examples_rclcpp_minimal_client'
[0.267s] Level 1:colcon.colcon_core.package_identification:_identify(src/examples/rclcpp/services/minimal_service) by extensions ['ignore', 'ignore_ament_install']
[0.267s] Level 1:colcon.colcon_core.package_identification:_identify(src/examples/rclcpp/services/minimal_service) by extension 'ignore'
[0.267s] Level 1:colcon.colcon_core.package_identification:_identify(src/examples/rclcpp/services/minimal_service) by extension 'ignore_ament_install'
[0.267s] Level 1:colcon.colcon_core.package_identification:_identify(src/examples/rclcpp/services/minimal_service) by extensions ['colcon_pkg']
[0.267s] Level 1:colcon.colcon_core.package_identification:_identify(src/examples/rclcpp/services/minimal_service) by extension 'colcon_pkg'
[0.267s] Level 1:colcon.colcon_core.package_identification:_identify(src/examples/rclcpp/services/minimal_service) by extensions ['colcon_meta']
[0.267s] Level 1:colcon.colcon_core.package_identification:_identify(src/examples/rclcpp/services/minimal_service) by extension 'colcon_meta'
[0.268s] Level 1:colcon.colcon_core.package_identification:_identify(src/examples/rclcpp/services/minimal_service) by extensions ['ros']
[0.268s] Level 1:colcon.colcon_core.package_identification:_identify(src/examples/rclcpp/services/minimal_service) by extension 'ros'
[0.268s] DEBUG:colcon.colcon_core.package_identification:Package 'src/examples/rclcpp/services/minimal_service' with type 'ros.ament_cmake' and name 'examples_rclcpp_minimal_service'
[0.268s] Level 1:colcon.colcon_core.package_identification:_identify(src/examples/rclcpp/timers) by extensions ['ignore', 'ignore_ament_install']
[0.268s] Level 1:colcon.colcon_core.package_identification:_identify(src/examples/rclcpp/timers) by extension 'ignore'
[0.268s] Level 1:colcon.colcon_core.package_identification:_identify(src/examples/rclcpp/timers) by extension 'ignore_ament_install'
[0.268s] Level 1:colcon.colcon_core.package_identification:_identify(src/examples/rclcpp/timers) by extensions ['colcon_pkg']
[0.268s] Level 1:colcon.colcon_core.package_identification:_identify(src/examples/rclcpp/timers) by extension 'colcon_pkg'
[0.268s] Level 1:colcon.colcon_core.package_identification:_identify(src/examples/rclcpp/timers) by extensions ['colcon_meta']
[0.268s] Level 1:colcon.colcon_core.package_identification:_identify(src/examples/rclcpp/timers) by extension 'colcon_meta'
[0.268s] Level 1:colcon.colcon_core.package_identification:_identify(src/examples/rclcpp/timers) by extensions ['ros']
[0.268s] Level 1:colcon.colcon_core.package_identification:_identify(src/examples/rclcpp/timers) by extension 'ros'
[0.268s] Level 1:colcon.colcon_core.package_identification:_identify(src/examples/rclcpp/timers) by extensions ['cmake', 'python']
[0.268s] Level 1:colcon.colcon_core.package_identification:_identify(src/examples/rclcpp/timers) by extension 'cmake'
[0.268s] Level 1:colcon.colcon_core.package_identification:_identify(src/examples/rclcpp/timers) by extension 'python'
[0.268s] Level 1:colcon.colcon_core.package_identification:_identify(src/examples/rclcpp/timers) by extensions ['python_setup_py']
[0.268s] Level 1:colcon.colcon_core.package_identification:_identify(src/examples/rclcpp/timers) by extension 'python_setup_py'
[0.268s] Level 1:colcon.colcon_core.package_identification:_identify(src/examples/rclcpp/timers/minimal_timer) by extensions ['ignore', 'ignore_ament_install']
[0.268s] Level 1:colcon.colcon_core.package_identification:_identify(src/examples/rclcpp/timers/minimal_timer) by extension 'ignore'
[0.268s] Level 1:colcon.colcon_core.package_identification:_identify(src/examples/rclcpp/timers/minimal_timer) by extension 'ignore_ament_install'
[0.268s] Level 1:colcon.colcon_core.package_identification:_identify(src/examples/rclcpp/timers/minimal_timer) by extensions ['colcon_pkg']
[0.268s] Level 1:colcon.colcon_core.package_identification:_identify(src/examples/rclcpp/timers/minimal_timer) by extension 'colcon_pkg'
[0.268s] Level 1:colcon.colcon_core.package_identification:_identify(src/examples/rclcpp/timers/minimal_timer) by extensions ['colcon_meta']
[0.268s] Level 1:colcon.colcon_core.package_identification:_identify(src/examples/rclcpp/timers/minimal_timer) by extension 'colcon_meta'
[0.268s] Level 1:colcon.colcon_core.package_identification:_identify(src/examples/rclcpp/timers/minimal_timer) by extensions ['ros']
[0.268s] Level 1:colcon.colcon_core.package_identification:_identify(src/examples/rclcpp/timers/minimal_timer) by extension 'ros'
[0.269s] DEBUG:colcon.colcon_core.package_identification:Package 'src/examples/rclcpp/timers/minimal_timer' with type 'ros.ament_cmake' and name 'examples_rclcpp_minimal_timer'
[0.269s] Level 1:colcon.colcon_core.package_identification:_identify(src/examples/rclcpp/topics) by extensions ['ignore', 'ignore_ament_install']
[0.269s] Level 1:colcon.colcon_core.package_identification:_identify(src/examples/rclcpp/topics) by extension 'ignore'
[0.269s] Level 1:colcon.colcon_core.package_identification:_identify(src/examples/rclcpp/topics) by extension 'ignore_ament_install'
[0.269s] Level 1:colcon.colcon_core.package_identification:_identify(src/examples/rclcpp/topics) by extensions ['colcon_pkg']
[0.269s] Level 1:colcon.colcon_core.package_identification:_identify(src/examples/rclcpp/topics) by extension 'colcon_pkg'
[0.269s] Level 1:colcon.colcon_core.package_identification:_identify(src/examples/rclcpp/topics) by extensions ['colcon_meta']
[0.269s] Level 1:colcon.colcon_core.package_identification:_identify(src/examples/rclcpp/topics) by extension 'colcon_meta'
[0.269s] Level 1:colcon.colcon_core.package_identification:_identify(src/examples/rclcpp/topics) by extensions ['ros']
[0.269s] Level 1:colcon.colcon_core.package_identification:_identify(src/examples/rclcpp/topics) by extension 'ros'
[0.269s] Level 1:colcon.colcon_core.package_identification:_identify(src/examples/rclcpp/topics) by extensions ['cmake', 'python']
[0.269s] Level 1:colcon.colcon_core.package_identification:_identify(src/examples/rclcpp/topics) by extension 'cmake'
[0.269s] Level 1:colcon.colcon_core.package_identification:_identify(src/examples/rclcpp/topics) by extension 'python'
[0.269s] Level 1:colcon.colcon_core.package_identification:_identify(src/examples/rclcpp/topics) by extensions ['python_setup_py']
[0.269s] Level 1:colcon.colcon_core.package_identification:_identify(src/examples/rclcpp/topics) by extension 'python_setup_py'
[0.269s] Level 1:colcon.colcon_core.package_identification:_identify(src/examples/rclcpp/topics/minimal_publisher) by extensions ['ignore', 'ignore_ament_install']
[0.269s] Level 1:colcon.colcon_core.package_identification:_identify(src/examples/rclcpp/topics/minimal_publisher) by extension 'ignore'
[0.269s] Level 1:colcon.colcon_core.package_identification:_identify(src/examples/rclcpp/topics/minimal_publisher) by extension 'ignore_ament_install'
[0.269s] Level 1:colcon.colcon_core.package_identification:_identify(src/examples/rclcpp/topics/minimal_publisher) by extensions ['colcon_pkg']
[0.269s] Level 1:colcon.colcon_core.package_identification:_identify(src/examples/rclcpp/topics/minimal_publisher) by extension 'colcon_pkg'
[0.269s] Level 1:colcon.colcon_core.package_identification:_identify(src/examples/rclcpp/topics/minimal_publisher) by extensions ['colcon_meta']
[0.269s] Level 1:colcon.colcon_core.package_identification:_identify(src/examples/rclcpp/topics/minimal_publisher) by extension 'colcon_meta'
[0.270s] Level 1:colcon.colcon_core.package_identification:_identify(src/examples/rclcpp/topics/minimal_publisher) by extensions ['ros']
[0.270s] Level 1:colcon.colcon_core.package_identification:_identify(src/examples/rclcpp/topics/minimal_publisher) by extension 'ros'
[0.270s] DEBUG:colcon.colcon_core.package_identification:Package 'src/examples/rclcpp/topics/minimal_publisher' with type 'ros.ament_cmake' and name 'examples_rclcpp_minimal_publisher'
[0.270s] Level 1:colcon.colcon_core.package_identification:_identify(src/examples/rclcpp/topics/minimal_subscriber) by extensions ['ignore', 'ignore_ament_install']
[0.270s] Level 1:colcon.colcon_core.package_identification:_identify(src/examples/rclcpp/topics/minimal_subscriber) by extension 'ignore'
[0.270s] Level 1:colcon.colcon_core.package_identification:_identify(src/examples/rclcpp/topics/minimal_subscriber) by extension 'ignore_ament_install'
[0.270s] Level 1:colcon.colcon_core.package_identification:_identify(src/examples/rclcpp/topics/minimal_subscriber) by extensions ['colcon_pkg']
[0.270s] Level 1:colcon.colcon_core.package_identification:_identify(src/examples/rclcpp/topics/minimal_subscriber) by extension 'colcon_pkg'
[0.270s] Level 1:colcon.colcon_core.package_identification:_identify(src/examples/rclcpp/topics/minimal_subscriber) by extensions ['colcon_meta']
[0.270s] Level 1:colcon.colcon_core.package_identification:_identify(src/examples/rclcpp/topics/minimal_subscriber) by extension 'colcon_meta'
[0.270s] Level 1:colcon.colcon_core.package_identification:_identify(src/examples/rclcpp/topics/minimal_subscriber) by extensions ['ros']
[0.270s] Level 1:colcon.colcon_core.package_identification:_identify(src/examples/rclcpp/topics/minimal_subscriber) by extension 'ros'
[0.271s] DEBUG:colcon.colcon_core.package_identification:Package 'src/examples/rclcpp/topics/minimal_subscriber' with type 'ros.ament_cmake' and name 'examples_rclcpp_minimal_subscriber'
[0.271s] Level 1:colcon.colcon_core.package_identification:_identify(src/examples/rclcpp/wait_set) by extensions ['ignore', 'ignore_ament_install']
[0.271s] Level 1:colcon.colcon_core.package_identification:_identify(src/examples/rclcpp/wait_set) by extension 'ignore'
[0.271s] Level 1:colcon.colcon_core.package_identification:_identify(src/examples/rclcpp/wait_set) by extension 'ignore_ament_install'
[0.271s] Level 1:colcon.colcon_core.package_identification:_identify(src/examples/rclcpp/wait_set) by extensions ['colcon_pkg']
[0.271s] Level 1:colcon.colcon_core.package_identification:_identify(src/examples/rclcpp/wait_set) by extension 'colcon_pkg'
[0.271s] Level 1:colcon.colcon_core.package_identification:_identify(src/examples/rclcpp/wait_set) by extensions ['colcon_meta']
[0.271s] Level 1:colcon.colcon_core.package_identification:_identify(src/examples/rclcpp/wait_set) by extension 'colcon_meta'
[0.271s] Level 1:colcon.colcon_core.package_identification:_identify(src/examples/rclcpp/wait_set) by extensions ['ros']
[0.271s] Level 1:colcon.colcon_core.package_identification:_identify(src/examples/rclcpp/wait_set) by extension 'ros'
[0.271s] DEBUG:colcon.colcon_core.package_identification:Package 'src/examples/rclcpp/wait_set' with type 'ros.ament_cmake' and name 'examples_rclcpp_wait_set'
[0.271s] Level 1:colcon.colcon_core.package_identification:_identify(src/examples/rclpy) by extensions ['ignore', 'ignore_ament_install']
[0.271s] Level 1:colcon.colcon_core.package_identification:_identify(src/examples/rclpy) by extension 'ignore'
[0.271s] Level 1:colcon.colcon_core.package_identification:_identify(src/examples/rclpy) by extension 'ignore_ament_install'
[0.271s] Level 1:colcon.colcon_core.package_identification:_identify(src/examples/rclpy) by extensions ['colcon_pkg']
[0.271s] Level 1:colcon.colcon_core.package_identification:_identify(src/examples/rclpy) by extension 'colcon_pkg'
[0.271s] Level 1:colcon.colcon_core.package_identification:_identify(src/examples/rclpy) by extensions ['colcon_meta']
[0.271s] Level 1:colcon.colcon_core.package_identification:_identify(src/examples/rclpy) by extension 'colcon_meta'
[0.271s] Level 1:colcon.colcon_core.package_identification:_identify(src/examples/rclpy) by extensions ['ros']
[0.271s] Level 1:colcon.colcon_core.package_identification:_identify(src/examples/rclpy) by extension 'ros'
[0.272s] Level 1:colcon.colcon_core.package_identification:_identify(src/examples/rclpy) by extensions ['cmake', 'python']
[0.272s] Level 1:colcon.colcon_core.package_identification:_identify(src/examples/rclpy) by extension 'cmake'
[0.272s] Level 1:colcon.colcon_core.package_identification:_identify(src/examples/rclpy) by extension 'python'
[0.272s] Level 1:colcon.colcon_core.package_identification:_identify(src/examples/rclpy) by extensions ['python_setup_py']
[0.272s] Level 1:colcon.colcon_core.package_identification:_identify(src/examples/rclpy) by extension 'python_setup_py'
[0.272s] Level 1:colcon.colcon_core.package_identification:_identify(src/examples/rclpy/actions) by extensions ['ignore', 'ignore_ament_install']
[0.272s] Level 1:colcon.colcon_core.package_identification:_identify(src/examples/rclpy/actions) by extension 'ignore'
[0.272s] Level 1:colcon.colcon_core.package_identification:_identify(src/examples/rclpy/actions) by extension 'ignore_ament_install'
[0.272s] Level 1:colcon.colcon_core.package_identification:_identify(src/examples/rclpy/actions) by extensions ['colcon_pkg']
[0.272s] Level 1:colcon.colcon_core.package_identification:_identify(src/examples/rclpy/actions) by extension 'colcon_pkg'
[0.272s] Level 1:colcon.colcon_core.package_identification:_identify(src/examples/rclpy/actions) by extensions ['colcon_meta']
[0.272s] Level 1:colcon.colcon_core.package_identification:_identify(src/examples/rclpy/actions) by extension 'colcon_meta'
[0.272s] Level 1:colcon.colcon_core.package_identification:_identify(src/examples/rclpy/actions) by extensions ['ros']
[0.272s] Level 1:colcon.colcon_core.package_identification:_identify(src/examples/rclpy/actions) by extension 'ros'
[0.272s] Level 1:colcon.colcon_core.package_identification:_identify(src/examples/rclpy/actions) by extensions ['cmake', 'python']
[0.272s] Level 1:colcon.colcon_core.package_identification:_identify(src/examples/rclpy/actions) by extension 'cmake'
[0.272s] Level 1:colcon.colcon_core.package_identification:_identify(src/examples/rclpy/actions) by extension 'python'
[0.272s] Level 1:colcon.colcon_core.package_identification:_identify(src/examples/rclpy/actions) by extensions ['python_setup_py']
[0.272s] Level 1:colcon.colcon_core.package_identification:_identify(src/examples/rclpy/actions) by extension 'python_setup_py'
[0.272s] Level 1:colcon.colcon_core.package_identification:_identify(src/examples/rclpy/actions/minimal_action_client) by extensions ['ignore', 'ignore_ament_install']
[0.272s] Level 1:colcon.colcon_core.package_identification:_identify(src/examples/rclpy/actions/minimal_action_client) by extension 'ignore'
[0.272s] Level 1:colcon.colcon_core.package_identification:_identify(src/examples/rclpy/actions/minimal_action_client) by extension 'ignore_ament_install'
[0.272s] Level 1:colcon.colcon_core.package_identification:_identify(src/examples/rclpy/actions/minimal_action_client) by extensions ['colcon_pkg']
[0.272s] Level 1:colcon.colcon_core.package_identification:_identify(src/examples/rclpy/actions/minimal_action_client) by extension 'colcon_pkg'
[0.272s] Level 1:colcon.colcon_core.package_identification:_identify(src/examples/rclpy/actions/minimal_action_client) by extensions ['colcon_meta']
[0.272s] Level 1:colcon.colcon_core.package_identification:_identify(src/examples/rclpy/actions/minimal_action_client) by extension 'colcon_meta'
[0.272s] Level 1:colcon.colcon_core.package_identification:_identify(src/examples/rclpy/actions/minimal_action_client) by extensions ['ros']
[0.272s] Level 1:colcon.colcon_core.package_identification:_identify(src/examples/rclpy/actions/minimal_action_client) by extension 'ros'
[0.272s] DEBUG:colcon.colcon_core.package_identification:Package 'src/examples/rclpy/actions/minimal_action_client' with type 'ros.ament_python' and name 'examples_rclpy_minimal_action_client'
[0.273s] Level 1:colcon.colcon_core.package_identification:_identify(src/examples/rclpy/actions/minimal_action_server) by extensions ['ignore', 'ignore_ament_install']
[0.273s] Level 1:colcon.colcon_core.package_identification:_identify(src/examples/rclpy/actions/minimal_action_server) by extension 'ignore'
[0.273s] Level 1:colcon.colcon_core.package_identification:_identify(src/examples/rclpy/actions/minimal_action_server) by extension 'ignore_ament_install'
[0.273s] Level 1:colcon.colcon_core.package_identification:_identify(src/examples/rclpy/actions/minimal_action_server) by extensions ['colcon_pkg']
[0.273s] Level 1:colcon.colcon_core.package_identification:_identify(src/examples/rclpy/actions/minimal_action_server) by extension 'colcon_pkg'
[0.273s] Level 1:colcon.colcon_core.package_identification:_identify(src/examples/rclpy/actions/minimal_action_server) by extensions ['colcon_meta']
[0.273s] Level 1:colcon.colcon_core.package_identification:_identify(src/examples/rclpy/actions/minimal_action_server) by extension 'colcon_meta'
[0.273s] Level 1:colcon.colcon_core.package_identification:_identify(src/examples/rclpy/actions/minimal_action_server) by extensions ['ros']
[0.273s] Level 1:colcon.colcon_core.package_identification:_identify(src/examples/rclpy/actions/minimal_action_server) by extension 'ros'
[0.273s] DEBUG:colcon.colcon_core.package_identification:Package 'src/examples/rclpy/actions/minimal_action_server' with type 'ros.ament_python' and name 'examples_rclpy_minimal_action_server'
[0.273s] Level 1:colcon.colcon_core.package_identification:_identify(src/examples/rclpy/executors) by extensions ['ignore', 'ignore_ament_install']
[0.273s] Level 1:colcon.colcon_core.package_identification:_identify(src/examples/rclpy/executors) by extension 'ignore'
[0.273s] Level 1:colcon.colcon_core.package_identification:_identify(src/examples/rclpy/executors) by extension 'ignore_ament_install'
[0.273s] Level 1:colcon.colcon_core.package_identification:_identify(src/examples/rclpy/executors) by extensions ['colcon_pkg']
[0.273s] Level 1:colcon.colcon_core.package_identification:_identify(src/examples/rclpy/executors) by extension 'colcon_pkg'
[0.273s] Level 1:colcon.colcon_core.package_identification:_identify(src/examples/rclpy/executors) by extensions ['colcon_meta']
[0.273s] Level 1:colcon.colcon_core.package_identification:_identify(src/examples/rclpy/executors) by extension 'colcon_meta'
[0.273s] Level 1:colcon.colcon_core.package_identification:_identify(src/examples/rclpy/executors) by extensions ['ros']
[0.273s] Level 1:colcon.colcon_core.package_identification:_identify(src/examples/rclpy/executors) by extension 'ros'
[0.274s] DEBUG:colcon.colcon_core.package_identification:Package 'src/examples/rclpy/executors' with type 'ros.ament_python' and name 'examples_rclpy_executors'
[0.274s] Level 1:colcon.colcon_core.package_identification:_identify(src/examples/rclpy/guard_conditions) by extensions ['ignore', 'ignore_ament_install']
[0.274s] Level 1:colcon.colcon_core.package_identification:_identify(src/examples/rclpy/guard_conditions) by extension 'ignore'
[0.274s] Level 1:colcon.colcon_core.package_identification:_identify(src/examples/rclpy/guard_conditions) by extension 'ignore_ament_install'
[0.274s] Level 1:colcon.colcon_core.package_identification:_identify(src/examples/rclpy/guard_conditions) by extensions ['colcon_pkg']
[0.274s] Level 1:colcon.colcon_core.package_identification:_identify(src/examples/rclpy/guard_conditions) by extension 'colcon_pkg'
[0.274s] Level 1:colcon.colcon_core.package_identification:_identify(src/examples/rclpy/guard_conditions) by extensions ['colcon_meta']
[0.274s] Level 1:colcon.colcon_core.package_identification:_identify(src/examples/rclpy/guard_conditions) by extension 'colcon_meta'
[0.274s] Level 1:colcon.colcon_core.package_identification:_identify(src/examples/rclpy/guard_conditions) by extensions ['ros']
[0.274s] Level 1:colcon.colcon_core.package_identification:_identify(src/examples/rclpy/guard_conditions) by extension 'ros'
[0.274s] DEBUG:colcon.colcon_core.package_identification:Package 'src/examples/rclpy/guard_conditions' with type 'ros.ament_python' and name 'examples_rclpy_guard_conditions'
[0.274s] Level 1:colcon.colcon_core.package_identification:_identify(src/examples/rclpy/services) by extensions ['ignore', 'ignore_ament_install']
[0.274s] Level 1:colcon.colcon_core.package_identification:_identify(src/examples/rclpy/services) by extension 'ignore'
[0.274s] Level 1:colcon.colcon_core.package_identification:_identify(src/examples/rclpy/services) by extension 'ignore_ament_install'
[0.274s] Level 1:colcon.colcon_core.package_identification:_identify(src/examples/rclpy/services) by extensions ['colcon_pkg']
[0.274s] Level 1:colcon.colcon_core.package_identification:_identify(src/examples/rclpy/services) by extension 'colcon_pkg'
[0.274s] Level 1:colcon.colcon_core.package_identification:_identify(src/examples/rclpy/services) by extensions ['colcon_meta']
[0.274s] Level 1:colcon.colcon_core.package_identification:_identify(src/examples/rclpy/services) by extension 'colcon_meta'
[0.274s] Level 1:colcon.colcon_core.package_identification:_identify(src/examples/rclpy/services) by extensions ['ros']
[0.274s] Level 1:colcon.colcon_core.package_identification:_identify(src/examples/rclpy/services) by extension 'ros'
[0.274s] Level 1:colcon.colcon_core.package_identification:_identify(src/examples/rclpy/services) by extensions ['cmake', 'python']
[0.274s] Level 1:colcon.colcon_core.package_identification:_identify(src/examples/rclpy/services) by extension 'cmake'
[0.274s] Level 1:colcon.colcon_core.package_identification:_identify(src/examples/rclpy/services) by extension 'python'
[0.274s] Level 1:colcon.colcon_core.package_identification:_identify(src/examples/rclpy/services) by extensions ['python_setup_py']
[0.275s] Level 1:colcon.colcon_core.package_identification:_identify(src/examples/rclpy/services) by extension 'python_setup_py'
[0.275s] Level 1:colcon.colcon_core.package_identification:_identify(src/examples/rclpy/services/minimal_client) by extensions ['ignore', 'ignore_ament_install']
[0.275s] Level 1:colcon.colcon_core.package_identification:_identify(src/examples/rclpy/services/minimal_client) by extension 'ignore'
[0.275s] Level 1:colcon.colcon_core.package_identification:_identify(src/examples/rclpy/services/minimal_client) by extension 'ignore_ament_install'
[0.275s] Level 1:colcon.colcon_core.package_identification:_identify(src/examples/rclpy/services/minimal_client) by extensions ['colcon_pkg']
[0.275s] Level 1:colcon.colcon_core.package_identification:_identify(src/examples/rclpy/services/minimal_client) by extension 'colcon_pkg'
[0.275s] Level 1:colcon.colcon_core.package_identification:_identify(src/examples/rclpy/services/minimal_client) by extensions ['colcon_meta']
[0.275s] Level 1:colcon.colcon_core.package_identification:_identify(src/examples/rclpy/services/minimal_client) by extension 'colcon_meta'
[0.275s] Level 1:colcon.colcon_core.package_identification:_identify(src/examples/rclpy/services/minimal_client) by extensions ['ros']
[0.275s] Level 1:colcon.colcon_core.package_identification:_identify(src/examples/rclpy/services/minimal_client) by extension 'ros'
[0.275s] DEBUG:colcon.colcon_core.package_identification:Package 'src/examples/rclpy/services/minimal_client' with type 'ros.ament_python' and name 'examples_rclpy_minimal_client'
[0.275s] Level 1:colcon.colcon_core.package_identification:_identify(src/examples/rclpy/services/minimal_service) by extensions ['ignore', 'ignore_ament_install']
[0.275s] Level 1:colcon.colcon_core.package_identification:_identify(src/examples/rclpy/services/minimal_service) by extension 'ignore'
[0.275s] Level 1:colcon.colcon_core.package_identification:_identify(src/examples/rclpy/services/minimal_service) by extension 'ignore_ament_install'
[0.275s] Level 1:colcon.colcon_core.package_identification:_identify(src/examples/rclpy/services/minimal_service) by extensions ['colcon_pkg']
[0.275s] Level 1:colcon.colcon_core.package_identification:_identify(src/examples/rclpy/services/minimal_service) by extension 'colcon_pkg'
[0.275s] Level 1:colcon.colcon_core.package_identification:_identify(src/examples/rclpy/services/minimal_service) by extensions ['colcon_meta']
[0.275s] Level 1:colcon.colcon_core.package_identification:_identify(src/examples/rclpy/services/minimal_service) by extension 'colcon_meta'
[0.275s] Level 1:colcon.colcon_core.package_identification:_identify(src/examples/rclpy/services/minimal_service) by extensions ['ros']
[0.275s] Level 1:colcon.colcon_core.package_identification:_identify(src/examples/rclpy/services/minimal_service) by extension 'ros'
[0.276s] DEBUG:colcon.colcon_core.package_identification:Package 'src/examples/rclpy/services/minimal_service' with type 'ros.ament_python' and name 'examples_rclpy_minimal_service'
[0.276s] Level 1:colcon.colcon_core.package_identification:_identify(src/examples/rclpy/topics) by extensions ['ignore', 'ignore_ament_install']
[0.276s] Level 1:colcon.colcon_core.package_identification:_identify(src/examples/rclpy/topics) by extension 'ignore'
[0.276s] Level 1:colcon.colcon_core.package_identification:_identify(src/examples/rclpy/topics) by extension 'ignore_ament_install'
[0.276s] Level 1:colcon.colcon_core.package_identification:_identify(src/examples/rclpy/topics) by extensions ['colcon_pkg']
[0.276s] Level 1:colcon.colcon_core.package_identification:_identify(src/examples/rclpy/topics) by extension 'colcon_pkg'
[0.276s] Level 1:colcon.colcon_core.package_identification:_identify(src/examples/rclpy/topics) by extensions ['colcon_meta']
[0.276s] Level 1:colcon.colcon_core.package_identification:_identify(src/examples/rclpy/topics) by extension 'colcon_meta'
[0.276s] Level 1:colcon.colcon_core.package_identification:_identify(src/examples/rclpy/topics) by extensions ['ros']
[0.276s] Level 1:colcon.colcon_core.package_identification:_identify(src/examples/rclpy/topics) by extension 'ros'
[0.276s] Level 1:colcon.colcon_core.package_identification:_identify(src/examples/rclpy/topics) by extensions ['cmake', 'python']
[0.276s] Level 1:colcon.colcon_core.package_identification:_identify(src/examples/rclpy/topics) by extension 'cmake'
[0.276s] Level 1:colcon.colcon_core.package_identification:_identify(src/examples/rclpy/topics) by extension 'python'
[0.276s] Level 1:colcon.colcon_core.package_identification:_identify(src/examples/rclpy/topics) by extensions ['python_setup_py']
[0.276s] Level 1:colcon.colcon_core.package_identification:_identify(src/examples/rclpy/topics) by extension 'python_setup_py'
[0.276s] Level 1:colcon.colcon_core.package_identification:_identify(src/examples/rclpy/topics/minimal_publisher) by extensions ['ignore', 'ignore_ament_install']
[0.276s] Level 1:colcon.colcon_core.package_identification:_identify(src/examples/rclpy/topics/minimal_publisher) by extension 'ignore'
[0.276s] Level 1:colcon.colcon_core.package_identification:_identify(src/examples/rclpy/topics/minimal_publisher) by extension 'ignore_ament_install'
[0.276s] Level 1:colcon.colcon_core.package_identification:_identify(src/examples/rclpy/topics/minimal_publisher) by extensions ['colcon_pkg']
[0.276s] Level 1:colcon.colcon_core.package_identification:_identify(src/examples/rclpy/topics/minimal_publisher) by extension 'colcon_pkg'
[0.276s] Level 1:colcon.colcon_core.package_identification:_identify(src/examples/rclpy/topics/minimal_publisher) by extensions ['colcon_meta']
[0.276s] Level 1:colcon.colcon_core.package_identification:_identify(src/examples/rclpy/topics/minimal_publisher) by extension 'colcon_meta'
[0.276s] Level 1:colcon.colcon_core.package_identification:_identify(src/examples/rclpy/topics/minimal_publisher) by extensions ['ros']
[0.276s] Level 1:colcon.colcon_core.package_identification:_identify(src/examples/rclpy/topics/minimal_publisher) by extension 'ros'
[0.277s] DEBUG:colcon.colcon_core.package_identification:Package 'src/examples/rclpy/topics/minimal_publisher' with type 'ros.ament_python' and name 'examples_rclpy_minimal_publisher'
[0.277s] Level 1:colcon.colcon_core.package_identification:_identify(src/examples/rclpy/topics/minimal_subscriber) by extensions ['ignore', 'ignore_ament_install']
[0.277s] Level 1:colcon.colcon_core.package_identification:_identify(src/examples/rclpy/topics/minimal_subscriber) by extension 'ignore'
[0.277s] Level 1:colcon.colcon_core.package_identification:_identify(src/examples/rclpy/topics/minimal_subscriber) by extension 'ignore_ament_install'
[0.277s] Level 1:colcon.colcon_core.package_identification:_identify(src/examples/rclpy/topics/minimal_subscriber) by extensions ['colcon_pkg']
[0.277s] Level 1:colcon.colcon_core.package_identification:_identify(src/examples/rclpy/topics/minimal_subscriber) by extension 'colcon_pkg'
[0.277s] Level 1:colcon.colcon_core.package_identification:_identify(src/examples/rclpy/topics/minimal_subscriber) by extensions ['colcon_meta']
[0.277s] Level 1:colcon.colcon_core.package_identification:_identify(src/examples/rclpy/topics/minimal_subscriber) by extension 'colcon_meta'
[0.277s] Level 1:colcon.colcon_core.package_identification:_identify(src/examples/rclpy/topics/minimal_subscriber) by extensions ['ros']
[0.277s] Level 1:colcon.colcon_core.package_identification:_identify(src/examples/rclpy/topics/minimal_subscriber) by extension 'ros'
[0.277s] DEBUG:colcon.colcon_core.package_identification:Package 'src/examples/rclpy/topics/minimal_subscriber' with type 'ros.ament_python' and name 'examples_rclpy_minimal_subscriber'
[0.277s] Level 1:colcon.colcon_core.package_identification:_identify(src/examples/rclpy/topics/pointcloud_publisher) by extensions ['ignore', 'ignore_ament_install']
[0.277s] Level 1:colcon.colcon_core.package_identification:_identify(src/examples/rclpy/topics/pointcloud_publisher) by extension 'ignore'
[0.277s] Level 1:colcon.colcon_core.package_identification:_identify(src/examples/rclpy/topics/pointcloud_publisher) by extension 'ignore_ament_install'
[0.277s] Level 1:colcon.colcon_core.package_identification:_identify(src/examples/rclpy/topics/pointcloud_publisher) by extensions ['colcon_pkg']
[0.277s] Level 1:colcon.colcon_core.package_identification:_identify(src/examples/rclpy/topics/pointcloud_publisher) by extension 'colcon_pkg'
[0.277s] Level 1:colcon.colcon_core.package_identification:_identify(src/examples/rclpy/topics/pointcloud_publisher) by extensions ['colcon_meta']
[0.277s] Level 1:colcon.colcon_core.package_identification:_identify(src/examples/rclpy/topics/pointcloud_publisher) by extension 'colcon_meta'
[0.277s] Level 1:colcon.colcon_core.package_identification:_identify(src/examples/rclpy/topics/pointcloud_publisher) by extensions ['ros']
[0.277s] Level 1:colcon.colcon_core.package_identification:_identify(src/examples/rclpy/topics/pointcloud_publisher) by extension 'ros'
[0.278s] DEBUG:colcon.colcon_core.package_identification:Package 'src/examples/rclpy/topics/pointcloud_publisher' with type 'ros.ament_python' and name 'examples_rclpy_pointcloud_publisher'
[0.278s] Level 1:colcon.colcon_core.package_identification:_identify(src/python_parameters) by extensions ['ignore', 'ignore_ament_install']
[0.278s] Level 1:colcon.colcon_core.package_identification:_identify(src/python_parameters) by extension 'ignore'
[0.278s] Level 1:colcon.colcon_core.package_identification:_identify(src/python_parameters) by extension 'ignore_ament_install'
[0.278s] Level 1:colcon.colcon_core.package_identification:_identify(src/python_parameters) by extensions ['colcon_pkg']
[0.278s] Level 1:colcon.colcon_core.package_identification:_identify(src/python_parameters) by extension 'colcon_pkg'
[0.278s] Level 1:colcon.colcon_core.package_identification:_identify(src/python_parameters) by extensions ['colcon_meta']
[0.278s] Level 1:colcon.colcon_core.package_identification:_identify(src/python_parameters) by extension 'colcon_meta'
[0.278s] Level 1:colcon.colcon_core.package_identification:_identify(src/python_parameters) by extensions ['ros']
[0.278s] Level 1:colcon.colcon_core.package_identification:_identify(src/python_parameters) by extension 'ros'
[0.278s] DEBUG:colcon.colcon_core.package_identification:Package 'src/python_parameters' with type 'ros.ament_python' and name 'python_parameters'
[0.278s] Level 1:colcon.colcon_core.package_identification:_identify(src/test_tf2_py) by extensions ['ignore', 'ignore_ament_install']
[0.278s] Level 1:colcon.colcon_core.package_identification:_identify(src/test_tf2_py) by extension 'ignore'
[0.278s] Level 1:colcon.colcon_core.package_identification:_identify(src/test_tf2_py) by extension 'ignore_ament_install'
[0.278s] Level 1:colcon.colcon_core.package_identification:_identify(src/test_tf2_py) by extensions ['colcon_pkg']
[0.278s] Level 1:colcon.colcon_core.package_identification:_identify(src/test_tf2_py) by extension 'colcon_pkg'
[0.278s] Level 1:colcon.colcon_core.package_identification:_identify(src/test_tf2_py) by extensions ['colcon_meta']
[0.278s] Level 1:colcon.colcon_core.package_identification:_identify(src/test_tf2_py) by extension 'colcon_meta'
[0.278s] Level 1:colcon.colcon_core.package_identification:_identify(src/test_tf2_py) by extensions ['ros']
[0.278s] Level 1:colcon.colcon_core.package_identification:_identify(src/test_tf2_py) by extension 'ros'
[0.279s] DEBUG:colcon.colcon_core.package_identification:Package 'src/test_tf2_py' with type 'ros.ament_python' and name 'test_tf2_py'
[0.279s] Level 1:colcon.colcon_core.package_identification:_identify(src/time_tf2_py) by extensions ['ignore', 'ignore_ament_install']
[0.279s] Level 1:colcon.colcon_core.package_identification:_identify(src/time_tf2_py) by extension 'ignore'
[0.279s] Level 1:colcon.colcon_core.package_identification:_identify(src/time_tf2_py) by extension 'ignore_ament_install'
[0.279s] Level 1:colcon.colcon_core.package_identification:_identify(src/time_tf2_py) by extensions ['colcon_pkg']
[0.279s] Level 1:colcon.colcon_core.package_identification:_identify(src/time_tf2_py) by extension 'colcon_pkg'
[0.279s] Level 1:colcon.colcon_core.package_identification:_identify(src/time_tf2_py) by extensions ['colcon_meta']
[0.279s] Level 1:colcon.colcon_core.package_identification:_identify(src/time_tf2_py) by extension 'colcon_meta'
[0.279s] Level 1:colcon.colcon_core.package_identification:_identify(src/time_tf2_py) by extensions ['ros']
[0.279s] Level 1:colcon.colcon_core.package_identification:_identify(src/time_tf2_py) by extension 'ros'
[0.279s] DEBUG:colcon.colcon_core.package_identification:Package 'src/time_tf2_py' with type 'ros.ament_python' and name 'time_tf2_py'
[0.279s] Level 1:colcon.colcon_core.package_identification:_identify(src/turtle_interfaces) by extensions ['ignore', 'ignore_ament_install']
[0.279s] Level 1:colcon.colcon_core.package_identification:_identify(src/turtle_interfaces) by extension 'ignore'
[0.279s] Level 1:colcon.colcon_core.package_identification:_identify(src/turtle_interfaces) by extension 'ignore_ament_install'
[0.279s] Level 1:colcon.colcon_core.package_identification:_identify(src/turtle_interfaces) by extensions ['colcon_pkg']
[0.279s] Level 1:colcon.colcon_core.package_identification:_identify(src/turtle_interfaces) by extension 'colcon_pkg'
[0.279s] Level 1:colcon.colcon_core.package_identification:_identify(src/turtle_interfaces) by extensions ['colcon_meta']
[0.279s] Level 1:colcon.colcon_core.package_identification:_identify(src/turtle_interfaces) by extension 'colcon_meta'
[0.279s] Level 1:colcon.colcon_core.package_identification:_identify(src/turtle_interfaces) by extensions ['ros']
[0.279s] Level 1:colcon.colcon_core.package_identification:_identify(src/turtle_interfaces) by extension 'ros'
[0.280s] DEBUG:colcon.colcon_core.package_identification:Package 'src/turtle_interfaces' with type 'ros.ament_cmake' and name 'turtle_interfaces'
[0.280s] Level 1:colcon.colcon_core.package_identification:_identify(src/turtle_test) by extensions ['ignore', 'ignore_ament_install']
[0.280s] Level 1:colcon.colcon_core.package_identification:_identify(src/turtle_test) by extension 'ignore'
[0.280s] Level 1:colcon.colcon_core.package_identification:_identify(src/turtle_test) by extension 'ignore_ament_install'
[0.280s] Level 1:colcon.colcon_core.package_identification:_identify(src/turtle_test) by extensions ['colcon_pkg']
[0.280s] Level 1:colcon.colcon_core.package_identification:_identify(src/turtle_test) by extension 'colcon_pkg'
[0.280s] Level 1:colcon.colcon_core.package_identification:_identify(src/turtle_test) by extensions ['colcon_meta']
[0.280s] Level 1:colcon.colcon_core.package_identification:_identify(src/turtle_test) by extension 'colcon_meta'
[0.280s] Level 1:colcon.colcon_core.package_identification:_identify(src/turtle_test) by extensions ['ros']
[0.280s] Level 1:colcon.colcon_core.package_identification:_identify(src/turtle_test) by extension 'ros'
[0.280s] DEBUG:colcon.colcon_core.package_identification:Package 'src/turtle_test' with type 'ros.ament_python' and name 'turtle_test'
[0.280s] Level 1:colcon.colcon_core.package_discovery:discover_packages(recursive) using defaults
[0.280s] Level 1:colcon.colcon_core.package_discovery:discover_packages(ignore) discover
[0.280s] Level 1:colcon.colcon_core.package_discovery:discover_packages(ignore) using defaults
[0.280s] Level 1:colcon.colcon_core.package_discovery:discover_packages(path) discover
[0.280s] Level 1:colcon.colcon_core.package_discovery:discover_packages(path) using defaults
[0.302s] Level 1:colcon.colcon_core.package_discovery:discover_packages(prefix_path) check parameters
[0.302s] Level 1:colcon.colcon_core.package_discovery:discover_packages(prefix_path) discover
[0.307s] DEBUG:colcon.colcon_installed_package_information.package_discovery:Found 27 installed packages in /home/yahboom/intro_ws/install
[0.308s] DEBUG:colcon.colcon_installed_package_information.package_discovery:Found 19 installed packages in /home/yahboom/yahboomcar_ws/install
[0.309s] DEBUG:colcon.colcon_installed_package_information.package_discovery:Found 2 installed packages in /home/yahboom/gmapping_ws/install
[0.310s] DEBUG:colcon.colcon_installed_package_information.package_discovery:Found 76 installed packages in /home/yahboom/cartoros2/install
[0.312s] DEBUG:colcon.colcon_installed_package_information.package_discovery:Found 348 installed packages in /opt/ros/humble
[0.315s] Level 1:colcon.colcon_core.package_discovery:discover_packages(prefix_path) using defaults
[0.350s] WARNING:colcon.colcon_core.package_selection:Some selected packages are already built in one or more underlay workspaces:
	'examples_rclcpp_minimal_action_client' is in: /home/yahboom/intro_ws/install/examples_rclcpp_minimal_action_client, /opt/ros/humble
	'examples_rclcpp_minimal_composition' is in: /home/yahboom/intro_ws/install/examples_rclcpp_minimal_composition, /opt/ros/humble
	'examples_rclcpp_minimal_timer' is in: /home/yahboom/intro_ws/install/examples_rclcpp_minimal_timer, /opt/ros/humble
	'examples_rclcpp_minimal_service' is in: /home/yahboom/intro_ws/install/examples_rclcpp_minimal_service, /opt/ros/humble
	'examples_rclcpp_minimal_publisher' is in: /home/yahboom/intro_ws/install/examples_rclcpp_minimal_publisher, /opt/ros/humble
	'examples_rclpy_minimal_action_client' is in: /home/yahboom/intro_ws/install/examples_rclpy_minimal_action_client, /opt/ros/humble
	'examples_rclcpp_minimal_action_server' is in: /home/yahboom/intro_ws/install/examples_rclcpp_minimal_action_server, /opt/ros/humble
	'examples_rclcpp_minimal_subscriber' is in: /home/yahboom/intro_ws/install/examples_rclcpp_minimal_subscriber, /opt/ros/humble
	'examples_rclcpp_multithreaded_executor' is in: /home/yahboom/intro_ws/install/examples_rclcpp_multithreaded_executor, /opt/ros/humble
	'examples_rclpy_minimal_publisher' is in: /home/yahboom/intro_ws/install/examples_rclpy_minimal_publisher, /opt/ros/humble
	'examples_rclcpp_minimal_client' is in: /home/yahboom/intro_ws/install/examples_rclcpp_minimal_client, /opt/ros/humble
	'examples_rclpy_minimal_subscriber' is in: /home/yahboom/intro_ws/install/examples_rclpy_minimal_subscriber, /opt/ros/humble
	'examples_rclpy_minimal_action_server' is in: /home/yahboom/intro_ws/install/examples_rclpy_minimal_action_server, /opt/ros/humble
	'examples_rclpy_executors' is in: /home/yahboom/intro_ws/install/examples_rclpy_executors, /opt/ros/humble
	'examples_rclpy_minimal_client' is in: /home/yahboom/intro_ws/install/examples_rclpy_minimal_client, /opt/ros/humble
	'examples_rclpy_minimal_service' is in: /home/yahboom/intro_ws/install/examples_rclpy_minimal_service, /opt/ros/humble
If a package in a merged underlay workspace is overridden and it installs headers, then all packages in the overlay must sort their include directories by workspace order. Failure to do so may result in build failures or undefined behavior at run time.
If the overridden package is used by another package in any underlay, then the overriding package in the overlay must be API and ABI compatible or undefined behavior at run time may occur.

If you understand the risks and want to override a package anyways, add the following to the command line:
	--allow-overriding examples_rclcpp_minimal_action_client examples_rclcpp_minimal_action_server examples_rclcpp_minimal_client examples_rclcpp_minimal_composition examples_rclcpp_minimal_publisher examples_rclcpp_minimal_service examples_rclcpp_minimal_subscriber examples_rclcpp_minimal_timer examples_rclcpp_multithreaded_executor examples_rclpy_executors examples_rclpy_minimal_action_client examples_rclpy_minimal_action_server examples_rclpy_minimal_client examples_rclpy_minimal_publisher examples_rclpy_minimal_service examples_rclpy_minimal_subscriber

This may be promoted to an error in a future release of colcon-override-check.
[0.351s] Level 5:colcon.colcon_core.verb:set package 'examples_rclcpp_async_client' build argument 'cmake_args' from command line to 'None'
[0.351s] Level 5:colcon.colcon_core.verb:set package 'examples_rclcpp_async_client' build argument 'cmake_target' from command line to 'None'
[0.351s] Level 5:colcon.colcon_core.verb:set package 'examples_rclcpp_async_client' build argument 'cmake_target_skip_unavailable' from command line to 'False'
[0.351s] Level 5:colcon.colcon_core.verb:set package 'examples_rclcpp_async_client' build argument 'cmake_clean_cache' from command line to 'False'
[0.351s] Level 5:colcon.colcon_core.verb:set package 'examples_rclcpp_async_client' build argument 'cmake_clean_first' from command line to 'False'
[0.351s] Level 5:colcon.colcon_core.verb:set package 'examples_rclcpp_async_client' build argument 'cmake_force_configure' from command line to 'False'
[0.351s] Level 5:colcon.colcon_core.verb:set package 'examples_rclcpp_async_client' build argument 'ament_cmake_args' from command line to 'None'
[0.351s] Level 5:colcon.colcon_core.verb:set package 'examples_rclcpp_async_client' build argument 'catkin_cmake_args' from command line to 'None'
[0.351s] Level 5:colcon.colcon_core.verb:set package 'examples_rclcpp_async_client' build argument 'catkin_skip_building_tests' from command line to 'False'
[0.351s] DEBUG:colcon.colcon_core.verb:Building package 'examples_rclcpp_async_client' with the following arguments: {'ament_cmake_args': None, 'build_base': '/home/yahboom/intro_ws/build/examples_rclcpp_async_client', 'catkin_cmake_args': None, 'catkin_skip_building_tests': False, 'cmake_args': None, 'cmake_clean_cache': False, 'cmake_clean_first': False, 'cmake_force_configure': False, 'cmake_target': None, 'cmake_target_skip_unavailable': False, 'install_base': '/home/yahboom/intro_ws/install/examples_rclcpp_async_client', 'merge_install': False, 'path': '/home/yahboom/intro_ws/src/examples/rclcpp/services/async_client', 'symlink_install': True, 'test_result_base': None}
[0.351s] Level 5:colcon.colcon_core.verb:set package 'examples_rclcpp_cbg_executor' build argument 'cmake_args' from command line to 'None'
[0.352s] Level 5:colcon.colcon_core.verb:set package 'examples_rclcpp_cbg_executor' build argument 'cmake_target' from command line to 'None'
[0.352s] Level 5:colcon.colcon_core.verb:set package 'examples_rclcpp_cbg_executor' build argument 'cmake_target_skip_unavailable' from command line to 'False'
[0.352s] Level 5:colcon.colcon_core.verb:set package 'examples_rclcpp_cbg_executor' build argument 'cmake_clean_cache' from command line to 'False'
[0.352s] Level 5:colcon.colcon_core.verb:set package 'examples_rclcpp_cbg_executor' build argument 'cmake_clean_first' from command line to 'False'
[0.352s] Level 5:colcon.colcon_core.verb:set package 'examples_rclcpp_cbg_executor' build argument 'cmake_force_configure' from command line to 'False'
[0.352s] Level 5:colcon.colcon_core.verb:set package 'examples_rclcpp_cbg_executor' build argument 'ament_cmake_args' from command line to 'None'
[0.352s] Level 5:colcon.colcon_core.verb:set package 'examples_rclcpp_cbg_executor' build argument 'catkin_cmake_args' from command line to 'None'
[0.352s] Level 5:colcon.colcon_core.verb:set package 'examples_rclcpp_cbg_executor' build argument 'catkin_skip_building_tests' from command line to 'False'
[0.352s] DEBUG:colcon.colcon_core.verb:Building package 'examples_rclcpp_cbg_executor' with the following arguments: {'ament_cmake_args': None, 'build_base': '/home/yahboom/intro_ws/build/examples_rclcpp_cbg_executor', 'catkin_cmake_args': None, 'catkin_skip_building_tests': False, 'cmake_args': None, 'cmake_clean_cache': False, 'cmake_clean_first': False, 'cmake_force_configure': False, 'cmake_target': None, 'cmake_target_skip_unavailable': False, 'install_base': '/home/yahboom/intro_ws/install/examples_rclcpp_cbg_executor', 'merge_install': False, 'path': '/home/yahboom/intro_ws/src/examples/rclcpp/executors/cbg_executor', 'symlink_install': True, 'test_result_base': None}
[0.352s] Level 5:colcon.colcon_core.verb:set package 'examples_rclcpp_minimal_action_client' build argument 'cmake_args' from command line to 'None'
[0.352s] Level 5:colcon.colcon_core.verb:set package 'examples_rclcpp_minimal_action_client' build argument 'cmake_target' from command line to 'None'
[0.352s] Level 5:colcon.colcon_core.verb:set package 'examples_rclcpp_minimal_action_client' build argument 'cmake_target_skip_unavailable' from command line to 'False'
[0.352s] Level 5:colcon.colcon_core.verb:set package 'examples_rclcpp_minimal_action_client' build argument 'cmake_clean_cache' from command line to 'False'
[0.352s] Level 5:colcon.colcon_core.verb:set package 'examples_rclcpp_minimal_action_client' build argument 'cmake_clean_first' from command line to 'False'
[0.352s] Level 5:colcon.colcon_core.verb:set package 'examples_rclcpp_minimal_action_client' build argument 'cmake_force_configure' from command line to 'False'
[0.352s] Level 5:colcon.colcon_core.verb:set package 'examples_rclcpp_minimal_action_client' build argument 'ament_cmake_args' from command line to 'None'
[0.352s] Level 5:colcon.colcon_core.verb:set package 'examples_rclcpp_minimal_action_client' build argument 'catkin_cmake_args' from command line to 'None'
[0.352s] Level 5:colcon.colcon_core.verb:set package 'examples_rclcpp_minimal_action_client' build argument 'catkin_skip_building_tests' from command line to 'False'
[0.352s] DEBUG:colcon.colcon_core.verb:Building package 'examples_rclcpp_minimal_action_client' with the following arguments: {'ament_cmake_args': None, 'build_base': '/home/yahboom/intro_ws/build/examples_rclcpp_minimal_action_client', 'catkin_cmake_args': None, 'catkin_skip_building_tests': False, 'cmake_args': None, 'cmake_clean_cache': False, 'cmake_clean_first': False, 'cmake_force_configure': False, 'cmake_target': None, 'cmake_target_skip_unavailable': False, 'install_base': '/home/yahboom/intro_ws/install/examples_rclcpp_minimal_action_client', 'merge_install': False, 'path': '/home/yahboom/intro_ws/src/examples/rclcpp/actions/minimal_action_client', 'symlink_install': True, 'test_result_base': None}
[0.352s] Level 5:colcon.colcon_core.verb:set package 'examples_rclcpp_minimal_action_server' build argument 'cmake_args' from command line to 'None'
[0.352s] Level 5:colcon.colcon_core.verb:set package 'examples_rclcpp_minimal_action_server' build argument 'cmake_target' from command line to 'None'
[0.352s] Level 5:colcon.colcon_core.verb:set package 'examples_rclcpp_minimal_action_server' build argument 'cmake_target_skip_unavailable' from command line to 'False'
[0.352s] Level 5:colcon.colcon_core.verb:set package 'examples_rclcpp_minimal_action_server' build argument 'cmake_clean_cache' from command line to 'False'
[0.352s] Level 5:colcon.colcon_core.verb:set package 'examples_rclcpp_minimal_action_server' build argument 'cmake_clean_first' from command line to 'False'
[0.352s] Level 5:colcon.colcon_core.verb:set package 'examples_rclcpp_minimal_action_server' build argument 'cmake_force_configure' from command line to 'False'
[0.352s] Level 5:colcon.colcon_core.verb:set package 'examples_rclcpp_minimal_action_server' build argument 'ament_cmake_args' from command line to 'None'
[0.352s] Level 5:colcon.colcon_core.verb:set package 'examples_rclcpp_minimal_action_server' build argument 'catkin_cmake_args' from command line to 'None'
[0.352s] Level 5:colcon.colcon_core.verb:set package 'examples_rclcpp_minimal_action_server' build argument 'catkin_skip_building_tests' from command line to 'False'
[0.352s] DEBUG:colcon.colcon_core.verb:Building package 'examples_rclcpp_minimal_action_server' with the following arguments: {'ament_cmake_args': None, 'build_base': '/home/yahboom/intro_ws/build/examples_rclcpp_minimal_action_server', 'catkin_cmake_args': None, 'catkin_skip_building_tests': False, 'cmake_args': None, 'cmake_clean_cache': False, 'cmake_clean_first': False, 'cmake_force_configure': False, 'cmake_target': None, 'cmake_target_skip_unavailable': False, 'install_base': '/home/yahboom/intro_ws/install/examples_rclcpp_minimal_action_server', 'merge_install': False, 'path': '/home/yahboom/intro_ws/src/examples/rclcpp/actions/minimal_action_server', 'symlink_install': True, 'test_result_base': None}
[0.352s] Level 5:colcon.colcon_core.verb:set package 'examples_rclcpp_minimal_client' build argument 'cmake_args' from command line to 'None'
[0.352s] Level 5:colcon.colcon_core.verb:set package 'examples_rclcpp_minimal_client' build argument 'cmake_target' from command line to 'None'
[0.352s] Level 5:colcon.colcon_core.verb:set package 'examples_rclcpp_minimal_client' build argument 'cmake_target_skip_unavailable' from command line to 'False'
[0.352s] Level 5:colcon.colcon_core.verb:set package 'examples_rclcpp_minimal_client' build argument 'cmake_clean_cache' from command line to 'False'
[0.352s] Level 5:colcon.colcon_core.verb:set package 'examples_rclcpp_minimal_client' build argument 'cmake_clean_first' from command line to 'False'
[0.352s] Level 5:colcon.colcon_core.verb:set package 'examples_rclcpp_minimal_client' build argument 'cmake_force_configure' from command line to 'False'
[0.352s] Level 5:colcon.colcon_core.verb:set package 'examples_rclcpp_minimal_client' build argument 'ament_cmake_args' from command line to 'None'
[0.352s] Level 5:colcon.colcon_core.verb:set package 'examples_rclcpp_minimal_client' build argument 'catkin_cmake_args' from command line to 'None'
[0.352s] Level 5:colcon.colcon_core.verb:set package 'examples_rclcpp_minimal_client' build argument 'catkin_skip_building_tests' from command line to 'False'
[0.353s] DEBUG:colcon.colcon_core.verb:Building package 'examples_rclcpp_minimal_client' with the following arguments: {'ament_cmake_args': None, 'build_base': '/home/yahboom/intro_ws/build/examples_rclcpp_minimal_client', 'catkin_cmake_args': None, 'catkin_skip_building_tests': False, 'cmake_args': None, 'cmake_clean_cache': False, 'cmake_clean_first': False, 'cmake_force_configure': False, 'cmake_target': None, 'cmake_target_skip_unavailable': False, 'install_base': '/home/yahboom/intro_ws/install/examples_rclcpp_minimal_client', 'merge_install': False, 'path': '/home/yahboom/intro_ws/src/examples/rclcpp/services/minimal_client', 'symlink_install': True, 'test_result_base': None}
[0.353s] Level 5:colcon.colcon_core.verb:set package 'examples_rclcpp_minimal_composition' build argument 'cmake_args' from command line to 'None'
[0.353s] Level 5:colcon.colcon_core.verb:set package 'examples_rclcpp_minimal_composition' build argument 'cmake_target' from command line to 'None'
[0.353s] Level 5:colcon.colcon_core.verb:set package 'examples_rclcpp_minimal_composition' build argument 'cmake_target_skip_unavailable' from command line to 'False'
[0.353s] Level 5:colcon.colcon_core.verb:set package 'examples_rclcpp_minimal_composition' build argument 'cmake_clean_cache' from command line to 'False'
[0.353s] Level 5:colcon.colcon_core.verb:set package 'examples_rclcpp_minimal_composition' build argument 'cmake_clean_first' from command line to 'False'
[0.353s] Level 5:colcon.colcon_core.verb:set package 'examples_rclcpp_minimal_composition' build argument 'cmake_force_configure' from command line to 'False'
[0.353s] Level 5:colcon.colcon_core.verb:set package 'examples_rclcpp_minimal_composition' build argument 'ament_cmake_args' from command line to 'None'
[0.353s] Level 5:colcon.colcon_core.verb:set package 'examples_rclcpp_minimal_composition' build argument 'catkin_cmake_args' from command line to 'None'
[0.353s] Level 5:colcon.colcon_core.verb:set package 'examples_rclcpp_minimal_composition' build argument 'catkin_skip_building_tests' from command line to 'False'
[0.353s] DEBUG:colcon.colcon_core.verb:Building package 'examples_rclcpp_minimal_composition' with the following arguments: {'ament_cmake_args': None, 'build_base': '/home/yahboom/intro_ws/build/examples_rclcpp_minimal_composition', 'catkin_cmake_args': None, 'catkin_skip_building_tests': False, 'cmake_args': None, 'cmake_clean_cache': False, 'cmake_clean_first': False, 'cmake_force_configure': False, 'cmake_target': None, 'cmake_target_skip_unavailable': False, 'install_base': '/home/yahboom/intro_ws/install/examples_rclcpp_minimal_composition', 'merge_install': False, 'path': '/home/yahboom/intro_ws/src/examples/rclcpp/composition/minimal_composition', 'symlink_install': True, 'test_result_base': None}
[0.353s] Level 5:colcon.colcon_core.verb:set package 'examples_rclcpp_minimal_publisher' build argument 'cmake_args' from command line to 'None'
[0.353s] Level 5:colcon.colcon_core.verb:set package 'examples_rclcpp_minimal_publisher' build argument 'cmake_target' from command line to 'None'
[0.353s] Level 5:colcon.colcon_core.verb:set package 'examples_rclcpp_minimal_publisher' build argument 'cmake_target_skip_unavailable' from command line to 'False'
[0.353s] Level 5:colcon.colcon_core.verb:set package 'examples_rclcpp_minimal_publisher' build argument 'cmake_clean_cache' from command line to 'False'
[0.353s] Level 5:colcon.colcon_core.verb:set package 'examples_rclcpp_minimal_publisher' build argument 'cmake_clean_first' from command line to 'False'
[0.353s] Level 5:colcon.colcon_core.verb:set package 'examples_rclcpp_minimal_publisher' build argument 'cmake_force_configure' from command line to 'False'
[0.353s] Level 5:colcon.colcon_core.verb:set package 'examples_rclcpp_minimal_publisher' build argument 'ament_cmake_args' from command line to 'None'
[0.353s] Level 5:colcon.colcon_core.verb:set package 'examples_rclcpp_minimal_publisher' build argument 'catkin_cmake_args' from command line to 'None'
[0.353s] Level 5:colcon.colcon_core.verb:set package 'examples_rclcpp_minimal_publisher' build argument 'catkin_skip_building_tests' from command line to 'False'
[0.353s] DEBUG:colcon.colcon_core.verb:Building package 'examples_rclcpp_minimal_publisher' with the following arguments: {'ament_cmake_args': None, 'build_base': '/home/yahboom/intro_ws/build/examples_rclcpp_minimal_publisher', 'catkin_cmake_args': None, 'catkin_skip_building_tests': False, 'cmake_args': None, 'cmake_clean_cache': False, 'cmake_clean_first': False, 'cmake_force_configure': False, 'cmake_target': None, 'cmake_target_skip_unavailable': False, 'install_base': '/home/yahboom/intro_ws/install/examples_rclcpp_minimal_publisher', 'merge_install': False, 'path': '/home/yahboom/intro_ws/src/examples/rclcpp/topics/minimal_publisher', 'symlink_install': True, 'test_result_base': None}
[0.353s] Level 5:colcon.colcon_core.verb:set package 'examples_rclcpp_minimal_service' build argument 'cmake_args' from command line to 'None'
[0.353s] Level 5:colcon.colcon_core.verb:set package 'examples_rclcpp_minimal_service' build argument 'cmake_target' from command line to 'None'
[0.353s] Level 5:colcon.colcon_core.verb:set package 'examples_rclcpp_minimal_service' build argument 'cmake_target_skip_unavailable' from command line to 'False'
[0.353s] Level 5:colcon.colcon_core.verb:set package 'examples_rclcpp_minimal_service' build argument 'cmake_clean_cache' from command line to 'False'
[0.353s] Level 5:colcon.colcon_core.verb:set package 'examples_rclcpp_minimal_service' build argument 'cmake_clean_first' from command line to 'False'
[0.353s] Level 5:colcon.colcon_core.verb:set package 'examples_rclcpp_minimal_service' build argument 'cmake_force_configure' from command line to 'False'
[0.353s] Level 5:colcon.colcon_core.verb:set package 'examples_rclcpp_minimal_service' build argument 'ament_cmake_args' from command line to 'None'
[0.353s] Level 5:colcon.colcon_core.verb:set package 'examples_rclcpp_minimal_service' build argument 'catkin_cmake_args' from command line to 'None'
[0.353s] Level 5:colcon.colcon_core.verb:set package 'examples_rclcpp_minimal_service' build argument 'catkin_skip_building_tests' from command line to 'False'
[0.353s] DEBUG:colcon.colcon_core.verb:Building package 'examples_rclcpp_minimal_service' with the following arguments: {'ament_cmake_args': None, 'build_base': '/home/yahboom/intro_ws/build/examples_rclcpp_minimal_service', 'catkin_cmake_args': None, 'catkin_skip_building_tests': False, 'cmake_args': None, 'cmake_clean_cache': False, 'cmake_clean_first': False, 'cmake_force_configure': False, 'cmake_target': None, 'cmake_target_skip_unavailable': False, 'install_base': '/home/yahboom/intro_ws/install/examples_rclcpp_minimal_service', 'merge_install': False, 'path': '/home/yahboom/intro_ws/src/examples/rclcpp/services/minimal_service', 'symlink_install': True, 'test_result_base': None}
[0.354s] Level 5:colcon.colcon_core.verb:set package 'examples_rclcpp_minimal_subscriber' build argument 'cmake_args' from command line to 'None'
[0.354s] Level 5:colcon.colcon_core.verb:set package 'examples_rclcpp_minimal_subscriber' build argument 'cmake_target' from command line to 'None'
[0.354s] Level 5:colcon.colcon_core.verb:set package 'examples_rclcpp_minimal_subscriber' build argument 'cmake_target_skip_unavailable' from command line to 'False'
[0.354s] Level 5:colcon.colcon_core.verb:set package 'examples_rclcpp_minimal_subscriber' build argument 'cmake_clean_cache' from command line to 'False'
[0.354s] Level 5:colcon.colcon_core.verb:set package 'examples_rclcpp_minimal_subscriber' build argument 'cmake_clean_first' from command line to 'False'
[0.354s] Level 5:colcon.colcon_core.verb:set package 'examples_rclcpp_minimal_subscriber' build argument 'cmake_force_configure' from command line to 'False'
[0.354s] Level 5:colcon.colcon_core.verb:set package 'examples_rclcpp_minimal_subscriber' build argument 'ament_cmake_args' from command line to 'None'
[0.354s] Level 5:colcon.colcon_core.verb:set package 'examples_rclcpp_minimal_subscriber' build argument 'catkin_cmake_args' from command line to 'None'
[0.354s] Level 5:colcon.colcon_core.verb:set package 'examples_rclcpp_minimal_subscriber' build argument 'catkin_skip_building_tests' from command line to 'False'
[0.354s] DEBUG:colcon.colcon_core.verb:Building package 'examples_rclcpp_minimal_subscriber' with the following arguments: {'ament_cmake_args': None, 'build_base': '/home/yahboom/intro_ws/build/examples_rclcpp_minimal_subscriber', 'catkin_cmake_args': None, 'catkin_skip_building_tests': False, 'cmake_args': None, 'cmake_clean_cache': False, 'cmake_clean_first': False, 'cmake_force_configure': False, 'cmake_target': None, 'cmake_target_skip_unavailable': False, 'install_base': '/home/yahboom/intro_ws/install/examples_rclcpp_minimal_subscriber', 'merge_install': False, 'path': '/home/yahboom/intro_ws/src/examples/rclcpp/topics/minimal_subscriber', 'symlink_install': True, 'test_result_base': None}
[0.354s] Level 5:colcon.colcon_core.verb:set package 'examples_rclcpp_minimal_timer' build argument 'cmake_args' from command line to 'None'
[0.354s] Level 5:colcon.colcon_core.verb:set package 'examples_rclcpp_minimal_timer' build argument 'cmake_target' from command line to 'None'
[0.354s] Level 5:colcon.colcon_core.verb:set package 'examples_rclcpp_minimal_timer' build argument 'cmake_target_skip_unavailable' from command line to 'False'
[0.354s] Level 5:colcon.colcon_core.verb:set package 'examples_rclcpp_minimal_timer' build argument 'cmake_clean_cache' from command line to 'False'
[0.354s] Level 5:colcon.colcon_core.verb:set package 'examples_rclcpp_minimal_timer' build argument 'cmake_clean_first' from command line to 'False'
[0.354s] Level 5:colcon.colcon_core.verb:set package 'examples_rclcpp_minimal_timer' build argument 'cmake_force_configure' from command line to 'False'
[0.354s] Level 5:colcon.colcon_core.verb:set package 'examples_rclcpp_minimal_timer' build argument 'ament_cmake_args' from command line to 'None'
[0.354s] Level 5:colcon.colcon_core.verb:set package 'examples_rclcpp_minimal_timer' build argument 'catkin_cmake_args' from command line to 'None'
[0.354s] Level 5:colcon.colcon_core.verb:set package 'examples_rclcpp_minimal_timer' build argument 'catkin_skip_building_tests' from command line to 'False'
[0.354s] DEBUG:colcon.colcon_core.verb:Building package 'examples_rclcpp_minimal_timer' with the following arguments: {'ament_cmake_args': None, 'build_base': '/home/yahboom/intro_ws/build/examples_rclcpp_minimal_timer', 'catkin_cmake_args': None, 'catkin_skip_building_tests': False, 'cmake_args': None, 'cmake_clean_cache': False, 'cmake_clean_first': False, 'cmake_force_configure': False, 'cmake_target': None, 'cmake_target_skip_unavailable': False, 'install_base': '/home/yahboom/intro_ws/install/examples_rclcpp_minimal_timer', 'merge_install': False, 'path': '/home/yahboom/intro_ws/src/examples/rclcpp/timers/minimal_timer', 'symlink_install': True, 'test_result_base': None}
[0.354s] Level 5:colcon.colcon_core.verb:set package 'examples_rclcpp_multithreaded_executor' build argument 'cmake_args' from command line to 'None'
[0.354s] Level 5:colcon.colcon_core.verb:set package 'examples_rclcpp_multithreaded_executor' build argument 'cmake_target' from command line to 'None'
[0.354s] Level 5:colcon.colcon_core.verb:set package 'examples_rclcpp_multithreaded_executor' build argument 'cmake_target_skip_unavailable' from command line to 'False'
[0.354s] Level 5:colcon.colcon_core.verb:set package 'examples_rclcpp_multithreaded_executor' build argument 'cmake_clean_cache' from command line to 'False'
[0.354s] Level 5:colcon.colcon_core.verb:set package 'examples_rclcpp_multithreaded_executor' build argument 'cmake_clean_first' from command line to 'False'
[0.354s] Level 5:colcon.colcon_core.verb:set package 'examples_rclcpp_multithreaded_executor' build argument 'cmake_force_configure' from command line to 'False'
[0.354s] Level 5:colcon.colcon_core.verb:set package 'examples_rclcpp_multithreaded_executor' build argument 'ament_cmake_args' from command line to 'None'
[0.354s] Level 5:colcon.colcon_core.verb:set package 'examples_rclcpp_multithreaded_executor' build argument 'catkin_cmake_args' from command line to 'None'
[0.354s] Level 5:colcon.colcon_core.verb:set package 'examples_rclcpp_multithreaded_executor' build argument 'catkin_skip_building_tests' from command line to 'False'
[0.354s] DEBUG:colcon.colcon_core.verb:Building package 'examples_rclcpp_multithreaded_executor' with the following arguments: {'ament_cmake_args': None, 'build_base': '/home/yahboom/intro_ws/build/examples_rclcpp_multithreaded_executor', 'catkin_cmake_args': None, 'catkin_skip_building_tests': False, 'cmake_args': None, 'cmake_clean_cache': False, 'cmake_clean_first': False, 'cmake_force_configure': False, 'cmake_target': None, 'cmake_target_skip_unavailable': False, 'install_base': '/home/yahboom/intro_ws/install/examples_rclcpp_multithreaded_executor', 'merge_install': False, 'path': '/home/yahboom/intro_ws/src/examples/rclcpp/executors/multithreaded_executor', 'symlink_install': True, 'test_result_base': None}
[0.355s] Level 5:colcon.colcon_core.verb:set package 'examples_rclcpp_wait_set' build argument 'cmake_args' from command line to 'None'
[0.355s] Level 5:colcon.colcon_core.verb:set package 'examples_rclcpp_wait_set' build argument 'cmake_target' from command line to 'None'
[0.355s] Level 5:colcon.colcon_core.verb:set package 'examples_rclcpp_wait_set' build argument 'cmake_target_skip_unavailable' from command line to 'False'
[0.355s] Level 5:colcon.colcon_core.verb:set package 'examples_rclcpp_wait_set' build argument 'cmake_clean_cache' from command line to 'False'
[0.355s] Level 5:colcon.colcon_core.verb:set package 'examples_rclcpp_wait_set' build argument 'cmake_clean_first' from command line to 'False'
[0.355s] Level 5:colcon.colcon_core.verb:set package 'examples_rclcpp_wait_set' build argument 'cmake_force_configure' from command line to 'False'
[0.355s] Level 5:colcon.colcon_core.verb:set package 'examples_rclcpp_wait_set' build argument 'ament_cmake_args' from command line to 'None'
[0.355s] Level 5:colcon.colcon_core.verb:set package 'examples_rclcpp_wait_set' build argument 'catkin_cmake_args' from command line to 'None'
[0.355s] Level 5:colcon.colcon_core.verb:set package 'examples_rclcpp_wait_set' build argument 'catkin_skip_building_tests' from command line to 'False'
[0.355s] DEBUG:colcon.colcon_core.verb:Building package 'examples_rclcpp_wait_set' with the following arguments: {'ament_cmake_args': None, 'build_base': '/home/yahboom/intro_ws/build/examples_rclcpp_wait_set', 'catkin_cmake_args': None, 'catkin_skip_building_tests': False, 'cmake_args': None, 'cmake_clean_cache': False, 'cmake_clean_first': False, 'cmake_force_configure': False, 'cmake_target': None, 'cmake_target_skip_unavailable': False, 'install_base': '/home/yahboom/intro_ws/install/examples_rclcpp_wait_set', 'merge_install': False, 'path': '/home/yahboom/intro_ws/src/examples/rclcpp/wait_set', 'symlink_install': True, 'test_result_base': None}
[0.355s] Level 5:colcon.colcon_core.verb:set package 'examples_rclpy_executors' build argument 'cmake_args' from command line to 'None'
[0.355s] Level 5:colcon.colcon_core.verb:set package 'examples_rclpy_executors' build argument 'cmake_target' from command line to 'None'
[0.355s] Level 5:colcon.colcon_core.verb:set package 'examples_rclpy_executors' build argument 'cmake_target_skip_unavailable' from command line to 'False'
[0.355s] Level 5:colcon.colcon_core.verb:set package 'examples_rclpy_executors' build argument 'cmake_clean_cache' from command line to 'False'
[0.355s] Level 5:colcon.colcon_core.verb:set package 'examples_rclpy_executors' build argument 'cmake_clean_first' from command line to 'False'
[0.355s] Level 5:colcon.colcon_core.verb:set package 'examples_rclpy_executors' build argument 'cmake_force_configure' from command line to 'False'
[0.355s] Level 5:colcon.colcon_core.verb:set package 'examples_rclpy_executors' build argument 'ament_cmake_args' from command line to 'None'
[0.355s] Level 5:colcon.colcon_core.verb:set package 'examples_rclpy_executors' build argument 'catkin_cmake_args' from command line to 'None'
[0.355s] Level 5:colcon.colcon_core.verb:set package 'examples_rclpy_executors' build argument 'catkin_skip_building_tests' from command line to 'False'
[0.355s] DEBUG:colcon.colcon_core.verb:Building package 'examples_rclpy_executors' with the following arguments: {'ament_cmake_args': None, 'build_base': '/home/yahboom/intro_ws/build/examples_rclpy_executors', 'catkin_cmake_args': None, 'catkin_skip_building_tests': False, 'cmake_args': None, 'cmake_clean_cache': False, 'cmake_clean_first': False, 'cmake_force_configure': False, 'cmake_target': None, 'cmake_target_skip_unavailable': False, 'install_base': '/home/yahboom/intro_ws/install/examples_rclpy_executors', 'merge_install': False, 'path': '/home/yahboom/intro_ws/src/examples/rclpy/executors', 'symlink_install': True, 'test_result_base': None}
[0.355s] Level 5:colcon.colcon_core.verb:set package 'examples_rclpy_guard_conditions' build argument 'cmake_args' from command line to 'None'
[0.355s] Level 5:colcon.colcon_core.verb:set package 'examples_rclpy_guard_conditions' build argument 'cmake_target' from command line to 'None'
[0.355s] Level 5:colcon.colcon_core.verb:set package 'examples_rclpy_guard_conditions' build argument 'cmake_target_skip_unavailable' from command line to 'False'
[0.355s] Level 5:colcon.colcon_core.verb:set package 'examples_rclpy_guard_conditions' build argument 'cmake_clean_cache' from command line to 'False'
[0.355s] Level 5:colcon.colcon_core.verb:set package 'examples_rclpy_guard_conditions' build argument 'cmake_clean_first' from command line to 'False'
[0.355s] Level 5:colcon.colcon_core.verb:set package 'examples_rclpy_guard_conditions' build argument 'cmake_force_configure' from command line to 'False'
[0.355s] Level 5:colcon.colcon_core.verb:set package 'examples_rclpy_guard_conditions' build argument 'ament_cmake_args' from command line to 'None'
[0.355s] Level 5:colcon.colcon_core.verb:set package 'examples_rclpy_guard_conditions' build argument 'catkin_cmake_args' from command line to 'None'
[0.355s] Level 5:colcon.colcon_core.verb:set package 'examples_rclpy_guard_conditions' build argument 'catkin_skip_building_tests' from command line to 'False'
[0.355s] DEBUG:colcon.colcon_core.verb:Building package 'examples_rclpy_guard_conditions' with the following arguments: {'ament_cmake_args': None, 'build_base': '/home/yahboom/intro_ws/build/examples_rclpy_guard_conditions', 'catkin_cmake_args': None, 'catkin_skip_building_tests': False, 'cmake_args': None, 'cmake_clean_cache': False, 'cmake_clean_first': False, 'cmake_force_configure': False, 'cmake_target': None, 'cmake_target_skip_unavailable': False, 'install_base': '/home/yahboom/intro_ws/install/examples_rclpy_guard_conditions', 'merge_install': False, 'path': '/home/yahboom/intro_ws/src/examples/rclpy/guard_conditions', 'symlink_install': True, 'test_result_base': None}
[0.356s] Level 5:colcon.colcon_core.verb:set package 'examples_rclpy_minimal_action_client' build argument 'cmake_args' from command line to 'None'
[0.356s] Level 5:colcon.colcon_core.verb:set package 'examples_rclpy_minimal_action_client' build argument 'cmake_target' from command line to 'None'
[0.356s] Level 5:colcon.colcon_core.verb:set package 'examples_rclpy_minimal_action_client' build argument 'cmake_target_skip_unavailable' from command line to 'False'
[0.356s] Level 5:colcon.colcon_core.verb:set package 'examples_rclpy_minimal_action_client' build argument 'cmake_clean_cache' from command line to 'False'
[0.356s] Level 5:colcon.colcon_core.verb:set package 'examples_rclpy_minimal_action_client' build argument 'cmake_clean_first' from command line to 'False'
[0.356s] Level 5:colcon.colcon_core.verb:set package 'examples_rclpy_minimal_action_client' build argument 'cmake_force_configure' from command line to 'False'
[0.356s] Level 5:colcon.colcon_core.verb:set package 'examples_rclpy_minimal_action_client' build argument 'ament_cmake_args' from command line to 'None'
[0.356s] Level 5:colcon.colcon_core.verb:set package 'examples_rclpy_minimal_action_client' build argument 'catkin_cmake_args' from command line to 'None'
[0.356s] Level 5:colcon.colcon_core.verb:set package 'examples_rclpy_minimal_action_client' build argument 'catkin_skip_building_tests' from command line to 'False'
[0.356s] DEBUG:colcon.colcon_core.verb:Building package 'examples_rclpy_minimal_action_client' with the following arguments: {'ament_cmake_args': None, 'build_base': '/home/yahboom/intro_ws/build/examples_rclpy_minimal_action_client', 'catkin_cmake_args': None, 'catkin_skip_building_tests': False, 'cmake_args': None, 'cmake_clean_cache': False, 'cmake_clean_first': False, 'cmake_force_configure': False, 'cmake_target': None, 'cmake_target_skip_unavailable': False, 'install_base': '/home/yahboom/intro_ws/install/examples_rclpy_minimal_action_client', 'merge_install': False, 'path': '/home/yahboom/intro_ws/src/examples/rclpy/actions/minimal_action_client', 'symlink_install': True, 'test_result_base': None}
[0.356s] Level 5:colcon.colcon_core.verb:set package 'examples_rclpy_minimal_action_server' build argument 'cmake_args' from command line to 'None'
[0.356s] Level 5:colcon.colcon_core.verb:set package 'examples_rclpy_minimal_action_server' build argument 'cmake_target' from command line to 'None'
[0.356s] Level 5:colcon.colcon_core.verb:set package 'examples_rclpy_minimal_action_server' build argument 'cmake_target_skip_unavailable' from command line to 'False'
[0.356s] Level 5:colcon.colcon_core.verb:set package 'examples_rclpy_minimal_action_server' build argument 'cmake_clean_cache' from command line to 'False'
[0.356s] Level 5:colcon.colcon_core.verb:set package 'examples_rclpy_minimal_action_server' build argument 'cmake_clean_first' from command line to 'False'
[0.356s] Level 5:colcon.colcon_core.verb:set package 'examples_rclpy_minimal_action_server' build argument 'cmake_force_configure' from command line to 'False'
[0.356s] Level 5:colcon.colcon_core.verb:set package 'examples_rclpy_minimal_action_server' build argument 'ament_cmake_args' from command line to 'None'
[0.356s] Level 5:colcon.colcon_core.verb:set package 'examples_rclpy_minimal_action_server' build argument 'catkin_cmake_args' from command line to 'None'
[0.356s] Level 5:colcon.colcon_core.verb:set package 'examples_rclpy_minimal_action_server' build argument 'catkin_skip_building_tests' from command line to 'False'
[0.356s] DEBUG:colcon.colcon_core.verb:Building package 'examples_rclpy_minimal_action_server' with the following arguments: {'ament_cmake_args': None, 'build_base': '/home/yahboom/intro_ws/build/examples_rclpy_minimal_action_server', 'catkin_cmake_args': None, 'catkin_skip_building_tests': False, 'cmake_args': None, 'cmake_clean_cache': False, 'cmake_clean_first': False, 'cmake_force_configure': False, 'cmake_target': None, 'cmake_target_skip_unavailable': False, 'install_base': '/home/yahboom/intro_ws/install/examples_rclpy_minimal_action_server', 'merge_install': False, 'path': '/home/yahboom/intro_ws/src/examples/rclpy/actions/minimal_action_server', 'symlink_install': True, 'test_result_base': None}
[0.356s] Level 5:colcon.colcon_core.verb:set package 'examples_rclpy_minimal_client' build argument 'cmake_args' from command line to 'None'
[0.356s] Level 5:colcon.colcon_core.verb:set package 'examples_rclpy_minimal_client' build argument 'cmake_target' from command line to 'None'
[0.356s] Level 5:colcon.colcon_core.verb:set package 'examples_rclpy_minimal_client' build argument 'cmake_target_skip_unavailable' from command line to 'False'
[0.356s] Level 5:colcon.colcon_core.verb:set package 'examples_rclpy_minimal_client' build argument 'cmake_clean_cache' from command line to 'False'
[0.356s] Level 5:colcon.colcon_core.verb:set package 'examples_rclpy_minimal_client' build argument 'cmake_clean_first' from command line to 'False'
[0.356s] Level 5:colcon.colcon_core.verb:set package 'examples_rclpy_minimal_client' build argument 'cmake_force_configure' from command line to 'False'
[0.356s] Level 5:colcon.colcon_core.verb:set package 'examples_rclpy_minimal_client' build argument 'ament_cmake_args' from command line to 'None'
[0.356s] Level 5:colcon.colcon_core.verb:set package 'examples_rclpy_minimal_client' build argument 'catkin_cmake_args' from command line to 'None'
[0.356s] Level 5:colcon.colcon_core.verb:set package 'examples_rclpy_minimal_client' build argument 'catkin_skip_building_tests' from command line to 'False'
[0.356s] DEBUG:colcon.colcon_core.verb:Building package 'examples_rclpy_minimal_client' with the following arguments: {'ament_cmake_args': None, 'build_base': '/home/yahboom/intro_ws/build/examples_rclpy_minimal_client', 'catkin_cmake_args': None, 'catkin_skip_building_tests': False, 'cmake_args': None, 'cmake_clean_cache': False, 'cmake_clean_first': False, 'cmake_force_configure': False, 'cmake_target': None, 'cmake_target_skip_unavailable': False, 'install_base': '/home/yahboom/intro_ws/install/examples_rclpy_minimal_client', 'merge_install': False, 'path': '/home/yahboom/intro_ws/src/examples/rclpy/services/minimal_client', 'symlink_install': True, 'test_result_base': None}
[0.357s] Level 5:colcon.colcon_core.verb:set package 'examples_rclpy_minimal_publisher' build argument 'cmake_args' from command line to 'None'
[0.357s] Level 5:colcon.colcon_core.verb:set package 'examples_rclpy_minimal_publisher' build argument 'cmake_target' from command line to 'None'
[0.357s] Level 5:colcon.colcon_core.verb:set package 'examples_rclpy_minimal_publisher' build argument 'cmake_target_skip_unavailable' from command line to 'False'
[0.357s] Level 5:colcon.colcon_core.verb:set package 'examples_rclpy_minimal_publisher' build argument 'cmake_clean_cache' from command line to 'False'
[0.357s] Level 5:colcon.colcon_core.verb:set package 'examples_rclpy_minimal_publisher' build argument 'cmake_clean_first' from command line to 'False'
[0.357s] Level 5:colcon.colcon_core.verb:set package 'examples_rclpy_minimal_publisher' build argument 'cmake_force_configure' from command line to 'False'
[0.357s] Level 5:colcon.colcon_core.verb:set package 'examples_rclpy_minimal_publisher' build argument 'ament_cmake_args' from command line to 'None'
[0.357s] Level 5:colcon.colcon_core.verb:set package 'examples_rclpy_minimal_publisher' build argument 'catkin_cmake_args' from command line to 'None'
[0.357s] Level 5:colcon.colcon_core.verb:set package 'examples_rclpy_minimal_publisher' build argument 'catkin_skip_building_tests' from command line to 'False'
[0.357s] DEBUG:colcon.colcon_core.verb:Building package 'examples_rclpy_minimal_publisher' with the following arguments: {'ament_cmake_args': None, 'build_base': '/home/yahboom/intro_ws/build/examples_rclpy_minimal_publisher', 'catkin_cmake_args': None, 'catkin_skip_building_tests': False, 'cmake_args': None, 'cmake_clean_cache': False, 'cmake_clean_first': False, 'cmake_force_configure': False, 'cmake_target': None, 'cmake_target_skip_unavailable': False, 'install_base': '/home/yahboom/intro_ws/install/examples_rclpy_minimal_publisher', 'merge_install': False, 'path': '/home/yahboom/intro_ws/src/examples/rclpy/topics/minimal_publisher', 'symlink_install': True, 'test_result_base': None}
[0.357s] Level 5:colcon.colcon_core.verb:set package 'examples_rclpy_minimal_service' build argument 'cmake_args' from command line to 'None'
[0.357s] Level 5:colcon.colcon_core.verb:set package 'examples_rclpy_minimal_service' build argument 'cmake_target' from command line to 'None'
[0.357s] Level 5:colcon.colcon_core.verb:set package 'examples_rclpy_minimal_service' build argument 'cmake_target_skip_unavailable' from command line to 'False'
[0.357s] Level 5:colcon.colcon_core.verb:set package 'examples_rclpy_minimal_service' build argument 'cmake_clean_cache' from command line to 'False'
[0.357s] Level 5:colcon.colcon_core.verb:set package 'examples_rclpy_minimal_service' build argument 'cmake_clean_first' from command line to 'False'
[0.357s] Level 5:colcon.colcon_core.verb:set package 'examples_rclpy_minimal_service' build argument 'cmake_force_configure' from command line to 'False'
[0.357s] Level 5:colcon.colcon_core.verb:set package 'examples_rclpy_minimal_service' build argument 'ament_cmake_args' from command line to 'None'
[0.357s] Level 5:colcon.colcon_core.verb:set package 'examples_rclpy_minimal_service' build argument 'catkin_cmake_args' from command line to 'None'
[0.357s] Level 5:colcon.colcon_core.verb:set package 'examples_rclpy_minimal_service' build argument 'catkin_skip_building_tests' from command line to 'False'
[0.357s] DEBUG:colcon.colcon_core.verb:Building package 'examples_rclpy_minimal_service' with the following arguments: {'ament_cmake_args': None, 'build_base': '/home/yahboom/intro_ws/build/examples_rclpy_minimal_service', 'catkin_cmake_args': None, 'catkin_skip_building_tests': False, 'cmake_args': None, 'cmake_clean_cache': False, 'cmake_clean_first': False, 'cmake_force_configure': False, 'cmake_target': None, 'cmake_target_skip_unavailable': False, 'install_base': '/home/yahboom/intro_ws/install/examples_rclpy_minimal_service', 'merge_install': False, 'path': '/home/yahboom/intro_ws/src/examples/rclpy/services/minimal_service', 'symlink_install': True, 'test_result_base': None}
[0.357s] Level 5:colcon.colcon_core.verb:set package 'examples_rclpy_minimal_subscriber' build argument 'cmake_args' from command line to 'None'
[0.357s] Level 5:colcon.colcon_core.verb:set package 'examples_rclpy_minimal_subscriber' build argument 'cmake_target' from command line to 'None'
[0.357s] Level 5:colcon.colcon_core.verb:set package 'examples_rclpy_minimal_subscriber' build argument 'cmake_target_skip_unavailable' from command line to 'False'
[0.357s] Level 5:colcon.colcon_core.verb:set package 'examples_rclpy_minimal_subscriber' build argument 'cmake_clean_cache' from command line to 'False'
[0.357s] Level 5:colcon.colcon_core.verb:set package 'examples_rclpy_minimal_subscriber' build argument 'cmake_clean_first' from command line to 'False'
[0.357s] Level 5:colcon.colcon_core.verb:set package 'examples_rclpy_minimal_subscriber' build argument 'cmake_force_configure' from command line to 'False'
[0.357s] Level 5:colcon.colcon_core.verb:set package 'examples_rclpy_minimal_subscriber' build argument 'ament_cmake_args' from command line to 'None'
[0.357s] Level 5:colcon.colcon_core.verb:set package 'examples_rclpy_minimal_subscriber' build argument 'catkin_cmake_args' from command line to 'None'
[0.357s] Level 5:colcon.colcon_core.verb:set package 'examples_rclpy_minimal_subscriber' build argument 'catkin_skip_building_tests' from command line to 'False'
[0.357s] DEBUG:colcon.colcon_core.verb:Building package 'examples_rclpy_minimal_subscriber' with the following arguments: {'ament_cmake_args': None, 'build_base': '/home/yahboom/intro_ws/build/examples_rclpy_minimal_subscriber', 'catkin_cmake_args': None, 'catkin_skip_building_tests': False, 'cmake_args': None, 'cmake_clean_cache': False, 'cmake_clean_first': False, 'cmake_force_configure': False, 'cmake_target': None, 'cmake_target_skip_unavailable': False, 'install_base': '/home/yahboom/intro_ws/install/examples_rclpy_minimal_subscriber', 'merge_install': False, 'path': '/home/yahboom/intro_ws/src/examples/rclpy/topics/minimal_subscriber', 'symlink_install': True, 'test_result_base': None}
[0.358s] Level 5:colcon.colcon_core.verb:set package 'examples_rclpy_pointcloud_publisher' build argument 'cmake_args' from command line to 'None'
[0.358s] Level 5:colcon.colcon_core.verb:set package 'examples_rclpy_pointcloud_publisher' build argument 'cmake_target' from command line to 'None'
[0.358s] Level 5:colcon.colcon_core.verb:set package 'examples_rclpy_pointcloud_publisher' build argument 'cmake_target_skip_unavailable' from command line to 'False'
[0.358s] Level 5:colcon.colcon_core.verb:set package 'examples_rclpy_pointcloud_publisher' build argument 'cmake_clean_cache' from command line to 'False'
[0.358s] Level 5:colcon.colcon_core.verb:set package 'examples_rclpy_pointcloud_publisher' build argument 'cmake_clean_first' from command line to 'False'
[0.358s] Level 5:colcon.colcon_core.verb:set package 'examples_rclpy_pointcloud_publisher' build argument 'cmake_force_configure' from command line to 'False'
[0.358s] Level 5:colcon.colcon_core.verb:set package 'examples_rclpy_pointcloud_publisher' build argument 'ament_cmake_args' from command line to 'None'
[0.358s] Level 5:colcon.colcon_core.verb:set package 'examples_rclpy_pointcloud_publisher' build argument 'catkin_cmake_args' from command line to 'None'
[0.358s] Level 5:colcon.colcon_core.verb:set package 'examples_rclpy_pointcloud_publisher' build argument 'catkin_skip_building_tests' from command line to 'False'
[0.358s] DEBUG:colcon.colcon_core.verb:Building package 'examples_rclpy_pointcloud_publisher' with the following arguments: {'ament_cmake_args': None, 'build_base': '/home/yahboom/intro_ws/build/examples_rclpy_pointcloud_publisher', 'catkin_cmake_args': None, 'catkin_skip_building_tests': False, 'cmake_args': None, 'cmake_clean_cache': False, 'cmake_clean_first': False, 'cmake_force_configure': False, 'cmake_target': None, 'cmake_target_skip_unavailable': False, 'install_base': '/home/yahboom/intro_ws/install/examples_rclpy_pointcloud_publisher', 'merge_install': False, 'path': '/home/yahboom/intro_ws/src/examples/rclpy/topics/pointcloud_publisher', 'symlink_install': True, 'test_result_base': None}
[0.358s] Level 5:colcon.colcon_core.verb:set package 'launch_testing_examples' build argument 'cmake_args' from command line to 'None'
[0.358s] Level 5:colcon.colcon_core.verb:set package 'launch_testing_examples' build argument 'cmake_target' from command line to 'None'
[0.358s] Level 5:colcon.colcon_core.verb:set package 'launch_testing_examples' build argument 'cmake_target_skip_unavailable' from command line to 'False'
[0.358s] Level 5:colcon.colcon_core.verb:set package 'launch_testing_examples' build argument 'cmake_clean_cache' from command line to 'False'
[0.358s] Level 5:colcon.colcon_core.verb:set package 'launch_testing_examples' build argument 'cmake_clean_first' from command line to 'False'
[0.358s] Level 5:colcon.colcon_core.verb:set package 'launch_testing_examples' build argument 'cmake_force_configure' from command line to 'False'
[0.358s] Level 5:colcon.colcon_core.verb:set package 'launch_testing_examples' build argument 'ament_cmake_args' from command line to 'None'
[0.358s] Level 5:colcon.colcon_core.verb:set package 'launch_testing_examples' build argument 'catkin_cmake_args' from command line to 'None'
[0.358s] Level 5:colcon.colcon_core.verb:set package 'launch_testing_examples' build argument 'catkin_skip_building_tests' from command line to 'False'
[0.358s] DEBUG:colcon.colcon_core.verb:Building package 'launch_testing_examples' with the following arguments: {'ament_cmake_args': None, 'build_base': '/home/yahboom/intro_ws/build/launch_testing_examples', 'catkin_cmake_args': None, 'catkin_skip_building_tests': False, 'cmake_args': None, 'cmake_clean_cache': False, 'cmake_clean_first': False, 'cmake_force_configure': False, 'cmake_target': None, 'cmake_target_skip_unavailable': False, 'install_base': '/home/yahboom/intro_ws/install/launch_testing_examples', 'merge_install': False, 'path': '/home/yahboom/intro_ws/src/examples/launch_testing/launch_testing_examples', 'symlink_install': True, 'test_result_base': None}
[0.358s] Level 5:colcon.colcon_core.verb:set package 'python_parameters' build argument 'cmake_args' from command line to 'None'
[0.358s] Level 5:colcon.colcon_core.verb:set package 'python_parameters' build argument 'cmake_target' from command line to 'None'
[0.358s] Level 5:colcon.colcon_core.verb:set package 'python_parameters' build argument 'cmake_target_skip_unavailable' from command line to 'False'
[0.358s] Level 5:colcon.colcon_core.verb:set package 'python_parameters' build argument 'cmake_clean_cache' from command line to 'False'
[0.358s] Level 5:colcon.colcon_core.verb:set package 'python_parameters' build argument 'cmake_clean_first' from command line to 'False'
[0.358s] Level 5:colcon.colcon_core.verb:set package 'python_parameters' build argument 'cmake_force_configure' from command line to 'False'
[0.358s] Level 5:colcon.colcon_core.verb:set package 'python_parameters' build argument 'ament_cmake_args' from command line to 'None'
[0.358s] Level 5:colcon.colcon_core.verb:set package 'python_parameters' build argument 'catkin_cmake_args' from command line to 'None'
[0.358s] Level 5:colcon.colcon_core.verb:set package 'python_parameters' build argument 'catkin_skip_building_tests' from command line to 'False'
[0.358s] DEBUG:colcon.colcon_core.verb:Building package 'python_parameters' with the following arguments: {'ament_cmake_args': None, 'build_base': '/home/yahboom/intro_ws/build/python_parameters', 'catkin_cmake_args': None, 'catkin_skip_building_tests': False, 'cmake_args': None, 'cmake_clean_cache': False, 'cmake_clean_first': False, 'cmake_force_configure': False, 'cmake_target': None, 'cmake_target_skip_unavailable': False, 'install_base': '/home/yahboom/intro_ws/install/python_parameters', 'merge_install': False, 'path': '/home/yahboom/intro_ws/src/python_parameters', 'symlink_install': True, 'test_result_base': None}
[0.359s] Level 5:colcon.colcon_core.verb:set package 'test_tf2_py' build argument 'cmake_args' from command line to 'None'
[0.359s] Level 5:colcon.colcon_core.verb:set package 'test_tf2_py' build argument 'cmake_target' from command line to 'None'
[0.359s] Level 5:colcon.colcon_core.verb:set package 'test_tf2_py' build argument 'cmake_target_skip_unavailable' from command line to 'False'
[0.359s] Level 5:colcon.colcon_core.verb:set package 'test_tf2_py' build argument 'cmake_clean_cache' from command line to 'False'
[0.359s] Level 5:colcon.colcon_core.verb:set package 'test_tf2_py' build argument 'cmake_clean_first' from command line to 'False'
[0.359s] Level 5:colcon.colcon_core.verb:set package 'test_tf2_py' build argument 'cmake_force_configure' from command line to 'False'
[0.359s] Level 5:colcon.colcon_core.verb:set package 'test_tf2_py' build argument 'ament_cmake_args' from command line to 'None'
[0.359s] Level 5:colcon.colcon_core.verb:set package 'test_tf2_py' build argument 'catkin_cmake_args' from command line to 'None'
[0.359s] Level 5:colcon.colcon_core.verb:set package 'test_tf2_py' build argument 'catkin_skip_building_tests' from command line to 'False'
[0.359s] DEBUG:colcon.colcon_core.verb:Building package 'test_tf2_py' with the following arguments: {'ament_cmake_args': None, 'build_base': '/home/yahboom/intro_ws/build/test_tf2_py', 'catkin_cmake_args': None, 'catkin_skip_building_tests': False, 'cmake_args': None, 'cmake_clean_cache': False, 'cmake_clean_first': False, 'cmake_force_configure': False, 'cmake_target': None, 'cmake_target_skip_unavailable': False, 'install_base': '/home/yahboom/intro_ws/install/test_tf2_py', 'merge_install': False, 'path': '/home/yahboom/intro_ws/src/test_tf2_py', 'symlink_install': True, 'test_result_base': None}
[0.359s] Level 5:colcon.colcon_core.verb:set package 'time_tf2_py' build argument 'cmake_args' from command line to 'None'
[0.359s] Level 5:colcon.colcon_core.verb:set package 'time_tf2_py' build argument 'cmake_target' from command line to 'None'
[0.359s] Level 5:colcon.colcon_core.verb:set package 'time_tf2_py' build argument 'cmake_target_skip_unavailable' from command line to 'False'
[0.359s] Level 5:colcon.colcon_core.verb:set package 'time_tf2_py' build argument 'cmake_clean_cache' from command line to 'False'
[0.359s] Level 5:colcon.colcon_core.verb:set package 'time_tf2_py' build argument 'cmake_clean_first' from command line to 'False'
[0.359s] Level 5:colcon.colcon_core.verb:set package 'time_tf2_py' build argument 'cmake_force_configure' from command line to 'False'
[0.359s] Level 5:colcon.colcon_core.verb:set package 'time_tf2_py' build argument 'ament_cmake_args' from command line to 'None'
[0.359s] Level 5:colcon.colcon_core.verb:set package 'time_tf2_py' build argument 'catkin_cmake_args' from command line to 'None'
[0.359s] Level 5:colcon.colcon_core.verb:set package 'time_tf2_py' build argument 'catkin_skip_building_tests' from command line to 'False'
[0.359s] DEBUG:colcon.colcon_core.verb:Building package 'time_tf2_py' with the following arguments: {'ament_cmake_args': None, 'build_base': '/home/yahboom/intro_ws/build/time_tf2_py', 'catkin_cmake_args': None, 'catkin_skip_building_tests': False, 'cmake_args': None, 'cmake_clean_cache': False, 'cmake_clean_first': False, 'cmake_force_configure': False, 'cmake_target': None, 'cmake_target_skip_unavailable': False, 'install_base': '/home/yahboom/intro_ws/install/time_tf2_py', 'merge_install': False, 'path': '/home/yahboom/intro_ws/src/time_tf2_py', 'symlink_install': True, 'test_result_base': None}
[0.359s] Level 5:colcon.colcon_core.verb:set package 'turtle_interfaces' build argument 'cmake_args' from command line to 'None'
[0.359s] Level 5:colcon.colcon_core.verb:set package 'turtle_interfaces' build argument 'cmake_target' from command line to 'None'
[0.359s] Level 5:colcon.colcon_core.verb:set package 'turtle_interfaces' build argument 'cmake_target_skip_unavailable' from command line to 'False'
[0.359s] Level 5:colcon.colcon_core.verb:set package 'turtle_interfaces' build argument 'cmake_clean_cache' from command line to 'False'
[0.359s] Level 5:colcon.colcon_core.verb:set package 'turtle_interfaces' build argument 'cmake_clean_first' from command line to 'False'
[0.359s] Level 5:colcon.colcon_core.verb:set package 'turtle_interfaces' build argument 'cmake_force_configure' from command line to 'False'
[0.359s] Level 5:colcon.colcon_core.verb:set package 'turtle_interfaces' build argument 'ament_cmake_args' from command line to 'None'
[0.359s] Level 5:colcon.colcon_core.verb:set package 'turtle_interfaces' build argument 'catkin_cmake_args' from command line to 'None'
[0.359s] Level 5:colcon.colcon_core.verb:set package 'turtle_interfaces' build argument 'catkin_skip_building_tests' from command line to 'False'
[0.359s] DEBUG:colcon.colcon_core.verb:Building package 'turtle_interfaces' with the following arguments: {'ament_cmake_args': None, 'build_base': '/home/yahboom/intro_ws/build/turtle_interfaces', 'catkin_cmake_args': None, 'catkin_skip_building_tests': False, 'cmake_args': None, 'cmake_clean_cache': False, 'cmake_clean_first': False, 'cmake_force_configure': False, 'cmake_target': None, 'cmake_target_skip_unavailable': False, 'install_base': '/home/yahboom/intro_ws/install/turtle_interfaces', 'merge_install': False, 'path': '/home/yahboom/intro_ws/src/turtle_interfaces', 'symlink_install': True, 'test_result_base': None}
[0.360s] Level 5:colcon.colcon_core.verb:set package 'turtle_test' build argument 'cmake_args' from command line to 'None'
[0.360s] Level 5:colcon.colcon_core.verb:set package 'turtle_test' build argument 'cmake_target' from command line to 'None'
[0.360s] Level 5:colcon.colcon_core.verb:set package 'turtle_test' build argument 'cmake_target_skip_unavailable' from command line to 'False'
[0.360s] Level 5:colcon.colcon_core.verb:set package 'turtle_test' build argument 'cmake_clean_cache' from command line to 'False'
[0.360s] Level 5:colcon.colcon_core.verb:set package 'turtle_test' build argument 'cmake_clean_first' from command line to 'False'
[0.360s] Level 5:colcon.colcon_core.verb:set package 'turtle_test' build argument 'cmake_force_configure' from command line to 'False'
[0.360s] Level 5:colcon.colcon_core.verb:set package 'turtle_test' build argument 'ament_cmake_args' from command line to 'None'
[0.360s] Level 5:colcon.colcon_core.verb:set package 'turtle_test' build argument 'catkin_cmake_args' from command line to 'None'
[0.360s] Level 5:colcon.colcon_core.verb:set package 'turtle_test' build argument 'catkin_skip_building_tests' from command line to 'False'
[0.360s] DEBUG:colcon.colcon_core.verb:Building package 'turtle_test' with the following arguments: {'ament_cmake_args': None, 'build_base': '/home/yahboom/intro_ws/build/turtle_test', 'catkin_cmake_args': None, 'catkin_skip_building_tests': False, 'cmake_args': None, 'cmake_clean_cache': False, 'cmake_clean_first': False, 'cmake_force_configure': False, 'cmake_target': None, 'cmake_target_skip_unavailable': False, 'install_base': '/home/yahboom/intro_ws/install/turtle_test', 'merge_install': False, 'path': '/home/yahboom/intro_ws/src/turtle_test', 'symlink_install': True, 'test_result_base': None}
[0.360s] INFO:colcon.colcon_core.executor:Executing jobs using 'parallel' executor
[0.361s] DEBUG:colcon.colcon_parallel_executor.executor.parallel:run_until_complete
[0.362s] INFO:colcon.colcon_ros.task.ament_cmake.build:Building ROS package in '/home/yahboom/intro_ws/src/turtle_interfaces' with build type 'ament_cmake'
[0.362s] INFO:colcon.colcon_cmake.task.cmake.build:Building CMake package in '/home/yahboom/intro_ws/src/turtle_interfaces'
[0.365s] INFO:colcon.colcon_core.plugin_system:Skipping extension 'colcon_core.shell.bat': Not used on non-Windows systems
[0.365s] INFO:colcon.colcon_core.shell:Skip shell extension 'powershell' for command environment: Not usable outside of PowerShell
[0.365s] DEBUG:colcon.colcon_core.shell:Skip shell extension 'dsv' for command environment
[0.375s] INFO:colcon.colcon_ros.task.ament_cmake.build:Building ROS package in '/home/yahboom/intro_ws/src/examples/rclcpp/services/async_client' with build type 'ament_cmake'
[0.376s] INFO:colcon.colcon_cmake.task.cmake.build:Building CMake package in '/home/yahboom/intro_ws/src/examples/rclcpp/services/async_client'
[0.376s] INFO:colcon.colcon_core.shell:Skip shell extension 'powershell' for command environment: Not usable outside of PowerShell
[0.376s] DEBUG:colcon.colcon_core.shell:Skip shell extension 'dsv' for command environment
[0.388s] INFO:colcon.colcon_ros.task.ament_cmake.build:Building ROS package in '/home/yahboom/intro_ws/src/examples/rclcpp/executors/cbg_executor' with build type 'ament_cmake'
[0.389s] INFO:colcon.colcon_cmake.task.cmake.build:Building CMake package in '/home/yahboom/intro_ws/src/examples/rclcpp/executors/cbg_executor'
[0.389s] INFO:colcon.colcon_core.shell:Skip shell extension 'powershell' for command environment: Not usable outside of PowerShell
[0.389s] DEBUG:colcon.colcon_core.shell:Skip shell extension 'dsv' for command environment
[0.401s] INFO:colcon.colcon_ros.task.ament_cmake.build:Building ROS package in '/home/yahboom/intro_ws/src/examples/rclcpp/actions/minimal_action_client' with build type 'ament_cmake'
[0.401s] INFO:colcon.colcon_cmake.task.cmake.build:Building CMake package in '/home/yahboom/intro_ws/src/examples/rclcpp/actions/minimal_action_client'
[0.401s] INFO:colcon.colcon_core.shell:Skip shell extension 'powershell' for command environment: Not usable outside of PowerShell
[0.401s] DEBUG:colcon.colcon_core.shell:Skip shell extension 'dsv' for command environment
[0.418s] DEBUG:colcon.colcon_core.event_handler.log_command:Invoking command in '/home/yahboom/intro_ws/build/turtle_interfaces': CMAKE_PREFIX_PATH=${CMAKE_PREFIX_PATH}:/home/yahboom/intro_ws/install/turtle_test:/home/yahboom/intro_ws/install/time_tf2_py:/home/yahboom/intro_ws/install/test_tf2_py:/home/yahboom/intro_ws/install/python_parameters:/home/yahboom/intro_ws/install/launch_testing_examples:/home/yahboom/intro_ws/install/examples_rclpy_pointcloud_publisher:/home/yahboom/intro_ws/install/examples_rclpy_minimal_subscriber:/home/yahboom/intro_ws/install/examples_rclpy_minimal_service:/home/yahboom/intro_ws/install/examples_rclpy_minimal_publisher:/home/yahboom/intro_ws/install/examples_rclpy_minimal_client:/home/yahboom/intro_ws/install/examples_rclpy_minimal_action_server:/home/yahboom/intro_ws/install/examples_rclpy_minimal_action_client:/home/yahboom/intro_ws/install/examples_rclpy_guard_conditions:/home/yahboom/intro_ws/install/examples_rclpy_executors:/home/yahboom/cartoros2/install/yahboomcar_nav:/home/yahboom/cartoros2/install/yahboomcar_ctrl:/home/yahboom/cartoros2/install/yahboom_visual:/home/yahboom/cartoros2/install/yahboom_dog_joint_state:/home/yahboom/cartoros2/install/yahboom_description:/home/yahboom/cartoros2/install/yahboom_color_identify_server:/home/yahboom/cartoros2/install/yahboom_bringup:/home/yahboom/cartoros2/install/yahboom_base:/home/yahboom/cartoros2/install/yahboom_app_save_map:/home/yahboom/cartoros2/install/update_map:/home/yahboom/cartoros2/install/rosboard:/home/yahboom/cartoros2/install/path_planner_server:/home/yahboom/cartoros2/install/nav2_simple_commander:/home/yahboom/cartoros2/install/nav2_gazebo_spawner:/home/yahboom/cartoros2/install/localization_server:/home/yahboom/cartoros2/install/laserscan_to_point_pulisher:/home/yahboom/yahboomcar_ws/install/yahboom_dog_example:/opt/ros/humble /usr/bin/cmake /home/yahboom/intro_ws/src/turtle_interfaces -DAMENT_CMAKE_SYMLINK_INSTALL=1 -DCMAKE_INSTALL_PREFIX=/home/yahboom/intro_ws/install/turtle_interfaces
[0.426s] DEBUG:colcon.colcon_core.event_handler.log_command:Invoking command in '/home/yahboom/intro_ws/build/examples_rclcpp_async_client': CMAKE_PREFIX_PATH=${CMAKE_PREFIX_PATH}:/home/yahboom/intro_ws/install/turtle_test:/home/yahboom/intro_ws/install/time_tf2_py:/home/yahboom/intro_ws/install/test_tf2_py:/home/yahboom/intro_ws/install/python_parameters:/home/yahboom/intro_ws/install/launch_testing_examples:/home/yahboom/intro_ws/install/examples_rclpy_pointcloud_publisher:/home/yahboom/intro_ws/install/examples_rclpy_minimal_subscriber:/home/yahboom/intro_ws/install/examples_rclpy_minimal_service:/home/yahboom/intro_ws/install/examples_rclpy_minimal_publisher:/home/yahboom/intro_ws/install/examples_rclpy_minimal_client:/home/yahboom/intro_ws/install/examples_rclpy_minimal_action_server:/home/yahboom/intro_ws/install/examples_rclpy_minimal_action_client:/home/yahboom/intro_ws/install/examples_rclpy_guard_conditions:/home/yahboom/intro_ws/install/examples_rclpy_executors:/home/yahboom/cartoros2/install/yahboomcar_nav:/home/yahboom/cartoros2/install/yahboomcar_ctrl:/home/yahboom/cartoros2/install/yahboom_visual:/home/yahboom/cartoros2/install/yahboom_dog_joint_state:/home/yahboom/cartoros2/install/yahboom_description:/home/yahboom/cartoros2/install/yahboom_color_identify_server:/home/yahboom/cartoros2/install/yahboom_bringup:/home/yahboom/cartoros2/install/yahboom_base:/home/yahboom/cartoros2/install/yahboom_app_save_map:/home/yahboom/cartoros2/install/update_map:/home/yahboom/cartoros2/install/rosboard:/home/yahboom/cartoros2/install/path_planner_server:/home/yahboom/cartoros2/install/nav2_simple_commander:/home/yahboom/cartoros2/install/nav2_gazebo_spawner:/home/yahboom/cartoros2/install/localization_server:/home/yahboom/cartoros2/install/laserscan_to_point_pulisher:/home/yahboom/yahboomcar_ws/install/yahboom_dog_example:/opt/ros/humble /usr/bin/cmake /home/yahboom/intro_ws/src/examples/rclcpp/services/async_client -DAMENT_CMAKE_SYMLINK_INSTALL=1 -DCMAKE_INSTALL_PREFIX=/home/yahboom/intro_ws/install/examples_rclcpp_async_client
[0.429s] DEBUG:colcon.colcon_core.event_handler.log_command:Invoking command in '/home/yahboom/intro_ws/build/examples_rclcpp_cbg_executor': CMAKE_PREFIX_PATH=${CMAKE_PREFIX_PATH}:/home/yahboom/intro_ws/install/turtle_test:/home/yahboom/intro_ws/install/time_tf2_py:/home/yahboom/intro_ws/install/test_tf2_py:/home/yahboom/intro_ws/install/python_parameters:/home/yahboom/intro_ws/install/launch_testing_examples:/home/yahboom/intro_ws/install/examples_rclpy_pointcloud_publisher:/home/yahboom/intro_ws/install/examples_rclpy_minimal_subscriber:/home/yahboom/intro_ws/install/examples_rclpy_minimal_service:/home/yahboom/intro_ws/install/examples_rclpy_minimal_publisher:/home/yahboom/intro_ws/install/examples_rclpy_minimal_client:/home/yahboom/intro_ws/install/examples_rclpy_minimal_action_server:/home/yahboom/intro_ws/install/examples_rclpy_minimal_action_client:/home/yahboom/intro_ws/install/examples_rclpy_guard_conditions:/home/yahboom/intro_ws/install/examples_rclpy_executors:/home/yahboom/cartoros2/install/yahboomcar_nav:/home/yahboom/cartoros2/install/yahboomcar_ctrl:/home/yahboom/cartoros2/install/yahboom_visual:/home/yahboom/cartoros2/install/yahboom_dog_joint_state:/home/yahboom/cartoros2/install/yahboom_description:/home/yahboom/cartoros2/install/yahboom_color_identify_server:/home/yahboom/cartoros2/install/yahboom_bringup:/home/yahboom/cartoros2/install/yahboom_base:/home/yahboom/cartoros2/install/yahboom_app_save_map:/home/yahboom/cartoros2/install/update_map:/home/yahboom/cartoros2/install/rosboard:/home/yahboom/cartoros2/install/path_planner_server:/home/yahboom/cartoros2/install/nav2_simple_commander:/home/yahboom/cartoros2/install/nav2_gazebo_spawner:/home/yahboom/cartoros2/install/localization_server:/home/yahboom/cartoros2/install/laserscan_to_point_pulisher:/home/yahboom/yahboomcar_ws/install/yahboom_dog_example:/opt/ros/humble /usr/bin/cmake /home/yahboom/intro_ws/src/examples/rclcpp/executors/cbg_executor -DAMENT_CMAKE_SYMLINK_INSTALL=1 -DCMAKE_INSTALL_PREFIX=/home/yahboom/intro_ws/install/examples_rclcpp_cbg_executor
[0.437s] DEBUG:colcon.colcon_core.event_handler.log_command:Invoking command in '/home/yahboom/intro_ws/build/examples_rclcpp_minimal_action_client': CMAKE_PREFIX_PATH=${CMAKE_PREFIX_PATH}:/home/yahboom/intro_ws/install/turtle_test:/home/yahboom/intro_ws/install/time_tf2_py:/home/yahboom/intro_ws/install/test_tf2_py:/home/yahboom/intro_ws/install/python_parameters:/home/yahboom/intro_ws/install/launch_testing_examples:/home/yahboom/intro_ws/install/examples_rclpy_pointcloud_publisher:/home/yahboom/intro_ws/install/examples_rclpy_minimal_subscriber:/home/yahboom/intro_ws/install/examples_rclpy_minimal_service:/home/yahboom/intro_ws/install/examples_rclpy_minimal_publisher:/home/yahboom/intro_ws/install/examples_rclpy_minimal_client:/home/yahboom/intro_ws/install/examples_rclpy_minimal_action_server:/home/yahboom/intro_ws/install/examples_rclpy_minimal_action_client:/home/yahboom/intro_ws/install/examples_rclpy_guard_conditions:/home/yahboom/intro_ws/install/examples_rclpy_executors:/home/yahboom/cartoros2/install/yahboomcar_nav:/home/yahboom/cartoros2/install/yahboomcar_ctrl:/home/yahboom/cartoros2/install/yahboom_visual:/home/yahboom/cartoros2/install/yahboom_dog_joint_state:/home/yahboom/cartoros2/install/yahboom_description:/home/yahboom/cartoros2/install/yahboom_color_identify_server:/home/yahboom/cartoros2/install/yahboom_bringup:/home/yahboom/cartoros2/install/yahboom_base:/home/yahboom/cartoros2/install/yahboom_app_save_map:/home/yahboom/cartoros2/install/update_map:/home/yahboom/cartoros2/install/rosboard:/home/yahboom/cartoros2/install/path_planner_server:/home/yahboom/cartoros2/install/nav2_simple_commander:/home/yahboom/cartoros2/install/nav2_gazebo_spawner:/home/yahboom/cartoros2/install/localization_server:/home/yahboom/cartoros2/install/laserscan_to_point_pulisher:/home/yahboom/yahboomcar_ws/install/yahboom_dog_example:/opt/ros/humble /usr/bin/cmake /home/yahboom/intro_ws/src/examples/rclcpp/actions/minimal_action_client -DAMENT_CMAKE_SYMLINK_INSTALL=1 -DCMAKE_INSTALL_PREFIX=/home/yahboom/intro_ws/install/examples_rclcpp_minimal_action_client
[1.231s] DEBUG:colcon.colcon_core.event_handler.log_command:Invoked command in '/home/yahboom/intro_ws/build/examples_rclcpp_cbg_executor' returned '0': CMAKE_PREFIX_PATH=${CMAKE_PREFIX_PATH}:/home/yahboom/intro_ws/install/turtle_test:/home/yahboom/intro_ws/install/time_tf2_py:/home/yahboom/intro_ws/install/test_tf2_py:/home/yahboom/intro_ws/install/python_parameters:/home/yahboom/intro_ws/install/launch_testing_examples:/home/yahboom/intro_ws/install/examples_rclpy_pointcloud_publisher:/home/yahboom/intro_ws/install/examples_rclpy_minimal_subscriber:/home/yahboom/intro_ws/install/examples_rclpy_minimal_service:/home/yahboom/intro_ws/install/examples_rclpy_minimal_publisher:/home/yahboom/intro_ws/install/examples_rclpy_minimal_client:/home/yahboom/intro_ws/install/examples_rclpy_minimal_action_server:/home/yahboom/intro_ws/install/examples_rclpy_minimal_action_client:/home/yahboom/intro_ws/install/examples_rclpy_guard_conditions:/home/yahboom/intro_ws/install/examples_rclpy_executors:/home/yahboom/cartoros2/install/yahboomcar_nav:/home/yahboom/cartoros2/install/yahboomcar_ctrl:/home/yahboom/cartoros2/install/yahboom_visual:/home/yahboom/cartoros2/install/yahboom_dog_joint_state:/home/yahboom/cartoros2/install/yahboom_description:/home/yahboom/cartoros2/install/yahboom_color_identify_server:/home/yahboom/cartoros2/install/yahboom_bringup:/home/yahboom/cartoros2/install/yahboom_base:/home/yahboom/cartoros2/install/yahboom_app_save_map:/home/yahboom/cartoros2/install/update_map:/home/yahboom/cartoros2/install/rosboard:/home/yahboom/cartoros2/install/path_planner_server:/home/yahboom/cartoros2/install/nav2_simple_commander:/home/yahboom/cartoros2/install/nav2_gazebo_spawner:/home/yahboom/cartoros2/install/localization_server:/home/yahboom/cartoros2/install/laserscan_to_point_pulisher:/home/yahboom/yahboomcar_ws/install/yahboom_dog_example:/opt/ros/humble /usr/bin/cmake /home/yahboom/intro_ws/src/examples/rclcpp/executors/cbg_executor -DAMENT_CMAKE_SYMLINK_INSTALL=1 -DCMAKE_INSTALL_PREFIX=/home/yahboom/intro_ws/install/examples_rclcpp_cbg_executor
[1.231s] DEBUG:colcon.colcon_core.event_handler.log_command:Invoking command in '/home/yahboom/intro_ws/build/examples_rclcpp_cbg_executor': CMAKE_PREFIX_PATH=${CMAKE_PREFIX_PATH}:/home/yahboom/intro_ws/install/turtle_test:/home/yahboom/intro_ws/install/time_tf2_py:/home/yahboom/intro_ws/install/test_tf2_py:/home/yahboom/intro_ws/install/python_parameters:/home/yahboom/intro_ws/install/launch_testing_examples:/home/yahboom/intro_ws/install/examples_rclpy_pointcloud_publisher:/home/yahboom/intro_ws/install/examples_rclpy_minimal_subscriber:/home/yahboom/intro_ws/install/examples_rclpy_minimal_service:/home/yahboom/intro_ws/install/examples_rclpy_minimal_publisher:/home/yahboom/intro_ws/install/examples_rclpy_minimal_client:/home/yahboom/intro_ws/install/examples_rclpy_minimal_action_server:/home/yahboom/intro_ws/install/examples_rclpy_minimal_action_client:/home/yahboom/intro_ws/install/examples_rclpy_guard_conditions:/home/yahboom/intro_ws/install/examples_rclpy_executors:/home/yahboom/cartoros2/install/yahboomcar_nav:/home/yahboom/cartoros2/install/yahboomcar_ctrl:/home/yahboom/cartoros2/install/yahboom_visual:/home/yahboom/cartoros2/install/yahboom_dog_joint_state:/home/yahboom/cartoros2/install/yahboom_description:/home/yahboom/cartoros2/install/yahboom_color_identify_server:/home/yahboom/cartoros2/install/yahboom_bringup:/home/yahboom/cartoros2/install/yahboom_base:/home/yahboom/cartoros2/install/yahboom_app_save_map:/home/yahboom/cartoros2/install/update_map:/home/yahboom/cartoros2/install/rosboard:/home/yahboom/cartoros2/install/path_planner_server:/home/yahboom/cartoros2/install/nav2_simple_commander:/home/yahboom/cartoros2/install/nav2_gazebo_spawner:/home/yahboom/cartoros2/install/localization_server:/home/yahboom/cartoros2/install/laserscan_to_point_pulisher:/home/yahboom/yahboomcar_ws/install/yahboom_dog_example:/opt/ros/humble /usr/bin/cmake --build /home/yahboom/intro_ws/build/examples_rclcpp_cbg_executor -- -j4 -l4
[1.297s] DEBUG:colcon.colcon_core.event_handler.log_command:Invoked command in '/home/yahboom/intro_ws/build/examples_rclcpp_async_client' returned '0': CMAKE_PREFIX_PATH=${CMAKE_PREFIX_PATH}:/home/yahboom/intro_ws/install/turtle_test:/home/yahboom/intro_ws/install/time_tf2_py:/home/yahboom/intro_ws/install/test_tf2_py:/home/yahboom/intro_ws/install/python_parameters:/home/yahboom/intro_ws/install/launch_testing_examples:/home/yahboom/intro_ws/install/examples_rclpy_pointcloud_publisher:/home/yahboom/intro_ws/install/examples_rclpy_minimal_subscriber:/home/yahboom/intro_ws/install/examples_rclpy_minimal_service:/home/yahboom/intro_ws/install/examples_rclpy_minimal_publisher:/home/yahboom/intro_ws/install/examples_rclpy_minimal_client:/home/yahboom/intro_ws/install/examples_rclpy_minimal_action_server:/home/yahboom/intro_ws/install/examples_rclpy_minimal_action_client:/home/yahboom/intro_ws/install/examples_rclpy_guard_conditions:/home/yahboom/intro_ws/install/examples_rclpy_executors:/home/yahboom/cartoros2/install/yahboomcar_nav:/home/yahboom/cartoros2/install/yahboomcar_ctrl:/home/yahboom/cartoros2/install/yahboom_visual:/home/yahboom/cartoros2/install/yahboom_dog_joint_state:/home/yahboom/cartoros2/install/yahboom_description:/home/yahboom/cartoros2/install/yahboom_color_identify_server:/home/yahboom/cartoros2/install/yahboom_bringup:/home/yahboom/cartoros2/install/yahboom_base:/home/yahboom/cartoros2/install/yahboom_app_save_map:/home/yahboom/cartoros2/install/update_map:/home/yahboom/cartoros2/install/rosboard:/home/yahboom/cartoros2/install/path_planner_server:/home/yahboom/cartoros2/install/nav2_simple_commander:/home/yahboom/cartoros2/install/nav2_gazebo_spawner:/home/yahboom/cartoros2/install/localization_server:/home/yahboom/cartoros2/install/laserscan_to_point_pulisher:/home/yahboom/yahboomcar_ws/install/yahboom_dog_example:/opt/ros/humble /usr/bin/cmake /home/yahboom/intro_ws/src/examples/rclcpp/services/async_client -DAMENT_CMAKE_SYMLINK_INSTALL=1 -DCMAKE_INSTALL_PREFIX=/home/yahboom/intro_ws/install/examples_rclcpp_async_client
[1.298s] DEBUG:colcon.colcon_core.event_handler.log_command:Invoking command in '/home/yahboom/intro_ws/build/examples_rclcpp_async_client': CMAKE_PREFIX_PATH=${CMAKE_PREFIX_PATH}:/home/yahboom/intro_ws/install/turtle_test:/home/yahboom/intro_ws/install/time_tf2_py:/home/yahboom/intro_ws/install/test_tf2_py:/home/yahboom/intro_ws/install/python_parameters:/home/yahboom/intro_ws/install/launch_testing_examples:/home/yahboom/intro_ws/install/examples_rclpy_pointcloud_publisher:/home/yahboom/intro_ws/install/examples_rclpy_minimal_subscriber:/home/yahboom/intro_ws/install/examples_rclpy_minimal_service:/home/yahboom/intro_ws/install/examples_rclpy_minimal_publisher:/home/yahboom/intro_ws/install/examples_rclpy_minimal_client:/home/yahboom/intro_ws/install/examples_rclpy_minimal_action_server:/home/yahboom/intro_ws/install/examples_rclpy_minimal_action_client:/home/yahboom/intro_ws/install/examples_rclpy_guard_conditions:/home/yahboom/intro_ws/install/examples_rclpy_executors:/home/yahboom/cartoros2/install/yahboomcar_nav:/home/yahboom/cartoros2/install/yahboomcar_ctrl:/home/yahboom/cartoros2/install/yahboom_visual:/home/yahboom/cartoros2/install/yahboom_dog_joint_state:/home/yahboom/cartoros2/install/yahboom_description:/home/yahboom/cartoros2/install/yahboom_color_identify_server:/home/yahboom/cartoros2/install/yahboom_bringup:/home/yahboom/cartoros2/install/yahboom_base:/home/yahboom/cartoros2/install/yahboom_app_save_map:/home/yahboom/cartoros2/install/update_map:/home/yahboom/cartoros2/install/rosboard:/home/yahboom/cartoros2/install/path_planner_server:/home/yahboom/cartoros2/install/nav2_simple_commander:/home/yahboom/cartoros2/install/nav2_gazebo_spawner:/home/yahboom/cartoros2/install/localization_server:/home/yahboom/cartoros2/install/laserscan_to_point_pulisher:/home/yahboom/yahboomcar_ws/install/yahboom_dog_example:/opt/ros/humble /usr/bin/cmake --build /home/yahboom/intro_ws/build/examples_rclcpp_async_client -- -j4 -l4
[1.388s] DEBUG:colcon.colcon_core.event_handler.log_command:Invoked command in '/home/yahboom/intro_ws/build/examples_rclcpp_minimal_action_client' returned '0': CMAKE_PREFIX_PATH=${CMAKE_PREFIX_PATH}:/home/yahboom/intro_ws/install/turtle_test:/home/yahboom/intro_ws/install/time_tf2_py:/home/yahboom/intro_ws/install/test_tf2_py:/home/yahboom/intro_ws/install/python_parameters:/home/yahboom/intro_ws/install/launch_testing_examples:/home/yahboom/intro_ws/install/examples_rclpy_pointcloud_publisher:/home/yahboom/intro_ws/install/examples_rclpy_minimal_subscriber:/home/yahboom/intro_ws/install/examples_rclpy_minimal_service:/home/yahboom/intro_ws/install/examples_rclpy_minimal_publisher:/home/yahboom/intro_ws/install/examples_rclpy_minimal_client:/home/yahboom/intro_ws/install/examples_rclpy_minimal_action_server:/home/yahboom/intro_ws/install/examples_rclpy_minimal_action_client:/home/yahboom/intro_ws/install/examples_rclpy_guard_conditions:/home/yahboom/intro_ws/install/examples_rclpy_executors:/home/yahboom/cartoros2/install/yahboomcar_nav:/home/yahboom/cartoros2/install/yahboomcar_ctrl:/home/yahboom/cartoros2/install/yahboom_visual:/home/yahboom/cartoros2/install/yahboom_dog_joint_state:/home/yahboom/cartoros2/install/yahboom_description:/home/yahboom/cartoros2/install/yahboom_color_identify_server:/home/yahboom/cartoros2/install/yahboom_bringup:/home/yahboom/cartoros2/install/yahboom_base:/home/yahboom/cartoros2/install/yahboom_app_save_map:/home/yahboom/cartoros2/install/update_map:/home/yahboom/cartoros2/install/rosboard:/home/yahboom/cartoros2/install/path_planner_server:/home/yahboom/cartoros2/install/nav2_simple_commander:/home/yahboom/cartoros2/install/nav2_gazebo_spawner:/home/yahboom/cartoros2/install/localization_server:/home/yahboom/cartoros2/install/laserscan_to_point_pulisher:/home/yahboom/yahboomcar_ws/install/yahboom_dog_example:/opt/ros/humble /usr/bin/cmake /home/yahboom/intro_ws/src/examples/rclcpp/actions/minimal_action_client -DAMENT_CMAKE_SYMLINK_INSTALL=1 -DCMAKE_INSTALL_PREFIX=/home/yahboom/intro_ws/install/examples_rclcpp_minimal_action_client
[1.393s] DEBUG:colcon.colcon_core.event_handler.log_command:Invoking command in '/home/yahboom/intro_ws/build/examples_rclcpp_minimal_action_client': CMAKE_PREFIX_PATH=${CMAKE_PREFIX_PATH}:/home/yahboom/intro_ws/install/turtle_test:/home/yahboom/intro_ws/install/time_tf2_py:/home/yahboom/intro_ws/install/test_tf2_py:/home/yahboom/intro_ws/install/python_parameters:/home/yahboom/intro_ws/install/launch_testing_examples:/home/yahboom/intro_ws/install/examples_rclpy_pointcloud_publisher:/home/yahboom/intro_ws/install/examples_rclpy_minimal_subscriber:/home/yahboom/intro_ws/install/examples_rclpy_minimal_service:/home/yahboom/intro_ws/install/examples_rclpy_minimal_publisher:/home/yahboom/intro_ws/install/examples_rclpy_minimal_client:/home/yahboom/intro_ws/install/examples_rclpy_minimal_action_server:/home/yahboom/intro_ws/install/examples_rclpy_minimal_action_client:/home/yahboom/intro_ws/install/examples_rclpy_guard_conditions:/home/yahboom/intro_ws/install/examples_rclpy_executors:/home/yahboom/cartoros2/install/yahboomcar_nav:/home/yahboom/cartoros2/install/yahboomcar_ctrl:/home/yahboom/cartoros2/install/yahboom_visual:/home/yahboom/cartoros2/install/yahboom_dog_joint_state:/home/yahboom/cartoros2/install/yahboom_description:/home/yahboom/cartoros2/install/yahboom_color_identify_server:/home/yahboom/cartoros2/install/yahboom_bringup:/home/yahboom/cartoros2/install/yahboom_base:/home/yahboom/cartoros2/install/yahboom_app_save_map:/home/yahboom/cartoros2/install/update_map:/home/yahboom/cartoros2/install/rosboard:/home/yahboom/cartoros2/install/path_planner_server:/home/yahboom/cartoros2/install/nav2_simple_commander:/home/yahboom/cartoros2/install/nav2_gazebo_spawner:/home/yahboom/cartoros2/install/localization_server:/home/yahboom/cartoros2/install/laserscan_to_point_pulisher:/home/yahboom/yahboomcar_ws/install/yahboom_dog_example:/opt/ros/humble /usr/bin/cmake --build /home/yahboom/intro_ws/build/examples_rclcpp_minimal_action_client -- -j4 -l4
[1.428s] DEBUG:colcon.colcon_core.event_handler.log_command:Invoked command in '/home/yahboom/intro_ws/build/examples_rclcpp_cbg_executor' returned '0': CMAKE_PREFIX_PATH=${CMAKE_PREFIX_PATH}:/home/yahboom/intro_ws/install/turtle_test:/home/yahboom/intro_ws/install/time_tf2_py:/home/yahboom/intro_ws/install/test_tf2_py:/home/yahboom/intro_ws/install/python_parameters:/home/yahboom/intro_ws/install/launch_testing_examples:/home/yahboom/intro_ws/install/examples_rclpy_pointcloud_publisher:/home/yahboom/intro_ws/install/examples_rclpy_minimal_subscriber:/home/yahboom/intro_ws/install/examples_rclpy_minimal_service:/home/yahboom/intro_ws/install/examples_rclpy_minimal_publisher:/home/yahboom/intro_ws/install/examples_rclpy_minimal_client:/home/yahboom/intro_ws/install/examples_rclpy_minimal_action_server:/home/yahboom/intro_ws/install/examples_rclpy_minimal_action_client:/home/yahboom/intro_ws/install/examples_rclpy_guard_conditions:/home/yahboom/intro_ws/install/examples_rclpy_executors:/home/yahboom/cartoros2/install/yahboomcar_nav:/home/yahboom/cartoros2/install/yahboomcar_ctrl:/home/yahboom/cartoros2/install/yahboom_visual:/home/yahboom/cartoros2/install/yahboom_dog_joint_state:/home/yahboom/cartoros2/install/yahboom_description:/home/yahboom/cartoros2/install/yahboom_color_identify_server:/home/yahboom/cartoros2/install/yahboom_bringup:/home/yahboom/cartoros2/install/yahboom_base:/home/yahboom/cartoros2/install/yahboom_app_save_map:/home/yahboom/cartoros2/install/update_map:/home/yahboom/cartoros2/install/rosboard:/home/yahboom/cartoros2/install/path_planner_server:/home/yahboom/cartoros2/install/nav2_simple_commander:/home/yahboom/cartoros2/install/nav2_gazebo_spawner:/home/yahboom/cartoros2/install/localization_server:/home/yahboom/cartoros2/install/laserscan_to_point_pulisher:/home/yahboom/yahboomcar_ws/install/yahboom_dog_example:/opt/ros/humble /usr/bin/cmake --build /home/yahboom/intro_ws/build/examples_rclcpp_cbg_executor -- -j4 -l4
[1.491s] DEBUG:colcon.colcon_core.event_handler.log_command:Invoked command in '/home/yahboom/intro_ws/build/examples_rclcpp_async_client' returned '0': CMAKE_PREFIX_PATH=${CMAKE_PREFIX_PATH}:/home/yahboom/intro_ws/install/turtle_test:/home/yahboom/intro_ws/install/time_tf2_py:/home/yahboom/intro_ws/install/test_tf2_py:/home/yahboom/intro_ws/install/python_parameters:/home/yahboom/intro_ws/install/launch_testing_examples:/home/yahboom/intro_ws/install/examples_rclpy_pointcloud_publisher:/home/yahboom/intro_ws/install/examples_rclpy_minimal_subscriber:/home/yahboom/intro_ws/install/examples_rclpy_minimal_service:/home/yahboom/intro_ws/install/examples_rclpy_minimal_publisher:/home/yahboom/intro_ws/install/examples_rclpy_minimal_client:/home/yahboom/intro_ws/install/examples_rclpy_minimal_action_server:/home/yahboom/intro_ws/install/examples_rclpy_minimal_action_client:/home/yahboom/intro_ws/install/examples_rclpy_guard_conditions:/home/yahboom/intro_ws/install/examples_rclpy_executors:/home/yahboom/cartoros2/install/yahboomcar_nav:/home/yahboom/cartoros2/install/yahboomcar_ctrl:/home/yahboom/cartoros2/install/yahboom_visual:/home/yahboom/cartoros2/install/yahboom_dog_joint_state:/home/yahboom/cartoros2/install/yahboom_description:/home/yahboom/cartoros2/install/yahboom_color_identify_server:/home/yahboom/cartoros2/install/yahboom_bringup:/home/yahboom/cartoros2/install/yahboom_base:/home/yahboom/cartoros2/install/yahboom_app_save_map:/home/yahboom/cartoros2/install/update_map:/home/yahboom/cartoros2/install/rosboard:/home/yahboom/cartoros2/install/path_planner_server:/home/yahboom/cartoros2/install/nav2_simple_commander:/home/yahboom/cartoros2/install/nav2_gazebo_spawner:/home/yahboom/cartoros2/install/localization_server:/home/yahboom/cartoros2/install/laserscan_to_point_pulisher:/home/yahboom/yahboomcar_ws/install/yahboom_dog_example:/opt/ros/humble /usr/bin/cmake --build /home/yahboom/intro_ws/build/examples_rclcpp_async_client -- -j4 -l4
[1.585s] DEBUG:colcon.colcon_core.event_handler.log_command:Invoked command in '/home/yahboom/intro_ws/build/examples_rclcpp_minimal_action_client' returned '0': CMAKE_PREFIX_PATH=${CMAKE_PREFIX_PATH}:/home/yahboom/intro_ws/install/turtle_test:/home/yahboom/intro_ws/install/time_tf2_py:/home/yahboom/intro_ws/install/test_tf2_py:/home/yahboom/intro_ws/install/python_parameters:/home/yahboom/intro_ws/install/launch_testing_examples:/home/yahboom/intro_ws/install/examples_rclpy_pointcloud_publisher:/home/yahboom/intro_ws/install/examples_rclpy_minimal_subscriber:/home/yahboom/intro_ws/install/examples_rclpy_minimal_service:/home/yahboom/intro_ws/install/examples_rclpy_minimal_publisher:/home/yahboom/intro_ws/install/examples_rclpy_minimal_client:/home/yahboom/intro_ws/install/examples_rclpy_minimal_action_server:/home/yahboom/intro_ws/install/examples_rclpy_minimal_action_client:/home/yahboom/intro_ws/install/examples_rclpy_guard_conditions:/home/yahboom/intro_ws/install/examples_rclpy_executors:/home/yahboom/cartoros2/install/yahboomcar_nav:/home/yahboom/cartoros2/install/yahboomcar_ctrl:/home/yahboom/cartoros2/install/yahboom_visual:/home/yahboom/cartoros2/install/yahboom_dog_joint_state:/home/yahboom/cartoros2/install/yahboom_description:/home/yahboom/cartoros2/install/yahboom_color_identify_server:/home/yahboom/cartoros2/install/yahboom_bringup:/home/yahboom/cartoros2/install/yahboom_base:/home/yahboom/cartoros2/install/yahboom_app_save_map:/home/yahboom/cartoros2/install/update_map:/home/yahboom/cartoros2/install/rosboard:/home/yahboom/cartoros2/install/path_planner_server:/home/yahboom/cartoros2/install/nav2_simple_commander:/home/yahboom/cartoros2/install/nav2_gazebo_spawner:/home/yahboom/cartoros2/install/localization_server:/home/yahboom/cartoros2/install/laserscan_to_point_pulisher:/home/yahboom/yahboomcar_ws/install/yahboom_dog_example:/opt/ros/humble /usr/bin/cmake --build /home/yahboom/intro_ws/build/examples_rclcpp_minimal_action_client -- -j4 -l4
[1.629s] DEBUG:colcon.colcon_core.event_handler.log_command:Invoking command in '/home/yahboom/intro_ws/build/examples_rclcpp_async_client': CMAKE_PREFIX_PATH=${CMAKE_PREFIX_PATH}:/home/yahboom/intro_ws/install/turtle_test:/home/yahboom/intro_ws/install/time_tf2_py:/home/yahboom/intro_ws/install/test_tf2_py:/home/yahboom/intro_ws/install/python_parameters:/home/yahboom/intro_ws/install/launch_testing_examples:/home/yahboom/intro_ws/install/examples_rclpy_pointcloud_publisher:/home/yahboom/intro_ws/install/examples_rclpy_minimal_subscriber:/home/yahboom/intro_ws/install/examples_rclpy_minimal_service:/home/yahboom/intro_ws/install/examples_rclpy_minimal_publisher:/home/yahboom/intro_ws/install/examples_rclpy_minimal_client:/home/yahboom/intro_ws/install/examples_rclpy_minimal_action_server:/home/yahboom/intro_ws/install/examples_rclpy_minimal_action_client:/home/yahboom/intro_ws/install/examples_rclpy_guard_conditions:/home/yahboom/intro_ws/install/examples_rclpy_executors:/home/yahboom/cartoros2/install/yahboomcar_nav:/home/yahboom/cartoros2/install/yahboomcar_ctrl:/home/yahboom/cartoros2/install/yahboom_visual:/home/yahboom/cartoros2/install/yahboom_dog_joint_state:/home/yahboom/cartoros2/install/yahboom_description:/home/yahboom/cartoros2/install/yahboom_color_identify_server:/home/yahboom/cartoros2/install/yahboom_bringup:/home/yahboom/cartoros2/install/yahboom_base:/home/yahboom/cartoros2/install/yahboom_app_save_map:/home/yahboom/cartoros2/install/update_map:/home/yahboom/cartoros2/install/rosboard:/home/yahboom/cartoros2/install/path_planner_server:/home/yahboom/cartoros2/install/nav2_simple_commander:/home/yahboom/cartoros2/install/nav2_gazebo_spawner:/home/yahboom/cartoros2/install/localization_server:/home/yahboom/cartoros2/install/laserscan_to_point_pulisher:/home/yahboom/yahboomcar_ws/install/yahboom_dog_example:/opt/ros/humble /usr/bin/cmake --install /home/yahboom/intro_ws/build/examples_rclcpp_async_client
[1.629s] DEBUG:colcon.colcon_core.event_handler.log_command:Invoking command in '/home/yahboom/intro_ws/build/examples_rclcpp_cbg_executor': CMAKE_PREFIX_PATH=${CMAKE_PREFIX_PATH}:/home/yahboom/intro_ws/install/turtle_test:/home/yahboom/intro_ws/install/time_tf2_py:/home/yahboom/intro_ws/install/test_tf2_py:/home/yahboom/intro_ws/install/python_parameters:/home/yahboom/intro_ws/install/launch_testing_examples:/home/yahboom/intro_ws/install/examples_rclpy_pointcloud_publisher:/home/yahboom/intro_ws/install/examples_rclpy_minimal_subscriber:/home/yahboom/intro_ws/install/examples_rclpy_minimal_service:/home/yahboom/intro_ws/install/examples_rclpy_minimal_publisher:/home/yahboom/intro_ws/install/examples_rclpy_minimal_client:/home/yahboom/intro_ws/install/examples_rclpy_minimal_action_server:/home/yahboom/intro_ws/install/examples_rclpy_minimal_action_client:/home/yahboom/intro_ws/install/examples_rclpy_guard_conditions:/home/yahboom/intro_ws/install/examples_rclpy_executors:/home/yahboom/cartoros2/install/yahboomcar_nav:/home/yahboom/cartoros2/install/yahboomcar_ctrl:/home/yahboom/cartoros2/install/yahboom_visual:/home/yahboom/cartoros2/install/yahboom_dog_joint_state:/home/yahboom/cartoros2/install/yahboom_description:/home/yahboom/cartoros2/install/yahboom_color_identify_server:/home/yahboom/cartoros2/install/yahboom_bringup:/home/yahboom/cartoros2/install/yahboom_base:/home/yahboom/cartoros2/install/yahboom_app_save_map:/home/yahboom/cartoros2/install/update_map:/home/yahboom/cartoros2/install/rosboard:/home/yahboom/cartoros2/install/path_planner_server:/home/yahboom/cartoros2/install/nav2_simple_commander:/home/yahboom/cartoros2/install/nav2_gazebo_spawner:/home/yahboom/cartoros2/install/localization_server:/home/yahboom/cartoros2/install/laserscan_to_point_pulisher:/home/yahboom/yahboomcar_ws/install/yahboom_dog_example:/opt/ros/humble /usr/bin/cmake --install /home/yahboom/intro_ws/build/examples_rclcpp_cbg_executor
[1.668s] Level 1:colcon.colcon_core.environment:create_environment_scripts_only(examples_rclcpp_async_client)
[1.669s] DEBUG:colcon.colcon_core.event_handler.log_command:Invoked command in '/home/yahboom/intro_ws/build/examples_rclcpp_async_client' returned '0': CMAKE_PREFIX_PATH=${CMAKE_PREFIX_PATH}:/home/yahboom/intro_ws/install/turtle_test:/home/yahboom/intro_ws/install/time_tf2_py:/home/yahboom/intro_ws/install/test_tf2_py:/home/yahboom/intro_ws/install/python_parameters:/home/yahboom/intro_ws/install/launch_testing_examples:/home/yahboom/intro_ws/install/examples_rclpy_pointcloud_publisher:/home/yahboom/intro_ws/install/examples_rclpy_minimal_subscriber:/home/yahboom/intro_ws/install/examples_rclpy_minimal_service:/home/yahboom/intro_ws/install/examples_rclpy_minimal_publisher:/home/yahboom/intro_ws/install/examples_rclpy_minimal_client:/home/yahboom/intro_ws/install/examples_rclpy_minimal_action_server:/home/yahboom/intro_ws/install/examples_rclpy_minimal_action_client:/home/yahboom/intro_ws/install/examples_rclpy_guard_conditions:/home/yahboom/intro_ws/install/examples_rclpy_executors:/home/yahboom/cartoros2/install/yahboomcar_nav:/home/yahboom/cartoros2/install/yahboomcar_ctrl:/home/yahboom/cartoros2/install/yahboom_visual:/home/yahboom/cartoros2/install/yahboom_dog_joint_state:/home/yahboom/cartoros2/install/yahboom_description:/home/yahboom/cartoros2/install/yahboom_color_identify_server:/home/yahboom/cartoros2/install/yahboom_bringup:/home/yahboom/cartoros2/install/yahboom_base:/home/yahboom/cartoros2/install/yahboom_app_save_map:/home/yahboom/cartoros2/install/update_map:/home/yahboom/cartoros2/install/rosboard:/home/yahboom/cartoros2/install/path_planner_server:/home/yahboom/cartoros2/install/nav2_simple_commander:/home/yahboom/cartoros2/install/nav2_gazebo_spawner:/home/yahboom/cartoros2/install/localization_server:/home/yahboom/cartoros2/install/laserscan_to_point_pulisher:/home/yahboom/yahboomcar_ws/install/yahboom_dog_example:/opt/ros/humble /usr/bin/cmake --install /home/yahboom/intro_ws/build/examples_rclcpp_async_client
[1.673s] Level 1:colcon.colcon_core.environment:checking '/home/yahboom/intro_ws/install/examples_rclcpp_async_client' for CMake module files
[1.674s] Level 1:colcon.colcon_core.environment:checking '/home/yahboom/intro_ws/install/examples_rclcpp_async_client' for CMake config files
[1.674s] Level 1:colcon.colcon_core.shell:create_environment_hook('examples_rclcpp_async_client', 'cmake_prefix_path')
[1.674s] INFO:colcon.colcon_core.shell:Creating environment hook '/home/yahboom/intro_ws/install/examples_rclcpp_async_client/share/examples_rclcpp_async_client/hook/cmake_prefix_path.ps1'
[1.676s] INFO:colcon.colcon_core.shell:Creating environment descriptor '/home/yahboom/intro_ws/install/examples_rclcpp_async_client/share/examples_rclcpp_async_client/hook/cmake_prefix_path.dsv'
[1.676s] INFO:colcon.colcon_core.shell:Creating environment hook '/home/yahboom/intro_ws/install/examples_rclcpp_async_client/share/examples_rclcpp_async_client/hook/cmake_prefix_path.sh'
[1.678s] Level 1:colcon.colcon_core.environment:checking '/home/yahboom/intro_ws/install/examples_rclcpp_async_client/lib'
[1.678s] Level 1:colcon.colcon_core.environment:checking '/home/yahboom/intro_ws/install/examples_rclcpp_async_client/bin'
[1.678s] Level 1:colcon.colcon_core.environment:checking '/home/yahboom/intro_ws/install/examples_rclcpp_async_client/lib/pkgconfig/examples_rclcpp_async_client.pc'
[1.678s] Level 1:colcon.colcon_core.environment:checking '/home/yahboom/intro_ws/install/examples_rclcpp_async_client/lib/python3.10/site-packages'
[1.678s] Level 1:colcon.colcon_core.environment:checking '/home/yahboom/intro_ws/install/examples_rclcpp_async_client/bin'
[1.678s] INFO:colcon.colcon_core.shell:Creating package script '/home/yahboom/intro_ws/install/examples_rclcpp_async_client/share/examples_rclcpp_async_client/package.ps1'
[1.680s] INFO:colcon.colcon_core.shell:Creating package descriptor '/home/yahboom/intro_ws/install/examples_rclcpp_async_client/share/examples_rclcpp_async_client/package.dsv'
[1.681s] INFO:colcon.colcon_core.shell:Creating package script '/home/yahboom/intro_ws/install/examples_rclcpp_async_client/share/examples_rclcpp_async_client/package.sh'
[1.684s] INFO:colcon.colcon_core.shell:Creating package script '/home/yahboom/intro_ws/install/examples_rclcpp_async_client/share/examples_rclcpp_async_client/package.bash'
[1.685s] INFO:colcon.colcon_core.shell:Creating package script '/home/yahboom/intro_ws/install/examples_rclcpp_async_client/share/examples_rclcpp_async_client/package.zsh'
[1.687s] Level 1:colcon.colcon_core.environment:create_file_with_runtime_dependencies(/home/yahboom/intro_ws/install/examples_rclcpp_async_client/share/colcon-core/packages/examples_rclcpp_async_client)
[1.689s] Level 1:colcon.colcon_core.environment:create_environment_scripts_only(examples_rclcpp_cbg_executor)
[1.690s] Level 1:colcon.colcon_core.environment:checking '/home/yahboom/intro_ws/install/examples_rclcpp_cbg_executor' for CMake module files
[1.690s] DEBUG:colcon.colcon_core.event_handler.log_command:Invoked command in '/home/yahboom/intro_ws/build/examples_rclcpp_cbg_executor' returned '0': CMAKE_PREFIX_PATH=${CMAKE_PREFIX_PATH}:/home/yahboom/intro_ws/install/turtle_test:/home/yahboom/intro_ws/install/time_tf2_py:/home/yahboom/intro_ws/install/test_tf2_py:/home/yahboom/intro_ws/install/python_parameters:/home/yahboom/intro_ws/install/launch_testing_examples:/home/yahboom/intro_ws/install/examples_rclpy_pointcloud_publisher:/home/yahboom/intro_ws/install/examples_rclpy_minimal_subscriber:/home/yahboom/intro_ws/install/examples_rclpy_minimal_service:/home/yahboom/intro_ws/install/examples_rclpy_minimal_publisher:/home/yahboom/intro_ws/install/examples_rclpy_minimal_client:/home/yahboom/intro_ws/install/examples_rclpy_minimal_action_server:/home/yahboom/intro_ws/install/examples_rclpy_minimal_action_client:/home/yahboom/intro_ws/install/examples_rclpy_guard_conditions:/home/yahboom/intro_ws/install/examples_rclpy_executors:/home/yahboom/cartoros2/install/yahboomcar_nav:/home/yahboom/cartoros2/install/yahboomcar_ctrl:/home/yahboom/cartoros2/install/yahboom_visual:/home/yahboom/cartoros2/install/yahboom_dog_joint_state:/home/yahboom/cartoros2/install/yahboom_description:/home/yahboom/cartoros2/install/yahboom_color_identify_server:/home/yahboom/cartoros2/install/yahboom_bringup:/home/yahboom/cartoros2/install/yahboom_base:/home/yahboom/cartoros2/install/yahboom_app_save_map:/home/yahboom/cartoros2/install/update_map:/home/yahboom/cartoros2/install/rosboard:/home/yahboom/cartoros2/install/path_planner_server:/home/yahboom/cartoros2/install/nav2_simple_commander:/home/yahboom/cartoros2/install/nav2_gazebo_spawner:/home/yahboom/cartoros2/install/localization_server:/home/yahboom/cartoros2/install/laserscan_to_point_pulisher:/home/yahboom/yahboomcar_ws/install/yahboom_dog_example:/opt/ros/humble /usr/bin/cmake --install /home/yahboom/intro_ws/build/examples_rclcpp_cbg_executor
[1.691s] Level 1:colcon.colcon_core.environment:checking '/home/yahboom/intro_ws/install/examples_rclcpp_cbg_executor' for CMake config files
[1.691s] Level 1:colcon.colcon_core.shell:create_environment_hook('examples_rclcpp_cbg_executor', 'cmake_prefix_path')
[1.691s] INFO:colcon.colcon_core.shell:Creating environment hook '/home/yahboom/intro_ws/install/examples_rclcpp_cbg_executor/share/examples_rclcpp_cbg_executor/hook/cmake_prefix_path.ps1'
[1.692s] INFO:colcon.colcon_core.shell:Creating environment descriptor '/home/yahboom/intro_ws/install/examples_rclcpp_cbg_executor/share/examples_rclcpp_cbg_executor/hook/cmake_prefix_path.dsv'
[1.694s] INFO:colcon.colcon_core.shell:Creating environment hook '/home/yahboom/intro_ws/install/examples_rclcpp_cbg_executor/share/examples_rclcpp_cbg_executor/hook/cmake_prefix_path.sh'
[1.694s] Level 1:colcon.colcon_core.environment:checking '/home/yahboom/intro_ws/install/examples_rclcpp_cbg_executor/lib'
[1.695s] Level 1:colcon.colcon_core.environment:checking '/home/yahboom/intro_ws/install/examples_rclcpp_cbg_executor/bin'
[1.695s] Level 1:colcon.colcon_core.environment:checking '/home/yahboom/intro_ws/install/examples_rclcpp_cbg_executor/lib/pkgconfig/examples_rclcpp_cbg_executor.pc'
[1.695s] Level 1:colcon.colcon_core.environment:checking '/home/yahboom/intro_ws/install/examples_rclcpp_cbg_executor/lib/python3.10/site-packages'
[1.695s] Level 1:colcon.colcon_core.environment:checking '/home/yahboom/intro_ws/install/examples_rclcpp_cbg_executor/bin'
[1.695s] INFO:colcon.colcon_core.shell:Creating package script '/home/yahboom/intro_ws/install/examples_rclcpp_cbg_executor/share/examples_rclcpp_cbg_executor/package.ps1'
[1.696s] INFO:colcon.colcon_core.shell:Creating package descriptor '/home/yahboom/intro_ws/install/examples_rclcpp_cbg_executor/share/examples_rclcpp_cbg_executor/package.dsv'
[1.697s] INFO:colcon.colcon_core.shell:Creating package script '/home/yahboom/intro_ws/install/examples_rclcpp_cbg_executor/share/examples_rclcpp_cbg_executor/package.sh'
[1.699s] INFO:colcon.colcon_core.shell:Creating package script '/home/yahboom/intro_ws/install/examples_rclcpp_cbg_executor/share/examples_rclcpp_cbg_executor/package.bash'
[1.700s] INFO:colcon.colcon_core.shell:Creating package script '/home/yahboom/intro_ws/install/examples_rclcpp_cbg_executor/share/examples_rclcpp_cbg_executor/package.zsh'
[1.701s] Level 1:colcon.colcon_core.environment:create_file_with_runtime_dependencies(/home/yahboom/intro_ws/install/examples_rclcpp_cbg_executor/share/colcon-core/packages/examples_rclcpp_cbg_executor)
[1.723s] DEBUG:colcon.colcon_core.event_handler.log_command:Invoking command in '/home/yahboom/intro_ws/build/examples_rclcpp_minimal_action_client': CMAKE_PREFIX_PATH=${CMAKE_PREFIX_PATH}:/home/yahboom/intro_ws/install/turtle_test:/home/yahboom/intro_ws/install/time_tf2_py:/home/yahboom/intro_ws/install/test_tf2_py:/home/yahboom/intro_ws/install/python_parameters:/home/yahboom/intro_ws/install/launch_testing_examples:/home/yahboom/intro_ws/install/examples_rclpy_pointcloud_publisher:/home/yahboom/intro_ws/install/examples_rclpy_minimal_subscriber:/home/yahboom/intro_ws/install/examples_rclpy_minimal_service:/home/yahboom/intro_ws/install/examples_rclpy_minimal_publisher:/home/yahboom/intro_ws/install/examples_rclpy_minimal_client:/home/yahboom/intro_ws/install/examples_rclpy_minimal_action_server:/home/yahboom/intro_ws/install/examples_rclpy_minimal_action_client:/home/yahboom/intro_ws/install/examples_rclpy_guard_conditions:/home/yahboom/intro_ws/install/examples_rclpy_executors:/home/yahboom/cartoros2/install/yahboomcar_nav:/home/yahboom/cartoros2/install/yahboomcar_ctrl:/home/yahboom/cartoros2/install/yahboom_visual:/home/yahboom/cartoros2/install/yahboom_dog_joint_state:/home/yahboom/cartoros2/install/yahboom_description:/home/yahboom/cartoros2/install/yahboom_color_identify_server:/home/yahboom/cartoros2/install/yahboom_bringup:/home/yahboom/cartoros2/install/yahboom_base:/home/yahboom/cartoros2/install/yahboom_app_save_map:/home/yahboom/cartoros2/install/update_map:/home/yahboom/cartoros2/install/rosboard:/home/yahboom/cartoros2/install/path_planner_server:/home/yahboom/cartoros2/install/nav2_simple_commander:/home/yahboom/cartoros2/install/nav2_gazebo_spawner:/home/yahboom/cartoros2/install/localization_server:/home/yahboom/cartoros2/install/laserscan_to_point_pulisher:/home/yahboom/yahboomcar_ws/install/yahboom_dog_example:/opt/ros/humble /usr/bin/cmake --install /home/yahboom/intro_ws/build/examples_rclcpp_minimal_action_client
[1.766s] Level 1:colcon.colcon_core.environment:create_environment_scripts_only(examples_rclcpp_minimal_action_client)
[1.766s] Level 1:colcon.colcon_core.environment:checking '/home/yahboom/intro_ws/install/examples_rclcpp_minimal_action_client' for CMake module files
[1.766s] Level 1:colcon.colcon_core.environment:checking '/home/yahboom/intro_ws/install/examples_rclcpp_minimal_action_client' for CMake config files
[1.767s] Level 1:colcon.colcon_core.shell:create_environment_hook('examples_rclcpp_minimal_action_client', 'cmake_prefix_path')
[1.767s] INFO:colcon.colcon_core.shell:Creating environment hook '/home/yahboom/intro_ws/install/examples_rclcpp_minimal_action_client/share/examples_rclcpp_minimal_action_client/hook/cmake_prefix_path.ps1'
[1.769s] DEBUG:colcon.colcon_core.event_handler.log_command:Invoked command in '/home/yahboom/intro_ws/build/examples_rclcpp_minimal_action_client' returned '0': CMAKE_PREFIX_PATH=${CMAKE_PREFIX_PATH}:/home/yahboom/intro_ws/install/turtle_test:/home/yahboom/intro_ws/install/time_tf2_py:/home/yahboom/intro_ws/install/test_tf2_py:/home/yahboom/intro_ws/install/python_parameters:/home/yahboom/intro_ws/install/launch_testing_examples:/home/yahboom/intro_ws/install/examples_rclpy_pointcloud_publisher:/home/yahboom/intro_ws/install/examples_rclpy_minimal_subscriber:/home/yahboom/intro_ws/install/examples_rclpy_minimal_service:/home/yahboom/intro_ws/install/examples_rclpy_minimal_publisher:/home/yahboom/intro_ws/install/examples_rclpy_minimal_client:/home/yahboom/intro_ws/install/examples_rclpy_minimal_action_server:/home/yahboom/intro_ws/install/examples_rclpy_minimal_action_client:/home/yahboom/intro_ws/install/examples_rclpy_guard_conditions:/home/yahboom/intro_ws/install/examples_rclpy_executors:/home/yahboom/cartoros2/install/yahboomcar_nav:/home/yahboom/cartoros2/install/yahboomcar_ctrl:/home/yahboom/cartoros2/install/yahboom_visual:/home/yahboom/cartoros2/install/yahboom_dog_joint_state:/home/yahboom/cartoros2/install/yahboom_description:/home/yahboom/cartoros2/install/yahboom_color_identify_server:/home/yahboom/cartoros2/install/yahboom_bringup:/home/yahboom/cartoros2/install/yahboom_base:/home/yahboom/cartoros2/install/yahboom_app_save_map:/home/yahboom/cartoros2/install/update_map:/home/yahboom/cartoros2/install/rosboard:/home/yahboom/cartoros2/install/path_planner_server:/home/yahboom/cartoros2/install/nav2_simple_commander:/home/yahboom/cartoros2/install/nav2_gazebo_spawner:/home/yahboom/cartoros2/install/localization_server:/home/yahboom/cartoros2/install/laserscan_to_point_pulisher:/home/yahboom/yahboomcar_ws/install/yahboom_dog_example:/opt/ros/humble /usr/bin/cmake --install /home/yahboom/intro_ws/build/examples_rclcpp_minimal_action_client
[1.769s] INFO:colcon.colcon_core.shell:Creating environment descriptor '/home/yahboom/intro_ws/install/examples_rclcpp_minimal_action_client/share/examples_rclcpp_minimal_action_client/hook/cmake_prefix_path.dsv'
[1.770s] INFO:colcon.colcon_core.shell:Creating environment hook '/home/yahboom/intro_ws/install/examples_rclcpp_minimal_action_client/share/examples_rclcpp_minimal_action_client/hook/cmake_prefix_path.sh'
[1.772s] Level 1:colcon.colcon_core.environment:checking '/home/yahboom/intro_ws/install/examples_rclcpp_minimal_action_client/lib'
[1.772s] Level 1:colcon.colcon_core.environment:checking '/home/yahboom/intro_ws/install/examples_rclcpp_minimal_action_client/bin'
[1.772s] Level 1:colcon.colcon_core.environment:checking '/home/yahboom/intro_ws/install/examples_rclcpp_minimal_action_client/lib/pkgconfig/examples_rclcpp_minimal_action_client.pc'
[1.773s] Level 1:colcon.colcon_core.environment:checking '/home/yahboom/intro_ws/install/examples_rclcpp_minimal_action_client/lib/python3.10/site-packages'
[1.773s] Level 1:colcon.colcon_core.environment:checking '/home/yahboom/intro_ws/install/examples_rclcpp_minimal_action_client/bin'
[1.774s] INFO:colcon.colcon_core.shell:Creating package script '/home/yahboom/intro_ws/install/examples_rclcpp_minimal_action_client/share/examples_rclcpp_minimal_action_client/package.ps1'
[1.776s] INFO:colcon.colcon_core.shell:Creating package descriptor '/home/yahboom/intro_ws/install/examples_rclcpp_minimal_action_client/share/examples_rclcpp_minimal_action_client/package.dsv'
[1.777s] INFO:colcon.colcon_core.shell:Creating package script '/home/yahboom/intro_ws/install/examples_rclcpp_minimal_action_client/share/examples_rclcpp_minimal_action_client/package.sh'
[1.778s] INFO:colcon.colcon_core.shell:Creating package script '/home/yahboom/intro_ws/install/examples_rclcpp_minimal_action_client/share/examples_rclcpp_minimal_action_client/package.bash'
[1.779s] INFO:colcon.colcon_core.shell:Creating package script '/home/yahboom/intro_ws/install/examples_rclcpp_minimal_action_client/share/examples_rclcpp_minimal_action_client/package.zsh'
[1.780s] Level 1:colcon.colcon_core.environment:create_file_with_runtime_dependencies(/home/yahboom/intro_ws/install/examples_rclcpp_minimal_action_client/share/colcon-core/packages/examples_rclcpp_minimal_action_client)
[1.784s] Level 1:colcon.colcon_core.environment:create_environment_scripts_only(examples_rclcpp_async_client)
[1.784s] Level 1:colcon.colcon_core.environment:checking '/home/yahboom/intro_ws/install/examples_rclcpp_async_client' for CMake module files
[1.785s] Level 1:colcon.colcon_core.environment:checking '/home/yahboom/intro_ws/install/examples_rclcpp_async_client' for CMake config files
[1.786s] Level 1:colcon.colcon_core.shell:create_environment_hook('examples_rclcpp_async_client', 'cmake_prefix_path')
[1.786s] INFO:colcon.colcon_core.shell:Creating environment hook '/home/yahboom/intro_ws/install/examples_rclcpp_async_client/share/examples_rclcpp_async_client/hook/cmake_prefix_path.ps1'
[1.788s] INFO:colcon.colcon_core.shell:Creating environment descriptor '/home/yahboom/intro_ws/install/examples_rclcpp_async_client/share/examples_rclcpp_async_client/hook/cmake_prefix_path.dsv'
[1.789s] INFO:colcon.colcon_core.shell:Creating environment hook '/home/yahboom/intro_ws/install/examples_rclcpp_async_client/share/examples_rclcpp_async_client/hook/cmake_prefix_path.sh'
[1.790s] Level 1:colcon.colcon_core.environment:checking '/home/yahboom/intro_ws/install/examples_rclcpp_async_client/lib'
[1.790s] Level 1:colcon.colcon_core.environment:checking '/home/yahboom/intro_ws/install/examples_rclcpp_async_client/bin'
[1.790s] Level 1:colcon.colcon_core.environment:checking '/home/yahboom/intro_ws/install/examples_rclcpp_async_client/lib/pkgconfig/examples_rclcpp_async_client.pc'
[1.790s] Level 1:colcon.colcon_core.environment:checking '/home/yahboom/intro_ws/install/examples_rclcpp_async_client/lib/python3.10/site-packages'
[1.790s] Level 1:colcon.colcon_core.environment:checking '/home/yahboom/intro_ws/install/examples_rclcpp_async_client/bin'
[1.791s] INFO:colcon.colcon_core.shell:Creating package script '/home/yahboom/intro_ws/install/examples_rclcpp_async_client/share/examples_rclcpp_async_client/package.ps1'
[1.792s] INFO:colcon.colcon_core.shell:Creating package descriptor '/home/yahboom/intro_ws/install/examples_rclcpp_async_client/share/examples_rclcpp_async_client/package.dsv'
[1.793s] INFO:colcon.colcon_core.shell:Creating package script '/home/yahboom/intro_ws/install/examples_rclcpp_async_client/share/examples_rclcpp_async_client/package.sh'
[1.794s] INFO:colcon.colcon_core.shell:Creating package script '/home/yahboom/intro_ws/install/examples_rclcpp_async_client/share/examples_rclcpp_async_client/package.bash'
[1.795s] INFO:colcon.colcon_core.shell:Creating package script '/home/yahboom/intro_ws/install/examples_rclcpp_async_client/share/examples_rclcpp_async_client/package.zsh'
[1.795s] Level 1:colcon.colcon_core.environment:create_file_with_runtime_dependencies(/home/yahboom/intro_ws/install/examples_rclcpp_async_client/share/colcon-core/packages/examples_rclcpp_async_client)
[1.796s] INFO:colcon.colcon_ros.task.ament_cmake.build:Building ROS package in '/home/yahboom/intro_ws/src/examples/rclcpp/actions/minimal_action_server' with build type 'ament_cmake'
[1.797s] INFO:colcon.colcon_cmake.task.cmake.build:Building CMake package in '/home/yahboom/intro_ws/src/examples/rclcpp/actions/minimal_action_server'
[1.797s] INFO:colcon.colcon_core.shell:Skip shell extension 'powershell' for command environment: Not usable outside of PowerShell
[1.797s] DEBUG:colcon.colcon_core.shell:Skip shell extension 'dsv' for command environment
[1.830s] DEBUG:colcon.colcon_core.event_handler.log_command:Invoking command in '/home/yahboom/intro_ws/build/examples_rclcpp_minimal_action_server': CMAKE_PREFIX_PATH=${CMAKE_PREFIX_PATH}:/home/yahboom/intro_ws/install/turtle_test:/home/yahboom/intro_ws/install/time_tf2_py:/home/yahboom/intro_ws/install/test_tf2_py:/home/yahboom/intro_ws/install/python_parameters:/home/yahboom/intro_ws/install/launch_testing_examples:/home/yahboom/intro_ws/install/examples_rclpy_pointcloud_publisher:/home/yahboom/intro_ws/install/examples_rclpy_minimal_subscriber:/home/yahboom/intro_ws/install/examples_rclpy_minimal_service:/home/yahboom/intro_ws/install/examples_rclpy_minimal_publisher:/home/yahboom/intro_ws/install/examples_rclpy_minimal_client:/home/yahboom/intro_ws/install/examples_rclpy_minimal_action_server:/home/yahboom/intro_ws/install/examples_rclpy_minimal_action_client:/home/yahboom/intro_ws/install/examples_rclpy_guard_conditions:/home/yahboom/intro_ws/install/examples_rclpy_executors:/home/yahboom/cartoros2/install/yahboomcar_nav:/home/yahboom/cartoros2/install/yahboomcar_ctrl:/home/yahboom/cartoros2/install/yahboom_visual:/home/yahboom/cartoros2/install/yahboom_dog_joint_state:/home/yahboom/cartoros2/install/yahboom_description:/home/yahboom/cartoros2/install/yahboom_color_identify_server:/home/yahboom/cartoros2/install/yahboom_bringup:/home/yahboom/cartoros2/install/yahboom_base:/home/yahboom/cartoros2/install/yahboom_app_save_map:/home/yahboom/cartoros2/install/update_map:/home/yahboom/cartoros2/install/rosboard:/home/yahboom/cartoros2/install/path_planner_server:/home/yahboom/cartoros2/install/nav2_simple_commander:/home/yahboom/cartoros2/install/nav2_gazebo_spawner:/home/yahboom/cartoros2/install/localization_server:/home/yahboom/cartoros2/install/laserscan_to_point_pulisher:/home/yahboom/yahboomcar_ws/install/yahboom_dog_example:/opt/ros/humble /usr/bin/cmake /home/yahboom/intro_ws/src/examples/rclcpp/actions/minimal_action_server -DAMENT_CMAKE_SYMLINK_INSTALL=1 -DCMAKE_INSTALL_PREFIX=/home/yahboom/intro_ws/install/examples_rclcpp_minimal_action_server
[1.845s] Level 1:colcon.colcon_core.environment:create_environment_scripts_only(examples_rclcpp_cbg_executor)
[1.846s] Level 1:colcon.colcon_core.environment:checking '/home/yahboom/intro_ws/install/examples_rclcpp_cbg_executor' for CMake module files
[1.846s] Level 1:colcon.colcon_core.environment:checking '/home/yahboom/intro_ws/install/examples_rclcpp_cbg_executor' for CMake config files
[1.846s] Level 1:colcon.colcon_core.shell:create_environment_hook('examples_rclcpp_cbg_executor', 'cmake_prefix_path')
[1.847s] INFO:colcon.colcon_core.shell:Creating environment hook '/home/yahboom/intro_ws/install/examples_rclcpp_cbg_executor/share/examples_rclcpp_cbg_executor/hook/cmake_prefix_path.ps1'
[1.848s] INFO:colcon.colcon_core.shell:Creating environment descriptor '/home/yahboom/intro_ws/install/examples_rclcpp_cbg_executor/share/examples_rclcpp_cbg_executor/hook/cmake_prefix_path.dsv'
[1.849s] INFO:colcon.colcon_core.shell:Creating environment hook '/home/yahboom/intro_ws/install/examples_rclcpp_cbg_executor/share/examples_rclcpp_cbg_executor/hook/cmake_prefix_path.sh'
[1.851s] Level 1:colcon.colcon_core.environment:checking '/home/yahboom/intro_ws/install/examples_rclcpp_cbg_executor/lib'
[1.851s] Level 1:colcon.colcon_core.environment:checking '/home/yahboom/intro_ws/install/examples_rclcpp_cbg_executor/bin'
[1.851s] Level 1:colcon.colcon_core.environment:checking '/home/yahboom/intro_ws/install/examples_rclcpp_cbg_executor/lib/pkgconfig/examples_rclcpp_cbg_executor.pc'
[1.851s] Level 1:colcon.colcon_core.environment:checking '/home/yahboom/intro_ws/install/examples_rclcpp_cbg_executor/lib/python3.10/site-packages'
[1.851s] Level 1:colcon.colcon_core.environment:checking '/home/yahboom/intro_ws/install/examples_rclcpp_cbg_executor/bin'
[1.851s] INFO:colcon.colcon_core.shell:Creating package script '/home/yahboom/intro_ws/install/examples_rclcpp_cbg_executor/share/examples_rclcpp_cbg_executor/package.ps1'
[1.853s] INFO:colcon.colcon_core.shell:Creating package descriptor '/home/yahboom/intro_ws/install/examples_rclcpp_cbg_executor/share/examples_rclcpp_cbg_executor/package.dsv'
[1.853s] INFO:colcon.colcon_core.shell:Creating package script '/home/yahboom/intro_ws/install/examples_rclcpp_cbg_executor/share/examples_rclcpp_cbg_executor/package.sh'
[1.854s] INFO:colcon.colcon_core.shell:Creating package script '/home/yahboom/intro_ws/install/examples_rclcpp_cbg_executor/share/examples_rclcpp_cbg_executor/package.bash'
[1.855s] INFO:colcon.colcon_core.shell:Creating package script '/home/yahboom/intro_ws/install/examples_rclcpp_cbg_executor/share/examples_rclcpp_cbg_executor/package.zsh'
[1.855s] Level 1:colcon.colcon_core.environment:create_file_with_runtime_dependencies(/home/yahboom/intro_ws/install/examples_rclcpp_cbg_executor/share/colcon-core/packages/examples_rclcpp_cbg_executor)
[1.856s] INFO:colcon.colcon_ros.task.ament_cmake.build:Building ROS package in '/home/yahboom/intro_ws/src/examples/rclcpp/services/minimal_client' with build type 'ament_cmake'
[1.856s] INFO:colcon.colcon_cmake.task.cmake.build:Building CMake package in '/home/yahboom/intro_ws/src/examples/rclcpp/services/minimal_client'
[1.857s] INFO:colcon.colcon_core.shell:Skip shell extension 'powershell' for command environment: Not usable outside of PowerShell
[1.857s] DEBUG:colcon.colcon_core.shell:Skip shell extension 'dsv' for command environment
[1.892s] DEBUG:colcon.colcon_core.event_handler.log_command:Invoking command in '/home/yahboom/intro_ws/build/examples_rclcpp_minimal_client': CMAKE_PREFIX_PATH=${CMAKE_PREFIX_PATH}:/home/yahboom/intro_ws/install/turtle_test:/home/yahboom/intro_ws/install/time_tf2_py:/home/yahboom/intro_ws/install/test_tf2_py:/home/yahboom/intro_ws/install/python_parameters:/home/yahboom/intro_ws/install/launch_testing_examples:/home/yahboom/intro_ws/install/examples_rclpy_pointcloud_publisher:/home/yahboom/intro_ws/install/examples_rclpy_minimal_subscriber:/home/yahboom/intro_ws/install/examples_rclpy_minimal_service:/home/yahboom/intro_ws/install/examples_rclpy_minimal_publisher:/home/yahboom/intro_ws/install/examples_rclpy_minimal_client:/home/yahboom/intro_ws/install/examples_rclpy_minimal_action_server:/home/yahboom/intro_ws/install/examples_rclpy_minimal_action_client:/home/yahboom/intro_ws/install/examples_rclpy_guard_conditions:/home/yahboom/intro_ws/install/examples_rclpy_executors:/home/yahboom/cartoros2/install/yahboomcar_nav:/home/yahboom/cartoros2/install/yahboomcar_ctrl:/home/yahboom/cartoros2/install/yahboom_visual:/home/yahboom/cartoros2/install/yahboom_dog_joint_state:/home/yahboom/cartoros2/install/yahboom_description:/home/yahboom/cartoros2/install/yahboom_color_identify_server:/home/yahboom/cartoros2/install/yahboom_bringup:/home/yahboom/cartoros2/install/yahboom_base:/home/yahboom/cartoros2/install/yahboom_app_save_map:/home/yahboom/cartoros2/install/update_map:/home/yahboom/cartoros2/install/rosboard:/home/yahboom/cartoros2/install/path_planner_server:/home/yahboom/cartoros2/install/nav2_simple_commander:/home/yahboom/cartoros2/install/nav2_gazebo_spawner:/home/yahboom/cartoros2/install/localization_server:/home/yahboom/cartoros2/install/laserscan_to_point_pulisher:/home/yahboom/yahboomcar_ws/install/yahboom_dog_example:/opt/ros/humble /usr/bin/cmake /home/yahboom/intro_ws/src/examples/rclcpp/services/minimal_client -DAMENT_CMAKE_SYMLINK_INSTALL=1 -DCMAKE_INSTALL_PREFIX=/home/yahboom/intro_ws/install/examples_rclcpp_minimal_client
[1.916s] Level 1:colcon.colcon_core.environment:create_environment_scripts_only(examples_rclcpp_minimal_action_client)
[1.916s] Level 1:colcon.colcon_core.environment:checking '/home/yahboom/intro_ws/install/examples_rclcpp_minimal_action_client' for CMake module files
[1.916s] Level 1:colcon.colcon_core.environment:checking '/home/yahboom/intro_ws/install/examples_rclcpp_minimal_action_client' for CMake config files
[1.917s] Level 1:colcon.colcon_core.shell:create_environment_hook('examples_rclcpp_minimal_action_client', 'cmake_prefix_path')
[1.917s] INFO:colcon.colcon_core.shell:Creating environment hook '/home/yahboom/intro_ws/install/examples_rclcpp_minimal_action_client/share/examples_rclcpp_minimal_action_client/hook/cmake_prefix_path.ps1'
[1.918s] INFO:colcon.colcon_core.shell:Creating environment descriptor '/home/yahboom/intro_ws/install/examples_rclcpp_minimal_action_client/share/examples_rclcpp_minimal_action_client/hook/cmake_prefix_path.dsv'
[1.919s] INFO:colcon.colcon_core.shell:Creating environment hook '/home/yahboom/intro_ws/install/examples_rclcpp_minimal_action_client/share/examples_rclcpp_minimal_action_client/hook/cmake_prefix_path.sh'
[1.920s] Level 1:colcon.colcon_core.environment:checking '/home/yahboom/intro_ws/install/examples_rclcpp_minimal_action_client/lib'
[1.920s] Level 1:colcon.colcon_core.environment:checking '/home/yahboom/intro_ws/install/examples_rclcpp_minimal_action_client/bin'
[1.920s] Level 1:colcon.colcon_core.environment:checking '/home/yahboom/intro_ws/install/examples_rclcpp_minimal_action_client/lib/pkgconfig/examples_rclcpp_minimal_action_client.pc'
[1.920s] Level 1:colcon.colcon_core.environment:checking '/home/yahboom/intro_ws/install/examples_rclcpp_minimal_action_client/lib/python3.10/site-packages'
[1.921s] Level 1:colcon.colcon_core.environment:checking '/home/yahboom/intro_ws/install/examples_rclcpp_minimal_action_client/bin'
[1.921s] INFO:colcon.colcon_core.shell:Creating package script '/home/yahboom/intro_ws/install/examples_rclcpp_minimal_action_client/share/examples_rclcpp_minimal_action_client/package.ps1'
[1.922s] INFO:colcon.colcon_core.shell:Creating package descriptor '/home/yahboom/intro_ws/install/examples_rclcpp_minimal_action_client/share/examples_rclcpp_minimal_action_client/package.dsv'
[1.923s] INFO:colcon.colcon_core.shell:Creating package script '/home/yahboom/intro_ws/install/examples_rclcpp_minimal_action_client/share/examples_rclcpp_minimal_action_client/package.sh'
[1.923s] INFO:colcon.colcon_core.shell:Creating package script '/home/yahboom/intro_ws/install/examples_rclcpp_minimal_action_client/share/examples_rclcpp_minimal_action_client/package.bash'
[1.924s] INFO:colcon.colcon_core.shell:Creating package script '/home/yahboom/intro_ws/install/examples_rclcpp_minimal_action_client/share/examples_rclcpp_minimal_action_client/package.zsh'
[1.925s] Level 1:colcon.colcon_core.environment:create_file_with_runtime_dependencies(/home/yahboom/intro_ws/install/examples_rclcpp_minimal_action_client/share/colcon-core/packages/examples_rclcpp_minimal_action_client)
[1.927s] INFO:colcon.colcon_ros.task.ament_cmake.build:Building ROS package in '/home/yahboom/intro_ws/src/examples/rclcpp/composition/minimal_composition' with build type 'ament_cmake'
[1.927s] INFO:colcon.colcon_cmake.task.cmake.build:Building CMake package in '/home/yahboom/intro_ws/src/examples/rclcpp/composition/minimal_composition'
[1.928s] INFO:colcon.colcon_core.shell:Skip shell extension 'powershell' for command environment: Not usable outside of PowerShell
[1.928s] DEBUG:colcon.colcon_core.shell:Skip shell extension 'dsv' for command environment
[1.954s] DEBUG:colcon.colcon_core.event_handler.log_command:Invoking command in '/home/yahboom/intro_ws/build/examples_rclcpp_minimal_composition': CMAKE_PREFIX_PATH=${CMAKE_PREFIX_PATH}:/home/yahboom/intro_ws/install/turtle_test:/home/yahboom/intro_ws/install/time_tf2_py:/home/yahboom/intro_ws/install/test_tf2_py:/home/yahboom/intro_ws/install/python_parameters:/home/yahboom/intro_ws/install/launch_testing_examples:/home/yahboom/intro_ws/install/examples_rclpy_pointcloud_publisher:/home/yahboom/intro_ws/install/examples_rclpy_minimal_subscriber:/home/yahboom/intro_ws/install/examples_rclpy_minimal_service:/home/yahboom/intro_ws/install/examples_rclpy_minimal_publisher:/home/yahboom/intro_ws/install/examples_rclpy_minimal_client:/home/yahboom/intro_ws/install/examples_rclpy_minimal_action_server:/home/yahboom/intro_ws/install/examples_rclpy_minimal_action_client:/home/yahboom/intro_ws/install/examples_rclpy_guard_conditions:/home/yahboom/intro_ws/install/examples_rclpy_executors:/home/yahboom/cartoros2/install/yahboomcar_nav:/home/yahboom/cartoros2/install/yahboomcar_ctrl:/home/yahboom/cartoros2/install/yahboom_visual:/home/yahboom/cartoros2/install/yahboom_dog_joint_state:/home/yahboom/cartoros2/install/yahboom_description:/home/yahboom/cartoros2/install/yahboom_color_identify_server:/home/yahboom/cartoros2/install/yahboom_bringup:/home/yahboom/cartoros2/install/yahboom_base:/home/yahboom/cartoros2/install/yahboom_app_save_map:/home/yahboom/cartoros2/install/update_map:/home/yahboom/cartoros2/install/rosboard:/home/yahboom/cartoros2/install/path_planner_server:/home/yahboom/cartoros2/install/nav2_simple_commander:/home/yahboom/cartoros2/install/nav2_gazebo_spawner:/home/yahboom/cartoros2/install/localization_server:/home/yahboom/cartoros2/install/laserscan_to_point_pulisher:/home/yahboom/yahboomcar_ws/install/yahboom_dog_example:/opt/ros/humble /usr/bin/cmake /home/yahboom/intro_ws/src/examples/rclcpp/composition/minimal_composition -DAMENT_CMAKE_SYMLINK_INSTALL=1 -DCMAKE_INSTALL_PREFIX=/home/yahboom/intro_ws/install/examples_rclcpp_minimal_composition
[2.105s] DEBUG:colcon.colcon_core.event_handler.log_command:Invoked command in '/home/yahboom/intro_ws/build/turtle_interfaces' returned '0': CMAKE_PREFIX_PATH=${CMAKE_PREFIX_PATH}:/home/yahboom/intro_ws/install/turtle_test:/home/yahboom/intro_ws/install/time_tf2_py:/home/yahboom/intro_ws/install/test_tf2_py:/home/yahboom/intro_ws/install/python_parameters:/home/yahboom/intro_ws/install/launch_testing_examples:/home/yahboom/intro_ws/install/examples_rclpy_pointcloud_publisher:/home/yahboom/intro_ws/install/examples_rclpy_minimal_subscriber:/home/yahboom/intro_ws/install/examples_rclpy_minimal_service:/home/yahboom/intro_ws/install/examples_rclpy_minimal_publisher:/home/yahboom/intro_ws/install/examples_rclpy_minimal_client:/home/yahboom/intro_ws/install/examples_rclpy_minimal_action_server:/home/yahboom/intro_ws/install/examples_rclpy_minimal_action_client:/home/yahboom/intro_ws/install/examples_rclpy_guard_conditions:/home/yahboom/intro_ws/install/examples_rclpy_executors:/home/yahboom/cartoros2/install/yahboomcar_nav:/home/yahboom/cartoros2/install/yahboomcar_ctrl:/home/yahboom/cartoros2/install/yahboom_visual:/home/yahboom/cartoros2/install/yahboom_dog_joint_state:/home/yahboom/cartoros2/install/yahboom_description:/home/yahboom/cartoros2/install/yahboom_color_identify_server:/home/yahboom/cartoros2/install/yahboom_bringup:/home/yahboom/cartoros2/install/yahboom_base:/home/yahboom/cartoros2/install/yahboom_app_save_map:/home/yahboom/cartoros2/install/update_map:/home/yahboom/cartoros2/install/rosboard:/home/yahboom/cartoros2/install/path_planner_server:/home/yahboom/cartoros2/install/nav2_simple_commander:/home/yahboom/cartoros2/install/nav2_gazebo_spawner:/home/yahboom/cartoros2/install/localization_server:/home/yahboom/cartoros2/install/laserscan_to_point_pulisher:/home/yahboom/yahboomcar_ws/install/yahboom_dog_example:/opt/ros/humble /usr/bin/cmake /home/yahboom/intro_ws/src/turtle_interfaces -DAMENT_CMAKE_SYMLINK_INSTALL=1 -DCMAKE_INSTALL_PREFIX=/home/yahboom/intro_ws/install/turtle_interfaces
[2.110s] DEBUG:colcon.colcon_core.event_handler.log_command:Invoking command in '/home/yahboom/intro_ws/build/turtle_interfaces': CMAKE_PREFIX_PATH=${CMAKE_PREFIX_PATH}:/home/yahboom/intro_ws/install/turtle_test:/home/yahboom/intro_ws/install/time_tf2_py:/home/yahboom/intro_ws/install/test_tf2_py:/home/yahboom/intro_ws/install/python_parameters:/home/yahboom/intro_ws/install/launch_testing_examples:/home/yahboom/intro_ws/install/examples_rclpy_pointcloud_publisher:/home/yahboom/intro_ws/install/examples_rclpy_minimal_subscriber:/home/yahboom/intro_ws/install/examples_rclpy_minimal_service:/home/yahboom/intro_ws/install/examples_rclpy_minimal_publisher:/home/yahboom/intro_ws/install/examples_rclpy_minimal_client:/home/yahboom/intro_ws/install/examples_rclpy_minimal_action_server:/home/yahboom/intro_ws/install/examples_rclpy_minimal_action_client:/home/yahboom/intro_ws/install/examples_rclpy_guard_conditions:/home/yahboom/intro_ws/install/examples_rclpy_executors:/home/yahboom/cartoros2/install/yahboomcar_nav:/home/yahboom/cartoros2/install/yahboomcar_ctrl:/home/yahboom/cartoros2/install/yahboom_visual:/home/yahboom/cartoros2/install/yahboom_dog_joint_state:/home/yahboom/cartoros2/install/yahboom_description:/home/yahboom/cartoros2/install/yahboom_color_identify_server:/home/yahboom/cartoros2/install/yahboom_bringup:/home/yahboom/cartoros2/install/yahboom_base:/home/yahboom/cartoros2/install/yahboom_app_save_map:/home/yahboom/cartoros2/install/update_map:/home/yahboom/cartoros2/install/rosboard:/home/yahboom/cartoros2/install/path_planner_server:/home/yahboom/cartoros2/install/nav2_simple_commander:/home/yahboom/cartoros2/install/nav2_gazebo_spawner:/home/yahboom/cartoros2/install/localization_server:/home/yahboom/cartoros2/install/laserscan_to_point_pulisher:/home/yahboom/yahboomcar_ws/install/yahboom_dog_example:/opt/ros/humble /usr/bin/cmake --build /home/yahboom/intro_ws/build/turtle_interfaces -- -j4 -l4
[2.925s] DEBUG:colcon.colcon_core.event_handler.log_command:Invoked command in '/home/yahboom/intro_ws/build/turtle_interfaces' returned '0': CMAKE_PREFIX_PATH=${CMAKE_PREFIX_PATH}:/home/yahboom/intro_ws/install/turtle_test:/home/yahboom/intro_ws/install/time_tf2_py:/home/yahboom/intro_ws/install/test_tf2_py:/home/yahboom/intro_ws/install/python_parameters:/home/yahboom/intro_ws/install/launch_testing_examples:/home/yahboom/intro_ws/install/examples_rclpy_pointcloud_publisher:/home/yahboom/intro_ws/install/examples_rclpy_minimal_subscriber:/home/yahboom/intro_ws/install/examples_rclpy_minimal_service:/home/yahboom/intro_ws/install/examples_rclpy_minimal_publisher:/home/yahboom/intro_ws/install/examples_rclpy_minimal_client:/home/yahboom/intro_ws/install/examples_rclpy_minimal_action_server:/home/yahboom/intro_ws/install/examples_rclpy_minimal_action_client:/home/yahboom/intro_ws/install/examples_rclpy_guard_conditions:/home/yahboom/intro_ws/install/examples_rclpy_executors:/home/yahboom/cartoros2/install/yahboomcar_nav:/home/yahboom/cartoros2/install/yahboomcar_ctrl:/home/yahboom/cartoros2/install/yahboom_visual:/home/yahboom/cartoros2/install/yahboom_dog_joint_state:/home/yahboom/cartoros2/install/yahboom_description:/home/yahboom/cartoros2/install/yahboom_color_identify_server:/home/yahboom/cartoros2/install/yahboom_bringup:/home/yahboom/cartoros2/install/yahboom_base:/home/yahboom/cartoros2/install/yahboom_app_save_map:/home/yahboom/cartoros2/install/update_map:/home/yahboom/cartoros2/install/rosboard:/home/yahboom/cartoros2/install/path_planner_server:/home/yahboom/cartoros2/install/nav2_simple_commander:/home/yahboom/cartoros2/install/nav2_gazebo_spawner:/home/yahboom/cartoros2/install/localization_server:/home/yahboom/cartoros2/install/laserscan_to_point_pulisher:/home/yahboom/yahboomcar_ws/install/yahboom_dog_example:/opt/ros/humble /usr/bin/cmake --build /home/yahboom/intro_ws/build/turtle_interfaces -- -j4 -l4
[2.951s] DEBUG:colcon.colcon_core.event_handler.log_command:Invoked command in '/home/yahboom/intro_ws/build/examples_rclcpp_minimal_action_server' returned '0': CMAKE_PREFIX_PATH=${CMAKE_PREFIX_PATH}:/home/yahboom/intro_ws/install/turtle_test:/home/yahboom/intro_ws/install/time_tf2_py:/home/yahboom/intro_ws/install/test_tf2_py:/home/yahboom/intro_ws/install/python_parameters:/home/yahboom/intro_ws/install/launch_testing_examples:/home/yahboom/intro_ws/install/examples_rclpy_pointcloud_publisher:/home/yahboom/intro_ws/install/examples_rclpy_minimal_subscriber:/home/yahboom/intro_ws/install/examples_rclpy_minimal_service:/home/yahboom/intro_ws/install/examples_rclpy_minimal_publisher:/home/yahboom/intro_ws/install/examples_rclpy_minimal_client:/home/yahboom/intro_ws/install/examples_rclpy_minimal_action_server:/home/yahboom/intro_ws/install/examples_rclpy_minimal_action_client:/home/yahboom/intro_ws/install/examples_rclpy_guard_conditions:/home/yahboom/intro_ws/install/examples_rclpy_executors:/home/yahboom/cartoros2/install/yahboomcar_nav:/home/yahboom/cartoros2/install/yahboomcar_ctrl:/home/yahboom/cartoros2/install/yahboom_visual:/home/yahboom/cartoros2/install/yahboom_dog_joint_state:/home/yahboom/cartoros2/install/yahboom_description:/home/yahboom/cartoros2/install/yahboom_color_identify_server:/home/yahboom/cartoros2/install/yahboom_bringup:/home/yahboom/cartoros2/install/yahboom_base:/home/yahboom/cartoros2/install/yahboom_app_save_map:/home/yahboom/cartoros2/install/update_map:/home/yahboom/cartoros2/install/rosboard:/home/yahboom/cartoros2/install/path_planner_server:/home/yahboom/cartoros2/install/nav2_simple_commander:/home/yahboom/cartoros2/install/nav2_gazebo_spawner:/home/yahboom/cartoros2/install/localization_server:/home/yahboom/cartoros2/install/laserscan_to_point_pulisher:/home/yahboom/yahboomcar_ws/install/yahboom_dog_example:/opt/ros/humble /usr/bin/cmake /home/yahboom/intro_ws/src/examples/rclcpp/actions/minimal_action_server -DAMENT_CMAKE_SYMLINK_INSTALL=1 -DCMAKE_INSTALL_PREFIX=/home/yahboom/intro_ws/install/examples_rclcpp_minimal_action_server
[2.954s] DEBUG:colcon.colcon_core.event_handler.log_command:Invoking command in '/home/yahboom/intro_ws/build/examples_rclcpp_minimal_action_server': CMAKE_PREFIX_PATH=${CMAKE_PREFIX_PATH}:/home/yahboom/intro_ws/install/turtle_test:/home/yahboom/intro_ws/install/time_tf2_py:/home/yahboom/intro_ws/install/test_tf2_py:/home/yahboom/intro_ws/install/python_parameters:/home/yahboom/intro_ws/install/launch_testing_examples:/home/yahboom/intro_ws/install/examples_rclpy_pointcloud_publisher:/home/yahboom/intro_ws/install/examples_rclpy_minimal_subscriber:/home/yahboom/intro_ws/install/examples_rclpy_minimal_service:/home/yahboom/intro_ws/install/examples_rclpy_minimal_publisher:/home/yahboom/intro_ws/install/examples_rclpy_minimal_client:/home/yahboom/intro_ws/install/examples_rclpy_minimal_action_server:/home/yahboom/intro_ws/install/examples_rclpy_minimal_action_client:/home/yahboom/intro_ws/install/examples_rclpy_guard_conditions:/home/yahboom/intro_ws/install/examples_rclpy_executors:/home/yahboom/cartoros2/install/yahboomcar_nav:/home/yahboom/cartoros2/install/yahboomcar_ctrl:/home/yahboom/cartoros2/install/yahboom_visual:/home/yahboom/cartoros2/install/yahboom_dog_joint_state:/home/yahboom/cartoros2/install/yahboom_description:/home/yahboom/cartoros2/install/yahboom_color_identify_server:/home/yahboom/cartoros2/install/yahboom_bringup:/home/yahboom/cartoros2/install/yahboom_base:/home/yahboom/cartoros2/install/yahboom_app_save_map:/home/yahboom/cartoros2/install/update_map:/home/yahboom/cartoros2/install/rosboard:/home/yahboom/cartoros2/install/path_planner_server:/home/yahboom/cartoros2/install/nav2_simple_commander:/home/yahboom/cartoros2/install/nav2_gazebo_spawner:/home/yahboom/cartoros2/install/localization_server:/home/yahboom/cartoros2/install/laserscan_to_point_pulisher:/home/yahboom/yahboomcar_ws/install/yahboom_dog_example:/opt/ros/humble /usr/bin/cmake --build /home/yahboom/intro_ws/build/examples_rclcpp_minimal_action_server -- -j4 -l4
[2.957s] DEBUG:colcon.colcon_core.event_handler.log_command:Invoked command in '/home/yahboom/intro_ws/build/examples_rclcpp_minimal_client' returned '0': CMAKE_PREFIX_PATH=${CMAKE_PREFIX_PATH}:/home/yahboom/intro_ws/install/turtle_test:/home/yahboom/intro_ws/install/time_tf2_py:/home/yahboom/intro_ws/install/test_tf2_py:/home/yahboom/intro_ws/install/python_parameters:/home/yahboom/intro_ws/install/launch_testing_examples:/home/yahboom/intro_ws/install/examples_rclpy_pointcloud_publisher:/home/yahboom/intro_ws/install/examples_rclpy_minimal_subscriber:/home/yahboom/intro_ws/install/examples_rclpy_minimal_service:/home/yahboom/intro_ws/install/examples_rclpy_minimal_publisher:/home/yahboom/intro_ws/install/examples_rclpy_minimal_client:/home/yahboom/intro_ws/install/examples_rclpy_minimal_action_server:/home/yahboom/intro_ws/install/examples_rclpy_minimal_action_client:/home/yahboom/intro_ws/install/examples_rclpy_guard_conditions:/home/yahboom/intro_ws/install/examples_rclpy_executors:/home/yahboom/cartoros2/install/yahboomcar_nav:/home/yahboom/cartoros2/install/yahboomcar_ctrl:/home/yahboom/cartoros2/install/yahboom_visual:/home/yahboom/cartoros2/install/yahboom_dog_joint_state:/home/yahboom/cartoros2/install/yahboom_description:/home/yahboom/cartoros2/install/yahboom_color_identify_server:/home/yahboom/cartoros2/install/yahboom_bringup:/home/yahboom/cartoros2/install/yahboom_base:/home/yahboom/cartoros2/install/yahboom_app_save_map:/home/yahboom/cartoros2/install/update_map:/home/yahboom/cartoros2/install/rosboard:/home/yahboom/cartoros2/install/path_planner_server:/home/yahboom/cartoros2/install/nav2_simple_commander:/home/yahboom/cartoros2/install/nav2_gazebo_spawner:/home/yahboom/cartoros2/install/localization_server:/home/yahboom/cartoros2/install/laserscan_to_point_pulisher:/home/yahboom/yahboomcar_ws/install/yahboom_dog_example:/opt/ros/humble /usr/bin/cmake /home/yahboom/intro_ws/src/examples/rclcpp/services/minimal_client -DAMENT_CMAKE_SYMLINK_INSTALL=1 -DCMAKE_INSTALL_PREFIX=/home/yahboom/intro_ws/install/examples_rclcpp_minimal_client
[2.958s] DEBUG:colcon.colcon_core.event_handler.log_command:Invoking command in '/home/yahboom/intro_ws/build/examples_rclcpp_minimal_client': CMAKE_PREFIX_PATH=${CMAKE_PREFIX_PATH}:/home/yahboom/intro_ws/install/turtle_test:/home/yahboom/intro_ws/install/time_tf2_py:/home/yahboom/intro_ws/install/test_tf2_py:/home/yahboom/intro_ws/install/python_parameters:/home/yahboom/intro_ws/install/launch_testing_examples:/home/yahboom/intro_ws/install/examples_rclpy_pointcloud_publisher:/home/yahboom/intro_ws/install/examples_rclpy_minimal_subscriber:/home/yahboom/intro_ws/install/examples_rclpy_minimal_service:/home/yahboom/intro_ws/install/examples_rclpy_minimal_publisher:/home/yahboom/intro_ws/install/examples_rclpy_minimal_client:/home/yahboom/intro_ws/install/examples_rclpy_minimal_action_server:/home/yahboom/intro_ws/install/examples_rclpy_minimal_action_client:/home/yahboom/intro_ws/install/examples_rclpy_guard_conditions:/home/yahboom/intro_ws/install/examples_rclpy_executors:/home/yahboom/cartoros2/install/yahboomcar_nav:/home/yahboom/cartoros2/install/yahboomcar_ctrl:/home/yahboom/cartoros2/install/yahboom_visual:/home/yahboom/cartoros2/install/yahboom_dog_joint_state:/home/yahboom/cartoros2/install/yahboom_description:/home/yahboom/cartoros2/install/yahboom_color_identify_server:/home/yahboom/cartoros2/install/yahboom_bringup:/home/yahboom/cartoros2/install/yahboom_base:/home/yahboom/cartoros2/install/yahboom_app_save_map:/home/yahboom/cartoros2/install/update_map:/home/yahboom/cartoros2/install/rosboard:/home/yahboom/cartoros2/install/path_planner_server:/home/yahboom/cartoros2/install/nav2_simple_commander:/home/yahboom/cartoros2/install/nav2_gazebo_spawner:/home/yahboom/cartoros2/install/localization_server:/home/yahboom/cartoros2/install/laserscan_to_point_pulisher:/home/yahboom/yahboomcar_ws/install/yahboom_dog_example:/opt/ros/humble /usr/bin/cmake --build /home/yahboom/intro_ws/build/examples_rclcpp_minimal_client -- -j4 -l4
[3.000s] DEBUG:colcon.colcon_core.event_handler.log_command:Invoked command in '/home/yahboom/intro_ws/build/examples_rclcpp_minimal_composition' returned '0': CMAKE_PREFIX_PATH=${CMAKE_PREFIX_PATH}:/home/yahboom/intro_ws/install/turtle_test:/home/yahboom/intro_ws/install/time_tf2_py:/home/yahboom/intro_ws/install/test_tf2_py:/home/yahboom/intro_ws/install/python_parameters:/home/yahboom/intro_ws/install/launch_testing_examples:/home/yahboom/intro_ws/install/examples_rclpy_pointcloud_publisher:/home/yahboom/intro_ws/install/examples_rclpy_minimal_subscriber:/home/yahboom/intro_ws/install/examples_rclpy_minimal_service:/home/yahboom/intro_ws/install/examples_rclpy_minimal_publisher:/home/yahboom/intro_ws/install/examples_rclpy_minimal_client:/home/yahboom/intro_ws/install/examples_rclpy_minimal_action_server:/home/yahboom/intro_ws/install/examples_rclpy_minimal_action_client:/home/yahboom/intro_ws/install/examples_rclpy_guard_conditions:/home/yahboom/intro_ws/install/examples_rclpy_executors:/home/yahboom/cartoros2/install/yahboomcar_nav:/home/yahboom/cartoros2/install/yahboomcar_ctrl:/home/yahboom/cartoros2/install/yahboom_visual:/home/yahboom/cartoros2/install/yahboom_dog_joint_state:/home/yahboom/cartoros2/install/yahboom_description:/home/yahboom/cartoros2/install/yahboom_color_identify_server:/home/yahboom/cartoros2/install/yahboom_bringup:/home/yahboom/cartoros2/install/yahboom_base:/home/yahboom/cartoros2/install/yahboom_app_save_map:/home/yahboom/cartoros2/install/update_map:/home/yahboom/cartoros2/install/rosboard:/home/yahboom/cartoros2/install/path_planner_server:/home/yahboom/cartoros2/install/nav2_simple_commander:/home/yahboom/cartoros2/install/nav2_gazebo_spawner:/home/yahboom/cartoros2/install/localization_server:/home/yahboom/cartoros2/install/laserscan_to_point_pulisher:/home/yahboom/yahboomcar_ws/install/yahboom_dog_example:/opt/ros/humble /usr/bin/cmake /home/yahboom/intro_ws/src/examples/rclcpp/composition/minimal_composition -DAMENT_CMAKE_SYMLINK_INSTALL=1 -DCMAKE_INSTALL_PREFIX=/home/yahboom/intro_ws/install/examples_rclcpp_minimal_composition
[3.001s] DEBUG:colcon.colcon_core.event_handler.log_command:Invoking command in '/home/yahboom/intro_ws/build/examples_rclcpp_minimal_composition': CMAKE_PREFIX_PATH=${CMAKE_PREFIX_PATH}:/home/yahboom/intro_ws/install/turtle_test:/home/yahboom/intro_ws/install/time_tf2_py:/home/yahboom/intro_ws/install/test_tf2_py:/home/yahboom/intro_ws/install/python_parameters:/home/yahboom/intro_ws/install/launch_testing_examples:/home/yahboom/intro_ws/install/examples_rclpy_pointcloud_publisher:/home/yahboom/intro_ws/install/examples_rclpy_minimal_subscriber:/home/yahboom/intro_ws/install/examples_rclpy_minimal_service:/home/yahboom/intro_ws/install/examples_rclpy_minimal_publisher:/home/yahboom/intro_ws/install/examples_rclpy_minimal_client:/home/yahboom/intro_ws/install/examples_rclpy_minimal_action_server:/home/yahboom/intro_ws/install/examples_rclpy_minimal_action_client:/home/yahboom/intro_ws/install/examples_rclpy_guard_conditions:/home/yahboom/intro_ws/install/examples_rclpy_executors:/home/yahboom/cartoros2/install/yahboomcar_nav:/home/yahboom/cartoros2/install/yahboomcar_ctrl:/home/yahboom/cartoros2/install/yahboom_visual:/home/yahboom/cartoros2/install/yahboom_dog_joint_state:/home/yahboom/cartoros2/install/yahboom_description:/home/yahboom/cartoros2/install/yahboom_color_identify_server:/home/yahboom/cartoros2/install/yahboom_bringup:/home/yahboom/cartoros2/install/yahboom_base:/home/yahboom/cartoros2/install/yahboom_app_save_map:/home/yahboom/cartoros2/install/update_map:/home/yahboom/cartoros2/install/rosboard:/home/yahboom/cartoros2/install/path_planner_server:/home/yahboom/cartoros2/install/nav2_simple_commander:/home/yahboom/cartoros2/install/nav2_gazebo_spawner:/home/yahboom/cartoros2/install/localization_server:/home/yahboom/cartoros2/install/laserscan_to_point_pulisher:/home/yahboom/yahboomcar_ws/install/yahboom_dog_example:/opt/ros/humble /usr/bin/cmake --build /home/yahboom/intro_ws/build/examples_rclcpp_minimal_composition -- -j4 -l4
[3.102s] DEBUG:colcon.colcon_core.event_handler.log_command:Invoked command in '/home/yahboom/intro_ws/build/examples_rclcpp_minimal_client' returned '0': CMAKE_PREFIX_PATH=${CMAKE_PREFIX_PATH}:/home/yahboom/intro_ws/install/turtle_test:/home/yahboom/intro_ws/install/time_tf2_py:/home/yahboom/intro_ws/install/test_tf2_py:/home/yahboom/intro_ws/install/python_parameters:/home/yahboom/intro_ws/install/launch_testing_examples:/home/yahboom/intro_ws/install/examples_rclpy_pointcloud_publisher:/home/yahboom/intro_ws/install/examples_rclpy_minimal_subscriber:/home/yahboom/intro_ws/install/examples_rclpy_minimal_service:/home/yahboom/intro_ws/install/examples_rclpy_minimal_publisher:/home/yahboom/intro_ws/install/examples_rclpy_minimal_client:/home/yahboom/intro_ws/install/examples_rclpy_minimal_action_server:/home/yahboom/intro_ws/install/examples_rclpy_minimal_action_client:/home/yahboom/intro_ws/install/examples_rclpy_guard_conditions:/home/yahboom/intro_ws/install/examples_rclpy_executors:/home/yahboom/cartoros2/install/yahboomcar_nav:/home/yahboom/cartoros2/install/yahboomcar_ctrl:/home/yahboom/cartoros2/install/yahboom_visual:/home/yahboom/cartoros2/install/yahboom_dog_joint_state:/home/yahboom/cartoros2/install/yahboom_description:/home/yahboom/cartoros2/install/yahboom_color_identify_server:/home/yahboom/cartoros2/install/yahboom_bringup:/home/yahboom/cartoros2/install/yahboom_base:/home/yahboom/cartoros2/install/yahboom_app_save_map:/home/yahboom/cartoros2/install/update_map:/home/yahboom/cartoros2/install/rosboard:/home/yahboom/cartoros2/install/path_planner_server:/home/yahboom/cartoros2/install/nav2_simple_commander:/home/yahboom/cartoros2/install/nav2_gazebo_spawner:/home/yahboom/cartoros2/install/localization_server:/home/yahboom/cartoros2/install/laserscan_to_point_pulisher:/home/yahboom/yahboomcar_ws/install/yahboom_dog_example:/opt/ros/humble /usr/bin/cmake --build /home/yahboom/intro_ws/build/examples_rclcpp_minimal_client -- -j4 -l4
[3.123s] DEBUG:colcon.colcon_core.event_handler.log_command:Invoked command in '/home/yahboom/intro_ws/build/examples_rclcpp_minimal_action_server' returned '0': CMAKE_PREFIX_PATH=${CMAKE_PREFIX_PATH}:/home/yahboom/intro_ws/install/turtle_test:/home/yahboom/intro_ws/install/time_tf2_py:/home/yahboom/intro_ws/install/test_tf2_py:/home/yahboom/intro_ws/install/python_parameters:/home/yahboom/intro_ws/install/launch_testing_examples:/home/yahboom/intro_ws/install/examples_rclpy_pointcloud_publisher:/home/yahboom/intro_ws/install/examples_rclpy_minimal_subscriber:/home/yahboom/intro_ws/install/examples_rclpy_minimal_service:/home/yahboom/intro_ws/install/examples_rclpy_minimal_publisher:/home/yahboom/intro_ws/install/examples_rclpy_minimal_client:/home/yahboom/intro_ws/install/examples_rclpy_minimal_action_server:/home/yahboom/intro_ws/install/examples_rclpy_minimal_action_client:/home/yahboom/intro_ws/install/examples_rclpy_guard_conditions:/home/yahboom/intro_ws/install/examples_rclpy_executors:/home/yahboom/cartoros2/install/yahboomcar_nav:/home/yahboom/cartoros2/install/yahboomcar_ctrl:/home/yahboom/cartoros2/install/yahboom_visual:/home/yahboom/cartoros2/install/yahboom_dog_joint_state:/home/yahboom/cartoros2/install/yahboom_description:/home/yahboom/cartoros2/install/yahboom_color_identify_server:/home/yahboom/cartoros2/install/yahboom_bringup:/home/yahboom/cartoros2/install/yahboom_base:/home/yahboom/cartoros2/install/yahboom_app_save_map:/home/yahboom/cartoros2/install/update_map:/home/yahboom/cartoros2/install/rosboard:/home/yahboom/cartoros2/install/path_planner_server:/home/yahboom/cartoros2/install/nav2_simple_commander:/home/yahboom/cartoros2/install/nav2_gazebo_spawner:/home/yahboom/cartoros2/install/localization_server:/home/yahboom/cartoros2/install/laserscan_to_point_pulisher:/home/yahboom/yahboomcar_ws/install/yahboom_dog_example:/opt/ros/humble /usr/bin/cmake --build /home/yahboom/intro_ws/build/examples_rclcpp_minimal_action_server -- -j4 -l4
[3.202s] DEBUG:colcon.colcon_core.event_handler.log_command:Invoking command in '/home/yahboom/intro_ws/build/examples_rclcpp_minimal_client': CMAKE_PREFIX_PATH=${CMAKE_PREFIX_PATH}:/home/yahboom/intro_ws/install/turtle_test:/home/yahboom/intro_ws/install/time_tf2_py:/home/yahboom/intro_ws/install/test_tf2_py:/home/yahboom/intro_ws/install/python_parameters:/home/yahboom/intro_ws/install/launch_testing_examples:/home/yahboom/intro_ws/install/examples_rclpy_pointcloud_publisher:/home/yahboom/intro_ws/install/examples_rclpy_minimal_subscriber:/home/yahboom/intro_ws/install/examples_rclpy_minimal_service:/home/yahboom/intro_ws/install/examples_rclpy_minimal_publisher:/home/yahboom/intro_ws/install/examples_rclpy_minimal_client:/home/yahboom/intro_ws/install/examples_rclpy_minimal_action_server:/home/yahboom/intro_ws/install/examples_rclpy_minimal_action_client:/home/yahboom/intro_ws/install/examples_rclpy_guard_conditions:/home/yahboom/intro_ws/install/examples_rclpy_executors:/home/yahboom/cartoros2/install/yahboomcar_nav:/home/yahboom/cartoros2/install/yahboomcar_ctrl:/home/yahboom/cartoros2/install/yahboom_visual:/home/yahboom/cartoros2/install/yahboom_dog_joint_state:/home/yahboom/cartoros2/install/yahboom_description:/home/yahboom/cartoros2/install/yahboom_color_identify_server:/home/yahboom/cartoros2/install/yahboom_bringup:/home/yahboom/cartoros2/install/yahboom_base:/home/yahboom/cartoros2/install/yahboom_app_save_map:/home/yahboom/cartoros2/install/update_map:/home/yahboom/cartoros2/install/rosboard:/home/yahboom/cartoros2/install/path_planner_server:/home/yahboom/cartoros2/install/nav2_simple_commander:/home/yahboom/cartoros2/install/nav2_gazebo_spawner:/home/yahboom/cartoros2/install/localization_server:/home/yahboom/cartoros2/install/laserscan_to_point_pulisher:/home/yahboom/yahboomcar_ws/install/yahboom_dog_example:/opt/ros/humble /usr/bin/cmake --install /home/yahboom/intro_ws/build/examples_rclcpp_minimal_client
[3.244s] DEBUG:colcon.colcon_core.event_handler.log_command:Invoking command in '/home/yahboom/intro_ws/build/examples_rclcpp_minimal_action_server': CMAKE_PREFIX_PATH=${CMAKE_PREFIX_PATH}:/home/yahboom/intro_ws/install/turtle_test:/home/yahboom/intro_ws/install/time_tf2_py:/home/yahboom/intro_ws/install/test_tf2_py:/home/yahboom/intro_ws/install/python_parameters:/home/yahboom/intro_ws/install/launch_testing_examples:/home/yahboom/intro_ws/install/examples_rclpy_pointcloud_publisher:/home/yahboom/intro_ws/install/examples_rclpy_minimal_subscriber:/home/yahboom/intro_ws/install/examples_rclpy_minimal_service:/home/yahboom/intro_ws/install/examples_rclpy_minimal_publisher:/home/yahboom/intro_ws/install/examples_rclpy_minimal_client:/home/yahboom/intro_ws/install/examples_rclpy_minimal_action_server:/home/yahboom/intro_ws/install/examples_rclpy_minimal_action_client:/home/yahboom/intro_ws/install/examples_rclpy_guard_conditions:/home/yahboom/intro_ws/install/examples_rclpy_executors:/home/yahboom/cartoros2/install/yahboomcar_nav:/home/yahboom/cartoros2/install/yahboomcar_ctrl:/home/yahboom/cartoros2/install/yahboom_visual:/home/yahboom/cartoros2/install/yahboom_dog_joint_state:/home/yahboom/cartoros2/install/yahboom_description:/home/yahboom/cartoros2/install/yahboom_color_identify_server:/home/yahboom/cartoros2/install/yahboom_bringup:/home/yahboom/cartoros2/install/yahboom_base:/home/yahboom/cartoros2/install/yahboom_app_save_map:/home/yahboom/cartoros2/install/update_map:/home/yahboom/cartoros2/install/rosboard:/home/yahboom/cartoros2/install/path_planner_server:/home/yahboom/cartoros2/install/nav2_simple_commander:/home/yahboom/cartoros2/install/nav2_gazebo_spawner:/home/yahboom/cartoros2/install/localization_server:/home/yahboom/cartoros2/install/laserscan_to_point_pulisher:/home/yahboom/yahboomcar_ws/install/yahboom_dog_example:/opt/ros/humble /usr/bin/cmake --install /home/yahboom/intro_ws/build/examples_rclcpp_minimal_action_server
[3.248s] DEBUG:colcon.colcon_core.event_handler.log_command:Invoked command in '/home/yahboom/intro_ws/build/examples_rclcpp_minimal_composition' returned '0': CMAKE_PREFIX_PATH=${CMAKE_PREFIX_PATH}:/home/yahboom/intro_ws/install/turtle_test:/home/yahboom/intro_ws/install/time_tf2_py:/home/yahboom/intro_ws/install/test_tf2_py:/home/yahboom/intro_ws/install/python_parameters:/home/yahboom/intro_ws/install/launch_testing_examples:/home/yahboom/intro_ws/install/examples_rclpy_pointcloud_publisher:/home/yahboom/intro_ws/install/examples_rclpy_minimal_subscriber:/home/yahboom/intro_ws/install/examples_rclpy_minimal_service:/home/yahboom/intro_ws/install/examples_rclpy_minimal_publisher:/home/yahboom/intro_ws/install/examples_rclpy_minimal_client:/home/yahboom/intro_ws/install/examples_rclpy_minimal_action_server:/home/yahboom/intro_ws/install/examples_rclpy_minimal_action_client:/home/yahboom/intro_ws/install/examples_rclpy_guard_conditions:/home/yahboom/intro_ws/install/examples_rclpy_executors:/home/yahboom/cartoros2/install/yahboomcar_nav:/home/yahboom/cartoros2/install/yahboomcar_ctrl:/home/yahboom/cartoros2/install/yahboom_visual:/home/yahboom/cartoros2/install/yahboom_dog_joint_state:/home/yahboom/cartoros2/install/yahboom_description:/home/yahboom/cartoros2/install/yahboom_color_identify_server:/home/yahboom/cartoros2/install/yahboom_bringup:/home/yahboom/cartoros2/install/yahboom_base:/home/yahboom/cartoros2/install/yahboom_app_save_map:/home/yahboom/cartoros2/install/update_map:/home/yahboom/cartoros2/install/rosboard:/home/yahboom/cartoros2/install/path_planner_server:/home/yahboom/cartoros2/install/nav2_simple_commander:/home/yahboom/cartoros2/install/nav2_gazebo_spawner:/home/yahboom/cartoros2/install/localization_server:/home/yahboom/cartoros2/install/laserscan_to_point_pulisher:/home/yahboom/yahboomcar_ws/install/yahboom_dog_example:/opt/ros/humble /usr/bin/cmake --build /home/yahboom/intro_ws/build/examples_rclcpp_minimal_composition -- -j4 -l4
[3.249s] Level 1:colcon.colcon_core.environment:create_environment_scripts_only(examples_rclcpp_minimal_client)
[3.249s] Level 1:colcon.colcon_core.environment:checking '/home/yahboom/intro_ws/install/examples_rclcpp_minimal_client' for CMake module files
[3.249s] Level 1:colcon.colcon_core.environment:checking '/home/yahboom/intro_ws/install/examples_rclcpp_minimal_client' for CMake config files
[3.249s] Level 1:colcon.colcon_core.shell:create_environment_hook('examples_rclcpp_minimal_client', 'cmake_prefix_path')
[3.250s] INFO:colcon.colcon_core.shell:Creating environment hook '/home/yahboom/intro_ws/install/examples_rclcpp_minimal_client/share/examples_rclcpp_minimal_client/hook/cmake_prefix_path.ps1'
[3.250s] DEBUG:colcon.colcon_core.event_handler.log_command:Invoked command in '/home/yahboom/intro_ws/build/examples_rclcpp_minimal_client' returned '0': CMAKE_PREFIX_PATH=${CMAKE_PREFIX_PATH}:/home/yahboom/intro_ws/install/turtle_test:/home/yahboom/intro_ws/install/time_tf2_py:/home/yahboom/intro_ws/install/test_tf2_py:/home/yahboom/intro_ws/install/python_parameters:/home/yahboom/intro_ws/install/launch_testing_examples:/home/yahboom/intro_ws/install/examples_rclpy_pointcloud_publisher:/home/yahboom/intro_ws/install/examples_rclpy_minimal_subscriber:/home/yahboom/intro_ws/install/examples_rclpy_minimal_service:/home/yahboom/intro_ws/install/examples_rclpy_minimal_publisher:/home/yahboom/intro_ws/install/examples_rclpy_minimal_client:/home/yahboom/intro_ws/install/examples_rclpy_minimal_action_server:/home/yahboom/intro_ws/install/examples_rclpy_minimal_action_client:/home/yahboom/intro_ws/install/examples_rclpy_guard_conditions:/home/yahboom/intro_ws/install/examples_rclpy_executors:/home/yahboom/cartoros2/install/yahboomcar_nav:/home/yahboom/cartoros2/install/yahboomcar_ctrl:/home/yahboom/cartoros2/install/yahboom_visual:/home/yahboom/cartoros2/install/yahboom_dog_joint_state:/home/yahboom/cartoros2/install/yahboom_description:/home/yahboom/cartoros2/install/yahboom_color_identify_server:/home/yahboom/cartoros2/install/yahboom_bringup:/home/yahboom/cartoros2/install/yahboom_base:/home/yahboom/cartoros2/install/yahboom_app_save_map:/home/yahboom/cartoros2/install/update_map:/home/yahboom/cartoros2/install/rosboard:/home/yahboom/cartoros2/install/path_planner_server:/home/yahboom/cartoros2/install/nav2_simple_commander:/home/yahboom/cartoros2/install/nav2_gazebo_spawner:/home/yahboom/cartoros2/install/localization_server:/home/yahboom/cartoros2/install/laserscan_to_point_pulisher:/home/yahboom/yahboomcar_ws/install/yahboom_dog_example:/opt/ros/humble /usr/bin/cmake --install /home/yahboom/intro_ws/build/examples_rclcpp_minimal_client
[3.251s] INFO:colcon.colcon_core.shell:Creating environment descriptor '/home/yahboom/intro_ws/install/examples_rclcpp_minimal_client/share/examples_rclcpp_minimal_client/hook/cmake_prefix_path.dsv'
[3.252s] INFO:colcon.colcon_core.shell:Creating environment hook '/home/yahboom/intro_ws/install/examples_rclcpp_minimal_client/share/examples_rclcpp_minimal_client/hook/cmake_prefix_path.sh'
[3.253s] Level 1:colcon.colcon_core.environment:checking '/home/yahboom/intro_ws/install/examples_rclcpp_minimal_client/lib'
[3.253s] Level 1:colcon.colcon_core.environment:checking '/home/yahboom/intro_ws/install/examples_rclcpp_minimal_client/bin'
[3.253s] Level 1:colcon.colcon_core.environment:checking '/home/yahboom/intro_ws/install/examples_rclcpp_minimal_client/lib/pkgconfig/examples_rclcpp_minimal_client.pc'
[3.253s] Level 1:colcon.colcon_core.environment:checking '/home/yahboom/intro_ws/install/examples_rclcpp_minimal_client/lib/python3.10/site-packages'
[3.253s] Level 1:colcon.colcon_core.environment:checking '/home/yahboom/intro_ws/install/examples_rclcpp_minimal_client/bin'
[3.254s] INFO:colcon.colcon_core.shell:Creating package script '/home/yahboom/intro_ws/install/examples_rclcpp_minimal_client/share/examples_rclcpp_minimal_client/package.ps1'
[3.254s] INFO:colcon.colcon_core.shell:Creating package descriptor '/home/yahboom/intro_ws/install/examples_rclcpp_minimal_client/share/examples_rclcpp_minimal_client/package.dsv'
[3.255s] INFO:colcon.colcon_core.shell:Creating package script '/home/yahboom/intro_ws/install/examples_rclcpp_minimal_client/share/examples_rclcpp_minimal_client/package.sh'
[3.256s] INFO:colcon.colcon_core.shell:Creating package script '/home/yahboom/intro_ws/install/examples_rclcpp_minimal_client/share/examples_rclcpp_minimal_client/package.bash'
[3.257s] INFO:colcon.colcon_core.shell:Creating package script '/home/yahboom/intro_ws/install/examples_rclcpp_minimal_client/share/examples_rclcpp_minimal_client/package.zsh'
[3.257s] Level 1:colcon.colcon_core.environment:create_file_with_runtime_dependencies(/home/yahboom/intro_ws/install/examples_rclcpp_minimal_client/share/colcon-core/packages/examples_rclcpp_minimal_client)
[3.283s] Level 1:colcon.colcon_core.environment:create_environment_scripts_only(examples_rclcpp_minimal_action_server)
[3.284s] Level 1:colcon.colcon_core.environment:checking '/home/yahboom/intro_ws/install/examples_rclcpp_minimal_action_server' for CMake module files
[3.284s] DEBUG:colcon.colcon_core.event_handler.log_command:Invoked command in '/home/yahboom/intro_ws/build/examples_rclcpp_minimal_action_server' returned '0': CMAKE_PREFIX_PATH=${CMAKE_PREFIX_PATH}:/home/yahboom/intro_ws/install/turtle_test:/home/yahboom/intro_ws/install/time_tf2_py:/home/yahboom/intro_ws/install/test_tf2_py:/home/yahboom/intro_ws/install/python_parameters:/home/yahboom/intro_ws/install/launch_testing_examples:/home/yahboom/intro_ws/install/examples_rclpy_pointcloud_publisher:/home/yahboom/intro_ws/install/examples_rclpy_minimal_subscriber:/home/yahboom/intro_ws/install/examples_rclpy_minimal_service:/home/yahboom/intro_ws/install/examples_rclpy_minimal_publisher:/home/yahboom/intro_ws/install/examples_rclpy_minimal_client:/home/yahboom/intro_ws/install/examples_rclpy_minimal_action_server:/home/yahboom/intro_ws/install/examples_rclpy_minimal_action_client:/home/yahboom/intro_ws/install/examples_rclpy_guard_conditions:/home/yahboom/intro_ws/install/examples_rclpy_executors:/home/yahboom/cartoros2/install/yahboomcar_nav:/home/yahboom/cartoros2/install/yahboomcar_ctrl:/home/yahboom/cartoros2/install/yahboom_visual:/home/yahboom/cartoros2/install/yahboom_dog_joint_state:/home/yahboom/cartoros2/install/yahboom_description:/home/yahboom/cartoros2/install/yahboom_color_identify_server:/home/yahboom/cartoros2/install/yahboom_bringup:/home/yahboom/cartoros2/install/yahboom_base:/home/yahboom/cartoros2/install/yahboom_app_save_map:/home/yahboom/cartoros2/install/update_map:/home/yahboom/cartoros2/install/rosboard:/home/yahboom/cartoros2/install/path_planner_server:/home/yahboom/cartoros2/install/nav2_simple_commander:/home/yahboom/cartoros2/install/nav2_gazebo_spawner:/home/yahboom/cartoros2/install/localization_server:/home/yahboom/cartoros2/install/laserscan_to_point_pulisher:/home/yahboom/yahboomcar_ws/install/yahboom_dog_example:/opt/ros/humble /usr/bin/cmake --install /home/yahboom/intro_ws/build/examples_rclcpp_minimal_action_server
[3.285s] Level 1:colcon.colcon_core.environment:checking '/home/yahboom/intro_ws/install/examples_rclcpp_minimal_action_server' for CMake config files
[3.285s] Level 1:colcon.colcon_core.shell:create_environment_hook('examples_rclcpp_minimal_action_server', 'cmake_prefix_path')
[3.285s] INFO:colcon.colcon_core.shell:Creating environment hook '/home/yahboom/intro_ws/install/examples_rclcpp_minimal_action_server/share/examples_rclcpp_minimal_action_server/hook/cmake_prefix_path.ps1'
[3.286s] INFO:colcon.colcon_core.shell:Creating environment descriptor '/home/yahboom/intro_ws/install/examples_rclcpp_minimal_action_server/share/examples_rclcpp_minimal_action_server/hook/cmake_prefix_path.dsv'
[3.287s] INFO:colcon.colcon_core.shell:Creating environment hook '/home/yahboom/intro_ws/install/examples_rclcpp_minimal_action_server/share/examples_rclcpp_minimal_action_server/hook/cmake_prefix_path.sh'
[3.287s] Level 1:colcon.colcon_core.environment:checking '/home/yahboom/intro_ws/install/examples_rclcpp_minimal_action_server/lib'
[3.287s] Level 1:colcon.colcon_core.environment:checking '/home/yahboom/intro_ws/install/examples_rclcpp_minimal_action_server/bin'
[3.287s] Level 1:colcon.colcon_core.environment:checking '/home/yahboom/intro_ws/install/examples_rclcpp_minimal_action_server/lib/pkgconfig/examples_rclcpp_minimal_action_server.pc'
[3.288s] Level 1:colcon.colcon_core.environment:checking '/home/yahboom/intro_ws/install/examples_rclcpp_minimal_action_server/lib/python3.10/site-packages'
[3.288s] Level 1:colcon.colcon_core.environment:checking '/home/yahboom/intro_ws/install/examples_rclcpp_minimal_action_server/bin'
[3.288s] INFO:colcon.colcon_core.shell:Creating package script '/home/yahboom/intro_ws/install/examples_rclcpp_minimal_action_server/share/examples_rclcpp_minimal_action_server/package.ps1'
[3.289s] INFO:colcon.colcon_core.shell:Creating package descriptor '/home/yahboom/intro_ws/install/examples_rclcpp_minimal_action_server/share/examples_rclcpp_minimal_action_server/package.dsv'
[3.290s] INFO:colcon.colcon_core.shell:Creating package script '/home/yahboom/intro_ws/install/examples_rclcpp_minimal_action_server/share/examples_rclcpp_minimal_action_server/package.sh'
[3.290s] INFO:colcon.colcon_core.shell:Creating package script '/home/yahboom/intro_ws/install/examples_rclcpp_minimal_action_server/share/examples_rclcpp_minimal_action_server/package.bash'
[3.291s] INFO:colcon.colcon_core.shell:Creating package script '/home/yahboom/intro_ws/install/examples_rclcpp_minimal_action_server/share/examples_rclcpp_minimal_action_server/package.zsh'
[3.291s] Level 1:colcon.colcon_core.environment:create_file_with_runtime_dependencies(/home/yahboom/intro_ws/install/examples_rclcpp_minimal_action_server/share/colcon-core/packages/examples_rclcpp_minimal_action_server)
[3.343s] Level 1:colcon.colcon_core.environment:create_environment_scripts_only(examples_rclcpp_minimal_client)
[3.343s] Level 1:colcon.colcon_core.environment:checking '/home/yahboom/intro_ws/install/examples_rclcpp_minimal_client' for CMake module files
[3.344s] Level 1:colcon.colcon_core.environment:checking '/home/yahboom/intro_ws/install/examples_rclcpp_minimal_client' for CMake config files
[3.344s] Level 1:colcon.colcon_core.shell:create_environment_hook('examples_rclcpp_minimal_client', 'cmake_prefix_path')
[3.344s] INFO:colcon.colcon_core.shell:Creating environment hook '/home/yahboom/intro_ws/install/examples_rclcpp_minimal_client/share/examples_rclcpp_minimal_client/hook/cmake_prefix_path.ps1'
[3.345s] INFO:colcon.colcon_core.shell:Creating environment descriptor '/home/yahboom/intro_ws/install/examples_rclcpp_minimal_client/share/examples_rclcpp_minimal_client/hook/cmake_prefix_path.dsv'
[3.346s] INFO:colcon.colcon_core.shell:Creating environment hook '/home/yahboom/intro_ws/install/examples_rclcpp_minimal_client/share/examples_rclcpp_minimal_client/hook/cmake_prefix_path.sh'
[3.347s] Level 1:colcon.colcon_core.environment:checking '/home/yahboom/intro_ws/install/examples_rclcpp_minimal_client/lib'
[3.347s] Level 1:colcon.colcon_core.environment:checking '/home/yahboom/intro_ws/install/examples_rclcpp_minimal_client/bin'
[3.347s] Level 1:colcon.colcon_core.environment:checking '/home/yahboom/intro_ws/install/examples_rclcpp_minimal_client/lib/pkgconfig/examples_rclcpp_minimal_client.pc'
[3.347s] Level 1:colcon.colcon_core.environment:checking '/home/yahboom/intro_ws/install/examples_rclcpp_minimal_client/lib/python3.10/site-packages'
[3.347s] Level 1:colcon.colcon_core.environment:checking '/home/yahboom/intro_ws/install/examples_rclcpp_minimal_client/bin'
[3.347s] INFO:colcon.colcon_core.shell:Creating package script '/home/yahboom/intro_ws/install/examples_rclcpp_minimal_client/share/examples_rclcpp_minimal_client/package.ps1'
[3.348s] INFO:colcon.colcon_core.shell:Creating package descriptor '/home/yahboom/intro_ws/install/examples_rclcpp_minimal_client/share/examples_rclcpp_minimal_client/package.dsv'
[3.349s] INFO:colcon.colcon_core.shell:Creating package script '/home/yahboom/intro_ws/install/examples_rclcpp_minimal_client/share/examples_rclcpp_minimal_client/package.sh'
[3.350s] INFO:colcon.colcon_core.shell:Creating package script '/home/yahboom/intro_ws/install/examples_rclcpp_minimal_client/share/examples_rclcpp_minimal_client/package.bash'
[3.351s] INFO:colcon.colcon_core.shell:Creating package script '/home/yahboom/intro_ws/install/examples_rclcpp_minimal_client/share/examples_rclcpp_minimal_client/package.zsh'
[3.352s] Level 1:colcon.colcon_core.environment:create_file_with_runtime_dependencies(/home/yahboom/intro_ws/install/examples_rclcpp_minimal_client/share/colcon-core/packages/examples_rclcpp_minimal_client)
[3.352s] INFO:colcon.colcon_ros.task.ament_cmake.build:Building ROS package in '/home/yahboom/intro_ws/src/examples/rclcpp/topics/minimal_publisher' with build type 'ament_cmake'
[3.353s] INFO:colcon.colcon_cmake.task.cmake.build:Building CMake package in '/home/yahboom/intro_ws/src/examples/rclcpp/topics/minimal_publisher'
[3.353s] INFO:colcon.colcon_core.shell:Skip shell extension 'powershell' for command environment: Not usable outside of PowerShell
[3.353s] DEBUG:colcon.colcon_core.shell:Skip shell extension 'dsv' for command environment
[3.365s] DEBUG:colcon.colcon_core.event_handler.log_command:Invoking command in '/home/yahboom/intro_ws/build/turtle_interfaces': CMAKE_PREFIX_PATH=${CMAKE_PREFIX_PATH}:/home/yahboom/intro_ws/install/turtle_test:/home/yahboom/intro_ws/install/time_tf2_py:/home/yahboom/intro_ws/install/test_tf2_py:/home/yahboom/intro_ws/install/python_parameters:/home/yahboom/intro_ws/install/launch_testing_examples:/home/yahboom/intro_ws/install/examples_rclpy_pointcloud_publisher:/home/yahboom/intro_ws/install/examples_rclpy_minimal_subscriber:/home/yahboom/intro_ws/install/examples_rclpy_minimal_service:/home/yahboom/intro_ws/install/examples_rclpy_minimal_publisher:/home/yahboom/intro_ws/install/examples_rclpy_minimal_client:/home/yahboom/intro_ws/install/examples_rclpy_minimal_action_server:/home/yahboom/intro_ws/install/examples_rclpy_minimal_action_client:/home/yahboom/intro_ws/install/examples_rclpy_guard_conditions:/home/yahboom/intro_ws/install/examples_rclpy_executors:/home/yahboom/cartoros2/install/yahboomcar_nav:/home/yahboom/cartoros2/install/yahboomcar_ctrl:/home/yahboom/cartoros2/install/yahboom_visual:/home/yahboom/cartoros2/install/yahboom_dog_joint_state:/home/yahboom/cartoros2/install/yahboom_description:/home/yahboom/cartoros2/install/yahboom_color_identify_server:/home/yahboom/cartoros2/install/yahboom_bringup:/home/yahboom/cartoros2/install/yahboom_base:/home/yahboom/cartoros2/install/yahboom_app_save_map:/home/yahboom/cartoros2/install/update_map:/home/yahboom/cartoros2/install/rosboard:/home/yahboom/cartoros2/install/path_planner_server:/home/yahboom/cartoros2/install/nav2_simple_commander:/home/yahboom/cartoros2/install/nav2_gazebo_spawner:/home/yahboom/cartoros2/install/localization_server:/home/yahboom/cartoros2/install/laserscan_to_point_pulisher:/home/yahboom/yahboomcar_ws/install/yahboom_dog_example:/opt/ros/humble /usr/bin/cmake --install /home/yahboom/intro_ws/build/turtle_interfaces
[3.374s] DEBUG:colcon.colcon_core.event_handler.log_command:Invoking command in '/home/yahboom/intro_ws/build/examples_rclcpp_minimal_publisher': CMAKE_PREFIX_PATH=${CMAKE_PREFIX_PATH}:/home/yahboom/intro_ws/install/turtle_test:/home/yahboom/intro_ws/install/time_tf2_py:/home/yahboom/intro_ws/install/test_tf2_py:/home/yahboom/intro_ws/install/python_parameters:/home/yahboom/intro_ws/install/launch_testing_examples:/home/yahboom/intro_ws/install/examples_rclpy_pointcloud_publisher:/home/yahboom/intro_ws/install/examples_rclpy_minimal_subscriber:/home/yahboom/intro_ws/install/examples_rclpy_minimal_service:/home/yahboom/intro_ws/install/examples_rclpy_minimal_publisher:/home/yahboom/intro_ws/install/examples_rclpy_minimal_client:/home/yahboom/intro_ws/install/examples_rclpy_minimal_action_server:/home/yahboom/intro_ws/install/examples_rclpy_minimal_action_client:/home/yahboom/intro_ws/install/examples_rclpy_guard_conditions:/home/yahboom/intro_ws/install/examples_rclpy_executors:/home/yahboom/cartoros2/install/yahboomcar_nav:/home/yahboom/cartoros2/install/yahboomcar_ctrl:/home/yahboom/cartoros2/install/yahboom_visual:/home/yahboom/cartoros2/install/yahboom_dog_joint_state:/home/yahboom/cartoros2/install/yahboom_description:/home/yahboom/cartoros2/install/yahboom_color_identify_server:/home/yahboom/cartoros2/install/yahboom_bringup:/home/yahboom/cartoros2/install/yahboom_base:/home/yahboom/cartoros2/install/yahboom_app_save_map:/home/yahboom/cartoros2/install/update_map:/home/yahboom/cartoros2/install/rosboard:/home/yahboom/cartoros2/install/path_planner_server:/home/yahboom/cartoros2/install/nav2_simple_commander:/home/yahboom/cartoros2/install/nav2_gazebo_spawner:/home/yahboom/cartoros2/install/localization_server:/home/yahboom/cartoros2/install/laserscan_to_point_pulisher:/home/yahboom/yahboomcar_ws/install/yahboom_dog_example:/opt/ros/humble /usr/bin/cmake /home/yahboom/intro_ws/src/examples/rclcpp/topics/minimal_publisher -DAMENT_CMAKE_SYMLINK_INSTALL=1 -DCMAKE_INSTALL_PREFIX=/home/yahboom/intro_ws/install/examples_rclcpp_minimal_publisher
[3.386s] DEBUG:colcon.colcon_core.event_handler.log_command:Invoking command in '/home/yahboom/intro_ws/build/examples_rclcpp_minimal_composition': CMAKE_PREFIX_PATH=${CMAKE_PREFIX_PATH}:/home/yahboom/intro_ws/install/turtle_test:/home/yahboom/intro_ws/install/time_tf2_py:/home/yahboom/intro_ws/install/test_tf2_py:/home/yahboom/intro_ws/install/python_parameters:/home/yahboom/intro_ws/install/launch_testing_examples:/home/yahboom/intro_ws/install/examples_rclpy_pointcloud_publisher:/home/yahboom/intro_ws/install/examples_rclpy_minimal_subscriber:/home/yahboom/intro_ws/install/examples_rclpy_minimal_service:/home/yahboom/intro_ws/install/examples_rclpy_minimal_publisher:/home/yahboom/intro_ws/install/examples_rclpy_minimal_client:/home/yahboom/intro_ws/install/examples_rclpy_minimal_action_server:/home/yahboom/intro_ws/install/examples_rclpy_minimal_action_client:/home/yahboom/intro_ws/install/examples_rclpy_guard_conditions:/home/yahboom/intro_ws/install/examples_rclpy_executors:/home/yahboom/cartoros2/install/yahboomcar_nav:/home/yahboom/cartoros2/install/yahboomcar_ctrl:/home/yahboom/cartoros2/install/yahboom_visual:/home/yahboom/cartoros2/install/yahboom_dog_joint_state:/home/yahboom/cartoros2/install/yahboom_description:/home/yahboom/cartoros2/install/yahboom_color_identify_server:/home/yahboom/cartoros2/install/yahboom_bringup:/home/yahboom/cartoros2/install/yahboom_base:/home/yahboom/cartoros2/install/yahboom_app_save_map:/home/yahboom/cartoros2/install/update_map:/home/yahboom/cartoros2/install/rosboard:/home/yahboom/cartoros2/install/path_planner_server:/home/yahboom/cartoros2/install/nav2_simple_commander:/home/yahboom/cartoros2/install/nav2_gazebo_spawner:/home/yahboom/cartoros2/install/localization_server:/home/yahboom/cartoros2/install/laserscan_to_point_pulisher:/home/yahboom/yahboomcar_ws/install/yahboom_dog_example:/opt/ros/humble /usr/bin/cmake --install /home/yahboom/intro_ws/build/examples_rclcpp_minimal_composition
[3.389s] Level 1:colcon.colcon_core.environment:create_environment_scripts_only(examples_rclcpp_minimal_action_server)
[3.390s] Level 1:colcon.colcon_core.environment:checking '/home/yahboom/intro_ws/install/examples_rclcpp_minimal_action_server' for CMake module files
[3.391s] Level 1:colcon.colcon_core.environment:checking '/home/yahboom/intro_ws/install/examples_rclcpp_minimal_action_server' for CMake config files
[3.391s] Level 1:colcon.colcon_core.shell:create_environment_hook('examples_rclcpp_minimal_action_server', 'cmake_prefix_path')
[3.392s] INFO:colcon.colcon_core.shell:Creating environment hook '/home/yahboom/intro_ws/install/examples_rclcpp_minimal_action_server/share/examples_rclcpp_minimal_action_server/hook/cmake_prefix_path.ps1'
[3.394s] INFO:colcon.colcon_core.shell:Creating environment descriptor '/home/yahboom/intro_ws/install/examples_rclcpp_minimal_action_server/share/examples_rclcpp_minimal_action_server/hook/cmake_prefix_path.dsv'
[3.398s] INFO:colcon.colcon_core.shell:Creating environment hook '/home/yahboom/intro_ws/install/examples_rclcpp_minimal_action_server/share/examples_rclcpp_minimal_action_server/hook/cmake_prefix_path.sh'
[3.401s] Level 1:colcon.colcon_core.environment:checking '/home/yahboom/intro_ws/install/examples_rclcpp_minimal_action_server/lib'
[3.403s] Level 1:colcon.colcon_core.environment:checking '/home/yahboom/intro_ws/install/examples_rclcpp_minimal_action_server/bin'
[3.403s] Level 1:colcon.colcon_core.environment:checking '/home/yahboom/intro_ws/install/examples_rclcpp_minimal_action_server/lib/pkgconfig/examples_rclcpp_minimal_action_server.pc'
[3.404s] Level 1:colcon.colcon_core.environment:checking '/home/yahboom/intro_ws/install/examples_rclcpp_minimal_action_server/lib/python3.10/site-packages'
[3.404s] Level 1:colcon.colcon_core.environment:checking '/home/yahboom/intro_ws/install/examples_rclcpp_minimal_action_server/bin'
[3.404s] INFO:colcon.colcon_core.shell:Creating package script '/home/yahboom/intro_ws/install/examples_rclcpp_minimal_action_server/share/examples_rclcpp_minimal_action_server/package.ps1'
[3.405s] INFO:colcon.colcon_core.shell:Creating package descriptor '/home/yahboom/intro_ws/install/examples_rclcpp_minimal_action_server/share/examples_rclcpp_minimal_action_server/package.dsv'
[3.407s] INFO:colcon.colcon_core.shell:Creating package script '/home/yahboom/intro_ws/install/examples_rclcpp_minimal_action_server/share/examples_rclcpp_minimal_action_server/package.sh'
[3.408s] INFO:colcon.colcon_core.shell:Creating package script '/home/yahboom/intro_ws/install/examples_rclcpp_minimal_action_server/share/examples_rclcpp_minimal_action_server/package.bash'
[3.411s] INFO:colcon.colcon_core.shell:Creating package script '/home/yahboom/intro_ws/install/examples_rclcpp_minimal_action_server/share/examples_rclcpp_minimal_action_server/package.zsh'
[3.413s] Level 1:colcon.colcon_core.environment:create_file_with_runtime_dependencies(/home/yahboom/intro_ws/install/examples_rclcpp_minimal_action_server/share/colcon-core/packages/examples_rclcpp_minimal_action_server)
[3.414s] INFO:colcon.colcon_ros.task.ament_cmake.build:Building ROS package in '/home/yahboom/intro_ws/src/examples/rclcpp/services/minimal_service' with build type 'ament_cmake'
[3.414s] INFO:colcon.colcon_cmake.task.cmake.build:Building CMake package in '/home/yahboom/intro_ws/src/examples/rclcpp/services/minimal_service'
[3.415s] INFO:colcon.colcon_core.shell:Skip shell extension 'powershell' for command environment: Not usable outside of PowerShell
[3.415s] DEBUG:colcon.colcon_core.shell:Skip shell extension 'dsv' for command environment
[3.443s] DEBUG:colcon.colcon_core.event_handler.log_command:Invoking command in '/home/yahboom/intro_ws/build/examples_rclcpp_minimal_service': CMAKE_PREFIX_PATH=${CMAKE_PREFIX_PATH}:/home/yahboom/intro_ws/install/turtle_test:/home/yahboom/intro_ws/install/time_tf2_py:/home/yahboom/intro_ws/install/test_tf2_py:/home/yahboom/intro_ws/install/python_parameters:/home/yahboom/intro_ws/install/launch_testing_examples:/home/yahboom/intro_ws/install/examples_rclpy_pointcloud_publisher:/home/yahboom/intro_ws/install/examples_rclpy_minimal_subscriber:/home/yahboom/intro_ws/install/examples_rclpy_minimal_service:/home/yahboom/intro_ws/install/examples_rclpy_minimal_publisher:/home/yahboom/intro_ws/install/examples_rclpy_minimal_client:/home/yahboom/intro_ws/install/examples_rclpy_minimal_action_server:/home/yahboom/intro_ws/install/examples_rclpy_minimal_action_client:/home/yahboom/intro_ws/install/examples_rclpy_guard_conditions:/home/yahboom/intro_ws/install/examples_rclpy_executors:/home/yahboom/cartoros2/install/yahboomcar_nav:/home/yahboom/cartoros2/install/yahboomcar_ctrl:/home/yahboom/cartoros2/install/yahboom_visual:/home/yahboom/cartoros2/install/yahboom_dog_joint_state:/home/yahboom/cartoros2/install/yahboom_description:/home/yahboom/cartoros2/install/yahboom_color_identify_server:/home/yahboom/cartoros2/install/yahboom_bringup:/home/yahboom/cartoros2/install/yahboom_base:/home/yahboom/cartoros2/install/yahboom_app_save_map:/home/yahboom/cartoros2/install/update_map:/home/yahboom/cartoros2/install/rosboard:/home/yahboom/cartoros2/install/path_planner_server:/home/yahboom/cartoros2/install/nav2_simple_commander:/home/yahboom/cartoros2/install/nav2_gazebo_spawner:/home/yahboom/cartoros2/install/localization_server:/home/yahboom/cartoros2/install/laserscan_to_point_pulisher:/home/yahboom/yahboomcar_ws/install/yahboom_dog_example:/opt/ros/humble /usr/bin/cmake /home/yahboom/intro_ws/src/examples/rclcpp/services/minimal_service -DAMENT_CMAKE_SYMLINK_INSTALL=1 -DCMAKE_INSTALL_PREFIX=/home/yahboom/intro_ws/install/examples_rclcpp_minimal_service
[3.446s] Level 1:colcon.colcon_core.environment:create_environment_scripts_only(examples_rclcpp_minimal_composition)
[3.446s] Level 1:colcon.colcon_core.environment:checking '/home/yahboom/intro_ws/install/examples_rclcpp_minimal_composition' for CMake module files
[3.447s] Level 1:colcon.colcon_core.environment:checking '/home/yahboom/intro_ws/install/examples_rclcpp_minimal_composition' for CMake config files
[3.447s] Level 1:colcon.colcon_core.shell:create_environment_hook('examples_rclcpp_minimal_composition', 'cmake_prefix_path')
[3.447s] INFO:colcon.colcon_core.shell:Creating environment hook '/home/yahboom/intro_ws/install/examples_rclcpp_minimal_composition/share/examples_rclcpp_minimal_composition/hook/cmake_prefix_path.ps1'
[3.448s] INFO:colcon.colcon_core.shell:Creating environment descriptor '/home/yahboom/intro_ws/install/examples_rclcpp_minimal_composition/share/examples_rclcpp_minimal_composition/hook/cmake_prefix_path.dsv'
[3.451s] INFO:colcon.colcon_core.shell:Creating environment hook '/home/yahboom/intro_ws/install/examples_rclcpp_minimal_composition/share/examples_rclcpp_minimal_composition/hook/cmake_prefix_path.sh'
[3.451s] Level 1:colcon.colcon_core.environment:checking '/home/yahboom/intro_ws/install/examples_rclcpp_minimal_composition/lib'
[3.452s] Level 1:colcon.colcon_core.shell:create_environment_hook('examples_rclcpp_minimal_composition', 'ld_library_path_lib')
[3.452s] INFO:colcon.colcon_core.shell:Creating environment hook '/home/yahboom/intro_ws/install/examples_rclcpp_minimal_composition/share/examples_rclcpp_minimal_composition/hook/ld_library_path_lib.ps1'
[3.454s] INFO:colcon.colcon_core.shell:Creating environment descriptor '/home/yahboom/intro_ws/install/examples_rclcpp_minimal_composition/share/examples_rclcpp_minimal_composition/hook/ld_library_path_lib.dsv'
[3.455s] INFO:colcon.colcon_core.shell:Creating environment hook '/home/yahboom/intro_ws/install/examples_rclcpp_minimal_composition/share/examples_rclcpp_minimal_composition/hook/ld_library_path_lib.sh'
[3.455s] DEBUG:colcon.colcon_core.event_handler.log_command:Invoked command in '/home/yahboom/intro_ws/build/examples_rclcpp_minimal_composition' returned '0': CMAKE_PREFIX_PATH=${CMAKE_PREFIX_PATH}:/home/yahboom/intro_ws/install/turtle_test:/home/yahboom/intro_ws/install/time_tf2_py:/home/yahboom/intro_ws/install/test_tf2_py:/home/yahboom/intro_ws/install/python_parameters:/home/yahboom/intro_ws/install/launch_testing_examples:/home/yahboom/intro_ws/install/examples_rclpy_pointcloud_publisher:/home/yahboom/intro_ws/install/examples_rclpy_minimal_subscriber:/home/yahboom/intro_ws/install/examples_rclpy_minimal_service:/home/yahboom/intro_ws/install/examples_rclpy_minimal_publisher:/home/yahboom/intro_ws/install/examples_rclpy_minimal_client:/home/yahboom/intro_ws/install/examples_rclpy_minimal_action_server:/home/yahboom/intro_ws/install/examples_rclpy_minimal_action_client:/home/yahboom/intro_ws/install/examples_rclpy_guard_conditions:/home/yahboom/intro_ws/install/examples_rclpy_executors:/home/yahboom/cartoros2/install/yahboomcar_nav:/home/yahboom/cartoros2/install/yahboomcar_ctrl:/home/yahboom/cartoros2/install/yahboom_visual:/home/yahboom/cartoros2/install/yahboom_dog_joint_state:/home/yahboom/cartoros2/install/yahboom_description:/home/yahboom/cartoros2/install/yahboom_color_identify_server:/home/yahboom/cartoros2/install/yahboom_bringup:/home/yahboom/cartoros2/install/yahboom_base:/home/yahboom/cartoros2/install/yahboom_app_save_map:/home/yahboom/cartoros2/install/update_map:/home/yahboom/cartoros2/install/rosboard:/home/yahboom/cartoros2/install/path_planner_server:/home/yahboom/cartoros2/install/nav2_simple_commander:/home/yahboom/cartoros2/install/nav2_gazebo_spawner:/home/yahboom/cartoros2/install/localization_server:/home/yahboom/cartoros2/install/laserscan_to_point_pulisher:/home/yahboom/yahboomcar_ws/install/yahboom_dog_example:/opt/ros/humble /usr/bin/cmake --install /home/yahboom/intro_ws/build/examples_rclcpp_minimal_composition
[3.456s] Level 1:colcon.colcon_core.environment:checking '/home/yahboom/intro_ws/install/examples_rclcpp_minimal_composition/bin'
[3.456s] Level 1:colcon.colcon_core.environment:checking '/home/yahboom/intro_ws/install/examples_rclcpp_minimal_composition/lib/pkgconfig/examples_rclcpp_minimal_composition.pc'
[3.456s] Level 1:colcon.colcon_core.environment:checking '/home/yahboom/intro_ws/install/examples_rclcpp_minimal_composition/lib/python3.10/site-packages'
[3.456s] Level 1:colcon.colcon_core.environment:checking '/home/yahboom/intro_ws/install/examples_rclcpp_minimal_composition/bin'
[3.456s] INFO:colcon.colcon_core.shell:Creating package script '/home/yahboom/intro_ws/install/examples_rclcpp_minimal_composition/share/examples_rclcpp_minimal_composition/package.ps1'
[3.458s] INFO:colcon.colcon_core.shell:Creating package descriptor '/home/yahboom/intro_ws/install/examples_rclcpp_minimal_composition/share/examples_rclcpp_minimal_composition/package.dsv'
[3.458s] INFO:colcon.colcon_core.shell:Creating package script '/home/yahboom/intro_ws/install/examples_rclcpp_minimal_composition/share/examples_rclcpp_minimal_composition/package.sh'
[3.459s] INFO:colcon.colcon_core.shell:Creating package script '/home/yahboom/intro_ws/install/examples_rclcpp_minimal_composition/share/examples_rclcpp_minimal_composition/package.bash'
[3.460s] INFO:colcon.colcon_core.shell:Creating package script '/home/yahboom/intro_ws/install/examples_rclcpp_minimal_composition/share/examples_rclcpp_minimal_composition/package.zsh'
[3.461s] Level 1:colcon.colcon_core.environment:create_file_with_runtime_dependencies(/home/yahboom/intro_ws/install/examples_rclcpp_minimal_composition/share/colcon-core/packages/examples_rclcpp_minimal_composition)
[3.504s] Level 1:colcon.colcon_core.environment:create_environment_scripts_only(turtle_interfaces)
[3.504s] Level 1:colcon.colcon_core.environment:checking '/home/yahboom/intro_ws/install/turtle_interfaces' for CMake module files
[3.504s] DEBUG:colcon.colcon_core.event_handler.log_command:Invoked command in '/home/yahboom/intro_ws/build/turtle_interfaces' returned '0': CMAKE_PREFIX_PATH=${CMAKE_PREFIX_PATH}:/home/yahboom/intro_ws/install/turtle_test:/home/yahboom/intro_ws/install/time_tf2_py:/home/yahboom/intro_ws/install/test_tf2_py:/home/yahboom/intro_ws/install/python_parameters:/home/yahboom/intro_ws/install/launch_testing_examples:/home/yahboom/intro_ws/install/examples_rclpy_pointcloud_publisher:/home/yahboom/intro_ws/install/examples_rclpy_minimal_subscriber:/home/yahboom/intro_ws/install/examples_rclpy_minimal_service:/home/yahboom/intro_ws/install/examples_rclpy_minimal_publisher:/home/yahboom/intro_ws/install/examples_rclpy_minimal_client:/home/yahboom/intro_ws/install/examples_rclpy_minimal_action_server:/home/yahboom/intro_ws/install/examples_rclpy_minimal_action_client:/home/yahboom/intro_ws/install/examples_rclpy_guard_conditions:/home/yahboom/intro_ws/install/examples_rclpy_executors:/home/yahboom/cartoros2/install/yahboomcar_nav:/home/yahboom/cartoros2/install/yahboomcar_ctrl:/home/yahboom/cartoros2/install/yahboom_visual:/home/yahboom/cartoros2/install/yahboom_dog_joint_state:/home/yahboom/cartoros2/install/yahboom_description:/home/yahboom/cartoros2/install/yahboom_color_identify_server:/home/yahboom/cartoros2/install/yahboom_bringup:/home/yahboom/cartoros2/install/yahboom_base:/home/yahboom/cartoros2/install/yahboom_app_save_map:/home/yahboom/cartoros2/install/update_map:/home/yahboom/cartoros2/install/rosboard:/home/yahboom/cartoros2/install/path_planner_server:/home/yahboom/cartoros2/install/nav2_simple_commander:/home/yahboom/cartoros2/install/nav2_gazebo_spawner:/home/yahboom/cartoros2/install/localization_server:/home/yahboom/cartoros2/install/laserscan_to_point_pulisher:/home/yahboom/yahboomcar_ws/install/yahboom_dog_example:/opt/ros/humble /usr/bin/cmake --install /home/yahboom/intro_ws/build/turtle_interfaces
[3.505s] Level 1:colcon.colcon_core.environment:checking '/home/yahboom/intro_ws/install/turtle_interfaces' for CMake config files
[3.506s] Level 1:colcon.colcon_core.shell:create_environment_hook('turtle_interfaces', 'cmake_prefix_path')
[3.506s] INFO:colcon.colcon_core.shell:Creating environment hook '/home/yahboom/intro_ws/install/turtle_interfaces/share/turtle_interfaces/hook/cmake_prefix_path.ps1'
[3.508s] INFO:colcon.colcon_core.shell:Creating environment descriptor '/home/yahboom/intro_ws/install/turtle_interfaces/share/turtle_interfaces/hook/cmake_prefix_path.dsv'
[3.509s] INFO:colcon.colcon_core.shell:Creating environment hook '/home/yahboom/intro_ws/install/turtle_interfaces/share/turtle_interfaces/hook/cmake_prefix_path.sh'
[3.509s] Level 1:colcon.colcon_core.environment:checking '/home/yahboom/intro_ws/install/turtle_interfaces/lib'
[3.510s] Level 1:colcon.colcon_core.shell:create_environment_hook('turtle_interfaces', 'ld_library_path_lib')
[3.510s] INFO:colcon.colcon_core.shell:Creating environment hook '/home/yahboom/intro_ws/install/turtle_interfaces/share/turtle_interfaces/hook/ld_library_path_lib.ps1'
[3.510s] INFO:colcon.colcon_core.shell:Creating environment descriptor '/home/yahboom/intro_ws/install/turtle_interfaces/share/turtle_interfaces/hook/ld_library_path_lib.dsv'
[3.511s] INFO:colcon.colcon_core.shell:Creating environment hook '/home/yahboom/intro_ws/install/turtle_interfaces/share/turtle_interfaces/hook/ld_library_path_lib.sh'
[3.512s] Level 1:colcon.colcon_core.environment:checking '/home/yahboom/intro_ws/install/turtle_interfaces/bin'
[3.512s] Level 1:colcon.colcon_core.environment:checking '/home/yahboom/intro_ws/install/turtle_interfaces/lib/pkgconfig/turtle_interfaces.pc'
[3.512s] Level 1:colcon.colcon_core.environment:checking '/home/yahboom/intro_ws/install/turtle_interfaces/lib/python3.10/site-packages'
[3.512s] Level 1:colcon.colcon_core.environment:checking '/home/yahboom/intro_ws/install/turtle_interfaces/bin'
[3.513s] INFO:colcon.colcon_core.shell:Creating package script '/home/yahboom/intro_ws/install/turtle_interfaces/share/turtle_interfaces/package.ps1'
[3.513s] INFO:colcon.colcon_core.shell:Creating package descriptor '/home/yahboom/intro_ws/install/turtle_interfaces/share/turtle_interfaces/package.dsv'
[3.514s] INFO:colcon.colcon_core.shell:Creating package script '/home/yahboom/intro_ws/install/turtle_interfaces/share/turtle_interfaces/package.sh'
[3.515s] INFO:colcon.colcon_core.shell:Creating package script '/home/yahboom/intro_ws/install/turtle_interfaces/share/turtle_interfaces/package.bash'
[3.515s] INFO:colcon.colcon_core.shell:Creating package script '/home/yahboom/intro_ws/install/turtle_interfaces/share/turtle_interfaces/package.zsh'
[3.516s] Level 1:colcon.colcon_core.environment:create_file_with_runtime_dependencies(/home/yahboom/intro_ws/install/turtle_interfaces/share/colcon-core/packages/turtle_interfaces)
[3.597s] Level 1:colcon.colcon_core.environment:create_environment_scripts_only(examples_rclcpp_minimal_composition)
[3.598s] Level 1:colcon.colcon_core.environment:checking '/home/yahboom/intro_ws/install/examples_rclcpp_minimal_composition' for CMake module files
[3.598s] Level 1:colcon.colcon_core.environment:checking '/home/yahboom/intro_ws/install/examples_rclcpp_minimal_composition' for CMake config files
[3.599s] Level 1:colcon.colcon_core.shell:create_environment_hook('examples_rclcpp_minimal_composition', 'cmake_prefix_path')
[3.599s] INFO:colcon.colcon_core.shell:Creating environment hook '/home/yahboom/intro_ws/install/examples_rclcpp_minimal_composition/share/examples_rclcpp_minimal_composition/hook/cmake_prefix_path.ps1'
[3.600s] INFO:colcon.colcon_core.shell:Creating environment descriptor '/home/yahboom/intro_ws/install/examples_rclcpp_minimal_composition/share/examples_rclcpp_minimal_composition/hook/cmake_prefix_path.dsv'
[3.601s] INFO:colcon.colcon_core.shell:Creating environment hook '/home/yahboom/intro_ws/install/examples_rclcpp_minimal_composition/share/examples_rclcpp_minimal_composition/hook/cmake_prefix_path.sh'
[3.602s] Level 1:colcon.colcon_core.environment:checking '/home/yahboom/intro_ws/install/examples_rclcpp_minimal_composition/lib'
[3.602s] Level 1:colcon.colcon_core.shell:create_environment_hook('examples_rclcpp_minimal_composition', 'ld_library_path_lib')
[3.602s] INFO:colcon.colcon_core.shell:Creating environment hook '/home/yahboom/intro_ws/install/examples_rclcpp_minimal_composition/share/examples_rclcpp_minimal_composition/hook/ld_library_path_lib.ps1'
[3.602s] INFO:colcon.colcon_core.shell:Creating environment descriptor '/home/yahboom/intro_ws/install/examples_rclcpp_minimal_composition/share/examples_rclcpp_minimal_composition/hook/ld_library_path_lib.dsv'
[3.603s] INFO:colcon.colcon_core.shell:Creating environment hook '/home/yahboom/intro_ws/install/examples_rclcpp_minimal_composition/share/examples_rclcpp_minimal_composition/hook/ld_library_path_lib.sh'
[3.604s] Level 1:colcon.colcon_core.environment:checking '/home/yahboom/intro_ws/install/examples_rclcpp_minimal_composition/bin'
[3.604s] Level 1:colcon.colcon_core.environment:checking '/home/yahboom/intro_ws/install/examples_rclcpp_minimal_composition/lib/pkgconfig/examples_rclcpp_minimal_composition.pc'
[3.604s] Level 1:colcon.colcon_core.environment:checking '/home/yahboom/intro_ws/install/examples_rclcpp_minimal_composition/lib/python3.10/site-packages'
[3.604s] Level 1:colcon.colcon_core.environment:checking '/home/yahboom/intro_ws/install/examples_rclcpp_minimal_composition/bin'
[3.604s] INFO:colcon.colcon_core.shell:Creating package script '/home/yahboom/intro_ws/install/examples_rclcpp_minimal_composition/share/examples_rclcpp_minimal_composition/package.ps1'
[3.606s] INFO:colcon.colcon_core.shell:Creating package descriptor '/home/yahboom/intro_ws/install/examples_rclcpp_minimal_composition/share/examples_rclcpp_minimal_composition/package.dsv'
[3.608s] INFO:colcon.colcon_core.shell:Creating package script '/home/yahboom/intro_ws/install/examples_rclcpp_minimal_composition/share/examples_rclcpp_minimal_composition/package.sh'
[3.609s] INFO:colcon.colcon_core.shell:Creating package script '/home/yahboom/intro_ws/install/examples_rclcpp_minimal_composition/share/examples_rclcpp_minimal_composition/package.bash'
[3.610s] INFO:colcon.colcon_core.shell:Creating package script '/home/yahboom/intro_ws/install/examples_rclcpp_minimal_composition/share/examples_rclcpp_minimal_composition/package.zsh'
[3.611s] Level 1:colcon.colcon_core.environment:create_file_with_runtime_dependencies(/home/yahboom/intro_ws/install/examples_rclcpp_minimal_composition/share/colcon-core/packages/examples_rclcpp_minimal_composition)
[3.613s] INFO:colcon.colcon_ros.task.ament_cmake.build:Building ROS package in '/home/yahboom/intro_ws/src/examples/rclcpp/topics/minimal_subscriber' with build type 'ament_cmake'
[3.613s] INFO:colcon.colcon_cmake.task.cmake.build:Building CMake package in '/home/yahboom/intro_ws/src/examples/rclcpp/topics/minimal_subscriber'
[3.613s] INFO:colcon.colcon_core.shell:Skip shell extension 'powershell' for command environment: Not usable outside of PowerShell
[3.613s] DEBUG:colcon.colcon_core.shell:Skip shell extension 'dsv' for command environment
[3.641s] DEBUG:colcon.colcon_core.event_handler.log_command:Invoking command in '/home/yahboom/intro_ws/build/examples_rclcpp_minimal_subscriber': CMAKE_PREFIX_PATH=${CMAKE_PREFIX_PATH}:/home/yahboom/intro_ws/install/turtle_test:/home/yahboom/intro_ws/install/time_tf2_py:/home/yahboom/intro_ws/install/test_tf2_py:/home/yahboom/intro_ws/install/python_parameters:/home/yahboom/intro_ws/install/launch_testing_examples:/home/yahboom/intro_ws/install/examples_rclpy_pointcloud_publisher:/home/yahboom/intro_ws/install/examples_rclpy_minimal_subscriber:/home/yahboom/intro_ws/install/examples_rclpy_minimal_service:/home/yahboom/intro_ws/install/examples_rclpy_minimal_publisher:/home/yahboom/intro_ws/install/examples_rclpy_minimal_client:/home/yahboom/intro_ws/install/examples_rclpy_minimal_action_server:/home/yahboom/intro_ws/install/examples_rclpy_minimal_action_client:/home/yahboom/intro_ws/install/examples_rclpy_guard_conditions:/home/yahboom/intro_ws/install/examples_rclpy_executors:/home/yahboom/cartoros2/install/yahboomcar_nav:/home/yahboom/cartoros2/install/yahboomcar_ctrl:/home/yahboom/cartoros2/install/yahboom_visual:/home/yahboom/cartoros2/install/yahboom_dog_joint_state:/home/yahboom/cartoros2/install/yahboom_description:/home/yahboom/cartoros2/install/yahboom_color_identify_server:/home/yahboom/cartoros2/install/yahboom_bringup:/home/yahboom/cartoros2/install/yahboom_base:/home/yahboom/cartoros2/install/yahboom_app_save_map:/home/yahboom/cartoros2/install/update_map:/home/yahboom/cartoros2/install/rosboard:/home/yahboom/cartoros2/install/path_planner_server:/home/yahboom/cartoros2/install/nav2_simple_commander:/home/yahboom/cartoros2/install/nav2_gazebo_spawner:/home/yahboom/cartoros2/install/localization_server:/home/yahboom/cartoros2/install/laserscan_to_point_pulisher:/home/yahboom/yahboomcar_ws/install/yahboom_dog_example:/opt/ros/humble /usr/bin/cmake /home/yahboom/intro_ws/src/examples/rclcpp/topics/minimal_subscriber -DAMENT_CMAKE_SYMLINK_INSTALL=1 -DCMAKE_INSTALL_PREFIX=/home/yahboom/intro_ws/install/examples_rclcpp_minimal_subscriber
[3.931s] Level 1:colcon.colcon_core.environment:create_environment_scripts_only(turtle_interfaces)
[3.931s] Level 1:colcon.colcon_core.environment:checking '/home/yahboom/intro_ws/install/turtle_interfaces' for CMake module files
[3.931s] Level 1:colcon.colcon_core.environment:checking '/home/yahboom/intro_ws/install/turtle_interfaces' for CMake config files
[3.932s] Level 1:colcon.colcon_core.shell:create_environment_hook('turtle_interfaces', 'cmake_prefix_path')
[3.932s] INFO:colcon.colcon_core.shell:Creating environment hook '/home/yahboom/intro_ws/install/turtle_interfaces/share/turtle_interfaces/hook/cmake_prefix_path.ps1'
[3.933s] INFO:colcon.colcon_core.shell:Creating environment descriptor '/home/yahboom/intro_ws/install/turtle_interfaces/share/turtle_interfaces/hook/cmake_prefix_path.dsv'
[3.934s] INFO:colcon.colcon_core.shell:Creating environment hook '/home/yahboom/intro_ws/install/turtle_interfaces/share/turtle_interfaces/hook/cmake_prefix_path.sh'
[3.935s] Level 1:colcon.colcon_core.environment:checking '/home/yahboom/intro_ws/install/turtle_interfaces/lib'
[3.935s] Level 1:colcon.colcon_core.shell:create_environment_hook('turtle_interfaces', 'ld_library_path_lib')
[3.936s] INFO:colcon.colcon_core.shell:Creating environment hook '/home/yahboom/intro_ws/install/turtle_interfaces/share/turtle_interfaces/hook/ld_library_path_lib.ps1'
[3.936s] INFO:colcon.colcon_core.shell:Creating environment descriptor '/home/yahboom/intro_ws/install/turtle_interfaces/share/turtle_interfaces/hook/ld_library_path_lib.dsv'
[3.937s] INFO:colcon.colcon_core.shell:Creating environment hook '/home/yahboom/intro_ws/install/turtle_interfaces/share/turtle_interfaces/hook/ld_library_path_lib.sh'
[3.938s] Level 1:colcon.colcon_core.environment:checking '/home/yahboom/intro_ws/install/turtle_interfaces/bin'
[3.938s] Level 1:colcon.colcon_core.environment:checking '/home/yahboom/intro_ws/install/turtle_interfaces/lib/pkgconfig/turtle_interfaces.pc'
[3.938s] Level 1:colcon.colcon_core.environment:checking '/home/yahboom/intro_ws/install/turtle_interfaces/lib/python3.10/site-packages'
[3.938s] Level 1:colcon.colcon_core.environment:checking '/home/yahboom/intro_ws/install/turtle_interfaces/bin'
[3.938s] INFO:colcon.colcon_core.shell:Creating package script '/home/yahboom/intro_ws/install/turtle_interfaces/share/turtle_interfaces/package.ps1'
[3.939s] INFO:colcon.colcon_core.shell:Creating package descriptor '/home/yahboom/intro_ws/install/turtle_interfaces/share/turtle_interfaces/package.dsv'
[3.940s] INFO:colcon.colcon_core.shell:Creating package script '/home/yahboom/intro_ws/install/turtle_interfaces/share/turtle_interfaces/package.sh'
[3.940s] INFO:colcon.colcon_core.shell:Creating package script '/home/yahboom/intro_ws/install/turtle_interfaces/share/turtle_interfaces/package.bash'
[3.941s] INFO:colcon.colcon_core.shell:Creating package script '/home/yahboom/intro_ws/install/turtle_interfaces/share/turtle_interfaces/package.zsh'
[3.942s] Level 1:colcon.colcon_core.environment:create_file_with_runtime_dependencies(/home/yahboom/intro_ws/install/turtle_interfaces/share/colcon-core/packages/turtle_interfaces)
[3.943s] INFO:colcon.colcon_ros.task.ament_cmake.build:Building ROS package in '/home/yahboom/intro_ws/src/examples/rclcpp/timers/minimal_timer' with build type 'ament_cmake'
[3.943s] INFO:colcon.colcon_cmake.task.cmake.build:Building CMake package in '/home/yahboom/intro_ws/src/examples/rclcpp/timers/minimal_timer'
[3.943s] INFO:colcon.colcon_core.shell:Skip shell extension 'powershell' for command environment: Not usable outside of PowerShell
[3.944s] DEBUG:colcon.colcon_core.shell:Skip shell extension 'dsv' for command environment
[3.967s] DEBUG:colcon.colcon_core.event_handler.log_command:Invoking command in '/home/yahboom/intro_ws/build/examples_rclcpp_minimal_timer': CMAKE_PREFIX_PATH=${CMAKE_PREFIX_PATH}:/home/yahboom/intro_ws/install/turtle_test:/home/yahboom/intro_ws/install/time_tf2_py:/home/yahboom/intro_ws/install/test_tf2_py:/home/yahboom/intro_ws/install/python_parameters:/home/yahboom/intro_ws/install/launch_testing_examples:/home/yahboom/intro_ws/install/examples_rclpy_pointcloud_publisher:/home/yahboom/intro_ws/install/examples_rclpy_minimal_subscriber:/home/yahboom/intro_ws/install/examples_rclpy_minimal_service:/home/yahboom/intro_ws/install/examples_rclpy_minimal_publisher:/home/yahboom/intro_ws/install/examples_rclpy_minimal_client:/home/yahboom/intro_ws/install/examples_rclpy_minimal_action_server:/home/yahboom/intro_ws/install/examples_rclpy_minimal_action_client:/home/yahboom/intro_ws/install/examples_rclpy_guard_conditions:/home/yahboom/intro_ws/install/examples_rclpy_executors:/home/yahboom/cartoros2/install/yahboomcar_nav:/home/yahboom/cartoros2/install/yahboomcar_ctrl:/home/yahboom/cartoros2/install/yahboom_visual:/home/yahboom/cartoros2/install/yahboom_dog_joint_state:/home/yahboom/cartoros2/install/yahboom_description:/home/yahboom/cartoros2/install/yahboom_color_identify_server:/home/yahboom/cartoros2/install/yahboom_bringup:/home/yahboom/cartoros2/install/yahboom_base:/home/yahboom/cartoros2/install/yahboom_app_save_map:/home/yahboom/cartoros2/install/update_map:/home/yahboom/cartoros2/install/rosboard:/home/yahboom/cartoros2/install/path_planner_server:/home/yahboom/cartoros2/install/nav2_simple_commander:/home/yahboom/cartoros2/install/nav2_gazebo_spawner:/home/yahboom/cartoros2/install/localization_server:/home/yahboom/cartoros2/install/laserscan_to_point_pulisher:/home/yahboom/yahboomcar_ws/install/yahboom_dog_example:/opt/ros/humble /usr/bin/cmake /home/yahboom/intro_ws/src/examples/rclcpp/timers/minimal_timer -DAMENT_CMAKE_SYMLINK_INSTALL=1 -DCMAKE_INSTALL_PREFIX=/home/yahboom/intro_ws/install/examples_rclcpp_minimal_timer
[4.213s] DEBUG:colcon.colcon_core.event_handler.log_command:Invoked command in '/home/yahboom/intro_ws/build/examples_rclcpp_minimal_publisher' returned '0': CMAKE_PREFIX_PATH=${CMAKE_PREFIX_PATH}:/home/yahboom/intro_ws/install/turtle_test:/home/yahboom/intro_ws/install/time_tf2_py:/home/yahboom/intro_ws/install/test_tf2_py:/home/yahboom/intro_ws/install/python_parameters:/home/yahboom/intro_ws/install/launch_testing_examples:/home/yahboom/intro_ws/install/examples_rclpy_pointcloud_publisher:/home/yahboom/intro_ws/install/examples_rclpy_minimal_subscriber:/home/yahboom/intro_ws/install/examples_rclpy_minimal_service:/home/yahboom/intro_ws/install/examples_rclpy_minimal_publisher:/home/yahboom/intro_ws/install/examples_rclpy_minimal_client:/home/yahboom/intro_ws/install/examples_rclpy_minimal_action_server:/home/yahboom/intro_ws/install/examples_rclpy_minimal_action_client:/home/yahboom/intro_ws/install/examples_rclpy_guard_conditions:/home/yahboom/intro_ws/install/examples_rclpy_executors:/home/yahboom/cartoros2/install/yahboomcar_nav:/home/yahboom/cartoros2/install/yahboomcar_ctrl:/home/yahboom/cartoros2/install/yahboom_visual:/home/yahboom/cartoros2/install/yahboom_dog_joint_state:/home/yahboom/cartoros2/install/yahboom_description:/home/yahboom/cartoros2/install/yahboom_color_identify_server:/home/yahboom/cartoros2/install/yahboom_bringup:/home/yahboom/cartoros2/install/yahboom_base:/home/yahboom/cartoros2/install/yahboom_app_save_map:/home/yahboom/cartoros2/install/update_map:/home/yahboom/cartoros2/install/rosboard:/home/yahboom/cartoros2/install/path_planner_server:/home/yahboom/cartoros2/install/nav2_simple_commander:/home/yahboom/cartoros2/install/nav2_gazebo_spawner:/home/yahboom/cartoros2/install/localization_server:/home/yahboom/cartoros2/install/laserscan_to_point_pulisher:/home/yahboom/yahboomcar_ws/install/yahboom_dog_example:/opt/ros/humble /usr/bin/cmake /home/yahboom/intro_ws/src/examples/rclcpp/topics/minimal_publisher -DAMENT_CMAKE_SYMLINK_INSTALL=1 -DCMAKE_INSTALL_PREFIX=/home/yahboom/intro_ws/install/examples_rclcpp_minimal_publisher
[4.214s] DEBUG:colcon.colcon_core.event_handler.log_command:Invoking command in '/home/yahboom/intro_ws/build/examples_rclcpp_minimal_publisher': CMAKE_PREFIX_PATH=${CMAKE_PREFIX_PATH}:/home/yahboom/intro_ws/install/turtle_test:/home/yahboom/intro_ws/install/time_tf2_py:/home/yahboom/intro_ws/install/test_tf2_py:/home/yahboom/intro_ws/install/python_parameters:/home/yahboom/intro_ws/install/launch_testing_examples:/home/yahboom/intro_ws/install/examples_rclpy_pointcloud_publisher:/home/yahboom/intro_ws/install/examples_rclpy_minimal_subscriber:/home/yahboom/intro_ws/install/examples_rclpy_minimal_service:/home/yahboom/intro_ws/install/examples_rclpy_minimal_publisher:/home/yahboom/intro_ws/install/examples_rclpy_minimal_client:/home/yahboom/intro_ws/install/examples_rclpy_minimal_action_server:/home/yahboom/intro_ws/install/examples_rclpy_minimal_action_client:/home/yahboom/intro_ws/install/examples_rclpy_guard_conditions:/home/yahboom/intro_ws/install/examples_rclpy_executors:/home/yahboom/cartoros2/install/yahboomcar_nav:/home/yahboom/cartoros2/install/yahboomcar_ctrl:/home/yahboom/cartoros2/install/yahboom_visual:/home/yahboom/cartoros2/install/yahboom_dog_joint_state:/home/yahboom/cartoros2/install/yahboom_description:/home/yahboom/cartoros2/install/yahboom_color_identify_server:/home/yahboom/cartoros2/install/yahboom_bringup:/home/yahboom/cartoros2/install/yahboom_base:/home/yahboom/cartoros2/install/yahboom_app_save_map:/home/yahboom/cartoros2/install/update_map:/home/yahboom/cartoros2/install/rosboard:/home/yahboom/cartoros2/install/path_planner_server:/home/yahboom/cartoros2/install/nav2_simple_commander:/home/yahboom/cartoros2/install/nav2_gazebo_spawner:/home/yahboom/cartoros2/install/localization_server:/home/yahboom/cartoros2/install/laserscan_to_point_pulisher:/home/yahboom/yahboomcar_ws/install/yahboom_dog_example:/opt/ros/humble /usr/bin/cmake --build /home/yahboom/intro_ws/build/examples_rclcpp_minimal_publisher -- -j4 -l4
[4.372s] DEBUG:colcon.colcon_core.event_handler.log_command:Invoked command in '/home/yahboom/intro_ws/build/examples_rclcpp_minimal_service' returned '0': CMAKE_PREFIX_PATH=${CMAKE_PREFIX_PATH}:/home/yahboom/intro_ws/install/turtle_test:/home/yahboom/intro_ws/install/time_tf2_py:/home/yahboom/intro_ws/install/test_tf2_py:/home/yahboom/intro_ws/install/python_parameters:/home/yahboom/intro_ws/install/launch_testing_examples:/home/yahboom/intro_ws/install/examples_rclpy_pointcloud_publisher:/home/yahboom/intro_ws/install/examples_rclpy_minimal_subscriber:/home/yahboom/intro_ws/install/examples_rclpy_minimal_service:/home/yahboom/intro_ws/install/examples_rclpy_minimal_publisher:/home/yahboom/intro_ws/install/examples_rclpy_minimal_client:/home/yahboom/intro_ws/install/examples_rclpy_minimal_action_server:/home/yahboom/intro_ws/install/examples_rclpy_minimal_action_client:/home/yahboom/intro_ws/install/examples_rclpy_guard_conditions:/home/yahboom/intro_ws/install/examples_rclpy_executors:/home/yahboom/cartoros2/install/yahboomcar_nav:/home/yahboom/cartoros2/install/yahboomcar_ctrl:/home/yahboom/cartoros2/install/yahboom_visual:/home/yahboom/cartoros2/install/yahboom_dog_joint_state:/home/yahboom/cartoros2/install/yahboom_description:/home/yahboom/cartoros2/install/yahboom_color_identify_server:/home/yahboom/cartoros2/install/yahboom_bringup:/home/yahboom/cartoros2/install/yahboom_base:/home/yahboom/cartoros2/install/yahboom_app_save_map:/home/yahboom/cartoros2/install/update_map:/home/yahboom/cartoros2/install/rosboard:/home/yahboom/cartoros2/install/path_planner_server:/home/yahboom/cartoros2/install/nav2_simple_commander:/home/yahboom/cartoros2/install/nav2_gazebo_spawner:/home/yahboom/cartoros2/install/localization_server:/home/yahboom/cartoros2/install/laserscan_to_point_pulisher:/home/yahboom/yahboomcar_ws/install/yahboom_dog_example:/opt/ros/humble /usr/bin/cmake /home/yahboom/intro_ws/src/examples/rclcpp/services/minimal_service -DAMENT_CMAKE_SYMLINK_INSTALL=1 -DCMAKE_INSTALL_PREFIX=/home/yahboom/intro_ws/install/examples_rclcpp_minimal_service
[4.373s] DEBUG:colcon.colcon_core.event_handler.log_command:Invoking command in '/home/yahboom/intro_ws/build/examples_rclcpp_minimal_service': CMAKE_PREFIX_PATH=${CMAKE_PREFIX_PATH}:/home/yahboom/intro_ws/install/turtle_test:/home/yahboom/intro_ws/install/time_tf2_py:/home/yahboom/intro_ws/install/test_tf2_py:/home/yahboom/intro_ws/install/python_parameters:/home/yahboom/intro_ws/install/launch_testing_examples:/home/yahboom/intro_ws/install/examples_rclpy_pointcloud_publisher:/home/yahboom/intro_ws/install/examples_rclpy_minimal_subscriber:/home/yahboom/intro_ws/install/examples_rclpy_minimal_service:/home/yahboom/intro_ws/install/examples_rclpy_minimal_publisher:/home/yahboom/intro_ws/install/examples_rclpy_minimal_client:/home/yahboom/intro_ws/install/examples_rclpy_minimal_action_server:/home/yahboom/intro_ws/install/examples_rclpy_minimal_action_client:/home/yahboom/intro_ws/install/examples_rclpy_guard_conditions:/home/yahboom/intro_ws/install/examples_rclpy_executors:/home/yahboom/cartoros2/install/yahboomcar_nav:/home/yahboom/cartoros2/install/yahboomcar_ctrl:/home/yahboom/cartoros2/install/yahboom_visual:/home/yahboom/cartoros2/install/yahboom_dog_joint_state:/home/yahboom/cartoros2/install/yahboom_description:/home/yahboom/cartoros2/install/yahboom_color_identify_server:/home/yahboom/cartoros2/install/yahboom_bringup:/home/yahboom/cartoros2/install/yahboom_base:/home/yahboom/cartoros2/install/yahboom_app_save_map:/home/yahboom/cartoros2/install/update_map:/home/yahboom/cartoros2/install/rosboard:/home/yahboom/cartoros2/install/path_planner_server:/home/yahboom/cartoros2/install/nav2_simple_commander:/home/yahboom/cartoros2/install/nav2_gazebo_spawner:/home/yahboom/cartoros2/install/localization_server:/home/yahboom/cartoros2/install/laserscan_to_point_pulisher:/home/yahboom/yahboomcar_ws/install/yahboom_dog_example:/opt/ros/humble /usr/bin/cmake --build /home/yahboom/intro_ws/build/examples_rclcpp_minimal_service -- -j4 -l4
[4.499s] DEBUG:colcon.colcon_core.event_handler.log_command:Invoked command in '/home/yahboom/intro_ws/build/examples_rclcpp_minimal_publisher' returned '0': CMAKE_PREFIX_PATH=${CMAKE_PREFIX_PATH}:/home/yahboom/intro_ws/install/turtle_test:/home/yahboom/intro_ws/install/time_tf2_py:/home/yahboom/intro_ws/install/test_tf2_py:/home/yahboom/intro_ws/install/python_parameters:/home/yahboom/intro_ws/install/launch_testing_examples:/home/yahboom/intro_ws/install/examples_rclpy_pointcloud_publisher:/home/yahboom/intro_ws/install/examples_rclpy_minimal_subscriber:/home/yahboom/intro_ws/install/examples_rclpy_minimal_service:/home/yahboom/intro_ws/install/examples_rclpy_minimal_publisher:/home/yahboom/intro_ws/install/examples_rclpy_minimal_client:/home/yahboom/intro_ws/install/examples_rclpy_minimal_action_server:/home/yahboom/intro_ws/install/examples_rclpy_minimal_action_client:/home/yahboom/intro_ws/install/examples_rclpy_guard_conditions:/home/yahboom/intro_ws/install/examples_rclpy_executors:/home/yahboom/cartoros2/install/yahboomcar_nav:/home/yahboom/cartoros2/install/yahboomcar_ctrl:/home/yahboom/cartoros2/install/yahboom_visual:/home/yahboom/cartoros2/install/yahboom_dog_joint_state:/home/yahboom/cartoros2/install/yahboom_description:/home/yahboom/cartoros2/install/yahboom_color_identify_server:/home/yahboom/cartoros2/install/yahboom_bringup:/home/yahboom/cartoros2/install/yahboom_base:/home/yahboom/cartoros2/install/yahboom_app_save_map:/home/yahboom/cartoros2/install/update_map:/home/yahboom/cartoros2/install/rosboard:/home/yahboom/cartoros2/install/path_planner_server:/home/yahboom/cartoros2/install/nav2_simple_commander:/home/yahboom/cartoros2/install/nav2_gazebo_spawner:/home/yahboom/cartoros2/install/localization_server:/home/yahboom/cartoros2/install/laserscan_to_point_pulisher:/home/yahboom/yahboomcar_ws/install/yahboom_dog_example:/opt/ros/humble /usr/bin/cmake --build /home/yahboom/intro_ws/build/examples_rclcpp_minimal_publisher -- -j4 -l4
[4.532s] DEBUG:colcon.colcon_core.event_handler.log_command:Invoked command in '/home/yahboom/intro_ws/build/examples_rclcpp_minimal_service' returned '0': CMAKE_PREFIX_PATH=${CMAKE_PREFIX_PATH}:/home/yahboom/intro_ws/install/turtle_test:/home/yahboom/intro_ws/install/time_tf2_py:/home/yahboom/intro_ws/install/test_tf2_py:/home/yahboom/intro_ws/install/python_parameters:/home/yahboom/intro_ws/install/launch_testing_examples:/home/yahboom/intro_ws/install/examples_rclpy_pointcloud_publisher:/home/yahboom/intro_ws/install/examples_rclpy_minimal_subscriber:/home/yahboom/intro_ws/install/examples_rclpy_minimal_service:/home/yahboom/intro_ws/install/examples_rclpy_minimal_publisher:/home/yahboom/intro_ws/install/examples_rclpy_minimal_client:/home/yahboom/intro_ws/install/examples_rclpy_minimal_action_server:/home/yahboom/intro_ws/install/examples_rclpy_minimal_action_client:/home/yahboom/intro_ws/install/examples_rclpy_guard_conditions:/home/yahboom/intro_ws/install/examples_rclpy_executors:/home/yahboom/cartoros2/install/yahboomcar_nav:/home/yahboom/cartoros2/install/yahboomcar_ctrl:/home/yahboom/cartoros2/install/yahboom_visual:/home/yahboom/cartoros2/install/yahboom_dog_joint_state:/home/yahboom/cartoros2/install/yahboom_description:/home/yahboom/cartoros2/install/yahboom_color_identify_server:/home/yahboom/cartoros2/install/yahboom_bringup:/home/yahboom/cartoros2/install/yahboom_base:/home/yahboom/cartoros2/install/yahboom_app_save_map:/home/yahboom/cartoros2/install/update_map:/home/yahboom/cartoros2/install/rosboard:/home/yahboom/cartoros2/install/path_planner_server:/home/yahboom/cartoros2/install/nav2_simple_commander:/home/yahboom/cartoros2/install/nav2_gazebo_spawner:/home/yahboom/cartoros2/install/localization_server:/home/yahboom/cartoros2/install/laserscan_to_point_pulisher:/home/yahboom/yahboomcar_ws/install/yahboom_dog_example:/opt/ros/humble /usr/bin/cmake --build /home/yahboom/intro_ws/build/examples_rclcpp_minimal_service -- -j4 -l4
[4.617s] DEBUG:colcon.colcon_core.event_handler.log_command:Invoking command in '/home/yahboom/intro_ws/build/examples_rclcpp_minimal_service': CMAKE_PREFIX_PATH=${CMAKE_PREFIX_PATH}:/home/yahboom/intro_ws/install/turtle_test:/home/yahboom/intro_ws/install/time_tf2_py:/home/yahboom/intro_ws/install/test_tf2_py:/home/yahboom/intro_ws/install/python_parameters:/home/yahboom/intro_ws/install/launch_testing_examples:/home/yahboom/intro_ws/install/examples_rclpy_pointcloud_publisher:/home/yahboom/intro_ws/install/examples_rclpy_minimal_subscriber:/home/yahboom/intro_ws/install/examples_rclpy_minimal_service:/home/yahboom/intro_ws/install/examples_rclpy_minimal_publisher:/home/yahboom/intro_ws/install/examples_rclpy_minimal_client:/home/yahboom/intro_ws/install/examples_rclpy_minimal_action_server:/home/yahboom/intro_ws/install/examples_rclpy_minimal_action_client:/home/yahboom/intro_ws/install/examples_rclpy_guard_conditions:/home/yahboom/intro_ws/install/examples_rclpy_executors:/home/yahboom/cartoros2/install/yahboomcar_nav:/home/yahboom/cartoros2/install/yahboomcar_ctrl:/home/yahboom/cartoros2/install/yahboom_visual:/home/yahboom/cartoros2/install/yahboom_dog_joint_state:/home/yahboom/cartoros2/install/yahboom_description:/home/yahboom/cartoros2/install/yahboom_color_identify_server:/home/yahboom/cartoros2/install/yahboom_bringup:/home/yahboom/cartoros2/install/yahboom_base:/home/yahboom/cartoros2/install/yahboom_app_save_map:/home/yahboom/cartoros2/install/update_map:/home/yahboom/cartoros2/install/rosboard:/home/yahboom/cartoros2/install/path_planner_server:/home/yahboom/cartoros2/install/nav2_simple_commander:/home/yahboom/cartoros2/install/nav2_gazebo_spawner:/home/yahboom/cartoros2/install/localization_server:/home/yahboom/cartoros2/install/laserscan_to_point_pulisher:/home/yahboom/yahboomcar_ws/install/yahboom_dog_example:/opt/ros/humble /usr/bin/cmake --install /home/yahboom/intro_ws/build/examples_rclcpp_minimal_service
[4.628s] DEBUG:colcon.colcon_core.event_handler.log_command:Invoked command in '/home/yahboom/intro_ws/build/examples_rclcpp_minimal_subscriber' returned '0': CMAKE_PREFIX_PATH=${CMAKE_PREFIX_PATH}:/home/yahboom/intro_ws/install/turtle_test:/home/yahboom/intro_ws/install/time_tf2_py:/home/yahboom/intro_ws/install/test_tf2_py:/home/yahboom/intro_ws/install/python_parameters:/home/yahboom/intro_ws/install/launch_testing_examples:/home/yahboom/intro_ws/install/examples_rclpy_pointcloud_publisher:/home/yahboom/intro_ws/install/examples_rclpy_minimal_subscriber:/home/yahboom/intro_ws/install/examples_rclpy_minimal_service:/home/yahboom/intro_ws/install/examples_rclpy_minimal_publisher:/home/yahboom/intro_ws/install/examples_rclpy_minimal_client:/home/yahboom/intro_ws/install/examples_rclpy_minimal_action_server:/home/yahboom/intro_ws/install/examples_rclpy_minimal_action_client:/home/yahboom/intro_ws/install/examples_rclpy_guard_conditions:/home/yahboom/intro_ws/install/examples_rclpy_executors:/home/yahboom/cartoros2/install/yahboomcar_nav:/home/yahboom/cartoros2/install/yahboomcar_ctrl:/home/yahboom/cartoros2/install/yahboom_visual:/home/yahboom/cartoros2/install/yahboom_dog_joint_state:/home/yahboom/cartoros2/install/yahboom_description:/home/yahboom/cartoros2/install/yahboom_color_identify_server:/home/yahboom/cartoros2/install/yahboom_bringup:/home/yahboom/cartoros2/install/yahboom_base:/home/yahboom/cartoros2/install/yahboom_app_save_map:/home/yahboom/cartoros2/install/update_map:/home/yahboom/cartoros2/install/rosboard:/home/yahboom/cartoros2/install/path_planner_server:/home/yahboom/cartoros2/install/nav2_simple_commander:/home/yahboom/cartoros2/install/nav2_gazebo_spawner:/home/yahboom/cartoros2/install/localization_server:/home/yahboom/cartoros2/install/laserscan_to_point_pulisher:/home/yahboom/yahboomcar_ws/install/yahboom_dog_example:/opt/ros/humble /usr/bin/cmake /home/yahboom/intro_ws/src/examples/rclcpp/topics/minimal_subscriber -DAMENT_CMAKE_SYMLINK_INSTALL=1 -DCMAKE_INSTALL_PREFIX=/home/yahboom/intro_ws/install/examples_rclcpp_minimal_subscriber
[4.628s] DEBUG:colcon.colcon_core.event_handler.log_command:Invoking command in '/home/yahboom/intro_ws/build/examples_rclcpp_minimal_subscriber': CMAKE_PREFIX_PATH=${CMAKE_PREFIX_PATH}:/home/yahboom/intro_ws/install/turtle_test:/home/yahboom/intro_ws/install/time_tf2_py:/home/yahboom/intro_ws/install/test_tf2_py:/home/yahboom/intro_ws/install/python_parameters:/home/yahboom/intro_ws/install/launch_testing_examples:/home/yahboom/intro_ws/install/examples_rclpy_pointcloud_publisher:/home/yahboom/intro_ws/install/examples_rclpy_minimal_subscriber:/home/yahboom/intro_ws/install/examples_rclpy_minimal_service:/home/yahboom/intro_ws/install/examples_rclpy_minimal_publisher:/home/yahboom/intro_ws/install/examples_rclpy_minimal_client:/home/yahboom/intro_ws/install/examples_rclpy_minimal_action_server:/home/yahboom/intro_ws/install/examples_rclpy_minimal_action_client:/home/yahboom/intro_ws/install/examples_rclpy_guard_conditions:/home/yahboom/intro_ws/install/examples_rclpy_executors:/home/yahboom/cartoros2/install/yahboomcar_nav:/home/yahboom/cartoros2/install/yahboomcar_ctrl:/home/yahboom/cartoros2/install/yahboom_visual:/home/yahboom/cartoros2/install/yahboom_dog_joint_state:/home/yahboom/cartoros2/install/yahboom_description:/home/yahboom/cartoros2/install/yahboom_color_identify_server:/home/yahboom/cartoros2/install/yahboom_bringup:/home/yahboom/cartoros2/install/yahboom_base:/home/yahboom/cartoros2/install/yahboom_app_save_map:/home/yahboom/cartoros2/install/update_map:/home/yahboom/cartoros2/install/rosboard:/home/yahboom/cartoros2/install/path_planner_server:/home/yahboom/cartoros2/install/nav2_simple_commander:/home/yahboom/cartoros2/install/nav2_gazebo_spawner:/home/yahboom/cartoros2/install/localization_server:/home/yahboom/cartoros2/install/laserscan_to_point_pulisher:/home/yahboom/yahboomcar_ws/install/yahboom_dog_example:/opt/ros/humble /usr/bin/cmake --build /home/yahboom/intro_ws/build/examples_rclcpp_minimal_subscriber -- -j4 -l4
[4.652s] DEBUG:colcon.colcon_core.event_handler.log_command:Invoking command in '/home/yahboom/intro_ws/build/examples_rclcpp_minimal_publisher': CMAKE_PREFIX_PATH=${CMAKE_PREFIX_PATH}:/home/yahboom/intro_ws/install/turtle_test:/home/yahboom/intro_ws/install/time_tf2_py:/home/yahboom/intro_ws/install/test_tf2_py:/home/yahboom/intro_ws/install/python_parameters:/home/yahboom/intro_ws/install/launch_testing_examples:/home/yahboom/intro_ws/install/examples_rclpy_pointcloud_publisher:/home/yahboom/intro_ws/install/examples_rclpy_minimal_subscriber:/home/yahboom/intro_ws/install/examples_rclpy_minimal_service:/home/yahboom/intro_ws/install/examples_rclpy_minimal_publisher:/home/yahboom/intro_ws/install/examples_rclpy_minimal_client:/home/yahboom/intro_ws/install/examples_rclpy_minimal_action_server:/home/yahboom/intro_ws/install/examples_rclpy_minimal_action_client:/home/yahboom/intro_ws/install/examples_rclpy_guard_conditions:/home/yahboom/intro_ws/install/examples_rclpy_executors:/home/yahboom/cartoros2/install/yahboomcar_nav:/home/yahboom/cartoros2/install/yahboomcar_ctrl:/home/yahboom/cartoros2/install/yahboom_visual:/home/yahboom/cartoros2/install/yahboom_dog_joint_state:/home/yahboom/cartoros2/install/yahboom_description:/home/yahboom/cartoros2/install/yahboom_color_identify_server:/home/yahboom/cartoros2/install/yahboom_bringup:/home/yahboom/cartoros2/install/yahboom_base:/home/yahboom/cartoros2/install/yahboom_app_save_map:/home/yahboom/cartoros2/install/update_map:/home/yahboom/cartoros2/install/rosboard:/home/yahboom/cartoros2/install/path_planner_server:/home/yahboom/cartoros2/install/nav2_simple_commander:/home/yahboom/cartoros2/install/nav2_gazebo_spawner:/home/yahboom/cartoros2/install/localization_server:/home/yahboom/cartoros2/install/laserscan_to_point_pulisher:/home/yahboom/yahboomcar_ws/install/yahboom_dog_example:/opt/ros/humble /usr/bin/cmake --install /home/yahboom/intro_ws/build/examples_rclcpp_minimal_publisher
[4.663s] Level 1:colcon.colcon_core.environment:create_environment_scripts_only(examples_rclcpp_minimal_service)
[4.664s] Level 1:colcon.colcon_core.environment:checking '/home/yahboom/intro_ws/install/examples_rclcpp_minimal_service' for CMake module files
[4.664s] Level 1:colcon.colcon_core.environment:checking '/home/yahboom/intro_ws/install/examples_rclcpp_minimal_service' for CMake config files
[4.664s] Level 1:colcon.colcon_core.shell:create_environment_hook('examples_rclcpp_minimal_service', 'cmake_prefix_path')
[4.665s] INFO:colcon.colcon_core.shell:Creating environment hook '/home/yahboom/intro_ws/install/examples_rclcpp_minimal_service/share/examples_rclcpp_minimal_service/hook/cmake_prefix_path.ps1'
[4.666s] INFO:colcon.colcon_core.shell:Creating environment descriptor '/home/yahboom/intro_ws/install/examples_rclcpp_minimal_service/share/examples_rclcpp_minimal_service/hook/cmake_prefix_path.dsv'
[4.666s] DEBUG:colcon.colcon_core.event_handler.log_command:Invoked command in '/home/yahboom/intro_ws/build/examples_rclcpp_minimal_service' returned '0': CMAKE_PREFIX_PATH=${CMAKE_PREFIX_PATH}:/home/yahboom/intro_ws/install/turtle_test:/home/yahboom/intro_ws/install/time_tf2_py:/home/yahboom/intro_ws/install/test_tf2_py:/home/yahboom/intro_ws/install/python_parameters:/home/yahboom/intro_ws/install/launch_testing_examples:/home/yahboom/intro_ws/install/examples_rclpy_pointcloud_publisher:/home/yahboom/intro_ws/install/examples_rclpy_minimal_subscriber:/home/yahboom/intro_ws/install/examples_rclpy_minimal_service:/home/yahboom/intro_ws/install/examples_rclpy_minimal_publisher:/home/yahboom/intro_ws/install/examples_rclpy_minimal_client:/home/yahboom/intro_ws/install/examples_rclpy_minimal_action_server:/home/yahboom/intro_ws/install/examples_rclpy_minimal_action_client:/home/yahboom/intro_ws/install/examples_rclpy_guard_conditions:/home/yahboom/intro_ws/install/examples_rclpy_executors:/home/yahboom/cartoros2/install/yahboomcar_nav:/home/yahboom/cartoros2/install/yahboomcar_ctrl:/home/yahboom/cartoros2/install/yahboom_visual:/home/yahboom/cartoros2/install/yahboom_dog_joint_state:/home/yahboom/cartoros2/install/yahboom_description:/home/yahboom/cartoros2/install/yahboom_color_identify_server:/home/yahboom/cartoros2/install/yahboom_bringup:/home/yahboom/cartoros2/install/yahboom_base:/home/yahboom/cartoros2/install/yahboom_app_save_map:/home/yahboom/cartoros2/install/update_map:/home/yahboom/cartoros2/install/rosboard:/home/yahboom/cartoros2/install/path_planner_server:/home/yahboom/cartoros2/install/nav2_simple_commander:/home/yahboom/cartoros2/install/nav2_gazebo_spawner:/home/yahboom/cartoros2/install/localization_server:/home/yahboom/cartoros2/install/laserscan_to_point_pulisher:/home/yahboom/yahboomcar_ws/install/yahboom_dog_example:/opt/ros/humble /usr/bin/cmake --install /home/yahboom/intro_ws/build/examples_rclcpp_minimal_service
[4.667s] INFO:colcon.colcon_core.shell:Creating environment hook '/home/yahboom/intro_ws/install/examples_rclcpp_minimal_service/share/examples_rclcpp_minimal_service/hook/cmake_prefix_path.sh'
[4.668s] Level 1:colcon.colcon_core.environment:checking '/home/yahboom/intro_ws/install/examples_rclcpp_minimal_service/lib'
[4.668s] Level 1:colcon.colcon_core.environment:checking '/home/yahboom/intro_ws/install/examples_rclcpp_minimal_service/bin'
[4.668s] Level 1:colcon.colcon_core.environment:checking '/home/yahboom/intro_ws/install/examples_rclcpp_minimal_service/lib/pkgconfig/examples_rclcpp_minimal_service.pc'
[4.668s] Level 1:colcon.colcon_core.environment:checking '/home/yahboom/intro_ws/install/examples_rclcpp_minimal_service/lib/python3.10/site-packages'
[4.669s] Level 1:colcon.colcon_core.environment:checking '/home/yahboom/intro_ws/install/examples_rclcpp_minimal_service/bin'
[4.669s] INFO:colcon.colcon_core.shell:Creating package script '/home/yahboom/intro_ws/install/examples_rclcpp_minimal_service/share/examples_rclcpp_minimal_service/package.ps1'
[4.674s] INFO:colcon.colcon_core.shell:Creating package descriptor '/home/yahboom/intro_ws/install/examples_rclcpp_minimal_service/share/examples_rclcpp_minimal_service/package.dsv'
[4.674s] INFO:colcon.colcon_core.shell:Creating package script '/home/yahboom/intro_ws/install/examples_rclcpp_minimal_service/share/examples_rclcpp_minimal_service/package.sh'
[4.675s] INFO:colcon.colcon_core.shell:Creating package script '/home/yahboom/intro_ws/install/examples_rclcpp_minimal_service/share/examples_rclcpp_minimal_service/package.bash'
[4.676s] INFO:colcon.colcon_core.shell:Creating package script '/home/yahboom/intro_ws/install/examples_rclcpp_minimal_service/share/examples_rclcpp_minimal_service/package.zsh'
[4.676s] Level 1:colcon.colcon_core.environment:create_file_with_runtime_dependencies(/home/yahboom/intro_ws/install/examples_rclcpp_minimal_service/share/colcon-core/packages/examples_rclcpp_minimal_service)
[4.693s] Level 1:colcon.colcon_core.environment:create_environment_scripts_only(examples_rclcpp_minimal_publisher)
[4.694s] Level 1:colcon.colcon_core.environment:checking '/home/yahboom/intro_ws/install/examples_rclcpp_minimal_publisher' for CMake module files
[4.694s] DEBUG:colcon.colcon_core.event_handler.log_command:Invoked command in '/home/yahboom/intro_ws/build/examples_rclcpp_minimal_publisher' returned '0': CMAKE_PREFIX_PATH=${CMAKE_PREFIX_PATH}:/home/yahboom/intro_ws/install/turtle_test:/home/yahboom/intro_ws/install/time_tf2_py:/home/yahboom/intro_ws/install/test_tf2_py:/home/yahboom/intro_ws/install/python_parameters:/home/yahboom/intro_ws/install/launch_testing_examples:/home/yahboom/intro_ws/install/examples_rclpy_pointcloud_publisher:/home/yahboom/intro_ws/install/examples_rclpy_minimal_subscriber:/home/yahboom/intro_ws/install/examples_rclpy_minimal_service:/home/yahboom/intro_ws/install/examples_rclpy_minimal_publisher:/home/yahboom/intro_ws/install/examples_rclpy_minimal_client:/home/yahboom/intro_ws/install/examples_rclpy_minimal_action_server:/home/yahboom/intro_ws/install/examples_rclpy_minimal_action_client:/home/yahboom/intro_ws/install/examples_rclpy_guard_conditions:/home/yahboom/intro_ws/install/examples_rclpy_executors:/home/yahboom/cartoros2/install/yahboomcar_nav:/home/yahboom/cartoros2/install/yahboomcar_ctrl:/home/yahboom/cartoros2/install/yahboom_visual:/home/yahboom/cartoros2/install/yahboom_dog_joint_state:/home/yahboom/cartoros2/install/yahboom_description:/home/yahboom/cartoros2/install/yahboom_color_identify_server:/home/yahboom/cartoros2/install/yahboom_bringup:/home/yahboom/cartoros2/install/yahboom_base:/home/yahboom/cartoros2/install/yahboom_app_save_map:/home/yahboom/cartoros2/install/update_map:/home/yahboom/cartoros2/install/rosboard:/home/yahboom/cartoros2/install/path_planner_server:/home/yahboom/cartoros2/install/nav2_simple_commander:/home/yahboom/cartoros2/install/nav2_gazebo_spawner:/home/yahboom/cartoros2/install/localization_server:/home/yahboom/cartoros2/install/laserscan_to_point_pulisher:/home/yahboom/yahboomcar_ws/install/yahboom_dog_example:/opt/ros/humble /usr/bin/cmake --install /home/yahboom/intro_ws/build/examples_rclcpp_minimal_publisher
[4.695s] Level 1:colcon.colcon_core.environment:checking '/home/yahboom/intro_ws/install/examples_rclcpp_minimal_publisher' for CMake config files
[4.695s] Level 1:colcon.colcon_core.shell:create_environment_hook('examples_rclcpp_minimal_publisher', 'cmake_prefix_path')
[4.695s] INFO:colcon.colcon_core.shell:Creating environment hook '/home/yahboom/intro_ws/install/examples_rclcpp_minimal_publisher/share/examples_rclcpp_minimal_publisher/hook/cmake_prefix_path.ps1'
[4.696s] INFO:colcon.colcon_core.shell:Creating environment descriptor '/home/yahboom/intro_ws/install/examples_rclcpp_minimal_publisher/share/examples_rclcpp_minimal_publisher/hook/cmake_prefix_path.dsv'
[4.697s] INFO:colcon.colcon_core.shell:Creating environment hook '/home/yahboom/intro_ws/install/examples_rclcpp_minimal_publisher/share/examples_rclcpp_minimal_publisher/hook/cmake_prefix_path.sh'
[4.697s] Level 1:colcon.colcon_core.environment:checking '/home/yahboom/intro_ws/install/examples_rclcpp_minimal_publisher/lib'
[4.697s] Level 1:colcon.colcon_core.environment:checking '/home/yahboom/intro_ws/install/examples_rclcpp_minimal_publisher/bin'
[4.697s] Level 1:colcon.colcon_core.environment:checking '/home/yahboom/intro_ws/install/examples_rclcpp_minimal_publisher/lib/pkgconfig/examples_rclcpp_minimal_publisher.pc'
[4.698s] Level 1:colcon.colcon_core.environment:checking '/home/yahboom/intro_ws/install/examples_rclcpp_minimal_publisher/lib/python3.10/site-packages'
[4.698s] Level 1:colcon.colcon_core.environment:checking '/home/yahboom/intro_ws/install/examples_rclcpp_minimal_publisher/bin'
[4.698s] INFO:colcon.colcon_core.shell:Creating package script '/home/yahboom/intro_ws/install/examples_rclcpp_minimal_publisher/share/examples_rclcpp_minimal_publisher/package.ps1'
[4.699s] INFO:colcon.colcon_core.shell:Creating package descriptor '/home/yahboom/intro_ws/install/examples_rclcpp_minimal_publisher/share/examples_rclcpp_minimal_publisher/package.dsv'
[4.699s] INFO:colcon.colcon_core.shell:Creating package script '/home/yahboom/intro_ws/install/examples_rclcpp_minimal_publisher/share/examples_rclcpp_minimal_publisher/package.sh'
[4.700s] INFO:colcon.colcon_core.shell:Creating package script '/home/yahboom/intro_ws/install/examples_rclcpp_minimal_publisher/share/examples_rclcpp_minimal_publisher/package.bash'
[4.700s] INFO:colcon.colcon_core.shell:Creating package script '/home/yahboom/intro_ws/install/examples_rclcpp_minimal_publisher/share/examples_rclcpp_minimal_publisher/package.zsh'
[4.702s] Level 1:colcon.colcon_core.environment:create_file_with_runtime_dependencies(/home/yahboom/intro_ws/install/examples_rclcpp_minimal_publisher/share/colcon-core/packages/examples_rclcpp_minimal_publisher)
[4.795s] Level 1:colcon.colcon_core.environment:create_environment_scripts_only(examples_rclcpp_minimal_service)
[4.796s] Level 1:colcon.colcon_core.environment:checking '/home/yahboom/intro_ws/install/examples_rclcpp_minimal_service' for CMake module files
[4.797s] Level 1:colcon.colcon_core.environment:checking '/home/yahboom/intro_ws/install/examples_rclcpp_minimal_service' for CMake config files
[4.800s] Level 1:colcon.colcon_core.shell:create_environment_hook('examples_rclcpp_minimal_service', 'cmake_prefix_path')
[4.800s] INFO:colcon.colcon_core.shell:Creating environment hook '/home/yahboom/intro_ws/install/examples_rclcpp_minimal_service/share/examples_rclcpp_minimal_service/hook/cmake_prefix_path.ps1'
[4.802s] INFO:colcon.colcon_core.shell:Creating environment descriptor '/home/yahboom/intro_ws/install/examples_rclcpp_minimal_service/share/examples_rclcpp_minimal_service/hook/cmake_prefix_path.dsv'
[4.804s] INFO:colcon.colcon_core.shell:Creating environment hook '/home/yahboom/intro_ws/install/examples_rclcpp_minimal_service/share/examples_rclcpp_minimal_service/hook/cmake_prefix_path.sh'
[4.805s] Level 1:colcon.colcon_core.environment:checking '/home/yahboom/intro_ws/install/examples_rclcpp_minimal_service/lib'
[4.805s] Level 1:colcon.colcon_core.environment:checking '/home/yahboom/intro_ws/install/examples_rclcpp_minimal_service/bin'
[4.805s] Level 1:colcon.colcon_core.environment:checking '/home/yahboom/intro_ws/install/examples_rclcpp_minimal_service/lib/pkgconfig/examples_rclcpp_minimal_service.pc'
[4.805s] Level 1:colcon.colcon_core.environment:checking '/home/yahboom/intro_ws/install/examples_rclcpp_minimal_service/lib/python3.10/site-packages'
[4.805s] Level 1:colcon.colcon_core.environment:checking '/home/yahboom/intro_ws/install/examples_rclcpp_minimal_service/bin'
[4.805s] INFO:colcon.colcon_core.shell:Creating package script '/home/yahboom/intro_ws/install/examples_rclcpp_minimal_service/share/examples_rclcpp_minimal_service/package.ps1'
[4.806s] INFO:colcon.colcon_core.shell:Creating package descriptor '/home/yahboom/intro_ws/install/examples_rclcpp_minimal_service/share/examples_rclcpp_minimal_service/package.dsv'
[4.807s] INFO:colcon.colcon_core.shell:Creating package script '/home/yahboom/intro_ws/install/examples_rclcpp_minimal_service/share/examples_rclcpp_minimal_service/package.sh'
[4.808s] INFO:colcon.colcon_core.shell:Creating package script '/home/yahboom/intro_ws/install/examples_rclcpp_minimal_service/share/examples_rclcpp_minimal_service/package.bash'
[4.808s] INFO:colcon.colcon_core.shell:Creating package script '/home/yahboom/intro_ws/install/examples_rclcpp_minimal_service/share/examples_rclcpp_minimal_service/package.zsh'
[4.809s] Level 1:colcon.colcon_core.environment:create_file_with_runtime_dependencies(/home/yahboom/intro_ws/install/examples_rclcpp_minimal_service/share/colcon-core/packages/examples_rclcpp_minimal_service)
[4.810s] INFO:colcon.colcon_ros.task.ament_cmake.build:Building ROS package in '/home/yahboom/intro_ws/src/examples/rclcpp/executors/multithreaded_executor' with build type 'ament_cmake'
[4.811s] INFO:colcon.colcon_cmake.task.cmake.build:Building CMake package in '/home/yahboom/intro_ws/src/examples/rclcpp/executors/multithreaded_executor'
[4.811s] INFO:colcon.colcon_core.shell:Skip shell extension 'powershell' for command environment: Not usable outside of PowerShell
[4.811s] DEBUG:colcon.colcon_core.shell:Skip shell extension 'dsv' for command environment
[4.850s] DEBUG:colcon.colcon_core.event_handler.log_command:Invoked command in '/home/yahboom/intro_ws/build/examples_rclcpp_minimal_timer' returned '0': CMAKE_PREFIX_PATH=${CMAKE_PREFIX_PATH}:/home/yahboom/intro_ws/install/turtle_test:/home/yahboom/intro_ws/install/time_tf2_py:/home/yahboom/intro_ws/install/test_tf2_py:/home/yahboom/intro_ws/install/python_parameters:/home/yahboom/intro_ws/install/launch_testing_examples:/home/yahboom/intro_ws/install/examples_rclpy_pointcloud_publisher:/home/yahboom/intro_ws/install/examples_rclpy_minimal_subscriber:/home/yahboom/intro_ws/install/examples_rclpy_minimal_service:/home/yahboom/intro_ws/install/examples_rclpy_minimal_publisher:/home/yahboom/intro_ws/install/examples_rclpy_minimal_client:/home/yahboom/intro_ws/install/examples_rclpy_minimal_action_server:/home/yahboom/intro_ws/install/examples_rclpy_minimal_action_client:/home/yahboom/intro_ws/install/examples_rclpy_guard_conditions:/home/yahboom/intro_ws/install/examples_rclpy_executors:/home/yahboom/cartoros2/install/yahboomcar_nav:/home/yahboom/cartoros2/install/yahboomcar_ctrl:/home/yahboom/cartoros2/install/yahboom_visual:/home/yahboom/cartoros2/install/yahboom_dog_joint_state:/home/yahboom/cartoros2/install/yahboom_description:/home/yahboom/cartoros2/install/yahboom_color_identify_server:/home/yahboom/cartoros2/install/yahboom_bringup:/home/yahboom/cartoros2/install/yahboom_base:/home/yahboom/cartoros2/install/yahboom_app_save_map:/home/yahboom/cartoros2/install/update_map:/home/yahboom/cartoros2/install/rosboard:/home/yahboom/cartoros2/install/path_planner_server:/home/yahboom/cartoros2/install/nav2_simple_commander:/home/yahboom/cartoros2/install/nav2_gazebo_spawner:/home/yahboom/cartoros2/install/localization_server:/home/yahboom/cartoros2/install/laserscan_to_point_pulisher:/home/yahboom/yahboomcar_ws/install/yahboom_dog_example:/opt/ros/humble /usr/bin/cmake /home/yahboom/intro_ws/src/examples/rclcpp/timers/minimal_timer -DAMENT_CMAKE_SYMLINK_INSTALL=1 -DCMAKE_INSTALL_PREFIX=/home/yahboom/intro_ws/install/examples_rclcpp_minimal_timer
[4.854s] DEBUG:colcon.colcon_core.event_handler.log_command:Invoking command in '/home/yahboom/intro_ws/build/examples_rclcpp_minimal_timer': CMAKE_PREFIX_PATH=${CMAKE_PREFIX_PATH}:/home/yahboom/intro_ws/install/turtle_test:/home/yahboom/intro_ws/install/time_tf2_py:/home/yahboom/intro_ws/install/test_tf2_py:/home/yahboom/intro_ws/install/python_parameters:/home/yahboom/intro_ws/install/launch_testing_examples:/home/yahboom/intro_ws/install/examples_rclpy_pointcloud_publisher:/home/yahboom/intro_ws/install/examples_rclpy_minimal_subscriber:/home/yahboom/intro_ws/install/examples_rclpy_minimal_service:/home/yahboom/intro_ws/install/examples_rclpy_minimal_publisher:/home/yahboom/intro_ws/install/examples_rclpy_minimal_client:/home/yahboom/intro_ws/install/examples_rclpy_minimal_action_server:/home/yahboom/intro_ws/install/examples_rclpy_minimal_action_client:/home/yahboom/intro_ws/install/examples_rclpy_guard_conditions:/home/yahboom/intro_ws/install/examples_rclpy_executors:/home/yahboom/cartoros2/install/yahboomcar_nav:/home/yahboom/cartoros2/install/yahboomcar_ctrl:/home/yahboom/cartoros2/install/yahboom_visual:/home/yahboom/cartoros2/install/yahboom_dog_joint_state:/home/yahboom/cartoros2/install/yahboom_description:/home/yahboom/cartoros2/install/yahboom_color_identify_server:/home/yahboom/cartoros2/install/yahboom_bringup:/home/yahboom/cartoros2/install/yahboom_base:/home/yahboom/cartoros2/install/yahboom_app_save_map:/home/yahboom/cartoros2/install/update_map:/home/yahboom/cartoros2/install/rosboard:/home/yahboom/cartoros2/install/path_planner_server:/home/yahboom/cartoros2/install/nav2_simple_commander:/home/yahboom/cartoros2/install/nav2_gazebo_spawner:/home/yahboom/cartoros2/install/localization_server:/home/yahboom/cartoros2/install/laserscan_to_point_pulisher:/home/yahboom/yahboomcar_ws/install/yahboom_dog_example:/opt/ros/humble /usr/bin/cmake --build /home/yahboom/intro_ws/build/examples_rclcpp_minimal_timer -- -j4 -l4
[4.868s] DEBUG:colcon.colcon_core.event_handler.log_command:Invoking command in '/home/yahboom/intro_ws/build/examples_rclcpp_multithreaded_executor': CMAKE_PREFIX_PATH=${CMAKE_PREFIX_PATH}:/home/yahboom/intro_ws/install/turtle_test:/home/yahboom/intro_ws/install/time_tf2_py:/home/yahboom/intro_ws/install/test_tf2_py:/home/yahboom/intro_ws/install/python_parameters:/home/yahboom/intro_ws/install/launch_testing_examples:/home/yahboom/intro_ws/install/examples_rclpy_pointcloud_publisher:/home/yahboom/intro_ws/install/examples_rclpy_minimal_subscriber:/home/yahboom/intro_ws/install/examples_rclpy_minimal_service:/home/yahboom/intro_ws/install/examples_rclpy_minimal_publisher:/home/yahboom/intro_ws/install/examples_rclpy_minimal_client:/home/yahboom/intro_ws/install/examples_rclpy_minimal_action_server:/home/yahboom/intro_ws/install/examples_rclpy_minimal_action_client:/home/yahboom/intro_ws/install/examples_rclpy_guard_conditions:/home/yahboom/intro_ws/install/examples_rclpy_executors:/home/yahboom/cartoros2/install/yahboomcar_nav:/home/yahboom/cartoros2/install/yahboomcar_ctrl:/home/yahboom/cartoros2/install/yahboom_visual:/home/yahboom/cartoros2/install/yahboom_dog_joint_state:/home/yahboom/cartoros2/install/yahboom_description:/home/yahboom/cartoros2/install/yahboom_color_identify_server:/home/yahboom/cartoros2/install/yahboom_bringup:/home/yahboom/cartoros2/install/yahboom_base:/home/yahboom/cartoros2/install/yahboom_app_save_map:/home/yahboom/cartoros2/install/update_map:/home/yahboom/cartoros2/install/rosboard:/home/yahboom/cartoros2/install/path_planner_server:/home/yahboom/cartoros2/install/nav2_simple_commander:/home/yahboom/cartoros2/install/nav2_gazebo_spawner:/home/yahboom/cartoros2/install/localization_server:/home/yahboom/cartoros2/install/laserscan_to_point_pulisher:/home/yahboom/yahboomcar_ws/install/yahboom_dog_example:/opt/ros/humble /usr/bin/cmake /home/yahboom/intro_ws/src/examples/rclcpp/executors/multithreaded_executor -DAMENT_CMAKE_SYMLINK_INSTALL=1 -DCMAKE_INSTALL_PREFIX=/home/yahboom/intro_ws/install/examples_rclcpp_multithreaded_executor
[4.971s] Level 1:colcon.colcon_core.environment:create_environment_scripts_only(examples_rclcpp_minimal_publisher)
[4.972s] Level 1:colcon.colcon_core.environment:checking '/home/yahboom/intro_ws/install/examples_rclcpp_minimal_publisher' for CMake module files
[4.972s] Level 1:colcon.colcon_core.environment:checking '/home/yahboom/intro_ws/install/examples_rclcpp_minimal_publisher' for CMake config files
[4.972s] Level 1:colcon.colcon_core.shell:create_environment_hook('examples_rclcpp_minimal_publisher', 'cmake_prefix_path')
[4.973s] INFO:colcon.colcon_core.shell:Creating environment hook '/home/yahboom/intro_ws/install/examples_rclcpp_minimal_publisher/share/examples_rclcpp_minimal_publisher/hook/cmake_prefix_path.ps1'
[4.974s] INFO:colcon.colcon_core.shell:Creating environment descriptor '/home/yahboom/intro_ws/install/examples_rclcpp_minimal_publisher/share/examples_rclcpp_minimal_publisher/hook/cmake_prefix_path.dsv'
[4.976s] INFO:colcon.colcon_core.shell:Creating environment hook '/home/yahboom/intro_ws/install/examples_rclcpp_minimal_publisher/share/examples_rclcpp_minimal_publisher/hook/cmake_prefix_path.sh'
[4.978s] Level 1:colcon.colcon_core.environment:checking '/home/yahboom/intro_ws/install/examples_rclcpp_minimal_publisher/lib'
[4.978s] Level 1:colcon.colcon_core.environment:checking '/home/yahboom/intro_ws/install/examples_rclcpp_minimal_publisher/bin'
[4.978s] Level 1:colcon.colcon_core.environment:checking '/home/yahboom/intro_ws/install/examples_rclcpp_minimal_publisher/lib/pkgconfig/examples_rclcpp_minimal_publisher.pc'
[4.979s] Level 1:colcon.colcon_core.environment:checking '/home/yahboom/intro_ws/install/examples_rclcpp_minimal_publisher/lib/python3.10/site-packages'
[4.980s] Level 1:colcon.colcon_core.environment:checking '/home/yahboom/intro_ws/install/examples_rclcpp_minimal_publisher/bin'
[4.980s] INFO:colcon.colcon_core.shell:Creating package script '/home/yahboom/intro_ws/install/examples_rclcpp_minimal_publisher/share/examples_rclcpp_minimal_publisher/package.ps1'
[4.983s] INFO:colcon.colcon_core.shell:Creating package descriptor '/home/yahboom/intro_ws/install/examples_rclcpp_minimal_publisher/share/examples_rclcpp_minimal_publisher/package.dsv'
[4.984s] INFO:colcon.colcon_core.shell:Creating package script '/home/yahboom/intro_ws/install/examples_rclcpp_minimal_publisher/share/examples_rclcpp_minimal_publisher/package.sh'
[4.984s] INFO:colcon.colcon_core.shell:Creating package script '/home/yahboom/intro_ws/install/examples_rclcpp_minimal_publisher/share/examples_rclcpp_minimal_publisher/package.bash'
[4.985s] INFO:colcon.colcon_core.shell:Creating package script '/home/yahboom/intro_ws/install/examples_rclcpp_minimal_publisher/share/examples_rclcpp_minimal_publisher/package.zsh'
[4.985s] Level 1:colcon.colcon_core.environment:create_file_with_runtime_dependencies(/home/yahboom/intro_ws/install/examples_rclcpp_minimal_publisher/share/colcon-core/packages/examples_rclcpp_minimal_publisher)
[4.992s] INFO:colcon.colcon_ros.task.ament_cmake.build:Building ROS package in '/home/yahboom/intro_ws/src/examples/rclcpp/wait_set' with build type 'ament_cmake'
[4.992s] INFO:colcon.colcon_cmake.task.cmake.build:Building CMake package in '/home/yahboom/intro_ws/src/examples/rclcpp/wait_set'
[4.992s] INFO:colcon.colcon_core.shell:Skip shell extension 'powershell' for command environment: Not usable outside of PowerShell
[4.992s] DEBUG:colcon.colcon_core.shell:Skip shell extension 'dsv' for command environment
[5.023s] DEBUG:colcon.colcon_core.event_handler.log_command:Invoking command in '/home/yahboom/intro_ws/build/examples_rclcpp_wait_set': CMAKE_PREFIX_PATH=${CMAKE_PREFIX_PATH}:/home/yahboom/intro_ws/install/turtle_test:/home/yahboom/intro_ws/install/time_tf2_py:/home/yahboom/intro_ws/install/test_tf2_py:/home/yahboom/intro_ws/install/python_parameters:/home/yahboom/intro_ws/install/launch_testing_examples:/home/yahboom/intro_ws/install/examples_rclpy_pointcloud_publisher:/home/yahboom/intro_ws/install/examples_rclpy_minimal_subscriber:/home/yahboom/intro_ws/install/examples_rclpy_minimal_service:/home/yahboom/intro_ws/install/examples_rclpy_minimal_publisher:/home/yahboom/intro_ws/install/examples_rclpy_minimal_client:/home/yahboom/intro_ws/install/examples_rclpy_minimal_action_server:/home/yahboom/intro_ws/install/examples_rclpy_minimal_action_client:/home/yahboom/intro_ws/install/examples_rclpy_guard_conditions:/home/yahboom/intro_ws/install/examples_rclpy_executors:/home/yahboom/cartoros2/install/yahboomcar_nav:/home/yahboom/cartoros2/install/yahboomcar_ctrl:/home/yahboom/cartoros2/install/yahboom_visual:/home/yahboom/cartoros2/install/yahboom_dog_joint_state:/home/yahboom/cartoros2/install/yahboom_description:/home/yahboom/cartoros2/install/yahboom_color_identify_server:/home/yahboom/cartoros2/install/yahboom_bringup:/home/yahboom/cartoros2/install/yahboom_base:/home/yahboom/cartoros2/install/yahboom_app_save_map:/home/yahboom/cartoros2/install/update_map:/home/yahboom/cartoros2/install/rosboard:/home/yahboom/cartoros2/install/path_planner_server:/home/yahboom/cartoros2/install/nav2_simple_commander:/home/yahboom/cartoros2/install/nav2_gazebo_spawner:/home/yahboom/cartoros2/install/localization_server:/home/yahboom/cartoros2/install/laserscan_to_point_pulisher:/home/yahboom/yahboomcar_ws/install/yahboom_dog_example:/opt/ros/humble /usr/bin/cmake /home/yahboom/intro_ws/src/examples/rclcpp/wait_set -DAMENT_CMAKE_SYMLINK_INSTALL=1 -DCMAKE_INSTALL_PREFIX=/home/yahboom/intro_ws/install/examples_rclcpp_wait_set
[5.031s] DEBUG:colcon.colcon_core.event_handler.log_command:Invoked command in '/home/yahboom/intro_ws/build/examples_rclcpp_minimal_subscriber' returned '0': CMAKE_PREFIX_PATH=${CMAKE_PREFIX_PATH}:/home/yahboom/intro_ws/install/turtle_test:/home/yahboom/intro_ws/install/time_tf2_py:/home/yahboom/intro_ws/install/test_tf2_py:/home/yahboom/intro_ws/install/python_parameters:/home/yahboom/intro_ws/install/launch_testing_examples:/home/yahboom/intro_ws/install/examples_rclpy_pointcloud_publisher:/home/yahboom/intro_ws/install/examples_rclpy_minimal_subscriber:/home/yahboom/intro_ws/install/examples_rclpy_minimal_service:/home/yahboom/intro_ws/install/examples_rclpy_minimal_publisher:/home/yahboom/intro_ws/install/examples_rclpy_minimal_client:/home/yahboom/intro_ws/install/examples_rclpy_minimal_action_server:/home/yahboom/intro_ws/install/examples_rclpy_minimal_action_client:/home/yahboom/intro_ws/install/examples_rclpy_guard_conditions:/home/yahboom/intro_ws/install/examples_rclpy_executors:/home/yahboom/cartoros2/install/yahboomcar_nav:/home/yahboom/cartoros2/install/yahboomcar_ctrl:/home/yahboom/cartoros2/install/yahboom_visual:/home/yahboom/cartoros2/install/yahboom_dog_joint_state:/home/yahboom/cartoros2/install/yahboom_description:/home/yahboom/cartoros2/install/yahboom_color_identify_server:/home/yahboom/cartoros2/install/yahboom_bringup:/home/yahboom/cartoros2/install/yahboom_base:/home/yahboom/cartoros2/install/yahboom_app_save_map:/home/yahboom/cartoros2/install/update_map:/home/yahboom/cartoros2/install/rosboard:/home/yahboom/cartoros2/install/path_planner_server:/home/yahboom/cartoros2/install/nav2_simple_commander:/home/yahboom/cartoros2/install/nav2_gazebo_spawner:/home/yahboom/cartoros2/install/localization_server:/home/yahboom/cartoros2/install/laserscan_to_point_pulisher:/home/yahboom/yahboomcar_ws/install/yahboom_dog_example:/opt/ros/humble /usr/bin/cmake --build /home/yahboom/intro_ws/build/examples_rclcpp_minimal_subscriber -- -j4 -l4
[5.044s] DEBUG:colcon.colcon_core.event_handler.log_command:Invoked command in '/home/yahboom/intro_ws/build/examples_rclcpp_minimal_timer' returned '0': CMAKE_PREFIX_PATH=${CMAKE_PREFIX_PATH}:/home/yahboom/intro_ws/install/turtle_test:/home/yahboom/intro_ws/install/time_tf2_py:/home/yahboom/intro_ws/install/test_tf2_py:/home/yahboom/intro_ws/install/python_parameters:/home/yahboom/intro_ws/install/launch_testing_examples:/home/yahboom/intro_ws/install/examples_rclpy_pointcloud_publisher:/home/yahboom/intro_ws/install/examples_rclpy_minimal_subscriber:/home/yahboom/intro_ws/install/examples_rclpy_minimal_service:/home/yahboom/intro_ws/install/examples_rclpy_minimal_publisher:/home/yahboom/intro_ws/install/examples_rclpy_minimal_client:/home/yahboom/intro_ws/install/examples_rclpy_minimal_action_server:/home/yahboom/intro_ws/install/examples_rclpy_minimal_action_client:/home/yahboom/intro_ws/install/examples_rclpy_guard_conditions:/home/yahboom/intro_ws/install/examples_rclpy_executors:/home/yahboom/cartoros2/install/yahboomcar_nav:/home/yahboom/cartoros2/install/yahboomcar_ctrl:/home/yahboom/cartoros2/install/yahboom_visual:/home/yahboom/cartoros2/install/yahboom_dog_joint_state:/home/yahboom/cartoros2/install/yahboom_description:/home/yahboom/cartoros2/install/yahboom_color_identify_server:/home/yahboom/cartoros2/install/yahboom_bringup:/home/yahboom/cartoros2/install/yahboom_base:/home/yahboom/cartoros2/install/yahboom_app_save_map:/home/yahboom/cartoros2/install/update_map:/home/yahboom/cartoros2/install/rosboard:/home/yahboom/cartoros2/install/path_planner_server:/home/yahboom/cartoros2/install/nav2_simple_commander:/home/yahboom/cartoros2/install/nav2_gazebo_spawner:/home/yahboom/cartoros2/install/localization_server:/home/yahboom/cartoros2/install/laserscan_to_point_pulisher:/home/yahboom/yahboomcar_ws/install/yahboom_dog_example:/opt/ros/humble /usr/bin/cmake --build /home/yahboom/intro_ws/build/examples_rclcpp_minimal_timer -- -j4 -l4
[5.131s] DEBUG:colcon.colcon_core.event_handler.log_command:Invoking command in '/home/yahboom/intro_ws/build/examples_rclcpp_minimal_timer': CMAKE_PREFIX_PATH=${CMAKE_PREFIX_PATH}:/home/yahboom/intro_ws/install/turtle_test:/home/yahboom/intro_ws/install/time_tf2_py:/home/yahboom/intro_ws/install/test_tf2_py:/home/yahboom/intro_ws/install/python_parameters:/home/yahboom/intro_ws/install/launch_testing_examples:/home/yahboom/intro_ws/install/examples_rclpy_pointcloud_publisher:/home/yahboom/intro_ws/install/examples_rclpy_minimal_subscriber:/home/yahboom/intro_ws/install/examples_rclpy_minimal_service:/home/yahboom/intro_ws/install/examples_rclpy_minimal_publisher:/home/yahboom/intro_ws/install/examples_rclpy_minimal_client:/home/yahboom/intro_ws/install/examples_rclpy_minimal_action_server:/home/yahboom/intro_ws/install/examples_rclpy_minimal_action_client:/home/yahboom/intro_ws/install/examples_rclpy_guard_conditions:/home/yahboom/intro_ws/install/examples_rclpy_executors:/home/yahboom/cartoros2/install/yahboomcar_nav:/home/yahboom/cartoros2/install/yahboomcar_ctrl:/home/yahboom/cartoros2/install/yahboom_visual:/home/yahboom/cartoros2/install/yahboom_dog_joint_state:/home/yahboom/cartoros2/install/yahboom_description:/home/yahboom/cartoros2/install/yahboom_color_identify_server:/home/yahboom/cartoros2/install/yahboom_bringup:/home/yahboom/cartoros2/install/yahboom_base:/home/yahboom/cartoros2/install/yahboom_app_save_map:/home/yahboom/cartoros2/install/update_map:/home/yahboom/cartoros2/install/rosboard:/home/yahboom/cartoros2/install/path_planner_server:/home/yahboom/cartoros2/install/nav2_simple_commander:/home/yahboom/cartoros2/install/nav2_gazebo_spawner:/home/yahboom/cartoros2/install/localization_server:/home/yahboom/cartoros2/install/laserscan_to_point_pulisher:/home/yahboom/yahboomcar_ws/install/yahboom_dog_example:/opt/ros/humble /usr/bin/cmake --install /home/yahboom/intro_ws/build/examples_rclcpp_minimal_timer
[5.171s] Level 1:colcon.colcon_core.environment:create_environment_scripts_only(examples_rclcpp_minimal_timer)
[5.172s] Level 1:colcon.colcon_core.environment:checking '/home/yahboom/intro_ws/install/examples_rclcpp_minimal_timer' for CMake module files
[5.172s] Level 1:colcon.colcon_core.environment:checking '/home/yahboom/intro_ws/install/examples_rclcpp_minimal_timer' for CMake config files
[5.172s] Level 1:colcon.colcon_core.shell:create_environment_hook('examples_rclcpp_minimal_timer', 'cmake_prefix_path')
[5.172s] INFO:colcon.colcon_core.shell:Creating environment hook '/home/yahboom/intro_ws/install/examples_rclcpp_minimal_timer/share/examples_rclcpp_minimal_timer/hook/cmake_prefix_path.ps1'
[5.173s] DEBUG:colcon.colcon_core.event_handler.log_command:Invoked command in '/home/yahboom/intro_ws/build/examples_rclcpp_minimal_timer' returned '0': CMAKE_PREFIX_PATH=${CMAKE_PREFIX_PATH}:/home/yahboom/intro_ws/install/turtle_test:/home/yahboom/intro_ws/install/time_tf2_py:/home/yahboom/intro_ws/install/test_tf2_py:/home/yahboom/intro_ws/install/python_parameters:/home/yahboom/intro_ws/install/launch_testing_examples:/home/yahboom/intro_ws/install/examples_rclpy_pointcloud_publisher:/home/yahboom/intro_ws/install/examples_rclpy_minimal_subscriber:/home/yahboom/intro_ws/install/examples_rclpy_minimal_service:/home/yahboom/intro_ws/install/examples_rclpy_minimal_publisher:/home/yahboom/intro_ws/install/examples_rclpy_minimal_client:/home/yahboom/intro_ws/install/examples_rclpy_minimal_action_server:/home/yahboom/intro_ws/install/examples_rclpy_minimal_action_client:/home/yahboom/intro_ws/install/examples_rclpy_guard_conditions:/home/yahboom/intro_ws/install/examples_rclpy_executors:/home/yahboom/cartoros2/install/yahboomcar_nav:/home/yahboom/cartoros2/install/yahboomcar_ctrl:/home/yahboom/cartoros2/install/yahboom_visual:/home/yahboom/cartoros2/install/yahboom_dog_joint_state:/home/yahboom/cartoros2/install/yahboom_description:/home/yahboom/cartoros2/install/yahboom_color_identify_server:/home/yahboom/cartoros2/install/yahboom_bringup:/home/yahboom/cartoros2/install/yahboom_base:/home/yahboom/cartoros2/install/yahboom_app_save_map:/home/yahboom/cartoros2/install/update_map:/home/yahboom/cartoros2/install/rosboard:/home/yahboom/cartoros2/install/path_planner_server:/home/yahboom/cartoros2/install/nav2_simple_commander:/home/yahboom/cartoros2/install/nav2_gazebo_spawner:/home/yahboom/cartoros2/install/localization_server:/home/yahboom/cartoros2/install/laserscan_to_point_pulisher:/home/yahboom/yahboomcar_ws/install/yahboom_dog_example:/opt/ros/humble /usr/bin/cmake --install /home/yahboom/intro_ws/build/examples_rclcpp_minimal_timer
[5.174s] INFO:colcon.colcon_core.shell:Creating environment descriptor '/home/yahboom/intro_ws/install/examples_rclcpp_minimal_timer/share/examples_rclcpp_minimal_timer/hook/cmake_prefix_path.dsv'
[5.175s] INFO:colcon.colcon_core.shell:Creating environment hook '/home/yahboom/intro_ws/install/examples_rclcpp_minimal_timer/share/examples_rclcpp_minimal_timer/hook/cmake_prefix_path.sh'
[5.175s] Level 1:colcon.colcon_core.environment:checking '/home/yahboom/intro_ws/install/examples_rclcpp_minimal_timer/lib'
[5.175s] Level 1:colcon.colcon_core.environment:checking '/home/yahboom/intro_ws/install/examples_rclcpp_minimal_timer/bin'
[5.176s] Level 1:colcon.colcon_core.environment:checking '/home/yahboom/intro_ws/install/examples_rclcpp_minimal_timer/lib/pkgconfig/examples_rclcpp_minimal_timer.pc'
[5.176s] Level 1:colcon.colcon_core.environment:checking '/home/yahboom/intro_ws/install/examples_rclcpp_minimal_timer/lib/python3.10/site-packages'
[5.176s] Level 1:colcon.colcon_core.environment:checking '/home/yahboom/intro_ws/install/examples_rclcpp_minimal_timer/bin'
[5.176s] INFO:colcon.colcon_core.shell:Creating package script '/home/yahboom/intro_ws/install/examples_rclcpp_minimal_timer/share/examples_rclcpp_minimal_timer/package.ps1'
[5.177s] INFO:colcon.colcon_core.shell:Creating package descriptor '/home/yahboom/intro_ws/install/examples_rclcpp_minimal_timer/share/examples_rclcpp_minimal_timer/package.dsv'
[5.177s] INFO:colcon.colcon_core.shell:Creating package script '/home/yahboom/intro_ws/install/examples_rclcpp_minimal_timer/share/examples_rclcpp_minimal_timer/package.sh'
[5.178s] INFO:colcon.colcon_core.shell:Creating package script '/home/yahboom/intro_ws/install/examples_rclcpp_minimal_timer/share/examples_rclcpp_minimal_timer/package.bash'
[5.179s] INFO:colcon.colcon_core.shell:Creating package script '/home/yahboom/intro_ws/install/examples_rclcpp_minimal_timer/share/examples_rclcpp_minimal_timer/package.zsh'
[5.179s] Level 1:colcon.colcon_core.environment:create_file_with_runtime_dependencies(/home/yahboom/intro_ws/install/examples_rclcpp_minimal_timer/share/colcon-core/packages/examples_rclcpp_minimal_timer)
[5.250s] DEBUG:colcon.colcon_core.event_handler.log_command:Invoking command in '/home/yahboom/intro_ws/build/examples_rclcpp_minimal_subscriber': CMAKE_PREFIX_PATH=${CMAKE_PREFIX_PATH}:/home/yahboom/intro_ws/install/turtle_test:/home/yahboom/intro_ws/install/time_tf2_py:/home/yahboom/intro_ws/install/test_tf2_py:/home/yahboom/intro_ws/install/python_parameters:/home/yahboom/intro_ws/install/launch_testing_examples:/home/yahboom/intro_ws/install/examples_rclpy_pointcloud_publisher:/home/yahboom/intro_ws/install/examples_rclpy_minimal_subscriber:/home/yahboom/intro_ws/install/examples_rclpy_minimal_service:/home/yahboom/intro_ws/install/examples_rclpy_minimal_publisher:/home/yahboom/intro_ws/install/examples_rclpy_minimal_client:/home/yahboom/intro_ws/install/examples_rclpy_minimal_action_server:/home/yahboom/intro_ws/install/examples_rclpy_minimal_action_client:/home/yahboom/intro_ws/install/examples_rclpy_guard_conditions:/home/yahboom/intro_ws/install/examples_rclpy_executors:/home/yahboom/cartoros2/install/yahboomcar_nav:/home/yahboom/cartoros2/install/yahboomcar_ctrl:/home/yahboom/cartoros2/install/yahboom_visual:/home/yahboom/cartoros2/install/yahboom_dog_joint_state:/home/yahboom/cartoros2/install/yahboom_description:/home/yahboom/cartoros2/install/yahboom_color_identify_server:/home/yahboom/cartoros2/install/yahboom_bringup:/home/yahboom/cartoros2/install/yahboom_base:/home/yahboom/cartoros2/install/yahboom_app_save_map:/home/yahboom/cartoros2/install/update_map:/home/yahboom/cartoros2/install/rosboard:/home/yahboom/cartoros2/install/path_planner_server:/home/yahboom/cartoros2/install/nav2_simple_commander:/home/yahboom/cartoros2/install/nav2_gazebo_spawner:/home/yahboom/cartoros2/install/localization_server:/home/yahboom/cartoros2/install/laserscan_to_point_pulisher:/home/yahboom/yahboomcar_ws/install/yahboom_dog_example:/opt/ros/humble /usr/bin/cmake --install /home/yahboom/intro_ws/build/examples_rclcpp_minimal_subscriber
[5.280s] Level 1:colcon.colcon_core.environment:create_environment_scripts_only(examples_rclcpp_minimal_timer)
[5.281s] Level 1:colcon.colcon_core.environment:checking '/home/yahboom/intro_ws/install/examples_rclcpp_minimal_timer' for CMake module files
[5.281s] Level 1:colcon.colcon_core.environment:checking '/home/yahboom/intro_ws/install/examples_rclcpp_minimal_timer' for CMake config files
[5.281s] Level 1:colcon.colcon_core.shell:create_environment_hook('examples_rclcpp_minimal_timer', 'cmake_prefix_path')
[5.281s] INFO:colcon.colcon_core.shell:Creating environment hook '/home/yahboom/intro_ws/install/examples_rclcpp_minimal_timer/share/examples_rclcpp_minimal_timer/hook/cmake_prefix_path.ps1'
[5.283s] INFO:colcon.colcon_core.shell:Creating environment descriptor '/home/yahboom/intro_ws/install/examples_rclcpp_minimal_timer/share/examples_rclcpp_minimal_timer/hook/cmake_prefix_path.dsv'
[5.284s] INFO:colcon.colcon_core.shell:Creating environment hook '/home/yahboom/intro_ws/install/examples_rclcpp_minimal_timer/share/examples_rclcpp_minimal_timer/hook/cmake_prefix_path.sh'
[5.284s] Level 1:colcon.colcon_core.environment:checking '/home/yahboom/intro_ws/install/examples_rclcpp_minimal_timer/lib'
[5.284s] Level 1:colcon.colcon_core.environment:checking '/home/yahboom/intro_ws/install/examples_rclcpp_minimal_timer/bin'
[5.284s] Level 1:colcon.colcon_core.environment:checking '/home/yahboom/intro_ws/install/examples_rclcpp_minimal_timer/lib/pkgconfig/examples_rclcpp_minimal_timer.pc'
[5.285s] Level 1:colcon.colcon_core.environment:checking '/home/yahboom/intro_ws/install/examples_rclcpp_minimal_timer/lib/python3.10/site-packages'
[5.285s] Level 1:colcon.colcon_core.environment:checking '/home/yahboom/intro_ws/install/examples_rclcpp_minimal_timer/bin'
[5.285s] INFO:colcon.colcon_core.shell:Creating package script '/home/yahboom/intro_ws/install/examples_rclcpp_minimal_timer/share/examples_rclcpp_minimal_timer/package.ps1'
[5.286s] INFO:colcon.colcon_core.shell:Creating package descriptor '/home/yahboom/intro_ws/install/examples_rclcpp_minimal_timer/share/examples_rclcpp_minimal_timer/package.dsv'
[5.288s] INFO:colcon.colcon_core.shell:Creating package script '/home/yahboom/intro_ws/install/examples_rclcpp_minimal_timer/share/examples_rclcpp_minimal_timer/package.sh'
[5.289s] INFO:colcon.colcon_core.shell:Creating package script '/home/yahboom/intro_ws/install/examples_rclcpp_minimal_timer/share/examples_rclcpp_minimal_timer/package.bash'
[5.290s] INFO:colcon.colcon_core.shell:Creating package script '/home/yahboom/intro_ws/install/examples_rclcpp_minimal_timer/share/examples_rclcpp_minimal_timer/package.zsh'
[5.291s] Level 1:colcon.colcon_core.environment:create_file_with_runtime_dependencies(/home/yahboom/intro_ws/install/examples_rclcpp_minimal_timer/share/colcon-core/packages/examples_rclcpp_minimal_timer)
[5.292s] INFO:colcon.colcon_ros.task.ament_python.build:Building ROS package in '/home/yahboom/intro_ws/src/examples/rclpy/executors' with build type 'ament_python'
[5.292s] Level 1:colcon.colcon_core.shell:create_environment_hook('examples_rclpy_executors', 'ament_prefix_path')
[5.292s] INFO:colcon.colcon_core.shell:Creating environment hook '/home/yahboom/intro_ws/install/examples_rclpy_executors/share/examples_rclpy_executors/hook/ament_prefix_path.ps1'
[5.293s] INFO:colcon.colcon_core.shell:Creating environment descriptor '/home/yahboom/intro_ws/install/examples_rclpy_executors/share/examples_rclpy_executors/hook/ament_prefix_path.dsv'
[5.294s] INFO:colcon.colcon_core.shell:Creating environment hook '/home/yahboom/intro_ws/install/examples_rclpy_executors/share/examples_rclpy_executors/hook/ament_prefix_path.sh'
[5.294s] INFO:colcon.colcon_core.shell:Skip shell extension 'powershell' for command environment: Not usable outside of PowerShell
[5.294s] DEBUG:colcon.colcon_core.shell:Skip shell extension 'dsv' for command environment
[5.309s] Level 1:colcon.colcon_core.environment:create_environment_scripts_only(examples_rclcpp_minimal_subscriber)
[5.310s] Level 1:colcon.colcon_core.environment:checking '/home/yahboom/intro_ws/install/examples_rclcpp_minimal_subscriber' for CMake module files
[5.310s] Level 1:colcon.colcon_core.environment:checking '/home/yahboom/intro_ws/install/examples_rclcpp_minimal_subscriber' for CMake config files
[5.311s] Level 1:colcon.colcon_core.shell:create_environment_hook('examples_rclcpp_minimal_subscriber', 'cmake_prefix_path')
[5.311s] INFO:colcon.colcon_core.shell:Creating environment hook '/home/yahboom/intro_ws/install/examples_rclcpp_minimal_subscriber/share/examples_rclcpp_minimal_subscriber/hook/cmake_prefix_path.ps1'
[5.312s] DEBUG:colcon.colcon_core.event_handler.log_command:Invoked command in '/home/yahboom/intro_ws/build/examples_rclcpp_minimal_subscriber' returned '0': CMAKE_PREFIX_PATH=${CMAKE_PREFIX_PATH}:/home/yahboom/intro_ws/install/turtle_test:/home/yahboom/intro_ws/install/time_tf2_py:/home/yahboom/intro_ws/install/test_tf2_py:/home/yahboom/intro_ws/install/python_parameters:/home/yahboom/intro_ws/install/launch_testing_examples:/home/yahboom/intro_ws/install/examples_rclpy_pointcloud_publisher:/home/yahboom/intro_ws/install/examples_rclpy_minimal_subscriber:/home/yahboom/intro_ws/install/examples_rclpy_minimal_service:/home/yahboom/intro_ws/install/examples_rclpy_minimal_publisher:/home/yahboom/intro_ws/install/examples_rclpy_minimal_client:/home/yahboom/intro_ws/install/examples_rclpy_minimal_action_server:/home/yahboom/intro_ws/install/examples_rclpy_minimal_action_client:/home/yahboom/intro_ws/install/examples_rclpy_guard_conditions:/home/yahboom/intro_ws/install/examples_rclpy_executors:/home/yahboom/cartoros2/install/yahboomcar_nav:/home/yahboom/cartoros2/install/yahboomcar_ctrl:/home/yahboom/cartoros2/install/yahboom_visual:/home/yahboom/cartoros2/install/yahboom_dog_joint_state:/home/yahboom/cartoros2/install/yahboom_description:/home/yahboom/cartoros2/install/yahboom_color_identify_server:/home/yahboom/cartoros2/install/yahboom_bringup:/home/yahboom/cartoros2/install/yahboom_base:/home/yahboom/cartoros2/install/yahboom_app_save_map:/home/yahboom/cartoros2/install/update_map:/home/yahboom/cartoros2/install/rosboard:/home/yahboom/cartoros2/install/path_planner_server:/home/yahboom/cartoros2/install/nav2_simple_commander:/home/yahboom/cartoros2/install/nav2_gazebo_spawner:/home/yahboom/cartoros2/install/localization_server:/home/yahboom/cartoros2/install/laserscan_to_point_pulisher:/home/yahboom/yahboomcar_ws/install/yahboom_dog_example:/opt/ros/humble /usr/bin/cmake --install /home/yahboom/intro_ws/build/examples_rclcpp_minimal_subscriber
[5.313s] INFO:colcon.colcon_core.shell:Creating environment descriptor '/home/yahboom/intro_ws/install/examples_rclcpp_minimal_subscriber/share/examples_rclcpp_minimal_subscriber/hook/cmake_prefix_path.dsv'
[5.313s] INFO:colcon.colcon_core.shell:Creating environment hook '/home/yahboom/intro_ws/install/examples_rclcpp_minimal_subscriber/share/examples_rclcpp_minimal_subscriber/hook/cmake_prefix_path.sh'
[5.314s] Level 1:colcon.colcon_core.environment:checking '/home/yahboom/intro_ws/install/examples_rclcpp_minimal_subscriber/lib'
[5.314s] Level 1:colcon.colcon_core.shell:create_environment_hook('examples_rclcpp_minimal_subscriber', 'ld_library_path_lib')
[5.315s] INFO:colcon.colcon_core.shell:Creating environment hook '/home/yahboom/intro_ws/install/examples_rclcpp_minimal_subscriber/share/examples_rclcpp_minimal_subscriber/hook/ld_library_path_lib.ps1'
[5.316s] INFO:colcon.colcon_core.shell:Creating environment descriptor '/home/yahboom/intro_ws/install/examples_rclcpp_minimal_subscriber/share/examples_rclcpp_minimal_subscriber/hook/ld_library_path_lib.dsv'
[5.316s] INFO:colcon.colcon_core.shell:Creating environment hook '/home/yahboom/intro_ws/install/examples_rclcpp_minimal_subscriber/share/examples_rclcpp_minimal_subscriber/hook/ld_library_path_lib.sh'
[5.317s] Level 1:colcon.colcon_core.environment:checking '/home/yahboom/intro_ws/install/examples_rclcpp_minimal_subscriber/bin'
[5.317s] Level 1:colcon.colcon_core.environment:checking '/home/yahboom/intro_ws/install/examples_rclcpp_minimal_subscriber/lib/pkgconfig/examples_rclcpp_minimal_subscriber.pc'
[5.317s] Level 1:colcon.colcon_core.environment:checking '/home/yahboom/intro_ws/install/examples_rclcpp_minimal_subscriber/lib/python3.10/site-packages'
[5.317s] Level 1:colcon.colcon_core.environment:checking '/home/yahboom/intro_ws/install/examples_rclcpp_minimal_subscriber/bin'
[5.317s] INFO:colcon.colcon_core.shell:Creating package script '/home/yahboom/intro_ws/install/examples_rclcpp_minimal_subscriber/share/examples_rclcpp_minimal_subscriber/package.ps1'
[5.318s] INFO:colcon.colcon_core.shell:Creating package descriptor '/home/yahboom/intro_ws/install/examples_rclcpp_minimal_subscriber/share/examples_rclcpp_minimal_subscriber/package.dsv'
[5.319s] INFO:colcon.colcon_core.shell:Creating package script '/home/yahboom/intro_ws/install/examples_rclcpp_minimal_subscriber/share/examples_rclcpp_minimal_subscriber/package.sh'
[5.319s] INFO:colcon.colcon_core.shell:Creating package script '/home/yahboom/intro_ws/install/examples_rclcpp_minimal_subscriber/share/examples_rclcpp_minimal_subscriber/package.bash'
[5.320s] INFO:colcon.colcon_core.shell:Creating package script '/home/yahboom/intro_ws/install/examples_rclcpp_minimal_subscriber/share/examples_rclcpp_minimal_subscriber/package.zsh'
[5.321s] Level 1:colcon.colcon_core.environment:create_file_with_runtime_dependencies(/home/yahboom/intro_ws/install/examples_rclcpp_minimal_subscriber/share/colcon-core/packages/examples_rclcpp_minimal_subscriber)
[5.591s] INFO:colcon.colcon_core.task.python.build:Building Python package in '/home/yahboom/intro_ws/src/examples/rclpy/executors'
[5.592s] INFO:colcon.colcon_core.shell:Skip shell extension 'powershell' for command environment: Not usable outside of PowerShell
[5.592s] DEBUG:colcon.colcon_core.shell:Skip shell extension 'dsv' for command environment
[5.606s] Level 1:colcon.colcon_core.environment:create_environment_scripts_only(examples_rclcpp_minimal_subscriber)
[5.606s] Level 1:colcon.colcon_core.environment:checking '/home/yahboom/intro_ws/install/examples_rclcpp_minimal_subscriber' for CMake module files
[5.606s] Level 1:colcon.colcon_core.environment:checking '/home/yahboom/intro_ws/install/examples_rclcpp_minimal_subscriber' for CMake config files
[5.607s] Level 1:colcon.colcon_core.shell:create_environment_hook('examples_rclcpp_minimal_subscriber', 'cmake_prefix_path')
[5.607s] INFO:colcon.colcon_core.shell:Creating environment hook '/home/yahboom/intro_ws/install/examples_rclcpp_minimal_subscriber/share/examples_rclcpp_minimal_subscriber/hook/cmake_prefix_path.ps1'
[5.609s] INFO:colcon.colcon_core.shell:Creating environment descriptor '/home/yahboom/intro_ws/install/examples_rclcpp_minimal_subscriber/share/examples_rclcpp_minimal_subscriber/hook/cmake_prefix_path.dsv'
[5.610s] INFO:colcon.colcon_core.shell:Creating environment hook '/home/yahboom/intro_ws/install/examples_rclcpp_minimal_subscriber/share/examples_rclcpp_minimal_subscriber/hook/cmake_prefix_path.sh'
[5.612s] Level 1:colcon.colcon_core.environment:checking '/home/yahboom/intro_ws/install/examples_rclcpp_minimal_subscriber/lib'
[5.612s] Level 1:colcon.colcon_core.shell:create_environment_hook('examples_rclcpp_minimal_subscriber', 'ld_library_path_lib')
[5.613s] INFO:colcon.colcon_core.shell:Creating environment hook '/home/yahboom/intro_ws/install/examples_rclcpp_minimal_subscriber/share/examples_rclcpp_minimal_subscriber/hook/ld_library_path_lib.ps1'
[5.614s] INFO:colcon.colcon_core.shell:Creating environment descriptor '/home/yahboom/intro_ws/install/examples_rclcpp_minimal_subscriber/share/examples_rclcpp_minimal_subscriber/hook/ld_library_path_lib.dsv'
[5.615s] INFO:colcon.colcon_core.shell:Creating environment hook '/home/yahboom/intro_ws/install/examples_rclcpp_minimal_subscriber/share/examples_rclcpp_minimal_subscriber/hook/ld_library_path_lib.sh'
[5.616s] Level 1:colcon.colcon_core.environment:checking '/home/yahboom/intro_ws/install/examples_rclcpp_minimal_subscriber/bin'
[5.616s] Level 1:colcon.colcon_core.environment:checking '/home/yahboom/intro_ws/install/examples_rclcpp_minimal_subscriber/lib/pkgconfig/examples_rclcpp_minimal_subscriber.pc'
[5.616s] Level 1:colcon.colcon_core.environment:checking '/home/yahboom/intro_ws/install/examples_rclcpp_minimal_subscriber/lib/python3.10/site-packages'
[5.616s] Level 1:colcon.colcon_core.environment:checking '/home/yahboom/intro_ws/install/examples_rclcpp_minimal_subscriber/bin'
[5.616s] INFO:colcon.colcon_core.shell:Creating package script '/home/yahboom/intro_ws/install/examples_rclcpp_minimal_subscriber/share/examples_rclcpp_minimal_subscriber/package.ps1'
[5.617s] INFO:colcon.colcon_core.shell:Creating package descriptor '/home/yahboom/intro_ws/install/examples_rclcpp_minimal_subscriber/share/examples_rclcpp_minimal_subscriber/package.dsv'
[5.618s] INFO:colcon.colcon_core.shell:Creating package script '/home/yahboom/intro_ws/install/examples_rclcpp_minimal_subscriber/share/examples_rclcpp_minimal_subscriber/package.sh'
[5.619s] INFO:colcon.colcon_core.shell:Creating package script '/home/yahboom/intro_ws/install/examples_rclcpp_minimal_subscriber/share/examples_rclcpp_minimal_subscriber/package.bash'
[5.620s] INFO:colcon.colcon_core.shell:Creating package script '/home/yahboom/intro_ws/install/examples_rclcpp_minimal_subscriber/share/examples_rclcpp_minimal_subscriber/package.zsh'
[5.621s] Level 1:colcon.colcon_core.environment:create_file_with_runtime_dependencies(/home/yahboom/intro_ws/install/examples_rclcpp_minimal_subscriber/share/colcon-core/packages/examples_rclcpp_minimal_subscriber)
[5.622s] INFO:colcon.colcon_ros.task.ament_python.build:Building ROS package in '/home/yahboom/intro_ws/src/examples/rclpy/guard_conditions' with build type 'ament_python'
[5.623s] Level 1:colcon.colcon_core.shell:create_environment_hook('examples_rclpy_guard_conditions', 'ament_prefix_path')
[5.623s] INFO:colcon.colcon_core.shell:Creating environment hook '/home/yahboom/intro_ws/install/examples_rclpy_guard_conditions/share/examples_rclpy_guard_conditions/hook/ament_prefix_path.ps1'
[5.624s] INFO:colcon.colcon_core.shell:Creating environment descriptor '/home/yahboom/intro_ws/install/examples_rclpy_guard_conditions/share/examples_rclpy_guard_conditions/hook/ament_prefix_path.dsv'
[5.625s] INFO:colcon.colcon_core.shell:Creating environment hook '/home/yahboom/intro_ws/install/examples_rclpy_guard_conditions/share/examples_rclpy_guard_conditions/hook/ament_prefix_path.sh'
[5.626s] INFO:colcon.colcon_core.shell:Skip shell extension 'powershell' for command environment: Not usable outside of PowerShell
[5.626s] DEBUG:colcon.colcon_core.shell:Skip shell extension 'dsv' for command environment
[5.642s] DEBUG:colcon.colcon_core.event_handler.log_command:Invoked command in '/home/yahboom/intro_ws/build/examples_rclcpp_multithreaded_executor' returned '0': CMAKE_PREFIX_PATH=${CMAKE_PREFIX_PATH}:/home/yahboom/intro_ws/install/turtle_test:/home/yahboom/intro_ws/install/time_tf2_py:/home/yahboom/intro_ws/install/test_tf2_py:/home/yahboom/intro_ws/install/python_parameters:/home/yahboom/intro_ws/install/launch_testing_examples:/home/yahboom/intro_ws/install/examples_rclpy_pointcloud_publisher:/home/yahboom/intro_ws/install/examples_rclpy_minimal_subscriber:/home/yahboom/intro_ws/install/examples_rclpy_minimal_service:/home/yahboom/intro_ws/install/examples_rclpy_minimal_publisher:/home/yahboom/intro_ws/install/examples_rclpy_minimal_client:/home/yahboom/intro_ws/install/examples_rclpy_minimal_action_server:/home/yahboom/intro_ws/install/examples_rclpy_minimal_action_client:/home/yahboom/intro_ws/install/examples_rclpy_guard_conditions:/home/yahboom/intro_ws/install/examples_rclpy_executors:/home/yahboom/cartoros2/install/yahboomcar_nav:/home/yahboom/cartoros2/install/yahboomcar_ctrl:/home/yahboom/cartoros2/install/yahboom_visual:/home/yahboom/cartoros2/install/yahboom_dog_joint_state:/home/yahboom/cartoros2/install/yahboom_description:/home/yahboom/cartoros2/install/yahboom_color_identify_server:/home/yahboom/cartoros2/install/yahboom_bringup:/home/yahboom/cartoros2/install/yahboom_base:/home/yahboom/cartoros2/install/yahboom_app_save_map:/home/yahboom/cartoros2/install/update_map:/home/yahboom/cartoros2/install/rosboard:/home/yahboom/cartoros2/install/path_planner_server:/home/yahboom/cartoros2/install/nav2_simple_commander:/home/yahboom/cartoros2/install/nav2_gazebo_spawner:/home/yahboom/cartoros2/install/localization_server:/home/yahboom/cartoros2/install/laserscan_to_point_pulisher:/home/yahboom/yahboomcar_ws/install/yahboom_dog_example:/opt/ros/humble /usr/bin/cmake /home/yahboom/intro_ws/src/examples/rclcpp/executors/multithreaded_executor -DAMENT_CMAKE_SYMLINK_INSTALL=1 -DCMAKE_INSTALL_PREFIX=/home/yahboom/intro_ws/install/examples_rclcpp_multithreaded_executor
[5.642s] DEBUG:colcon.colcon_core.event_handler.log_command:Invoking command in '/home/yahboom/intro_ws/build/examples_rclcpp_multithreaded_executor': CMAKE_PREFIX_PATH=${CMAKE_PREFIX_PATH}:/home/yahboom/intro_ws/install/turtle_test:/home/yahboom/intro_ws/install/time_tf2_py:/home/yahboom/intro_ws/install/test_tf2_py:/home/yahboom/intro_ws/install/python_parameters:/home/yahboom/intro_ws/install/launch_testing_examples:/home/yahboom/intro_ws/install/examples_rclpy_pointcloud_publisher:/home/yahboom/intro_ws/install/examples_rclpy_minimal_subscriber:/home/yahboom/intro_ws/install/examples_rclpy_minimal_service:/home/yahboom/intro_ws/install/examples_rclpy_minimal_publisher:/home/yahboom/intro_ws/install/examples_rclpy_minimal_client:/home/yahboom/intro_ws/install/examples_rclpy_minimal_action_server:/home/yahboom/intro_ws/install/examples_rclpy_minimal_action_client:/home/yahboom/intro_ws/install/examples_rclpy_guard_conditions:/home/yahboom/intro_ws/install/examples_rclpy_executors:/home/yahboom/cartoros2/install/yahboomcar_nav:/home/yahboom/cartoros2/install/yahboomcar_ctrl:/home/yahboom/cartoros2/install/yahboom_visual:/home/yahboom/cartoros2/install/yahboom_dog_joint_state:/home/yahboom/cartoros2/install/yahboom_description:/home/yahboom/cartoros2/install/yahboom_color_identify_server:/home/yahboom/cartoros2/install/yahboom_bringup:/home/yahboom/cartoros2/install/yahboom_base:/home/yahboom/cartoros2/install/yahboom_app_save_map:/home/yahboom/cartoros2/install/update_map:/home/yahboom/cartoros2/install/rosboard:/home/yahboom/cartoros2/install/path_planner_server:/home/yahboom/cartoros2/install/nav2_simple_commander:/home/yahboom/cartoros2/install/nav2_gazebo_spawner:/home/yahboom/cartoros2/install/localization_server:/home/yahboom/cartoros2/install/laserscan_to_point_pulisher:/home/yahboom/yahboomcar_ws/install/yahboom_dog_example:/opt/ros/humble /usr/bin/cmake --build /home/yahboom/intro_ws/build/examples_rclcpp_multithreaded_executor -- -j4 -l4
[5.908s] INFO:colcon.colcon_core.task.python.build:Building Python package in '/home/yahboom/intro_ws/src/examples/rclpy/guard_conditions'
[5.908s] INFO:colcon.colcon_core.shell:Skip shell extension 'powershell' for command environment: Not usable outside of PowerShell
[5.908s] DEBUG:colcon.colcon_core.shell:Skip shell extension 'dsv' for command environment
[5.924s] DEBUG:colcon.colcon_core.event_handler.log_command:Invoked command in '/home/yahboom/intro_ws/build/examples_rclcpp_multithreaded_executor' returned '0': CMAKE_PREFIX_PATH=${CMAKE_PREFIX_PATH}:/home/yahboom/intro_ws/install/turtle_test:/home/yahboom/intro_ws/install/time_tf2_py:/home/yahboom/intro_ws/install/test_tf2_py:/home/yahboom/intro_ws/install/python_parameters:/home/yahboom/intro_ws/install/launch_testing_examples:/home/yahboom/intro_ws/install/examples_rclpy_pointcloud_publisher:/home/yahboom/intro_ws/install/examples_rclpy_minimal_subscriber:/home/yahboom/intro_ws/install/examples_rclpy_minimal_service:/home/yahboom/intro_ws/install/examples_rclpy_minimal_publisher:/home/yahboom/intro_ws/install/examples_rclpy_minimal_client:/home/yahboom/intro_ws/install/examples_rclpy_minimal_action_server:/home/yahboom/intro_ws/install/examples_rclpy_minimal_action_client:/home/yahboom/intro_ws/install/examples_rclpy_guard_conditions:/home/yahboom/intro_ws/install/examples_rclpy_executors:/home/yahboom/cartoros2/install/yahboomcar_nav:/home/yahboom/cartoros2/install/yahboomcar_ctrl:/home/yahboom/cartoros2/install/yahboom_visual:/home/yahboom/cartoros2/install/yahboom_dog_joint_state:/home/yahboom/cartoros2/install/yahboom_description:/home/yahboom/cartoros2/install/yahboom_color_identify_server:/home/yahboom/cartoros2/install/yahboom_bringup:/home/yahboom/cartoros2/install/yahboom_base:/home/yahboom/cartoros2/install/yahboom_app_save_map:/home/yahboom/cartoros2/install/update_map:/home/yahboom/cartoros2/install/rosboard:/home/yahboom/cartoros2/install/path_planner_server:/home/yahboom/cartoros2/install/nav2_simple_commander:/home/yahboom/cartoros2/install/nav2_gazebo_spawner:/home/yahboom/cartoros2/install/localization_server:/home/yahboom/cartoros2/install/laserscan_to_point_pulisher:/home/yahboom/yahboomcar_ws/install/yahboom_dog_example:/opt/ros/humble /usr/bin/cmake --build /home/yahboom/intro_ws/build/examples_rclcpp_multithreaded_executor -- -j4 -l4
[5.971s] DEBUG:colcon.colcon_core.task.python.build:While undoing a previous installation files outside the Python library path are being ignored: /home/yahboom/intro_ws/install/examples_rclpy_executors/share/ament_index/resource_index/packages/examples_rclpy_executors
[5.972s] DEBUG:colcon.colcon_core.task.python.build:While undoing a previous installation files outside the Python library path are being ignored: /home/yahboom/intro_ws/install/examples_rclpy_executors/share/examples_rclpy_executors/package.xml
[5.972s] DEBUG:colcon.colcon_core.task.python.build:While undoing a previous installation files outside the Python library path are being ignored: /home/yahboom/intro_ws/install/examples_rclpy_executors/lib/examples_rclpy_executors/callback_group
[5.972s] DEBUG:colcon.colcon_core.task.python.build:While undoing a previous installation files outside the Python library path are being ignored: /home/yahboom/intro_ws/install/examples_rclpy_executors/lib/examples_rclpy_executors/composed
[5.972s] DEBUG:colcon.colcon_core.task.python.build:While undoing a previous installation files outside the Python library path are being ignored: /home/yahboom/intro_ws/install/examples_rclpy_executors/lib/examples_rclpy_executors/custom_callback_group
[5.972s] DEBUG:colcon.colcon_core.task.python.build:While undoing a previous installation files outside the Python library path are being ignored: /home/yahboom/intro_ws/install/examples_rclpy_executors/lib/examples_rclpy_executors/custom_executor
[5.972s] DEBUG:colcon.colcon_core.task.python.build:While undoing a previous installation files outside the Python library path are being ignored: /home/yahboom/intro_ws/install/examples_rclpy_executors/lib/examples_rclpy_executors/listener
[5.972s] DEBUG:colcon.colcon_core.task.python.build:While undoing a previous installation files outside the Python library path are being ignored: /home/yahboom/intro_ws/install/examples_rclpy_executors/lib/examples_rclpy_executors/talker
[5.977s] DEBUG:colcon.colcon_core.event_handler.log_command:Invoking command in '/home/yahboom/intro_ws/build/examples_rclpy_executors': PYTHONPATH=/home/yahboom/intro_ws/build/examples_rclpy_executors/prefix_override:/home/yahboom/intro_ws/install/examples_rclpy_executors/lib/python3.10/site-packages:${PYTHONPATH} /usr/bin/python3 -W ignore:setup.py install is deprecated setup.py develop --editable --build-directory /home/yahboom/intro_ws/build/examples_rclpy_executors/build --no-deps symlink_data --force
[6.009s] DEBUG:colcon.colcon_core.event_handler.log_command:Invoking command in '/home/yahboom/intro_ws/build/examples_rclcpp_multithreaded_executor': CMAKE_PREFIX_PATH=${CMAKE_PREFIX_PATH}:/home/yahboom/intro_ws/install/turtle_test:/home/yahboom/intro_ws/install/time_tf2_py:/home/yahboom/intro_ws/install/test_tf2_py:/home/yahboom/intro_ws/install/python_parameters:/home/yahboom/intro_ws/install/launch_testing_examples:/home/yahboom/intro_ws/install/examples_rclpy_pointcloud_publisher:/home/yahboom/intro_ws/install/examples_rclpy_minimal_subscriber:/home/yahboom/intro_ws/install/examples_rclpy_minimal_service:/home/yahboom/intro_ws/install/examples_rclpy_minimal_publisher:/home/yahboom/intro_ws/install/examples_rclpy_minimal_client:/home/yahboom/intro_ws/install/examples_rclpy_minimal_action_server:/home/yahboom/intro_ws/install/examples_rclpy_minimal_action_client:/home/yahboom/intro_ws/install/examples_rclpy_guard_conditions:/home/yahboom/intro_ws/install/examples_rclpy_executors:/home/yahboom/cartoros2/install/yahboomcar_nav:/home/yahboom/cartoros2/install/yahboomcar_ctrl:/home/yahboom/cartoros2/install/yahboom_visual:/home/yahboom/cartoros2/install/yahboom_dog_joint_state:/home/yahboom/cartoros2/install/yahboom_description:/home/yahboom/cartoros2/install/yahboom_color_identify_server:/home/yahboom/cartoros2/install/yahboom_bringup:/home/yahboom/cartoros2/install/yahboom_base:/home/yahboom/cartoros2/install/yahboom_app_save_map:/home/yahboom/cartoros2/install/update_map:/home/yahboom/cartoros2/install/rosboard:/home/yahboom/cartoros2/install/path_planner_server:/home/yahboom/cartoros2/install/nav2_simple_commander:/home/yahboom/cartoros2/install/nav2_gazebo_spawner:/home/yahboom/cartoros2/install/localization_server:/home/yahboom/cartoros2/install/laserscan_to_point_pulisher:/home/yahboom/yahboomcar_ws/install/yahboom_dog_example:/opt/ros/humble /usr/bin/cmake --install /home/yahboom/intro_ws/build/examples_rclcpp_multithreaded_executor
[6.020s] DEBUG:colcon.colcon_core.event_handler.log_command:Invoked command in '/home/yahboom/intro_ws/build/examples_rclcpp_wait_set' returned '0': CMAKE_PREFIX_PATH=${CMAKE_PREFIX_PATH}:/home/yahboom/intro_ws/install/turtle_test:/home/yahboom/intro_ws/install/time_tf2_py:/home/yahboom/intro_ws/install/test_tf2_py:/home/yahboom/intro_ws/install/python_parameters:/home/yahboom/intro_ws/install/launch_testing_examples:/home/yahboom/intro_ws/install/examples_rclpy_pointcloud_publisher:/home/yahboom/intro_ws/install/examples_rclpy_minimal_subscriber:/home/yahboom/intro_ws/install/examples_rclpy_minimal_service:/home/yahboom/intro_ws/install/examples_rclpy_minimal_publisher:/home/yahboom/intro_ws/install/examples_rclpy_minimal_client:/home/yahboom/intro_ws/install/examples_rclpy_minimal_action_server:/home/yahboom/intro_ws/install/examples_rclpy_minimal_action_client:/home/yahboom/intro_ws/install/examples_rclpy_guard_conditions:/home/yahboom/intro_ws/install/examples_rclpy_executors:/home/yahboom/cartoros2/install/yahboomcar_nav:/home/yahboom/cartoros2/install/yahboomcar_ctrl:/home/yahboom/cartoros2/install/yahboom_visual:/home/yahboom/cartoros2/install/yahboom_dog_joint_state:/home/yahboom/cartoros2/install/yahboom_description:/home/yahboom/cartoros2/install/yahboom_color_identify_server:/home/yahboom/cartoros2/install/yahboom_bringup:/home/yahboom/cartoros2/install/yahboom_base:/home/yahboom/cartoros2/install/yahboom_app_save_map:/home/yahboom/cartoros2/install/update_map:/home/yahboom/cartoros2/install/rosboard:/home/yahboom/cartoros2/install/path_planner_server:/home/yahboom/cartoros2/install/nav2_simple_commander:/home/yahboom/cartoros2/install/nav2_gazebo_spawner:/home/yahboom/cartoros2/install/localization_server:/home/yahboom/cartoros2/install/laserscan_to_point_pulisher:/home/yahboom/yahboomcar_ws/install/yahboom_dog_example:/opt/ros/humble /usr/bin/cmake /home/yahboom/intro_ws/src/examples/rclcpp/wait_set -DAMENT_CMAKE_SYMLINK_INSTALL=1 -DCMAKE_INSTALL_PREFIX=/home/yahboom/intro_ws/install/examples_rclcpp_wait_set
[6.020s] DEBUG:colcon.colcon_core.event_handler.log_command:Invoking command in '/home/yahboom/intro_ws/build/examples_rclcpp_wait_set': CMAKE_PREFIX_PATH=${CMAKE_PREFIX_PATH}:/home/yahboom/intro_ws/install/turtle_test:/home/yahboom/intro_ws/install/time_tf2_py:/home/yahboom/intro_ws/install/test_tf2_py:/home/yahboom/intro_ws/install/python_parameters:/home/yahboom/intro_ws/install/launch_testing_examples:/home/yahboom/intro_ws/install/examples_rclpy_pointcloud_publisher:/home/yahboom/intro_ws/install/examples_rclpy_minimal_subscriber:/home/yahboom/intro_ws/install/examples_rclpy_minimal_service:/home/yahboom/intro_ws/install/examples_rclpy_minimal_publisher:/home/yahboom/intro_ws/install/examples_rclpy_minimal_client:/home/yahboom/intro_ws/install/examples_rclpy_minimal_action_server:/home/yahboom/intro_ws/install/examples_rclpy_minimal_action_client:/home/yahboom/intro_ws/install/examples_rclpy_guard_conditions:/home/yahboom/intro_ws/install/examples_rclpy_executors:/home/yahboom/cartoros2/install/yahboomcar_nav:/home/yahboom/cartoros2/install/yahboomcar_ctrl:/home/yahboom/cartoros2/install/yahboom_visual:/home/yahboom/cartoros2/install/yahboom_dog_joint_state:/home/yahboom/cartoros2/install/yahboom_description:/home/yahboom/cartoros2/install/yahboom_color_identify_server:/home/yahboom/cartoros2/install/yahboom_bringup:/home/yahboom/cartoros2/install/yahboom_base:/home/yahboom/cartoros2/install/yahboom_app_save_map:/home/yahboom/cartoros2/install/update_map:/home/yahboom/cartoros2/install/rosboard:/home/yahboom/cartoros2/install/path_planner_server:/home/yahboom/cartoros2/install/nav2_simple_commander:/home/yahboom/cartoros2/install/nav2_gazebo_spawner:/home/yahboom/cartoros2/install/localization_server:/home/yahboom/cartoros2/install/laserscan_to_point_pulisher:/home/yahboom/yahboomcar_ws/install/yahboom_dog_example:/opt/ros/humble /usr/bin/cmake --build /home/yahboom/intro_ws/build/examples_rclcpp_wait_set -- -j4 -l4
[6.048s] Level 1:colcon.colcon_core.environment:create_environment_scripts_only(examples_rclcpp_multithreaded_executor)
[6.048s] Level 1:colcon.colcon_core.environment:checking '/home/yahboom/intro_ws/install/examples_rclcpp_multithreaded_executor' for CMake module files
[6.049s] Level 1:colcon.colcon_core.environment:checking '/home/yahboom/intro_ws/install/examples_rclcpp_multithreaded_executor' for CMake config files
[6.049s] Level 1:colcon.colcon_core.shell:create_environment_hook('examples_rclcpp_multithreaded_executor', 'cmake_prefix_path')
[6.049s] INFO:colcon.colcon_core.shell:Creating environment hook '/home/yahboom/intro_ws/install/examples_rclcpp_multithreaded_executor/share/examples_rclcpp_multithreaded_executor/hook/cmake_prefix_path.ps1'
[6.050s] INFO:colcon.colcon_core.shell:Creating environment descriptor '/home/yahboom/intro_ws/install/examples_rclcpp_multithreaded_executor/share/examples_rclcpp_multithreaded_executor/hook/cmake_prefix_path.dsv'
[6.050s] DEBUG:colcon.colcon_core.event_handler.log_command:Invoked command in '/home/yahboom/intro_ws/build/examples_rclcpp_multithreaded_executor' returned '0': CMAKE_PREFIX_PATH=${CMAKE_PREFIX_PATH}:/home/yahboom/intro_ws/install/turtle_test:/home/yahboom/intro_ws/install/time_tf2_py:/home/yahboom/intro_ws/install/test_tf2_py:/home/yahboom/intro_ws/install/python_parameters:/home/yahboom/intro_ws/install/launch_testing_examples:/home/yahboom/intro_ws/install/examples_rclpy_pointcloud_publisher:/home/yahboom/intro_ws/install/examples_rclpy_minimal_subscriber:/home/yahboom/intro_ws/install/examples_rclpy_minimal_service:/home/yahboom/intro_ws/install/examples_rclpy_minimal_publisher:/home/yahboom/intro_ws/install/examples_rclpy_minimal_client:/home/yahboom/intro_ws/install/examples_rclpy_minimal_action_server:/home/yahboom/intro_ws/install/examples_rclpy_minimal_action_client:/home/yahboom/intro_ws/install/examples_rclpy_guard_conditions:/home/yahboom/intro_ws/install/examples_rclpy_executors:/home/yahboom/cartoros2/install/yahboomcar_nav:/home/yahboom/cartoros2/install/yahboomcar_ctrl:/home/yahboom/cartoros2/install/yahboom_visual:/home/yahboom/cartoros2/install/yahboom_dog_joint_state:/home/yahboom/cartoros2/install/yahboom_description:/home/yahboom/cartoros2/install/yahboom_color_identify_server:/home/yahboom/cartoros2/install/yahboom_bringup:/home/yahboom/cartoros2/install/yahboom_base:/home/yahboom/cartoros2/install/yahboom_app_save_map:/home/yahboom/cartoros2/install/update_map:/home/yahboom/cartoros2/install/rosboard:/home/yahboom/cartoros2/install/path_planner_server:/home/yahboom/cartoros2/install/nav2_simple_commander:/home/yahboom/cartoros2/install/nav2_gazebo_spawner:/home/yahboom/cartoros2/install/localization_server:/home/yahboom/cartoros2/install/laserscan_to_point_pulisher:/home/yahboom/yahboomcar_ws/install/yahboom_dog_example:/opt/ros/humble /usr/bin/cmake --install /home/yahboom/intro_ws/build/examples_rclcpp_multithreaded_executor
[6.051s] INFO:colcon.colcon_core.shell:Creating environment hook '/home/yahboom/intro_ws/install/examples_rclcpp_multithreaded_executor/share/examples_rclcpp_multithreaded_executor/hook/cmake_prefix_path.sh'
[6.052s] Level 1:colcon.colcon_core.environment:checking '/home/yahboom/intro_ws/install/examples_rclcpp_multithreaded_executor/lib'
[6.052s] Level 1:colcon.colcon_core.environment:checking '/home/yahboom/intro_ws/install/examples_rclcpp_multithreaded_executor/bin'
[6.052s] Level 1:colcon.colcon_core.environment:checking '/home/yahboom/intro_ws/install/examples_rclcpp_multithreaded_executor/lib/pkgconfig/examples_rclcpp_multithreaded_executor.pc'
[6.052s] Level 1:colcon.colcon_core.environment:checking '/home/yahboom/intro_ws/install/examples_rclcpp_multithreaded_executor/lib/python3.10/site-packages'
[6.053s] Level 1:colcon.colcon_core.environment:checking '/home/yahboom/intro_ws/install/examples_rclcpp_multithreaded_executor/bin'
[6.053s] INFO:colcon.colcon_core.shell:Creating package script '/home/yahboom/intro_ws/install/examples_rclcpp_multithreaded_executor/share/examples_rclcpp_multithreaded_executor/package.ps1'
[6.054s] INFO:colcon.colcon_core.shell:Creating package descriptor '/home/yahboom/intro_ws/install/examples_rclcpp_multithreaded_executor/share/examples_rclcpp_multithreaded_executor/package.dsv'
[6.054s] INFO:colcon.colcon_core.shell:Creating package script '/home/yahboom/intro_ws/install/examples_rclcpp_multithreaded_executor/share/examples_rclcpp_multithreaded_executor/package.sh'
[6.055s] INFO:colcon.colcon_core.shell:Creating package script '/home/yahboom/intro_ws/install/examples_rclcpp_multithreaded_executor/share/examples_rclcpp_multithreaded_executor/package.bash'
[6.056s] INFO:colcon.colcon_core.shell:Creating package script '/home/yahboom/intro_ws/install/examples_rclcpp_multithreaded_executor/share/examples_rclcpp_multithreaded_executor/package.zsh'
[6.056s] Level 1:colcon.colcon_core.environment:create_file_with_runtime_dependencies(/home/yahboom/intro_ws/install/examples_rclcpp_multithreaded_executor/share/colcon-core/packages/examples_rclcpp_multithreaded_executor)
[6.184s] Level 1:colcon.colcon_core.environment:create_environment_scripts_only(examples_rclcpp_multithreaded_executor)
[6.184s] Level 1:colcon.colcon_core.environment:checking '/home/yahboom/intro_ws/install/examples_rclcpp_multithreaded_executor' for CMake module files
[6.184s] Level 1:colcon.colcon_core.environment:checking '/home/yahboom/intro_ws/install/examples_rclcpp_multithreaded_executor' for CMake config files
[6.184s] Level 1:colcon.colcon_core.shell:create_environment_hook('examples_rclcpp_multithreaded_executor', 'cmake_prefix_path')
[6.184s] INFO:colcon.colcon_core.shell:Creating environment hook '/home/yahboom/intro_ws/install/examples_rclcpp_multithreaded_executor/share/examples_rclcpp_multithreaded_executor/hook/cmake_prefix_path.ps1'
[6.187s] INFO:colcon.colcon_core.shell:Creating environment descriptor '/home/yahboom/intro_ws/install/examples_rclcpp_multithreaded_executor/share/examples_rclcpp_multithreaded_executor/hook/cmake_prefix_path.dsv'
[6.190s] INFO:colcon.colcon_core.shell:Creating environment hook '/home/yahboom/intro_ws/install/examples_rclcpp_multithreaded_executor/share/examples_rclcpp_multithreaded_executor/hook/cmake_prefix_path.sh'
[6.193s] Level 1:colcon.colcon_core.environment:checking '/home/yahboom/intro_ws/install/examples_rclcpp_multithreaded_executor/lib'
[6.193s] Level 1:colcon.colcon_core.environment:checking '/home/yahboom/intro_ws/install/examples_rclcpp_multithreaded_executor/bin'
[6.193s] Level 1:colcon.colcon_core.environment:checking '/home/yahboom/intro_ws/install/examples_rclcpp_multithreaded_executor/lib/pkgconfig/examples_rclcpp_multithreaded_executor.pc'
[6.193s] Level 1:colcon.colcon_core.environment:checking '/home/yahboom/intro_ws/install/examples_rclcpp_multithreaded_executor/lib/python3.10/site-packages'
[6.193s] Level 1:colcon.colcon_core.environment:checking '/home/yahboom/intro_ws/install/examples_rclcpp_multithreaded_executor/bin'
[6.194s] INFO:colcon.colcon_core.shell:Creating package script '/home/yahboom/intro_ws/install/examples_rclcpp_multithreaded_executor/share/examples_rclcpp_multithreaded_executor/package.ps1'
[6.196s] INFO:colcon.colcon_core.shell:Creating package descriptor '/home/yahboom/intro_ws/install/examples_rclcpp_multithreaded_executor/share/examples_rclcpp_multithreaded_executor/package.dsv'
[6.202s] INFO:colcon.colcon_core.shell:Creating package script '/home/yahboom/intro_ws/install/examples_rclcpp_multithreaded_executor/share/examples_rclcpp_multithreaded_executor/package.sh'
[6.203s] INFO:colcon.colcon_core.shell:Creating package script '/home/yahboom/intro_ws/install/examples_rclcpp_multithreaded_executor/share/examples_rclcpp_multithreaded_executor/package.bash'
[6.205s] INFO:colcon.colcon_core.shell:Creating package script '/home/yahboom/intro_ws/install/examples_rclcpp_multithreaded_executor/share/examples_rclcpp_multithreaded_executor/package.zsh'
[6.205s] Level 1:colcon.colcon_core.environment:create_file_with_runtime_dependencies(/home/yahboom/intro_ws/install/examples_rclcpp_multithreaded_executor/share/colcon-core/packages/examples_rclcpp_multithreaded_executor)
[6.208s] INFO:colcon.colcon_ros.task.ament_python.build:Building ROS package in '/home/yahboom/intro_ws/src/examples/rclpy/actions/minimal_action_client' with build type 'ament_python'
[6.208s] Level 1:colcon.colcon_core.shell:create_environment_hook('examples_rclpy_minimal_action_client', 'ament_prefix_path')
[6.208s] INFO:colcon.colcon_core.shell:Creating environment hook '/home/yahboom/intro_ws/install/examples_rclpy_minimal_action_client/share/examples_rclpy_minimal_action_client/hook/ament_prefix_path.ps1'
[6.209s] INFO:colcon.colcon_core.shell:Creating environment descriptor '/home/yahboom/intro_ws/install/examples_rclpy_minimal_action_client/share/examples_rclpy_minimal_action_client/hook/ament_prefix_path.dsv'
[6.210s] INFO:colcon.colcon_core.shell:Creating environment hook '/home/yahboom/intro_ws/install/examples_rclpy_minimal_action_client/share/examples_rclpy_minimal_action_client/hook/ament_prefix_path.sh'
[6.214s] INFO:colcon.colcon_core.shell:Skip shell extension 'powershell' for command environment: Not usable outside of PowerShell
[6.214s] DEBUG:colcon.colcon_core.shell:Skip shell extension 'dsv' for command environment
[6.570s] INFO:colcon.colcon_core.task.python.build:Building Python package in '/home/yahboom/intro_ws/src/examples/rclpy/actions/minimal_action_client'
[6.570s] INFO:colcon.colcon_core.shell:Skip shell extension 'powershell' for command environment: Not usable outside of PowerShell
[6.570s] DEBUG:colcon.colcon_core.shell:Skip shell extension 'dsv' for command environment
[6.582s] DEBUG:colcon.colcon_core.task.python.build:While undoing a previous installation files outside the Python library path are being ignored: /home/yahboom/intro_ws/install/examples_rclpy_guard_conditions/share/ament_index/resource_index/packages/examples_rclpy_guard_conditions
[6.582s] DEBUG:colcon.colcon_core.task.python.build:While undoing a previous installation files outside the Python library path are being ignored: /home/yahboom/intro_ws/install/examples_rclpy_guard_conditions/share/examples_rclpy_guard_conditions/package.xml
[6.582s] DEBUG:colcon.colcon_core.task.python.build:While undoing a previous installation files outside the Python library path are being ignored: /home/yahboom/intro_ws/install/examples_rclpy_guard_conditions/lib/examples_rclpy_guard_conditions/trigger_guard_condition
[6.584s] Level 1:colcon.colcon_core.shell:create_environment_hook('examples_rclpy_executors', 'pythonpath_develop')
[6.584s] INFO:colcon.colcon_core.shell:Creating environment hook '/home/yahboom/intro_ws/build/examples_rclpy_executors/share/examples_rclpy_executors/hook/pythonpath_develop.ps1'
[6.585s] INFO:colcon.colcon_core.shell:Creating environment descriptor '/home/yahboom/intro_ws/build/examples_rclpy_executors/share/examples_rclpy_executors/hook/pythonpath_develop.dsv'
[6.585s] DEBUG:colcon.colcon_core.event_handler.log_command:Invoking command in '/home/yahboom/intro_ws/build/examples_rclpy_guard_conditions': PYTHONPATH=/home/yahboom/intro_ws/build/examples_rclpy_guard_conditions/prefix_override:/home/yahboom/intro_ws/install/examples_rclpy_guard_conditions/lib/python3.10/site-packages:${PYTHONPATH} /usr/bin/python3 -W ignore:setup.py install is deprecated setup.py develop --editable --build-directory /home/yahboom/intro_ws/build/examples_rclpy_guard_conditions/build --no-deps symlink_data --force
[6.586s] DEBUG:colcon.colcon_core.event_handler.log_command:Invoked command in '/home/yahboom/intro_ws/build/examples_rclpy_executors' returned '0': PYTHONPATH=/home/yahboom/intro_ws/build/examples_rclpy_executors/prefix_override:/home/yahboom/intro_ws/install/examples_rclpy_executors/lib/python3.10/site-packages:${PYTHONPATH} /usr/bin/python3 -W ignore:setup.py install is deprecated setup.py develop --editable --build-directory /home/yahboom/intro_ws/build/examples_rclpy_executors/build --no-deps symlink_data --force
[6.586s] INFO:colcon.colcon_core.shell:Creating environment hook '/home/yahboom/intro_ws/build/examples_rclpy_executors/share/examples_rclpy_executors/hook/pythonpath_develop.sh'
[6.587s] Level 1:colcon.colcon_core.environment:checking '/home/yahboom/intro_ws/install/examples_rclpy_executors' for CMake module files
[6.588s] Level 1:colcon.colcon_core.environment:checking '/home/yahboom/intro_ws/install/examples_rclpy_executors' for CMake config files
[6.588s] Level 1:colcon.colcon_core.environment:checking '/home/yahboom/intro_ws/install/examples_rclpy_executors/lib'
[6.588s] Level 1:colcon.colcon_core.environment:checking '/home/yahboom/intro_ws/install/examples_rclpy_executors/bin'
[6.588s] Level 1:colcon.colcon_core.environment:checking '/home/yahboom/intro_ws/install/examples_rclpy_executors/lib/pkgconfig/examples_rclpy_executors.pc'
[6.588s] Level 1:colcon.colcon_core.environment:checking '/home/yahboom/intro_ws/install/examples_rclpy_executors/lib/python3.10/site-packages'
[6.588s] Level 1:colcon.colcon_core.shell:create_environment_hook('examples_rclpy_executors', 'pythonpath')
[6.589s] INFO:colcon.colcon_core.shell:Creating environment hook '/home/yahboom/intro_ws/install/examples_rclpy_executors/share/examples_rclpy_executors/hook/pythonpath.ps1'
[6.589s] INFO:colcon.colcon_core.shell:Creating environment descriptor '/home/yahboom/intro_ws/install/examples_rclpy_executors/share/examples_rclpy_executors/hook/pythonpath.dsv'
[6.590s] INFO:colcon.colcon_core.shell:Creating environment hook '/home/yahboom/intro_ws/install/examples_rclpy_executors/share/examples_rclpy_executors/hook/pythonpath.sh'
[6.591s] Level 1:colcon.colcon_core.environment:checking '/home/yahboom/intro_ws/install/examples_rclpy_executors/bin'
[6.591s] Level 1:colcon.colcon_core.environment:create_environment_scripts_only(examples_rclpy_executors)
[6.591s] INFO:colcon.colcon_core.shell:Creating package script '/home/yahboom/intro_ws/install/examples_rclpy_executors/share/examples_rclpy_executors/package.ps1'
[6.592s] INFO:colcon.colcon_core.shell:Creating package descriptor '/home/yahboom/intro_ws/install/examples_rclpy_executors/share/examples_rclpy_executors/package.dsv'
[6.592s] INFO:colcon.colcon_core.shell:Creating package script '/home/yahboom/intro_ws/install/examples_rclpy_executors/share/examples_rclpy_executors/package.sh'
[6.593s] INFO:colcon.colcon_core.shell:Creating package script '/home/yahboom/intro_ws/install/examples_rclpy_executors/share/examples_rclpy_executors/package.bash'
[6.594s] INFO:colcon.colcon_core.shell:Creating package script '/home/yahboom/intro_ws/install/examples_rclpy_executors/share/examples_rclpy_executors/package.zsh'
[6.594s] Level 1:colcon.colcon_core.environment:create_file_with_runtime_dependencies(/home/yahboom/intro_ws/install/examples_rclpy_executors/share/colcon-core/packages/examples_rclpy_executors)
[6.596s] INFO:colcon.colcon_ros.task.ament_python.build:Building ROS package in '/home/yahboom/intro_ws/src/examples/rclpy/actions/minimal_action_server' with build type 'ament_python'
[6.597s] Level 1:colcon.colcon_core.shell:create_environment_hook('examples_rclpy_minimal_action_server', 'ament_prefix_path')
[6.597s] INFO:colcon.colcon_core.shell:Creating environment hook '/home/yahboom/intro_ws/install/examples_rclpy_minimal_action_server/share/examples_rclpy_minimal_action_server/hook/ament_prefix_path.ps1'
[6.598s] INFO:colcon.colcon_core.shell:Creating environment descriptor '/home/yahboom/intro_ws/install/examples_rclpy_minimal_action_server/share/examples_rclpy_minimal_action_server/hook/ament_prefix_path.dsv'
[6.598s] INFO:colcon.colcon_core.shell:Creating environment hook '/home/yahboom/intro_ws/install/examples_rclpy_minimal_action_server/share/examples_rclpy_minimal_action_server/hook/ament_prefix_path.sh'
[6.599s] DEBUG:colcon.colcon_core.event_handler.log_command:Invoked command in '/home/yahboom/intro_ws/build/examples_rclcpp_wait_set' returned '0': CMAKE_PREFIX_PATH=${CMAKE_PREFIX_PATH}:/home/yahboom/intro_ws/install/turtle_test:/home/yahboom/intro_ws/install/time_tf2_py:/home/yahboom/intro_ws/install/test_tf2_py:/home/yahboom/intro_ws/install/python_parameters:/home/yahboom/intro_ws/install/launch_testing_examples:/home/yahboom/intro_ws/install/examples_rclpy_pointcloud_publisher:/home/yahboom/intro_ws/install/examples_rclpy_minimal_subscriber:/home/yahboom/intro_ws/install/examples_rclpy_minimal_service:/home/yahboom/intro_ws/install/examples_rclpy_minimal_publisher:/home/yahboom/intro_ws/install/examples_rclpy_minimal_client:/home/yahboom/intro_ws/install/examples_rclpy_minimal_action_server:/home/yahboom/intro_ws/install/examples_rclpy_minimal_action_client:/home/yahboom/intro_ws/install/examples_rclpy_guard_conditions:/home/yahboom/intro_ws/install/examples_rclpy_executors:/home/yahboom/cartoros2/install/yahboomcar_nav:/home/yahboom/cartoros2/install/yahboomcar_ctrl:/home/yahboom/cartoros2/install/yahboom_visual:/home/yahboom/cartoros2/install/yahboom_dog_joint_state:/home/yahboom/cartoros2/install/yahboom_description:/home/yahboom/cartoros2/install/yahboom_color_identify_server:/home/yahboom/cartoros2/install/yahboom_bringup:/home/yahboom/cartoros2/install/yahboom_base:/home/yahboom/cartoros2/install/yahboom_app_save_map:/home/yahboom/cartoros2/install/update_map:/home/yahboom/cartoros2/install/rosboard:/home/yahboom/cartoros2/install/path_planner_server:/home/yahboom/cartoros2/install/nav2_simple_commander:/home/yahboom/cartoros2/install/nav2_gazebo_spawner:/home/yahboom/cartoros2/install/localization_server:/home/yahboom/cartoros2/install/laserscan_to_point_pulisher:/home/yahboom/yahboomcar_ws/install/yahboom_dog_example:/opt/ros/humble /usr/bin/cmake --build /home/yahboom/intro_ws/build/examples_rclcpp_wait_set -- -j4 -l4
[6.599s] INFO:colcon.colcon_core.shell:Skip shell extension 'powershell' for command environment: Not usable outside of PowerShell
[6.599s] DEBUG:colcon.colcon_core.shell:Skip shell extension 'dsv' for command environment
[6.877s] INFO:colcon.colcon_core.task.python.build:Building Python package in '/home/yahboom/intro_ws/src/examples/rclpy/actions/minimal_action_server'
[6.877s] INFO:colcon.colcon_core.shell:Skip shell extension 'powershell' for command environment: Not usable outside of PowerShell
[6.877s] DEBUG:colcon.colcon_core.shell:Skip shell extension 'dsv' for command environment
[6.891s] DEBUG:colcon.colcon_core.event_handler.log_command:Invoking command in '/home/yahboom/intro_ws/build/examples_rclcpp_wait_set': CMAKE_PREFIX_PATH=${CMAKE_PREFIX_PATH}:/home/yahboom/intro_ws/install/turtle_test:/home/yahboom/intro_ws/install/time_tf2_py:/home/yahboom/intro_ws/install/test_tf2_py:/home/yahboom/intro_ws/install/python_parameters:/home/yahboom/intro_ws/install/launch_testing_examples:/home/yahboom/intro_ws/install/examples_rclpy_pointcloud_publisher:/home/yahboom/intro_ws/install/examples_rclpy_minimal_subscriber:/home/yahboom/intro_ws/install/examples_rclpy_minimal_service:/home/yahboom/intro_ws/install/examples_rclpy_minimal_publisher:/home/yahboom/intro_ws/install/examples_rclpy_minimal_client:/home/yahboom/intro_ws/install/examples_rclpy_minimal_action_server:/home/yahboom/intro_ws/install/examples_rclpy_minimal_action_client:/home/yahboom/intro_ws/install/examples_rclpy_guard_conditions:/home/yahboom/intro_ws/install/examples_rclpy_executors:/home/yahboom/cartoros2/install/yahboomcar_nav:/home/yahboom/cartoros2/install/yahboomcar_ctrl:/home/yahboom/cartoros2/install/yahboom_visual:/home/yahboom/cartoros2/install/yahboom_dog_joint_state:/home/yahboom/cartoros2/install/yahboom_description:/home/yahboom/cartoros2/install/yahboom_color_identify_server:/home/yahboom/cartoros2/install/yahboom_bringup:/home/yahboom/cartoros2/install/yahboom_base:/home/yahboom/cartoros2/install/yahboom_app_save_map:/home/yahboom/cartoros2/install/update_map:/home/yahboom/cartoros2/install/rosboard:/home/yahboom/cartoros2/install/path_planner_server:/home/yahboom/cartoros2/install/nav2_simple_commander:/home/yahboom/cartoros2/install/nav2_gazebo_spawner:/home/yahboom/cartoros2/install/localization_server:/home/yahboom/cartoros2/install/laserscan_to_point_pulisher:/home/yahboom/yahboomcar_ws/install/yahboom_dog_example:/opt/ros/humble /usr/bin/cmake --install /home/yahboom/intro_ws/build/examples_rclcpp_wait_set
[6.937s] Level 1:colcon.colcon_core.environment:create_environment_scripts_only(examples_rclcpp_wait_set)
[6.937s] Level 1:colcon.colcon_core.environment:checking '/home/yahboom/intro_ws/install/examples_rclcpp_wait_set' for CMake module files
[6.938s] Level 1:colcon.colcon_core.environment:checking '/home/yahboom/intro_ws/install/examples_rclcpp_wait_set' for CMake config files
[6.938s] Level 1:colcon.colcon_core.shell:create_environment_hook('examples_rclcpp_wait_set', 'cmake_prefix_path')
[6.938s] INFO:colcon.colcon_core.shell:Creating environment hook '/home/yahboom/intro_ws/install/examples_rclcpp_wait_set/share/examples_rclcpp_wait_set/hook/cmake_prefix_path.ps1'
[6.940s] INFO:colcon.colcon_core.shell:Creating environment descriptor '/home/yahboom/intro_ws/install/examples_rclcpp_wait_set/share/examples_rclcpp_wait_set/hook/cmake_prefix_path.dsv'
[6.941s] INFO:colcon.colcon_core.shell:Creating environment hook '/home/yahboom/intro_ws/install/examples_rclcpp_wait_set/share/examples_rclcpp_wait_set/hook/cmake_prefix_path.sh'
[6.941s] DEBUG:colcon.colcon_core.event_handler.log_command:Invoked command in '/home/yahboom/intro_ws/build/examples_rclcpp_wait_set' returned '0': CMAKE_PREFIX_PATH=${CMAKE_PREFIX_PATH}:/home/yahboom/intro_ws/install/turtle_test:/home/yahboom/intro_ws/install/time_tf2_py:/home/yahboom/intro_ws/install/test_tf2_py:/home/yahboom/intro_ws/install/python_parameters:/home/yahboom/intro_ws/install/launch_testing_examples:/home/yahboom/intro_ws/install/examples_rclpy_pointcloud_publisher:/home/yahboom/intro_ws/install/examples_rclpy_minimal_subscriber:/home/yahboom/intro_ws/install/examples_rclpy_minimal_service:/home/yahboom/intro_ws/install/examples_rclpy_minimal_publisher:/home/yahboom/intro_ws/install/examples_rclpy_minimal_client:/home/yahboom/intro_ws/install/examples_rclpy_minimal_action_server:/home/yahboom/intro_ws/install/examples_rclpy_minimal_action_client:/home/yahboom/intro_ws/install/examples_rclpy_guard_conditions:/home/yahboom/intro_ws/install/examples_rclpy_executors:/home/yahboom/cartoros2/install/yahboomcar_nav:/home/yahboom/cartoros2/install/yahboomcar_ctrl:/home/yahboom/cartoros2/install/yahboom_visual:/home/yahboom/cartoros2/install/yahboom_dog_joint_state:/home/yahboom/cartoros2/install/yahboom_description:/home/yahboom/cartoros2/install/yahboom_color_identify_server:/home/yahboom/cartoros2/install/yahboom_bringup:/home/yahboom/cartoros2/install/yahboom_base:/home/yahboom/cartoros2/install/yahboom_app_save_map:/home/yahboom/cartoros2/install/update_map:/home/yahboom/cartoros2/install/rosboard:/home/yahboom/cartoros2/install/path_planner_server:/home/yahboom/cartoros2/install/nav2_simple_commander:/home/yahboom/cartoros2/install/nav2_gazebo_spawner:/home/yahboom/cartoros2/install/localization_server:/home/yahboom/cartoros2/install/laserscan_to_point_pulisher:/home/yahboom/yahboomcar_ws/install/yahboom_dog_example:/opt/ros/humble /usr/bin/cmake --install /home/yahboom/intro_ws/build/examples_rclcpp_wait_set
[6.942s] Level 1:colcon.colcon_core.environment:checking '/home/yahboom/intro_ws/install/examples_rclcpp_wait_set/lib'
[6.942s] Level 1:colcon.colcon_core.shell:create_environment_hook('examples_rclcpp_wait_set', 'ld_library_path_lib')
[6.943s] INFO:colcon.colcon_core.shell:Creating environment hook '/home/yahboom/intro_ws/install/examples_rclcpp_wait_set/share/examples_rclcpp_wait_set/hook/ld_library_path_lib.ps1'
[6.943s] INFO:colcon.colcon_core.shell:Creating environment descriptor '/home/yahboom/intro_ws/install/examples_rclcpp_wait_set/share/examples_rclcpp_wait_set/hook/ld_library_path_lib.dsv'
[6.944s] INFO:colcon.colcon_core.shell:Creating environment hook '/home/yahboom/intro_ws/install/examples_rclcpp_wait_set/share/examples_rclcpp_wait_set/hook/ld_library_path_lib.sh'
[6.945s] Level 1:colcon.colcon_core.environment:checking '/home/yahboom/intro_ws/install/examples_rclcpp_wait_set/bin'
[6.945s] Level 1:colcon.colcon_core.environment:checking '/home/yahboom/intro_ws/install/examples_rclcpp_wait_set/lib/pkgconfig/examples_rclcpp_wait_set.pc'
[6.945s] Level 1:colcon.colcon_core.environment:checking '/home/yahboom/intro_ws/install/examples_rclcpp_wait_set/lib/python3.10/site-packages'
[6.945s] Level 1:colcon.colcon_core.environment:checking '/home/yahboom/intro_ws/install/examples_rclcpp_wait_set/bin'
[6.946s] INFO:colcon.colcon_core.shell:Creating package script '/home/yahboom/intro_ws/install/examples_rclcpp_wait_set/share/examples_rclcpp_wait_set/package.ps1'
[6.947s] INFO:colcon.colcon_core.shell:Creating package descriptor '/home/yahboom/intro_ws/install/examples_rclcpp_wait_set/share/examples_rclcpp_wait_set/package.dsv'
[6.947s] INFO:colcon.colcon_core.shell:Creating package script '/home/yahboom/intro_ws/install/examples_rclcpp_wait_set/share/examples_rclcpp_wait_set/package.sh'
[6.948s] INFO:colcon.colcon_core.shell:Creating package script '/home/yahboom/intro_ws/install/examples_rclcpp_wait_set/share/examples_rclcpp_wait_set/package.bash'
[6.949s] INFO:colcon.colcon_core.shell:Creating package script '/home/yahboom/intro_ws/install/examples_rclcpp_wait_set/share/examples_rclcpp_wait_set/package.zsh'
[6.950s] Level 1:colcon.colcon_core.environment:create_file_with_runtime_dependencies(/home/yahboom/intro_ws/install/examples_rclcpp_wait_set/share/colcon-core/packages/examples_rclcpp_wait_set)
[6.962s] DEBUG:colcon.colcon_core.task.python.build:While undoing a previous installation files outside the Python library path are being ignored: /home/yahboom/intro_ws/install/examples_rclpy_minimal_action_client/share/ament_index/resource_index/packages/examples_rclpy_minimal_action_client
[6.962s] DEBUG:colcon.colcon_core.task.python.build:While undoing a previous installation files outside the Python library path are being ignored: /home/yahboom/intro_ws/install/examples_rclpy_minimal_action_client/share/examples_rclpy_minimal_action_client/package.xml
[6.962s] DEBUG:colcon.colcon_core.task.python.build:While undoing a previous installation files outside the Python library path are being ignored: /home/yahboom/intro_ws/install/examples_rclpy_minimal_action_client/lib/examples_rclpy_minimal_action_client/client
[6.962s] DEBUG:colcon.colcon_core.task.python.build:While undoing a previous installation files outside the Python library path are being ignored: /home/yahboom/intro_ws/install/examples_rclpy_minimal_action_client/lib/examples_rclpy_minimal_action_client/client_asyncio
[6.962s] DEBUG:colcon.colcon_core.task.python.build:While undoing a previous installation files outside the Python library path are being ignored: /home/yahboom/intro_ws/install/examples_rclpy_minimal_action_client/lib/examples_rclpy_minimal_action_client/client_cancel
[6.962s] DEBUG:colcon.colcon_core.task.python.build:While undoing a previous installation files outside the Python library path are being ignored: /home/yahboom/intro_ws/install/examples_rclpy_minimal_action_client/lib/examples_rclpy_minimal_action_client/client_not_composable
[6.963s] DEBUG:colcon.colcon_core.event_handler.log_command:Invoking command in '/home/yahboom/intro_ws/build/examples_rclpy_minimal_action_client': PYTHONPATH=/home/yahboom/intro_ws/build/examples_rclpy_minimal_action_client/prefix_override:/home/yahboom/intro_ws/install/examples_rclpy_minimal_action_client/lib/python3.10/site-packages:${PYTHONPATH} /usr/bin/python3 -W ignore:setup.py install is deprecated setup.py develop --editable --build-directory /home/yahboom/intro_ws/build/examples_rclpy_minimal_action_client/build --no-deps symlink_data --force
[7.071s] Level 1:colcon.colcon_core.shell:create_environment_hook('examples_rclpy_guard_conditions', 'pythonpath_develop')
[7.071s] INFO:colcon.colcon_core.shell:Creating environment hook '/home/yahboom/intro_ws/build/examples_rclpy_guard_conditions/share/examples_rclpy_guard_conditions/hook/pythonpath_develop.ps1'
[7.074s] DEBUG:colcon.colcon_core.event_handler.log_command:Invoked command in '/home/yahboom/intro_ws/build/examples_rclpy_guard_conditions' returned '0': PYTHONPATH=/home/yahboom/intro_ws/build/examples_rclpy_guard_conditions/prefix_override:/home/yahboom/intro_ws/install/examples_rclpy_guard_conditions/lib/python3.10/site-packages:${PYTHONPATH} /usr/bin/python3 -W ignore:setup.py install is deprecated setup.py develop --editable --build-directory /home/yahboom/intro_ws/build/examples_rclpy_guard_conditions/build --no-deps symlink_data --force
[7.074s] INFO:colcon.colcon_core.shell:Creating environment descriptor '/home/yahboom/intro_ws/build/examples_rclpy_guard_conditions/share/examples_rclpy_guard_conditions/hook/pythonpath_develop.dsv'
[7.075s] INFO:colcon.colcon_core.shell:Creating environment hook '/home/yahboom/intro_ws/build/examples_rclpy_guard_conditions/share/examples_rclpy_guard_conditions/hook/pythonpath_develop.sh'
[7.076s] Level 1:colcon.colcon_core.environment:checking '/home/yahboom/intro_ws/install/examples_rclpy_guard_conditions' for CMake module files
[7.077s] Level 1:colcon.colcon_core.environment:checking '/home/yahboom/intro_ws/install/examples_rclpy_guard_conditions' for CMake config files
[7.077s] Level 1:colcon.colcon_core.environment:checking '/home/yahboom/intro_ws/install/examples_rclpy_guard_conditions/lib'
[7.077s] Level 1:colcon.colcon_core.environment:checking '/home/yahboom/intro_ws/install/examples_rclpy_guard_conditions/bin'
[7.077s] Level 1:colcon.colcon_core.environment:checking '/home/yahboom/intro_ws/install/examples_rclpy_guard_conditions/lib/pkgconfig/examples_rclpy_guard_conditions.pc'
[7.077s] Level 1:colcon.colcon_core.environment:checking '/home/yahboom/intro_ws/install/examples_rclpy_guard_conditions/lib/python3.10/site-packages'
[7.078s] Level 1:colcon.colcon_core.shell:create_environment_hook('examples_rclpy_guard_conditions', 'pythonpath')
[7.078s] INFO:colcon.colcon_core.shell:Creating environment hook '/home/yahboom/intro_ws/install/examples_rclpy_guard_conditions/share/examples_rclpy_guard_conditions/hook/pythonpath.ps1'
[7.079s] INFO:colcon.colcon_core.shell:Creating environment descriptor '/home/yahboom/intro_ws/install/examples_rclpy_guard_conditions/share/examples_rclpy_guard_conditions/hook/pythonpath.dsv'
[7.080s] INFO:colcon.colcon_core.shell:Creating environment hook '/home/yahboom/intro_ws/install/examples_rclpy_guard_conditions/share/examples_rclpy_guard_conditions/hook/pythonpath.sh'
[7.081s] Level 1:colcon.colcon_core.environment:checking '/home/yahboom/intro_ws/install/examples_rclpy_guard_conditions/bin'
[7.081s] Level 1:colcon.colcon_core.environment:create_environment_scripts_only(examples_rclpy_guard_conditions)
[7.081s] INFO:colcon.colcon_core.shell:Creating package script '/home/yahboom/intro_ws/install/examples_rclpy_guard_conditions/share/examples_rclpy_guard_conditions/package.ps1'
[7.082s] INFO:colcon.colcon_core.shell:Creating package descriptor '/home/yahboom/intro_ws/install/examples_rclpy_guard_conditions/share/examples_rclpy_guard_conditions/package.dsv'
[7.083s] INFO:colcon.colcon_core.shell:Creating package script '/home/yahboom/intro_ws/install/examples_rclpy_guard_conditions/share/examples_rclpy_guard_conditions/package.sh'
[7.084s] INFO:colcon.colcon_core.shell:Creating package script '/home/yahboom/intro_ws/install/examples_rclpy_guard_conditions/share/examples_rclpy_guard_conditions/package.bash'
[7.085s] INFO:colcon.colcon_core.shell:Creating package script '/home/yahboom/intro_ws/install/examples_rclpy_guard_conditions/share/examples_rclpy_guard_conditions/package.zsh'
[7.085s] Level 1:colcon.colcon_core.environment:create_file_with_runtime_dependencies(/home/yahboom/intro_ws/install/examples_rclpy_guard_conditions/share/colcon-core/packages/examples_rclpy_guard_conditions)
[7.087s] INFO:colcon.colcon_ros.task.ament_python.build:Building ROS package in '/home/yahboom/intro_ws/src/examples/rclpy/services/minimal_client' with build type 'ament_python'
[7.087s] Level 1:colcon.colcon_core.shell:create_environment_hook('examples_rclpy_minimal_client', 'ament_prefix_path')
[7.088s] INFO:colcon.colcon_core.shell:Creating environment hook '/home/yahboom/intro_ws/install/examples_rclpy_minimal_client/share/examples_rclpy_minimal_client/hook/ament_prefix_path.ps1'
[7.089s] INFO:colcon.colcon_core.shell:Creating environment descriptor '/home/yahboom/intro_ws/install/examples_rclpy_minimal_client/share/examples_rclpy_minimal_client/hook/ament_prefix_path.dsv'
[7.089s] INFO:colcon.colcon_core.shell:Creating environment hook '/home/yahboom/intro_ws/install/examples_rclpy_minimal_client/share/examples_rclpy_minimal_client/hook/ament_prefix_path.sh'
[7.090s] INFO:colcon.colcon_core.shell:Skip shell extension 'powershell' for command environment: Not usable outside of PowerShell
[7.091s] DEBUG:colcon.colcon_core.shell:Skip shell extension 'dsv' for command environment
[7.374s] INFO:colcon.colcon_core.task.python.build:Building Python package in '/home/yahboom/intro_ws/src/examples/rclpy/services/minimal_client'
[7.375s] INFO:colcon.colcon_core.shell:Skip shell extension 'powershell' for command environment: Not usable outside of PowerShell
[7.375s] DEBUG:colcon.colcon_core.shell:Skip shell extension 'dsv' for command environment
[7.388s] Level 1:colcon.colcon_core.environment:create_environment_scripts_only(examples_rclcpp_wait_set)
[7.388s] Level 1:colcon.colcon_core.environment:checking '/home/yahboom/intro_ws/install/examples_rclcpp_wait_set' for CMake module files
[7.389s] Level 1:colcon.colcon_core.environment:checking '/home/yahboom/intro_ws/install/examples_rclcpp_wait_set' for CMake config files
[7.389s] Level 1:colcon.colcon_core.shell:create_environment_hook('examples_rclcpp_wait_set', 'cmake_prefix_path')
[7.389s] INFO:colcon.colcon_core.shell:Creating environment hook '/home/yahboom/intro_ws/install/examples_rclcpp_wait_set/share/examples_rclcpp_wait_set/hook/cmake_prefix_path.ps1'
[7.390s] INFO:colcon.colcon_core.shell:Creating environment descriptor '/home/yahboom/intro_ws/install/examples_rclcpp_wait_set/share/examples_rclcpp_wait_set/hook/cmake_prefix_path.dsv'
[7.392s] INFO:colcon.colcon_core.shell:Creating environment hook '/home/yahboom/intro_ws/install/examples_rclcpp_wait_set/share/examples_rclcpp_wait_set/hook/cmake_prefix_path.sh'
[7.394s] Level 1:colcon.colcon_core.environment:checking '/home/yahboom/intro_ws/install/examples_rclcpp_wait_set/lib'
[7.394s] Level 1:colcon.colcon_core.shell:create_environment_hook('examples_rclcpp_wait_set', 'ld_library_path_lib')
[7.395s] INFO:colcon.colcon_core.shell:Creating environment hook '/home/yahboom/intro_ws/install/examples_rclcpp_wait_set/share/examples_rclcpp_wait_set/hook/ld_library_path_lib.ps1'
[7.396s] INFO:colcon.colcon_core.shell:Creating environment descriptor '/home/yahboom/intro_ws/install/examples_rclcpp_wait_set/share/examples_rclcpp_wait_set/hook/ld_library_path_lib.dsv'
[7.397s] INFO:colcon.colcon_core.shell:Creating environment hook '/home/yahboom/intro_ws/install/examples_rclcpp_wait_set/share/examples_rclcpp_wait_set/hook/ld_library_path_lib.sh'
[7.399s] Level 1:colcon.colcon_core.environment:checking '/home/yahboom/intro_ws/install/examples_rclcpp_wait_set/bin'
[7.399s] Level 1:colcon.colcon_core.environment:checking '/home/yahboom/intro_ws/install/examples_rclcpp_wait_set/lib/pkgconfig/examples_rclcpp_wait_set.pc'
[7.399s] Level 1:colcon.colcon_core.environment:checking '/home/yahboom/intro_ws/install/examples_rclcpp_wait_set/lib/python3.10/site-packages'
[7.399s] Level 1:colcon.colcon_core.environment:checking '/home/yahboom/intro_ws/install/examples_rclcpp_wait_set/bin'
[7.400s] INFO:colcon.colcon_core.shell:Creating package script '/home/yahboom/intro_ws/install/examples_rclcpp_wait_set/share/examples_rclcpp_wait_set/package.ps1'
[7.401s] INFO:colcon.colcon_core.shell:Creating package descriptor '/home/yahboom/intro_ws/install/examples_rclcpp_wait_set/share/examples_rclcpp_wait_set/package.dsv'
[7.402s] INFO:colcon.colcon_core.shell:Creating package script '/home/yahboom/intro_ws/install/examples_rclcpp_wait_set/share/examples_rclcpp_wait_set/package.sh'
[7.405s] INFO:colcon.colcon_core.shell:Creating package script '/home/yahboom/intro_ws/install/examples_rclcpp_wait_set/share/examples_rclcpp_wait_set/package.bash'
[7.409s] INFO:colcon.colcon_core.shell:Creating package script '/home/yahboom/intro_ws/install/examples_rclcpp_wait_set/share/examples_rclcpp_wait_set/package.zsh'
[7.412s] Level 1:colcon.colcon_core.environment:create_file_with_runtime_dependencies(/home/yahboom/intro_ws/install/examples_rclcpp_wait_set/share/colcon-core/packages/examples_rclcpp_wait_set)
[7.414s] DEBUG:colcon.colcon_core.task.python.build:While undoing a previous installation files outside the Python library path are being ignored: /home/yahboom/intro_ws/install/examples_rclpy_minimal_action_server/share/ament_index/resource_index/packages/examples_rclpy_minimal_action_server
[7.414s] DEBUG:colcon.colcon_core.task.python.build:While undoing a previous installation files outside the Python library path are being ignored: /home/yahboom/intro_ws/install/examples_rclpy_minimal_action_server/share/examples_rclpy_minimal_action_server/package.xml
[7.415s] DEBUG:colcon.colcon_core.task.python.build:While undoing a previous installation files outside the Python library path are being ignored: /home/yahboom/intro_ws/install/examples_rclpy_minimal_action_server/lib/examples_rclpy_minimal_action_server/server
[7.415s] DEBUG:colcon.colcon_core.task.python.build:While undoing a previous installation files outside the Python library path are being ignored: /home/yahboom/intro_ws/install/examples_rclpy_minimal_action_server/lib/examples_rclpy_minimal_action_server/server_defer
[7.415s] DEBUG:colcon.colcon_core.task.python.build:While undoing a previous installation files outside the Python library path are being ignored: /home/yahboom/intro_ws/install/examples_rclpy_minimal_action_server/lib/examples_rclpy_minimal_action_server/server_not_composable
[7.415s] DEBUG:colcon.colcon_core.task.python.build:While undoing a previous installation files outside the Python library path are being ignored: /home/yahboom/intro_ws/install/examples_rclpy_minimal_action_server/lib/examples_rclpy_minimal_action_server/server_queue_goals
[7.415s] DEBUG:colcon.colcon_core.task.python.build:While undoing a previous installation files outside the Python library path are being ignored: /home/yahboom/intro_ws/install/examples_rclpy_minimal_action_server/lib/examples_rclpy_minimal_action_server/server_single_goal
[7.417s] DEBUG:colcon.colcon_core.event_handler.log_command:Invoking command in '/home/yahboom/intro_ws/build/examples_rclpy_minimal_action_server': PYTHONPATH=/home/yahboom/intro_ws/build/examples_rclpy_minimal_action_server/prefix_override:/home/yahboom/intro_ws/install/examples_rclpy_minimal_action_server/lib/python3.10/site-packages:${PYTHONPATH} /usr/bin/python3 -W ignore:setup.py install is deprecated setup.py develop --editable --build-directory /home/yahboom/intro_ws/build/examples_rclpy_minimal_action_server/build --no-deps symlink_data --force
[7.418s] INFO:colcon.colcon_ros.task.ament_python.build:Building ROS package in '/home/yahboom/intro_ws/src/examples/rclpy/topics/minimal_publisher' with build type 'ament_python'
[7.418s] Level 1:colcon.colcon_core.shell:create_environment_hook('examples_rclpy_minimal_publisher', 'ament_prefix_path')
[7.418s] INFO:colcon.colcon_core.shell:Creating environment hook '/home/yahboom/intro_ws/install/examples_rclpy_minimal_publisher/share/examples_rclpy_minimal_publisher/hook/ament_prefix_path.ps1'
[7.420s] INFO:colcon.colcon_core.shell:Creating environment descriptor '/home/yahboom/intro_ws/install/examples_rclpy_minimal_publisher/share/examples_rclpy_minimal_publisher/hook/ament_prefix_path.dsv'
[7.422s] INFO:colcon.colcon_core.shell:Creating environment hook '/home/yahboom/intro_ws/install/examples_rclpy_minimal_publisher/share/examples_rclpy_minimal_publisher/hook/ament_prefix_path.sh'
[7.423s] INFO:colcon.colcon_core.shell:Skip shell extension 'powershell' for command environment: Not usable outside of PowerShell
[7.424s] DEBUG:colcon.colcon_core.shell:Skip shell extension 'dsv' for command environment
[7.749s] INFO:colcon.colcon_core.task.python.build:Building Python package in '/home/yahboom/intro_ws/src/examples/rclpy/topics/minimal_publisher'
[7.750s] INFO:colcon.colcon_core.shell:Skip shell extension 'powershell' for command environment: Not usable outside of PowerShell
[7.750s] DEBUG:colcon.colcon_core.shell:Skip shell extension 'dsv' for command environment
[7.765s] Level 1:colcon.colcon_core.shell:create_environment_hook('examples_rclpy_minimal_action_client', 'pythonpath_develop')
[7.765s] INFO:colcon.colcon_core.shell:Creating environment hook '/home/yahboom/intro_ws/build/examples_rclpy_minimal_action_client/share/examples_rclpy_minimal_action_client/hook/pythonpath_develop.ps1'
[7.766s] DEBUG:colcon.colcon_core.event_handler.log_command:Invoked command in '/home/yahboom/intro_ws/build/examples_rclpy_minimal_action_client' returned '0': PYTHONPATH=/home/yahboom/intro_ws/build/examples_rclpy_minimal_action_client/prefix_override:/home/yahboom/intro_ws/install/examples_rclpy_minimal_action_client/lib/python3.10/site-packages:${PYTHONPATH} /usr/bin/python3 -W ignore:setup.py install is deprecated setup.py develop --editable --build-directory /home/yahboom/intro_ws/build/examples_rclpy_minimal_action_client/build --no-deps symlink_data --force
[7.767s] INFO:colcon.colcon_core.shell:Creating environment descriptor '/home/yahboom/intro_ws/build/examples_rclpy_minimal_action_client/share/examples_rclpy_minimal_action_client/hook/pythonpath_develop.dsv'
[7.768s] INFO:colcon.colcon_core.shell:Creating environment hook '/home/yahboom/intro_ws/build/examples_rclpy_minimal_action_client/share/examples_rclpy_minimal_action_client/hook/pythonpath_develop.sh'
[7.769s] Level 1:colcon.colcon_core.environment:checking '/home/yahboom/intro_ws/install/examples_rclpy_minimal_action_client' for CMake module files
[7.770s] Level 1:colcon.colcon_core.environment:checking '/home/yahboom/intro_ws/install/examples_rclpy_minimal_action_client' for CMake config files
[7.770s] Level 1:colcon.colcon_core.environment:checking '/home/yahboom/intro_ws/install/examples_rclpy_minimal_action_client/lib'
[7.770s] Level 1:colcon.colcon_core.environment:checking '/home/yahboom/intro_ws/install/examples_rclpy_minimal_action_client/bin'
[7.770s] Level 1:colcon.colcon_core.environment:checking '/home/yahboom/intro_ws/install/examples_rclpy_minimal_action_client/lib/pkgconfig/examples_rclpy_minimal_action_client.pc'
[7.770s] Level 1:colcon.colcon_core.environment:checking '/home/yahboom/intro_ws/install/examples_rclpy_minimal_action_client/lib/python3.10/site-packages'
[7.771s] Level 1:colcon.colcon_core.shell:create_environment_hook('examples_rclpy_minimal_action_client', 'pythonpath')
[7.771s] INFO:colcon.colcon_core.shell:Creating environment hook '/home/yahboom/intro_ws/install/examples_rclpy_minimal_action_client/share/examples_rclpy_minimal_action_client/hook/pythonpath.ps1'
[7.772s] INFO:colcon.colcon_core.shell:Creating environment descriptor '/home/yahboom/intro_ws/install/examples_rclpy_minimal_action_client/share/examples_rclpy_minimal_action_client/hook/pythonpath.dsv'
[7.774s] INFO:colcon.colcon_core.shell:Creating environment hook '/home/yahboom/intro_ws/install/examples_rclpy_minimal_action_client/share/examples_rclpy_minimal_action_client/hook/pythonpath.sh'
[7.775s] Level 1:colcon.colcon_core.environment:checking '/home/yahboom/intro_ws/install/examples_rclpy_minimal_action_client/bin'
[7.775s] Level 1:colcon.colcon_core.environment:create_environment_scripts_only(examples_rclpy_minimal_action_client)
[7.775s] INFO:colcon.colcon_core.shell:Creating package script '/home/yahboom/intro_ws/install/examples_rclpy_minimal_action_client/share/examples_rclpy_minimal_action_client/package.ps1'
[7.777s] INFO:colcon.colcon_core.shell:Creating package descriptor '/home/yahboom/intro_ws/install/examples_rclpy_minimal_action_client/share/examples_rclpy_minimal_action_client/package.dsv'
[7.777s] INFO:colcon.colcon_core.shell:Creating package script '/home/yahboom/intro_ws/install/examples_rclpy_minimal_action_client/share/examples_rclpy_minimal_action_client/package.sh'
[7.779s] INFO:colcon.colcon_core.shell:Creating package script '/home/yahboom/intro_ws/install/examples_rclpy_minimal_action_client/share/examples_rclpy_minimal_action_client/package.bash'
[7.780s] INFO:colcon.colcon_core.shell:Creating package script '/home/yahboom/intro_ws/install/examples_rclpy_minimal_action_client/share/examples_rclpy_minimal_action_client/package.zsh'
[7.781s] Level 1:colcon.colcon_core.environment:create_file_with_runtime_dependencies(/home/yahboom/intro_ws/install/examples_rclpy_minimal_action_client/share/colcon-core/packages/examples_rclpy_minimal_action_client)
[7.782s] INFO:colcon.colcon_ros.task.ament_python.build:Building ROS package in '/home/yahboom/intro_ws/src/examples/rclpy/services/minimal_service' with build type 'ament_python'
[7.782s] Level 1:colcon.colcon_core.shell:create_environment_hook('examples_rclpy_minimal_service', 'ament_prefix_path')
[7.782s] INFO:colcon.colcon_core.shell:Creating environment hook '/home/yahboom/intro_ws/install/examples_rclpy_minimal_service/share/examples_rclpy_minimal_service/hook/ament_prefix_path.ps1'
[7.785s] INFO:colcon.colcon_core.shell:Creating environment descriptor '/home/yahboom/intro_ws/install/examples_rclpy_minimal_service/share/examples_rclpy_minimal_service/hook/ament_prefix_path.dsv'
[7.786s] INFO:colcon.colcon_core.shell:Creating environment hook '/home/yahboom/intro_ws/install/examples_rclpy_minimal_service/share/examples_rclpy_minimal_service/hook/ament_prefix_path.sh'
[7.787s] INFO:colcon.colcon_core.shell:Skip shell extension 'powershell' for command environment: Not usable outside of PowerShell
[7.787s] DEBUG:colcon.colcon_core.shell:Skip shell extension 'dsv' for command environment
[8.064s] INFO:colcon.colcon_core.task.python.build:Building Python package in '/home/yahboom/intro_ws/src/examples/rclpy/services/minimal_service'
[8.064s] INFO:colcon.colcon_core.shell:Skip shell extension 'powershell' for command environment: Not usable outside of PowerShell
[8.064s] DEBUG:colcon.colcon_core.shell:Skip shell extension 'dsv' for command environment
[8.078s] Level 1:colcon.colcon_core.shell:create_environment_hook('examples_rclpy_minimal_action_server', 'pythonpath_develop')
[8.079s] INFO:colcon.colcon_core.shell:Creating environment hook '/home/yahboom/intro_ws/build/examples_rclpy_minimal_action_server/share/examples_rclpy_minimal_action_server/hook/pythonpath_develop.ps1'
[8.080s] INFO:colcon.colcon_core.shell:Creating environment descriptor '/home/yahboom/intro_ws/build/examples_rclpy_minimal_action_server/share/examples_rclpy_minimal_action_server/hook/pythonpath_develop.dsv'
[8.080s] DEBUG:colcon.colcon_core.event_handler.log_command:Invoked command in '/home/yahboom/intro_ws/build/examples_rclpy_minimal_action_server' returned '0': PYTHONPATH=/home/yahboom/intro_ws/build/examples_rclpy_minimal_action_server/prefix_override:/home/yahboom/intro_ws/install/examples_rclpy_minimal_action_server/lib/python3.10/site-packages:${PYTHONPATH} /usr/bin/python3 -W ignore:setup.py install is deprecated setup.py develop --editable --build-directory /home/yahboom/intro_ws/build/examples_rclpy_minimal_action_server/build --no-deps symlink_data --force
[8.081s] INFO:colcon.colcon_core.shell:Creating environment hook '/home/yahboom/intro_ws/build/examples_rclpy_minimal_action_server/share/examples_rclpy_minimal_action_server/hook/pythonpath_develop.sh'
[8.082s] Level 1:colcon.colcon_core.environment:checking '/home/yahboom/intro_ws/install/examples_rclpy_minimal_action_server' for CMake module files
[8.082s] Level 1:colcon.colcon_core.environment:checking '/home/yahboom/intro_ws/install/examples_rclpy_minimal_action_server' for CMake config files
[8.083s] Level 1:colcon.colcon_core.environment:checking '/home/yahboom/intro_ws/install/examples_rclpy_minimal_action_server/lib'
[8.083s] Level 1:colcon.colcon_core.environment:checking '/home/yahboom/intro_ws/install/examples_rclpy_minimal_action_server/bin'
[8.083s] Level 1:colcon.colcon_core.environment:checking '/home/yahboom/intro_ws/install/examples_rclpy_minimal_action_server/lib/pkgconfig/examples_rclpy_minimal_action_server.pc'
[8.083s] Level 1:colcon.colcon_core.environment:checking '/home/yahboom/intro_ws/install/examples_rclpy_minimal_action_server/lib/python3.10/site-packages'
[8.083s] Level 1:colcon.colcon_core.shell:create_environment_hook('examples_rclpy_minimal_action_server', 'pythonpath')
[8.083s] INFO:colcon.colcon_core.shell:Creating environment hook '/home/yahboom/intro_ws/install/examples_rclpy_minimal_action_server/share/examples_rclpy_minimal_action_server/hook/pythonpath.ps1'
[8.084s] INFO:colcon.colcon_core.shell:Creating environment descriptor '/home/yahboom/intro_ws/install/examples_rclpy_minimal_action_server/share/examples_rclpy_minimal_action_server/hook/pythonpath.dsv'
[8.085s] INFO:colcon.colcon_core.shell:Creating environment hook '/home/yahboom/intro_ws/install/examples_rclpy_minimal_action_server/share/examples_rclpy_minimal_action_server/hook/pythonpath.sh'
[8.086s] Level 1:colcon.colcon_core.environment:checking '/home/yahboom/intro_ws/install/examples_rclpy_minimal_action_server/bin'
[8.086s] Level 1:colcon.colcon_core.environment:create_environment_scripts_only(examples_rclpy_minimal_action_server)
[8.086s] INFO:colcon.colcon_core.shell:Creating package script '/home/yahboom/intro_ws/install/examples_rclpy_minimal_action_server/share/examples_rclpy_minimal_action_server/package.ps1'
[8.087s] INFO:colcon.colcon_core.shell:Creating package descriptor '/home/yahboom/intro_ws/install/examples_rclpy_minimal_action_server/share/examples_rclpy_minimal_action_server/package.dsv'
[8.088s] INFO:colcon.colcon_core.shell:Creating package script '/home/yahboom/intro_ws/install/examples_rclpy_minimal_action_server/share/examples_rclpy_minimal_action_server/package.sh'
[8.089s] INFO:colcon.colcon_core.shell:Creating package script '/home/yahboom/intro_ws/install/examples_rclpy_minimal_action_server/share/examples_rclpy_minimal_action_server/package.bash'
[8.090s] INFO:colcon.colcon_core.shell:Creating package script '/home/yahboom/intro_ws/install/examples_rclpy_minimal_action_server/share/examples_rclpy_minimal_action_server/package.zsh'
[8.091s] Level 1:colcon.colcon_core.environment:create_file_with_runtime_dependencies(/home/yahboom/intro_ws/install/examples_rclpy_minimal_action_server/share/colcon-core/packages/examples_rclpy_minimal_action_server)
[8.092s] DEBUG:colcon.colcon_core.task.python.build:While undoing a previous installation files outside the Python library path are being ignored: /home/yahboom/intro_ws/install/examples_rclpy_minimal_client/share/ament_index/resource_index/packages/examples_rclpy_minimal_client
[8.092s] DEBUG:colcon.colcon_core.task.python.build:While undoing a previous installation files outside the Python library path are being ignored: /home/yahboom/intro_ws/install/examples_rclpy_minimal_client/share/examples_rclpy_minimal_client/package.xml
[8.092s] DEBUG:colcon.colcon_core.task.python.build:While undoing a previous installation files outside the Python library path are being ignored: /home/yahboom/intro_ws/install/examples_rclpy_minimal_client/lib/examples_rclpy_minimal_client/client
[8.092s] DEBUG:colcon.colcon_core.task.python.build:While undoing a previous installation files outside the Python library path are being ignored: /home/yahboom/intro_ws/install/examples_rclpy_minimal_client/lib/examples_rclpy_minimal_client/client_async
[8.092s] DEBUG:colcon.colcon_core.task.python.build:While undoing a previous installation files outside the Python library path are being ignored: /home/yahboom/intro_ws/install/examples_rclpy_minimal_client/lib/examples_rclpy_minimal_client/client_async_callback
[8.092s] DEBUG:colcon.colcon_core.task.python.build:While undoing a previous installation files outside the Python library path are being ignored: /home/yahboom/intro_ws/install/examples_rclpy_minimal_client/lib/examples_rclpy_minimal_client/client_async_member_function
[8.094s] INFO:colcon.colcon_ros.task.ament_python.build:Building ROS package in '/home/yahboom/intro_ws/src/examples/rclpy/topics/minimal_subscriber' with build type 'ament_python'
[8.094s] Level 1:colcon.colcon_core.shell:create_environment_hook('examples_rclpy_minimal_subscriber', 'ament_prefix_path')
[8.095s] INFO:colcon.colcon_core.shell:Creating environment hook '/home/yahboom/intro_ws/install/examples_rclpy_minimal_subscriber/share/examples_rclpy_minimal_subscriber/hook/ament_prefix_path.ps1'
[8.096s] INFO:colcon.colcon_core.shell:Creating environment descriptor '/home/yahboom/intro_ws/install/examples_rclpy_minimal_subscriber/share/examples_rclpy_minimal_subscriber/hook/ament_prefix_path.dsv'
[8.096s] INFO:colcon.colcon_core.shell:Creating environment hook '/home/yahboom/intro_ws/install/examples_rclpy_minimal_subscriber/share/examples_rclpy_minimal_subscriber/hook/ament_prefix_path.sh'
[8.097s] INFO:colcon.colcon_core.shell:Skip shell extension 'powershell' for command environment: Not usable outside of PowerShell
[8.097s] DEBUG:colcon.colcon_core.event_handler.log_command:Invoking command in '/home/yahboom/intro_ws/build/examples_rclpy_minimal_client': PYTHONPATH=/home/yahboom/intro_ws/build/examples_rclpy_minimal_client/prefix_override:/home/yahboom/intro_ws/install/examples_rclpy_minimal_client/lib/python3.10/site-packages:${PYTHONPATH} /usr/bin/python3 -W ignore:setup.py install is deprecated setup.py develop --editable --build-directory /home/yahboom/intro_ws/build/examples_rclpy_minimal_client/build --no-deps symlink_data --force
[8.097s] DEBUG:colcon.colcon_core.shell:Skip shell extension 'dsv' for command environment
[8.400s] INFO:colcon.colcon_core.task.python.build:Building Python package in '/home/yahboom/intro_ws/src/examples/rclpy/topics/minimal_subscriber'
[8.401s] INFO:colcon.colcon_core.shell:Skip shell extension 'powershell' for command environment: Not usable outside of PowerShell
[8.401s] DEBUG:colcon.colcon_core.shell:Skip shell extension 'dsv' for command environment
[8.412s] DEBUG:colcon.colcon_core.task.python.build:While undoing a previous installation files outside the Python library path are being ignored: /home/yahboom/intro_ws/install/examples_rclpy_minimal_publisher/share/ament_index/resource_index/packages/examples_rclpy_minimal_publisher
[8.412s] DEBUG:colcon.colcon_core.task.python.build:While undoing a previous installation files outside the Python library path are being ignored: /home/yahboom/intro_ws/install/examples_rclpy_minimal_publisher/share/examples_rclpy_minimal_publisher/package.xml
[8.412s] DEBUG:colcon.colcon_core.task.python.build:While undoing a previous installation files outside the Python library path are being ignored: /home/yahboom/intro_ws/install/examples_rclpy_minimal_publisher/lib/examples_rclpy_minimal_publisher/publisher_local_function
[8.412s] DEBUG:colcon.colcon_core.task.python.build:While undoing a previous installation files outside the Python library path are being ignored: /home/yahboom/intro_ws/install/examples_rclpy_minimal_publisher/lib/examples_rclpy_minimal_publisher/publisher_member_function
[8.412s] DEBUG:colcon.colcon_core.task.python.build:While undoing a previous installation files outside the Python library path are being ignored: /home/yahboom/intro_ws/install/examples_rclpy_minimal_publisher/lib/examples_rclpy_minimal_publisher/publisher_member_function_with_wait_for_all_acked
[8.412s] DEBUG:colcon.colcon_core.task.python.build:While undoing a previous installation files outside the Python library path are being ignored: /home/yahboom/intro_ws/install/examples_rclpy_minimal_publisher/lib/examples_rclpy_minimal_publisher/publisher_old_school
[8.413s] DEBUG:colcon.colcon_core.event_handler.log_command:Invoking command in '/home/yahboom/intro_ws/build/examples_rclpy_minimal_publisher': PYTHONPATH=/home/yahboom/intro_ws/build/examples_rclpy_minimal_publisher/prefix_override:/home/yahboom/intro_ws/install/examples_rclpy_minimal_publisher/lib/python3.10/site-packages:${PYTHONPATH} /usr/bin/python3 -W ignore:setup.py install is deprecated setup.py develop --editable --build-directory /home/yahboom/intro_ws/build/examples_rclpy_minimal_publisher/build --no-deps symlink_data --force
[8.477s] DEBUG:colcon.colcon_core.task.python.build:While undoing a previous installation files outside the Python library path are being ignored: /home/yahboom/intro_ws/install/examples_rclpy_minimal_service/share/ament_index/resource_index/packages/examples_rclpy_minimal_service
[8.477s] DEBUG:colcon.colcon_core.task.python.build:While undoing a previous installation files outside the Python library path are being ignored: /home/yahboom/intro_ws/install/examples_rclpy_minimal_service/share/examples_rclpy_minimal_service/package.xml
[8.477s] DEBUG:colcon.colcon_core.task.python.build:While undoing a previous installation files outside the Python library path are being ignored: /home/yahboom/intro_ws/install/examples_rclpy_minimal_service/lib/examples_rclpy_minimal_service/service
[8.477s] DEBUG:colcon.colcon_core.task.python.build:While undoing a previous installation files outside the Python library path are being ignored: /home/yahboom/intro_ws/install/examples_rclpy_minimal_service/lib/examples_rclpy_minimal_service/service_member_function
[8.481s] DEBUG:colcon.colcon_core.event_handler.log_command:Invoking command in '/home/yahboom/intro_ws/build/examples_rclpy_minimal_service': PYTHONPATH=/home/yahboom/intro_ws/build/examples_rclpy_minimal_service/prefix_override:/home/yahboom/intro_ws/install/examples_rclpy_minimal_service/lib/python3.10/site-packages:${PYTHONPATH} /usr/bin/python3 -W ignore:setup.py install is deprecated setup.py develop --editable --build-directory /home/yahboom/intro_ws/build/examples_rclpy_minimal_service/build --no-deps symlink_data --force
[8.589s] Level 1:colcon.colcon_core.shell:create_environment_hook('examples_rclpy_minimal_client', 'pythonpath_develop')
[8.590s] INFO:colcon.colcon_core.shell:Creating environment hook '/home/yahboom/intro_ws/build/examples_rclpy_minimal_client/share/examples_rclpy_minimal_client/hook/pythonpath_develop.ps1'
[8.591s] INFO:colcon.colcon_core.shell:Creating environment descriptor '/home/yahboom/intro_ws/build/examples_rclpy_minimal_client/share/examples_rclpy_minimal_client/hook/pythonpath_develop.dsv'
[8.590s] DEBUG:colcon.colcon_core.event_handler.log_command:Invoked command in '/home/yahboom/intro_ws/build/examples_rclpy_minimal_client' returned '0': PYTHONPATH=/home/yahboom/intro_ws/build/examples_rclpy_minimal_client/prefix_override:/home/yahboom/intro_ws/install/examples_rclpy_minimal_client/lib/python3.10/site-packages:${PYTHONPATH} /usr/bin/python3 -W ignore:setup.py install is deprecated setup.py develop --editable --build-directory /home/yahboom/intro_ws/build/examples_rclpy_minimal_client/build --no-deps symlink_data --force
[8.592s] INFO:colcon.colcon_core.shell:Creating environment hook '/home/yahboom/intro_ws/build/examples_rclpy_minimal_client/share/examples_rclpy_minimal_client/hook/pythonpath_develop.sh'
[8.593s] Level 1:colcon.colcon_core.environment:checking '/home/yahboom/intro_ws/install/examples_rclpy_minimal_client' for CMake module files
[8.593s] Level 1:colcon.colcon_core.environment:checking '/home/yahboom/intro_ws/install/examples_rclpy_minimal_client' for CMake config files
[8.593s] Level 1:colcon.colcon_core.environment:checking '/home/yahboom/intro_ws/install/examples_rclpy_minimal_client/lib'
[8.593s] Level 1:colcon.colcon_core.environment:checking '/home/yahboom/intro_ws/install/examples_rclpy_minimal_client/bin'
[8.593s] Level 1:colcon.colcon_core.environment:checking '/home/yahboom/intro_ws/install/examples_rclpy_minimal_client/lib/pkgconfig/examples_rclpy_minimal_client.pc'
[8.594s] Level 1:colcon.colcon_core.environment:checking '/home/yahboom/intro_ws/install/examples_rclpy_minimal_client/lib/python3.10/site-packages'
[8.594s] Level 1:colcon.colcon_core.shell:create_environment_hook('examples_rclpy_minimal_client', 'pythonpath')
[8.594s] INFO:colcon.colcon_core.shell:Creating environment hook '/home/yahboom/intro_ws/install/examples_rclpy_minimal_client/share/examples_rclpy_minimal_client/hook/pythonpath.ps1'
[8.594s] INFO:colcon.colcon_core.shell:Creating environment descriptor '/home/yahboom/intro_ws/install/examples_rclpy_minimal_client/share/examples_rclpy_minimal_client/hook/pythonpath.dsv'
[8.595s] INFO:colcon.colcon_core.shell:Creating environment hook '/home/yahboom/intro_ws/install/examples_rclpy_minimal_client/share/examples_rclpy_minimal_client/hook/pythonpath.sh'
[8.595s] Level 1:colcon.colcon_core.environment:checking '/home/yahboom/intro_ws/install/examples_rclpy_minimal_client/bin'
[8.595s] Level 1:colcon.colcon_core.environment:create_environment_scripts_only(examples_rclpy_minimal_client)
[8.596s] INFO:colcon.colcon_core.shell:Creating package script '/home/yahboom/intro_ws/install/examples_rclpy_minimal_client/share/examples_rclpy_minimal_client/package.ps1'
[8.596s] INFO:colcon.colcon_core.shell:Creating package descriptor '/home/yahboom/intro_ws/install/examples_rclpy_minimal_client/share/examples_rclpy_minimal_client/package.dsv'
[8.597s] INFO:colcon.colcon_core.shell:Creating package script '/home/yahboom/intro_ws/install/examples_rclpy_minimal_client/share/examples_rclpy_minimal_client/package.sh'
[8.598s] INFO:colcon.colcon_core.shell:Creating package script '/home/yahboom/intro_ws/install/examples_rclpy_minimal_client/share/examples_rclpy_minimal_client/package.bash'
[8.598s] INFO:colcon.colcon_core.shell:Creating package script '/home/yahboom/intro_ws/install/examples_rclpy_minimal_client/share/examples_rclpy_minimal_client/package.zsh'
[8.599s] Level 1:colcon.colcon_core.environment:create_file_with_runtime_dependencies(/home/yahboom/intro_ws/install/examples_rclpy_minimal_client/share/colcon-core/packages/examples_rclpy_minimal_client)
[8.600s] INFO:colcon.colcon_ros.task.ament_python.build:Building ROS package in '/home/yahboom/intro_ws/src/examples/rclpy/topics/pointcloud_publisher' with build type 'ament_python'
[8.600s] Level 1:colcon.colcon_core.shell:create_environment_hook('examples_rclpy_pointcloud_publisher', 'ament_prefix_path')
[8.600s] INFO:colcon.colcon_core.shell:Creating environment hook '/home/yahboom/intro_ws/install/examples_rclpy_pointcloud_publisher/share/examples_rclpy_pointcloud_publisher/hook/ament_prefix_path.ps1'
[8.601s] INFO:colcon.colcon_core.shell:Creating environment descriptor '/home/yahboom/intro_ws/install/examples_rclpy_pointcloud_publisher/share/examples_rclpy_pointcloud_publisher/hook/ament_prefix_path.dsv'
[8.601s] INFO:colcon.colcon_core.shell:Creating environment hook '/home/yahboom/intro_ws/install/examples_rclpy_pointcloud_publisher/share/examples_rclpy_pointcloud_publisher/hook/ament_prefix_path.sh'
[8.602s] INFO:colcon.colcon_core.shell:Skip shell extension 'powershell' for command environment: Not usable outside of PowerShell
[8.602s] DEBUG:colcon.colcon_core.shell:Skip shell extension 'dsv' for command environment
[8.916s] INFO:colcon.colcon_core.task.python.build:Building Python package in '/home/yahboom/intro_ws/src/examples/rclpy/topics/pointcloud_publisher'
[8.917s] INFO:colcon.colcon_core.shell:Skip shell extension 'powershell' for command environment: Not usable outside of PowerShell
[8.917s] DEBUG:colcon.colcon_core.shell:Skip shell extension 'dsv' for command environment
[8.930s] DEBUG:colcon.colcon_core.task.python.build:While undoing a previous installation files outside the Python library path are being ignored: /home/yahboom/intro_ws/install/examples_rclpy_minimal_subscriber/share/ament_index/resource_index/packages/examples_rclpy_minimal_subscriber
[8.930s] DEBUG:colcon.colcon_core.task.python.build:While undoing a previous installation files outside the Python library path are being ignored: /home/yahboom/intro_ws/install/examples_rclpy_minimal_subscriber/share/examples_rclpy_minimal_subscriber/package.xml
[8.930s] DEBUG:colcon.colcon_core.task.python.build:While undoing a previous installation files outside the Python library path are being ignored: /home/yahboom/intro_ws/install/examples_rclpy_minimal_subscriber/lib/examples_rclpy_minimal_subscriber/subscriber_lambda
[8.930s] DEBUG:colcon.colcon_core.task.python.build:While undoing a previous installation files outside the Python library path are being ignored: /home/yahboom/intro_ws/install/examples_rclpy_minimal_subscriber/lib/examples_rclpy_minimal_subscriber/subscriber_member_function
[8.930s] DEBUG:colcon.colcon_core.task.python.build:While undoing a previous installation files outside the Python library path are being ignored: /home/yahboom/intro_ws/install/examples_rclpy_minimal_subscriber/lib/examples_rclpy_minimal_subscriber/subscriber_old_school
[8.932s] DEBUG:colcon.colcon_core.event_handler.log_command:Invoking command in '/home/yahboom/intro_ws/build/examples_rclpy_minimal_subscriber': PYTHONPATH=/home/yahboom/intro_ws/build/examples_rclpy_minimal_subscriber/prefix_override:/home/yahboom/intro_ws/install/examples_rclpy_minimal_subscriber/lib/python3.10/site-packages:${PYTHONPATH} /usr/bin/python3 -W ignore:setup.py install is deprecated setup.py develop --editable --build-directory /home/yahboom/intro_ws/build/examples_rclpy_minimal_subscriber/build --no-deps symlink_data --force
[8.933s] Level 1:colcon.colcon_core.shell:create_environment_hook('examples_rclpy_minimal_publisher', 'pythonpath_develop')
[8.933s] INFO:colcon.colcon_core.shell:Creating environment hook '/home/yahboom/intro_ws/build/examples_rclpy_minimal_publisher/share/examples_rclpy_minimal_publisher/hook/pythonpath_develop.ps1'
[8.934s] INFO:colcon.colcon_core.shell:Creating environment descriptor '/home/yahboom/intro_ws/build/examples_rclpy_minimal_publisher/share/examples_rclpy_minimal_publisher/hook/pythonpath_develop.dsv'
[8.934s] DEBUG:colcon.colcon_core.event_handler.log_command:Invoked command in '/home/yahboom/intro_ws/build/examples_rclpy_minimal_publisher' returned '0': PYTHONPATH=/home/yahboom/intro_ws/build/examples_rclpy_minimal_publisher/prefix_override:/home/yahboom/intro_ws/install/examples_rclpy_minimal_publisher/lib/python3.10/site-packages:${PYTHONPATH} /usr/bin/python3 -W ignore:setup.py install is deprecated setup.py develop --editable --build-directory /home/yahboom/intro_ws/build/examples_rclpy_minimal_publisher/build --no-deps symlink_data --force
[8.936s] INFO:colcon.colcon_core.shell:Creating environment hook '/home/yahboom/intro_ws/build/examples_rclpy_minimal_publisher/share/examples_rclpy_minimal_publisher/hook/pythonpath_develop.sh'
[8.937s] Level 1:colcon.colcon_core.environment:checking '/home/yahboom/intro_ws/install/examples_rclpy_minimal_publisher' for CMake module files
[8.938s] Level 1:colcon.colcon_core.environment:checking '/home/yahboom/intro_ws/install/examples_rclpy_minimal_publisher' for CMake config files
[8.938s] Level 1:colcon.colcon_core.environment:checking '/home/yahboom/intro_ws/install/examples_rclpy_minimal_publisher/lib'
[8.938s] Level 1:colcon.colcon_core.environment:checking '/home/yahboom/intro_ws/install/examples_rclpy_minimal_publisher/bin'
[8.938s] Level 1:colcon.colcon_core.environment:checking '/home/yahboom/intro_ws/install/examples_rclpy_minimal_publisher/lib/pkgconfig/examples_rclpy_minimal_publisher.pc'
[8.938s] Level 1:colcon.colcon_core.environment:checking '/home/yahboom/intro_ws/install/examples_rclpy_minimal_publisher/lib/python3.10/site-packages'
[8.938s] Level 1:colcon.colcon_core.shell:create_environment_hook('examples_rclpy_minimal_publisher', 'pythonpath')
[8.938s] INFO:colcon.colcon_core.shell:Creating environment hook '/home/yahboom/intro_ws/install/examples_rclpy_minimal_publisher/share/examples_rclpy_minimal_publisher/hook/pythonpath.ps1'
[8.939s] INFO:colcon.colcon_core.shell:Creating environment descriptor '/home/yahboom/intro_ws/install/examples_rclpy_minimal_publisher/share/examples_rclpy_minimal_publisher/hook/pythonpath.dsv'
[8.940s] INFO:colcon.colcon_core.shell:Creating environment hook '/home/yahboom/intro_ws/install/examples_rclpy_minimal_publisher/share/examples_rclpy_minimal_publisher/hook/pythonpath.sh'
[8.941s] Level 1:colcon.colcon_core.environment:checking '/home/yahboom/intro_ws/install/examples_rclpy_minimal_publisher/bin'
[8.941s] Level 1:colcon.colcon_core.environment:create_environment_scripts_only(examples_rclpy_minimal_publisher)
[8.941s] INFO:colcon.colcon_core.shell:Creating package script '/home/yahboom/intro_ws/install/examples_rclpy_minimal_publisher/share/examples_rclpy_minimal_publisher/package.ps1'
[8.942s] INFO:colcon.colcon_core.shell:Creating package descriptor '/home/yahboom/intro_ws/install/examples_rclpy_minimal_publisher/share/examples_rclpy_minimal_publisher/package.dsv'
[8.943s] INFO:colcon.colcon_core.shell:Creating package script '/home/yahboom/intro_ws/install/examples_rclpy_minimal_publisher/share/examples_rclpy_minimal_publisher/package.sh'
[8.943s] INFO:colcon.colcon_core.shell:Creating package script '/home/yahboom/intro_ws/install/examples_rclpy_minimal_publisher/share/examples_rclpy_minimal_publisher/package.bash'
[8.944s] INFO:colcon.colcon_core.shell:Creating package script '/home/yahboom/intro_ws/install/examples_rclpy_minimal_publisher/share/examples_rclpy_minimal_publisher/package.zsh'
[8.945s] Level 1:colcon.colcon_core.environment:create_file_with_runtime_dependencies(/home/yahboom/intro_ws/install/examples_rclpy_minimal_publisher/share/colcon-core/packages/examples_rclpy_minimal_publisher)
[8.946s] INFO:colcon.colcon_ros.task.ament_python.build:Building ROS package in '/home/yahboom/intro_ws/src/examples/launch_testing/launch_testing_examples' with build type 'ament_python'
[8.946s] Level 1:colcon.colcon_core.shell:create_environment_hook('launch_testing_examples', 'ament_prefix_path')
[8.946s] INFO:colcon.colcon_core.shell:Creating environment hook '/home/yahboom/intro_ws/install/launch_testing_examples/share/launch_testing_examples/hook/ament_prefix_path.ps1'
[8.947s] INFO:colcon.colcon_core.shell:Creating environment descriptor '/home/yahboom/intro_ws/install/launch_testing_examples/share/launch_testing_examples/hook/ament_prefix_path.dsv'
[8.948s] INFO:colcon.colcon_core.shell:Creating environment hook '/home/yahboom/intro_ws/install/launch_testing_examples/share/launch_testing_examples/hook/ament_prefix_path.sh'
[8.949s] INFO:colcon.colcon_core.shell:Skip shell extension 'powershell' for command environment: Not usable outside of PowerShell
[8.949s] DEBUG:colcon.colcon_core.shell:Skip shell extension 'dsv' for command environment
[9.240s] INFO:colcon.colcon_core.task.python.build:Building Python package in '/home/yahboom/intro_ws/src/examples/launch_testing/launch_testing_examples'
[9.241s] INFO:colcon.colcon_core.shell:Skip shell extension 'powershell' for command environment: Not usable outside of PowerShell
[9.241s] DEBUG:colcon.colcon_core.shell:Skip shell extension 'dsv' for command environment
[9.255s] Level 1:colcon.colcon_core.shell:create_environment_hook('examples_rclpy_minimal_service', 'pythonpath_develop')
[9.256s] INFO:colcon.colcon_core.shell:Creating environment hook '/home/yahboom/intro_ws/build/examples_rclpy_minimal_service/share/examples_rclpy_minimal_service/hook/pythonpath_develop.ps1'
[9.257s] INFO:colcon.colcon_core.shell:Creating environment descriptor '/home/yahboom/intro_ws/build/examples_rclpy_minimal_service/share/examples_rclpy_minimal_service/hook/pythonpath_develop.dsv'
[9.257s] DEBUG:colcon.colcon_core.event_handler.log_command:Invoked command in '/home/yahboom/intro_ws/build/examples_rclpy_minimal_service' returned '0': PYTHONPATH=/home/yahboom/intro_ws/build/examples_rclpy_minimal_service/prefix_override:/home/yahboom/intro_ws/install/examples_rclpy_minimal_service/lib/python3.10/site-packages:${PYTHONPATH} /usr/bin/python3 -W ignore:setup.py install is deprecated setup.py develop --editable --build-directory /home/yahboom/intro_ws/build/examples_rclpy_minimal_service/build --no-deps symlink_data --force
[9.258s] INFO:colcon.colcon_core.shell:Creating environment hook '/home/yahboom/intro_ws/build/examples_rclpy_minimal_service/share/examples_rclpy_minimal_service/hook/pythonpath_develop.sh'
[9.259s] Level 1:colcon.colcon_core.environment:checking '/home/yahboom/intro_ws/install/examples_rclpy_minimal_service' for CMake module files
[9.259s] Level 1:colcon.colcon_core.environment:checking '/home/yahboom/intro_ws/install/examples_rclpy_minimal_service' for CMake config files
[9.260s] Level 1:colcon.colcon_core.environment:checking '/home/yahboom/intro_ws/install/examples_rclpy_minimal_service/lib'
[9.260s] Level 1:colcon.colcon_core.environment:checking '/home/yahboom/intro_ws/install/examples_rclpy_minimal_service/bin'
[9.260s] Level 1:colcon.colcon_core.environment:checking '/home/yahboom/intro_ws/install/examples_rclpy_minimal_service/lib/pkgconfig/examples_rclpy_minimal_service.pc'
[9.260s] Level 1:colcon.colcon_core.environment:checking '/home/yahboom/intro_ws/install/examples_rclpy_minimal_service/lib/python3.10/site-packages'
[9.260s] Level 1:colcon.colcon_core.shell:create_environment_hook('examples_rclpy_minimal_service', 'pythonpath')
[9.260s] INFO:colcon.colcon_core.shell:Creating environment hook '/home/yahboom/intro_ws/install/examples_rclpy_minimal_service/share/examples_rclpy_minimal_service/hook/pythonpath.ps1'
[9.262s] INFO:colcon.colcon_core.shell:Creating environment descriptor '/home/yahboom/intro_ws/install/examples_rclpy_minimal_service/share/examples_rclpy_minimal_service/hook/pythonpath.dsv'
[9.263s] INFO:colcon.colcon_core.shell:Creating environment hook '/home/yahboom/intro_ws/install/examples_rclpy_minimal_service/share/examples_rclpy_minimal_service/hook/pythonpath.sh'
[9.263s] Level 1:colcon.colcon_core.environment:checking '/home/yahboom/intro_ws/install/examples_rclpy_minimal_service/bin'
[9.264s] Level 1:colcon.colcon_core.environment:create_environment_scripts_only(examples_rclpy_minimal_service)
[9.264s] INFO:colcon.colcon_core.shell:Creating package script '/home/yahboom/intro_ws/install/examples_rclpy_minimal_service/share/examples_rclpy_minimal_service/package.ps1'
[9.265s] INFO:colcon.colcon_core.shell:Creating package descriptor '/home/yahboom/intro_ws/install/examples_rclpy_minimal_service/share/examples_rclpy_minimal_service/package.dsv'
[9.266s] INFO:colcon.colcon_core.shell:Creating package script '/home/yahboom/intro_ws/install/examples_rclpy_minimal_service/share/examples_rclpy_minimal_service/package.sh'
[9.266s] INFO:colcon.colcon_core.shell:Creating package script '/home/yahboom/intro_ws/install/examples_rclpy_minimal_service/share/examples_rclpy_minimal_service/package.bash'
[9.267s] INFO:colcon.colcon_core.shell:Creating package script '/home/yahboom/intro_ws/install/examples_rclpy_minimal_service/share/examples_rclpy_minimal_service/package.zsh'
[9.268s] Level 1:colcon.colcon_core.environment:create_file_with_runtime_dependencies(/home/yahboom/intro_ws/install/examples_rclpy_minimal_service/share/colcon-core/packages/examples_rclpy_minimal_service)
[9.270s] INFO:colcon.colcon_ros.task.ament_python.build:Building ROS package in '/home/yahboom/intro_ws/src/python_parameters' with build type 'ament_python'
[9.270s] Level 1:colcon.colcon_core.shell:create_environment_hook('python_parameters', 'ament_prefix_path')
[9.270s] INFO:colcon.colcon_core.shell:Creating environment hook '/home/yahboom/intro_ws/install/python_parameters/share/python_parameters/hook/ament_prefix_path.ps1'
[9.271s] INFO:colcon.colcon_core.shell:Creating environment descriptor '/home/yahboom/intro_ws/install/python_parameters/share/python_parameters/hook/ament_prefix_path.dsv'
[9.272s] INFO:colcon.colcon_core.shell:Creating environment hook '/home/yahboom/intro_ws/install/python_parameters/share/python_parameters/hook/ament_prefix_path.sh'
[9.272s] INFO:colcon.colcon_core.shell:Skip shell extension 'powershell' for command environment: Not usable outside of PowerShell
[9.273s] DEBUG:colcon.colcon_core.shell:Skip shell extension 'dsv' for command environment
[9.544s] INFO:colcon.colcon_core.task.python.build:Building Python package in '/home/yahboom/intro_ws/src/python_parameters'
[9.544s] INFO:colcon.colcon_core.shell:Skip shell extension 'powershell' for command environment: Not usable outside of PowerShell
[9.544s] DEBUG:colcon.colcon_core.shell:Skip shell extension 'dsv' for command environment
[9.555s] DEBUG:colcon.colcon_core.task.python.build:While undoing a previous installation files outside the Python library path are being ignored: /home/yahboom/intro_ws/install/examples_rclpy_pointcloud_publisher/share/ament_index/resource_index/packages/examples_rclpy_pointcloud_publisher
[9.555s] DEBUG:colcon.colcon_core.task.python.build:While undoing a previous installation files outside the Python library path are being ignored: /home/yahboom/intro_ws/install/examples_rclpy_pointcloud_publisher/share/examples_rclpy_pointcloud_publisher/package.xml
[9.555s] DEBUG:colcon.colcon_core.task.python.build:While undoing a previous installation files outside the Python library path are being ignored: /home/yahboom/intro_ws/install/examples_rclpy_pointcloud_publisher/lib/examples_rclpy_pointcloud_publisher/pointcloud_publisher
[9.557s] DEBUG:colcon.colcon_core.event_handler.log_command:Invoking command in '/home/yahboom/intro_ws/build/examples_rclpy_pointcloud_publisher': PYTHONPATH=/home/yahboom/intro_ws/build/examples_rclpy_pointcloud_publisher/prefix_override:/home/yahboom/intro_ws/install/examples_rclpy_pointcloud_publisher/lib/python3.10/site-packages:${PYTHONPATH} /usr/bin/python3 -W ignore:setup.py install is deprecated setup.py develop --editable --build-directory /home/yahboom/intro_ws/build/examples_rclpy_pointcloud_publisher/build --no-deps symlink_data --force
[9.557s] Level 1:colcon.colcon_core.shell:create_environment_hook('examples_rclpy_minimal_subscriber', 'pythonpath_develop')
[9.558s] INFO:colcon.colcon_core.shell:Creating environment hook '/home/yahboom/intro_ws/build/examples_rclpy_minimal_subscriber/share/examples_rclpy_minimal_subscriber/hook/pythonpath_develop.ps1'
[9.559s] INFO:colcon.colcon_core.shell:Creating environment descriptor '/home/yahboom/intro_ws/build/examples_rclpy_minimal_subscriber/share/examples_rclpy_minimal_subscriber/hook/pythonpath_develop.dsv'
[9.559s] INFO:colcon.colcon_core.shell:Creating environment hook '/home/yahboom/intro_ws/build/examples_rclpy_minimal_subscriber/share/examples_rclpy_minimal_subscriber/hook/pythonpath_develop.sh'
[9.560s] Level 1:colcon.colcon_core.environment:checking '/home/yahboom/intro_ws/install/examples_rclpy_minimal_subscriber' for CMake module files
[9.561s] Level 1:colcon.colcon_core.environment:checking '/home/yahboom/intro_ws/install/examples_rclpy_minimal_subscriber' for CMake config files
[9.561s] Level 1:colcon.colcon_core.environment:checking '/home/yahboom/intro_ws/install/examples_rclpy_minimal_subscriber/lib'
[9.561s] Level 1:colcon.colcon_core.environment:checking '/home/yahboom/intro_ws/install/examples_rclpy_minimal_subscriber/bin'
[9.561s] Level 1:colcon.colcon_core.environment:checking '/home/yahboom/intro_ws/install/examples_rclpy_minimal_subscriber/lib/pkgconfig/examples_rclpy_minimal_subscriber.pc'
[9.562s] Level 1:colcon.colcon_core.environment:checking '/home/yahboom/intro_ws/install/examples_rclpy_minimal_subscriber/lib/python3.10/site-packages'
[9.562s] Level 1:colcon.colcon_core.shell:create_environment_hook('examples_rclpy_minimal_subscriber', 'pythonpath')
[9.562s] INFO:colcon.colcon_core.shell:Creating environment hook '/home/yahboom/intro_ws/install/examples_rclpy_minimal_subscriber/share/examples_rclpy_minimal_subscriber/hook/pythonpath.ps1'
[9.562s] DEBUG:colcon.colcon_core.event_handler.log_command:Invoked command in '/home/yahboom/intro_ws/build/examples_rclpy_minimal_subscriber' returned '0': PYTHONPATH=/home/yahboom/intro_ws/build/examples_rclpy_minimal_subscriber/prefix_override:/home/yahboom/intro_ws/install/examples_rclpy_minimal_subscriber/lib/python3.10/site-packages:${PYTHONPATH} /usr/bin/python3 -W ignore:setup.py install is deprecated setup.py develop --editable --build-directory /home/yahboom/intro_ws/build/examples_rclpy_minimal_subscriber/build --no-deps symlink_data --force
[9.563s] INFO:colcon.colcon_core.shell:Creating environment descriptor '/home/yahboom/intro_ws/install/examples_rclpy_minimal_subscriber/share/examples_rclpy_minimal_subscriber/hook/pythonpath.dsv'
[9.563s] INFO:colcon.colcon_core.shell:Creating environment hook '/home/yahboom/intro_ws/install/examples_rclpy_minimal_subscriber/share/examples_rclpy_minimal_subscriber/hook/pythonpath.sh'
[9.564s] Level 1:colcon.colcon_core.environment:checking '/home/yahboom/intro_ws/install/examples_rclpy_minimal_subscriber/bin'
[9.565s] Level 1:colcon.colcon_core.environment:create_environment_scripts_only(examples_rclpy_minimal_subscriber)
[9.565s] INFO:colcon.colcon_core.shell:Creating package script '/home/yahboom/intro_ws/install/examples_rclpy_minimal_subscriber/share/examples_rclpy_minimal_subscriber/package.ps1'
[9.566s] INFO:colcon.colcon_core.shell:Creating package descriptor '/home/yahboom/intro_ws/install/examples_rclpy_minimal_subscriber/share/examples_rclpy_minimal_subscriber/package.dsv'
[9.567s] INFO:colcon.colcon_core.shell:Creating package script '/home/yahboom/intro_ws/install/examples_rclpy_minimal_subscriber/share/examples_rclpy_minimal_subscriber/package.sh'
[9.567s] INFO:colcon.colcon_core.shell:Creating package script '/home/yahboom/intro_ws/install/examples_rclpy_minimal_subscriber/share/examples_rclpy_minimal_subscriber/package.bash'
[9.568s] INFO:colcon.colcon_core.shell:Creating package script '/home/yahboom/intro_ws/install/examples_rclpy_minimal_subscriber/share/examples_rclpy_minimal_subscriber/package.zsh'
[9.569s] Level 1:colcon.colcon_core.environment:create_file_with_runtime_dependencies(/home/yahboom/intro_ws/install/examples_rclpy_minimal_subscriber/share/colcon-core/packages/examples_rclpy_minimal_subscriber)
[9.570s] INFO:colcon.colcon_ros.task.ament_python.build:Building ROS package in '/home/yahboom/intro_ws/src/test_tf2_py' with build type 'ament_python'
[9.570s] Level 1:colcon.colcon_core.shell:create_environment_hook('test_tf2_py', 'ament_prefix_path')
[9.570s] INFO:colcon.colcon_core.shell:Creating environment hook '/home/yahboom/intro_ws/install/test_tf2_py/share/test_tf2_py/hook/ament_prefix_path.ps1'
[9.571s] INFO:colcon.colcon_core.shell:Creating environment descriptor '/home/yahboom/intro_ws/install/test_tf2_py/share/test_tf2_py/hook/ament_prefix_path.dsv'
[9.572s] INFO:colcon.colcon_core.shell:Creating environment hook '/home/yahboom/intro_ws/install/test_tf2_py/share/test_tf2_py/hook/ament_prefix_path.sh'
[9.572s] INFO:colcon.colcon_core.shell:Skip shell extension 'powershell' for command environment: Not usable outside of PowerShell
[9.572s] DEBUG:colcon.colcon_core.shell:Skip shell extension 'dsv' for command environment
[9.865s] INFO:colcon.colcon_core.task.python.build:Building Python package in '/home/yahboom/intro_ws/src/test_tf2_py'
[9.866s] INFO:colcon.colcon_core.shell:Skip shell extension 'powershell' for command environment: Not usable outside of PowerShell
[9.866s] DEBUG:colcon.colcon_core.shell:Skip shell extension 'dsv' for command environment
[9.878s] DEBUG:colcon.colcon_core.task.python.build:While undoing a previous installation files outside the Python library path are being ignored: /home/yahboom/intro_ws/install/launch_testing_examples/share/ament_index/resource_index/packages/launch_testing_examples
[9.878s] DEBUG:colcon.colcon_core.task.python.build:While undoing a previous installation files outside the Python library path are being ignored: /home/yahboom/intro_ws/install/launch_testing_examples/share/launch_testing_examples/package.xml
[9.879s] DEBUG:colcon.colcon_core.event_handler.log_command:Invoking command in '/home/yahboom/intro_ws/build/launch_testing_examples': PYTHONPATH=/home/yahboom/intro_ws/build/launch_testing_examples/prefix_override:/home/yahboom/intro_ws/install/launch_testing_examples/lib/python3.10/site-packages:${PYTHONPATH} /usr/bin/python3 -W ignore:setup.py install is deprecated setup.py develop --editable --build-directory /home/yahboom/intro_ws/build/launch_testing_examples/build --no-deps symlink_data --force
[9.919s] DEBUG:colcon.colcon_core.task.python.build:While undoing a previous installation files outside the Python library path are being ignored: /home/yahboom/intro_ws/install/python_parameters/share/ament_index/resource_index/packages/python_parameters
[9.919s] DEBUG:colcon.colcon_core.task.python.build:While undoing a previous installation files outside the Python library path are being ignored: /home/yahboom/intro_ws/install/python_parameters/share/python_parameters/package.xml
[9.919s] DEBUG:colcon.colcon_core.task.python.build:While undoing a previous installation files outside the Python library path are being ignored: /home/yahboom/intro_ws/install/python_parameters/share/python_parameters/launch/run_multi_launch.py
[9.919s] DEBUG:colcon.colcon_core.task.python.build:While undoing a previous installation files outside the Python library path are being ignored: /home/yahboom/intro_ws/install/python_parameters/lib/python_parameters/minimal_param_node
[9.925s] DEBUG:colcon.colcon_core.event_handler.log_command:Invoking command in '/home/yahboom/intro_ws/build/python_parameters': PYTHONPATH=/home/yahboom/intro_ws/build/python_parameters/prefix_override:/home/yahboom/intro_ws/install/python_parameters/lib/python3.10/site-packages:${PYTHONPATH} /usr/bin/python3 -W ignore:setup.py install is deprecated setup.py develop --editable --build-directory /home/yahboom/intro_ws/build/python_parameters/build --no-deps symlink_data --force
[10.028s] Level 1:colcon.colcon_core.shell:create_environment_hook('examples_rclpy_pointcloud_publisher', 'pythonpath_develop')
[10.028s] INFO:colcon.colcon_core.shell:Creating environment hook '/home/yahboom/intro_ws/build/examples_rclpy_pointcloud_publisher/share/examples_rclpy_pointcloud_publisher/hook/pythonpath_develop.ps1'
[10.029s] DEBUG:colcon.colcon_core.event_handler.log_command:Invoked command in '/home/yahboom/intro_ws/build/examples_rclpy_pointcloud_publisher' returned '0': PYTHONPATH=/home/yahboom/intro_ws/build/examples_rclpy_pointcloud_publisher/prefix_override:/home/yahboom/intro_ws/install/examples_rclpy_pointcloud_publisher/lib/python3.10/site-packages:${PYTHONPATH} /usr/bin/python3 -W ignore:setup.py install is deprecated setup.py develop --editable --build-directory /home/yahboom/intro_ws/build/examples_rclpy_pointcloud_publisher/build --no-deps symlink_data --force
[10.029s] INFO:colcon.colcon_core.shell:Creating environment descriptor '/home/yahboom/intro_ws/build/examples_rclpy_pointcloud_publisher/share/examples_rclpy_pointcloud_publisher/hook/pythonpath_develop.dsv'
[10.030s] INFO:colcon.colcon_core.shell:Creating environment hook '/home/yahboom/intro_ws/build/examples_rclpy_pointcloud_publisher/share/examples_rclpy_pointcloud_publisher/hook/pythonpath_develop.sh'
[10.031s] Level 1:colcon.colcon_core.environment:checking '/home/yahboom/intro_ws/install/examples_rclpy_pointcloud_publisher' for CMake module files
[10.031s] Level 1:colcon.colcon_core.environment:checking '/home/yahboom/intro_ws/install/examples_rclpy_pointcloud_publisher' for CMake config files
[10.032s] Level 1:colcon.colcon_core.environment:checking '/home/yahboom/intro_ws/install/examples_rclpy_pointcloud_publisher/lib'
[10.032s] Level 1:colcon.colcon_core.environment:checking '/home/yahboom/intro_ws/install/examples_rclpy_pointcloud_publisher/bin'
[10.032s] Level 1:colcon.colcon_core.environment:checking '/home/yahboom/intro_ws/install/examples_rclpy_pointcloud_publisher/lib/pkgconfig/examples_rclpy_pointcloud_publisher.pc'
[10.032s] Level 1:colcon.colcon_core.environment:checking '/home/yahboom/intro_ws/install/examples_rclpy_pointcloud_publisher/lib/python3.10/site-packages'
[10.032s] Level 1:colcon.colcon_core.shell:create_environment_hook('examples_rclpy_pointcloud_publisher', 'pythonpath')
[10.032s] INFO:colcon.colcon_core.shell:Creating environment hook '/home/yahboom/intro_ws/install/examples_rclpy_pointcloud_publisher/share/examples_rclpy_pointcloud_publisher/hook/pythonpath.ps1'
[10.033s] INFO:colcon.colcon_core.shell:Creating environment descriptor '/home/yahboom/intro_ws/install/examples_rclpy_pointcloud_publisher/share/examples_rclpy_pointcloud_publisher/hook/pythonpath.dsv'
[10.033s] INFO:colcon.colcon_core.shell:Creating environment hook '/home/yahboom/intro_ws/install/examples_rclpy_pointcloud_publisher/share/examples_rclpy_pointcloud_publisher/hook/pythonpath.sh'
[10.034s] Level 1:colcon.colcon_core.environment:checking '/home/yahboom/intro_ws/install/examples_rclpy_pointcloud_publisher/bin'
[10.034s] Level 1:colcon.colcon_core.environment:create_environment_scripts_only(examples_rclpy_pointcloud_publisher)
[10.034s] INFO:colcon.colcon_core.shell:Creating package script '/home/yahboom/intro_ws/install/examples_rclpy_pointcloud_publisher/share/examples_rclpy_pointcloud_publisher/package.ps1'
[10.035s] INFO:colcon.colcon_core.shell:Creating package descriptor '/home/yahboom/intro_ws/install/examples_rclpy_pointcloud_publisher/share/examples_rclpy_pointcloud_publisher/package.dsv'
[10.036s] INFO:colcon.colcon_core.shell:Creating package script '/home/yahboom/intro_ws/install/examples_rclpy_pointcloud_publisher/share/examples_rclpy_pointcloud_publisher/package.sh'
[10.037s] INFO:colcon.colcon_core.shell:Creating package script '/home/yahboom/intro_ws/install/examples_rclpy_pointcloud_publisher/share/examples_rclpy_pointcloud_publisher/package.bash'
[10.037s] INFO:colcon.colcon_core.shell:Creating package script '/home/yahboom/intro_ws/install/examples_rclpy_pointcloud_publisher/share/examples_rclpy_pointcloud_publisher/package.zsh'
[10.038s] Level 1:colcon.colcon_core.environment:create_file_with_runtime_dependencies(/home/yahboom/intro_ws/install/examples_rclpy_pointcloud_publisher/share/colcon-core/packages/examples_rclpy_pointcloud_publisher)
[10.038s] INFO:colcon.colcon_ros.task.ament_python.build:Building ROS package in '/home/yahboom/intro_ws/src/time_tf2_py' with build type 'ament_python'
[10.038s] Level 1:colcon.colcon_core.shell:create_environment_hook('time_tf2_py', 'ament_prefix_path')
[10.039s] INFO:colcon.colcon_core.shell:Creating environment hook '/home/yahboom/intro_ws/install/time_tf2_py/share/time_tf2_py/hook/ament_prefix_path.ps1'
[10.039s] INFO:colcon.colcon_core.shell:Creating environment descriptor '/home/yahboom/intro_ws/install/time_tf2_py/share/time_tf2_py/hook/ament_prefix_path.dsv'
[10.040s] INFO:colcon.colcon_core.shell:Creating environment hook '/home/yahboom/intro_ws/install/time_tf2_py/share/time_tf2_py/hook/ament_prefix_path.sh'
[10.041s] INFO:colcon.colcon_core.shell:Skip shell extension 'powershell' for command environment: Not usable outside of PowerShell
[10.041s] DEBUG:colcon.colcon_core.shell:Skip shell extension 'dsv' for command environment
[10.342s] INFO:colcon.colcon_core.task.python.build:Building Python package in '/home/yahboom/intro_ws/src/time_tf2_py'
[10.342s] INFO:colcon.colcon_core.shell:Skip shell extension 'powershell' for command environment: Not usable outside of PowerShell
[10.343s] DEBUG:colcon.colcon_core.shell:Skip shell extension 'dsv' for command environment
[10.355s] DEBUG:colcon.colcon_core.task.python.build:While undoing a previous installation files outside the Python library path are being ignored: /home/yahboom/intro_ws/install/test_tf2_py/share/ament_index/resource_index/packages/test_tf2_py
[10.355s] DEBUG:colcon.colcon_core.task.python.build:While undoing a previous installation files outside the Python library path are being ignored: /home/yahboom/intro_ws/install/test_tf2_py/share/test_tf2_py/package.xml
[10.355s] DEBUG:colcon.colcon_core.task.python.build:While undoing a previous installation files outside the Python library path are being ignored: /home/yahboom/intro_ws/install/test_tf2_py/share/test_tf2_py/launch/tf2_fixed_frame_demo.launch.py
[10.355s] DEBUG:colcon.colcon_core.task.python.build:While undoing a previous installation files outside the Python library path are being ignored: /home/yahboom/intro_ws/install/test_tf2_py/share/test_tf2_py/launch/tf2_demo.launch.py
[10.355s] DEBUG:colcon.colcon_core.task.python.build:While undoing a previous installation files outside the Python library path are being ignored: /home/yahboom/intro_ws/install/test_tf2_py/share/test_tf2_py/launch/tf2_dynamic_frame_demo.launch.py
[10.355s] DEBUG:colcon.colcon_core.task.python.build:While undoing a previous installation files outside the Python library path are being ignored: /home/yahboom/intro_ws/install/test_tf2_py/lib/test_tf2_py/dynamic_frame_tf2_broadcaster
[10.355s] DEBUG:colcon.colcon_core.task.python.build:While undoing a previous installation files outside the Python library path are being ignored: /home/yahboom/intro_ws/install/test_tf2_py/lib/test_tf2_py/fixed_frame_tf2_broadcaster
[10.355s] DEBUG:colcon.colcon_core.task.python.build:While undoing a previous installation files outside the Python library path are being ignored: /home/yahboom/intro_ws/install/test_tf2_py/lib/test_tf2_py/turtle_tf2_broadcaster
[10.355s] DEBUG:colcon.colcon_core.task.python.build:While undoing a previous installation files outside the Python library path are being ignored: /home/yahboom/intro_ws/install/test_tf2_py/lib/test_tf2_py/turtle_tf2_listener
[10.360s] DEBUG:colcon.colcon_core.event_handler.log_command:Invoking command in '/home/yahboom/intro_ws/build/test_tf2_py': PYTHONPATH=/home/yahboom/intro_ws/build/test_tf2_py/prefix_override:/home/yahboom/intro_ws/install/test_tf2_py/lib/python3.10/site-packages:${PYTHONPATH} /usr/bin/python3 -W ignore:setup.py install is deprecated setup.py develop --editable --build-directory /home/yahboom/intro_ws/build/test_tf2_py/build --no-deps symlink_data --force
[10.377s] Level 1:colcon.colcon_core.shell:create_environment_hook('launch_testing_examples', 'pythonpath_develop')
[10.377s] INFO:colcon.colcon_core.shell:Creating environment hook '/home/yahboom/intro_ws/build/launch_testing_examples/share/launch_testing_examples/hook/pythonpath_develop.ps1'
[10.378s] DEBUG:colcon.colcon_core.event_handler.log_command:Invoked command in '/home/yahboom/intro_ws/build/launch_testing_examples' returned '0': PYTHONPATH=/home/yahboom/intro_ws/build/launch_testing_examples/prefix_override:/home/yahboom/intro_ws/install/launch_testing_examples/lib/python3.10/site-packages:${PYTHONPATH} /usr/bin/python3 -W ignore:setup.py install is deprecated setup.py develop --editable --build-directory /home/yahboom/intro_ws/build/launch_testing_examples/build --no-deps symlink_data --force
[10.379s] INFO:colcon.colcon_core.shell:Creating environment descriptor '/home/yahboom/intro_ws/build/launch_testing_examples/share/launch_testing_examples/hook/pythonpath_develop.dsv'
[10.380s] INFO:colcon.colcon_core.shell:Creating environment hook '/home/yahboom/intro_ws/build/launch_testing_examples/share/launch_testing_examples/hook/pythonpath_develop.sh'
[10.380s] Level 1:colcon.colcon_core.environment:checking '/home/yahboom/intro_ws/install/launch_testing_examples' for CMake module files
[10.381s] Level 1:colcon.colcon_core.environment:checking '/home/yahboom/intro_ws/install/launch_testing_examples' for CMake config files
[10.381s] Level 1:colcon.colcon_core.environment:checking '/home/yahboom/intro_ws/install/launch_testing_examples/lib'
[10.381s] Level 1:colcon.colcon_core.environment:checking '/home/yahboom/intro_ws/install/launch_testing_examples/bin'
[10.381s] Level 1:colcon.colcon_core.environment:checking '/home/yahboom/intro_ws/install/launch_testing_examples/lib/pkgconfig/launch_testing_examples.pc'
[10.381s] Level 1:colcon.colcon_core.environment:checking '/home/yahboom/intro_ws/install/launch_testing_examples/lib/python3.10/site-packages'
[10.381s] Level 1:colcon.colcon_core.shell:create_environment_hook('launch_testing_examples', 'pythonpath')
[10.382s] INFO:colcon.colcon_core.shell:Creating environment hook '/home/yahboom/intro_ws/install/launch_testing_examples/share/launch_testing_examples/hook/pythonpath.ps1'
[10.383s] INFO:colcon.colcon_core.shell:Creating environment descriptor '/home/yahboom/intro_ws/install/launch_testing_examples/share/launch_testing_examples/hook/pythonpath.dsv'
[10.384s] INFO:colcon.colcon_core.shell:Creating environment hook '/home/yahboom/intro_ws/install/launch_testing_examples/share/launch_testing_examples/hook/pythonpath.sh'
[10.385s] Level 1:colcon.colcon_core.environment:checking '/home/yahboom/intro_ws/install/launch_testing_examples/bin'
[10.385s] Level 1:colcon.colcon_core.environment:create_environment_scripts_only(launch_testing_examples)
[10.385s] INFO:colcon.colcon_core.shell:Creating package script '/home/yahboom/intro_ws/install/launch_testing_examples/share/launch_testing_examples/package.ps1'
[10.386s] INFO:colcon.colcon_core.shell:Creating package descriptor '/home/yahboom/intro_ws/install/launch_testing_examples/share/launch_testing_examples/package.dsv'
[10.388s] INFO:colcon.colcon_core.shell:Creating package script '/home/yahboom/intro_ws/install/launch_testing_examples/share/launch_testing_examples/package.sh'
[10.390s] INFO:colcon.colcon_core.shell:Creating package script '/home/yahboom/intro_ws/install/launch_testing_examples/share/launch_testing_examples/package.bash'
[10.390s] INFO:colcon.colcon_core.shell:Creating package script '/home/yahboom/intro_ws/install/launch_testing_examples/share/launch_testing_examples/package.zsh'
[10.391s] Level 1:colcon.colcon_core.environment:create_file_with_runtime_dependencies(/home/yahboom/intro_ws/install/launch_testing_examples/share/colcon-core/packages/launch_testing_examples)
[10.392s] INFO:colcon.colcon_ros.task.ament_python.build:Building ROS package in '/home/yahboom/intro_ws/src/turtle_test' with build type 'ament_python'
[10.392s] Level 1:colcon.colcon_core.shell:create_environment_hook('turtle_test', 'ament_prefix_path')
[10.393s] INFO:colcon.colcon_core.shell:Creating environment hook '/home/yahboom/intro_ws/install/turtle_test/share/turtle_test/hook/ament_prefix_path.ps1'
[10.394s] INFO:colcon.colcon_core.shell:Creating environment descriptor '/home/yahboom/intro_ws/install/turtle_test/share/turtle_test/hook/ament_prefix_path.dsv'
[10.395s] INFO:colcon.colcon_core.shell:Creating environment hook '/home/yahboom/intro_ws/install/turtle_test/share/turtle_test/hook/ament_prefix_path.sh'
[10.396s] INFO:colcon.colcon_core.shell:Skip shell extension 'powershell' for command environment: Not usable outside of PowerShell
[10.396s] DEBUG:colcon.colcon_core.shell:Skip shell extension 'dsv' for command environment
[10.674s] INFO:colcon.colcon_core.task.python.build:Building Python package in '/home/yahboom/intro_ws/src/turtle_test'
[10.675s] INFO:colcon.colcon_core.shell:Skip shell extension 'powershell' for command environment: Not usable outside of PowerShell
[10.675s] DEBUG:colcon.colcon_core.shell:Skip shell extension 'dsv' for command environment
[10.688s] Level 1:colcon.colcon_core.shell:create_environment_hook('python_parameters', 'pythonpath_develop')
[10.688s] INFO:colcon.colcon_core.shell:Creating environment hook '/home/yahboom/intro_ws/build/python_parameters/share/python_parameters/hook/pythonpath_develop.ps1'
[10.689s] INFO:colcon.colcon_core.shell:Creating environment descriptor '/home/yahboom/intro_ws/build/python_parameters/share/python_parameters/hook/pythonpath_develop.dsv'
[10.688s] DEBUG:colcon.colcon_core.event_handler.log_command:Invoked command in '/home/yahboom/intro_ws/build/python_parameters' returned '0': PYTHONPATH=/home/yahboom/intro_ws/build/python_parameters/prefix_override:/home/yahboom/intro_ws/install/python_parameters/lib/python3.10/site-packages:${PYTHONPATH} /usr/bin/python3 -W ignore:setup.py install is deprecated setup.py develop --editable --build-directory /home/yahboom/intro_ws/build/python_parameters/build --no-deps symlink_data --force
[10.692s] INFO:colcon.colcon_core.shell:Creating environment hook '/home/yahboom/intro_ws/build/python_parameters/share/python_parameters/hook/pythonpath_develop.sh'
[10.694s] Level 1:colcon.colcon_core.environment:checking '/home/yahboom/intro_ws/install/python_parameters' for CMake module files
[10.694s] Level 1:colcon.colcon_core.environment:checking '/home/yahboom/intro_ws/install/python_parameters' for CMake config files
[10.694s] Level 1:colcon.colcon_core.environment:checking '/home/yahboom/intro_ws/install/python_parameters/lib'
[10.695s] Level 1:colcon.colcon_core.environment:checking '/home/yahboom/intro_ws/install/python_parameters/bin'
[10.695s] Level 1:colcon.colcon_core.environment:checking '/home/yahboom/intro_ws/install/python_parameters/lib/pkgconfig/python_parameters.pc'
[10.695s] Level 1:colcon.colcon_core.environment:checking '/home/yahboom/intro_ws/install/python_parameters/lib/python3.10/site-packages'
[10.695s] Level 1:colcon.colcon_core.shell:create_environment_hook('python_parameters', 'pythonpath')
[10.695s] INFO:colcon.colcon_core.shell:Creating environment hook '/home/yahboom/intro_ws/install/python_parameters/share/python_parameters/hook/pythonpath.ps1'
[10.697s] INFO:colcon.colcon_core.shell:Creating environment descriptor '/home/yahboom/intro_ws/install/python_parameters/share/python_parameters/hook/pythonpath.dsv'
[10.698s] INFO:colcon.colcon_core.shell:Creating environment hook '/home/yahboom/intro_ws/install/python_parameters/share/python_parameters/hook/pythonpath.sh'
[10.700s] Level 1:colcon.colcon_core.environment:checking '/home/yahboom/intro_ws/install/python_parameters/bin'
[10.700s] Level 1:colcon.colcon_core.environment:create_environment_scripts_only(python_parameters)
[10.700s] INFO:colcon.colcon_core.shell:Creating package script '/home/yahboom/intro_ws/install/python_parameters/share/python_parameters/package.ps1'
[10.702s] INFO:colcon.colcon_core.shell:Creating package descriptor '/home/yahboom/intro_ws/install/python_parameters/share/python_parameters/package.dsv'
[10.703s] INFO:colcon.colcon_core.shell:Creating package script '/home/yahboom/intro_ws/install/python_parameters/share/python_parameters/package.sh'
[10.704s] INFO:colcon.colcon_core.shell:Creating package script '/home/yahboom/intro_ws/install/python_parameters/share/python_parameters/package.bash'
[10.705s] INFO:colcon.colcon_core.shell:Creating package script '/home/yahboom/intro_ws/install/python_parameters/share/python_parameters/package.zsh'
[10.707s] Level 1:colcon.colcon_core.environment:create_file_with_runtime_dependencies(/home/yahboom/intro_ws/install/python_parameters/share/colcon-core/packages/python_parameters)
[10.710s] DEBUG:colcon.colcon_core.task.python.build:While undoing a previous installation files outside the Python library path are being ignored: /home/yahboom/intro_ws/install/time_tf2_py/share/ament_index/resource_index/packages/time_tf2_py
[10.710s] DEBUG:colcon.colcon_core.task.python.build:While undoing a previous installation files outside the Python library path are being ignored: /home/yahboom/intro_ws/install/time_tf2_py/share/time_tf2_py/package.xml
[10.710s] DEBUG:colcon.colcon_core.task.python.build:While undoing a previous installation files outside the Python library path are being ignored: /home/yahboom/intro_ws/install/time_tf2_py/share/time_tf2_py/launch/tf2_fixed_frame_demo.launch.py
[10.710s] DEBUG:colcon.colcon_core.task.python.build:While undoing a previous installation files outside the Python library path are being ignored: /home/yahboom/intro_ws/install/time_tf2_py/share/time_tf2_py/launch/tf2_demo.launch.py
[10.710s] DEBUG:colcon.colcon_core.task.python.build:While undoing a previous installation files outside the Python library path are being ignored: /home/yahboom/intro_ws/install/time_tf2_py/share/time_tf2_py/launch/tf2_dynamic_frame_demo.launch.py
[10.710s] DEBUG:colcon.colcon_core.task.python.build:While undoing a previous installation files outside the Python library path are being ignored: /home/yahboom/intro_ws/install/time_tf2_py/lib/time_tf2_py/dynamic_frame_tf2_broadcaster
[10.710s] DEBUG:colcon.colcon_core.task.python.build:While undoing a previous installation files outside the Python library path are being ignored: /home/yahboom/intro_ws/install/time_tf2_py/lib/time_tf2_py/fixed_frame_tf2_broadcaster
[10.710s] DEBUG:colcon.colcon_core.task.python.build:While undoing a previous installation files outside the Python library path are being ignored: /home/yahboom/intro_ws/install/time_tf2_py/lib/time_tf2_py/turtle_tf2_broadcaster
[10.710s] DEBUG:colcon.colcon_core.task.python.build:While undoing a previous installation files outside the Python library path are being ignored: /home/yahboom/intro_ws/install/time_tf2_py/lib/time_tf2_py/turtle_tf2_listener
[10.713s] DEBUG:colcon.colcon_core.event_handler.log_command:Invoking command in '/home/yahboom/intro_ws/build/time_tf2_py': PYTHONPATH=/home/yahboom/intro_ws/build/time_tf2_py/prefix_override:/home/yahboom/intro_ws/install/time_tf2_py/lib/python3.10/site-packages:${PYTHONPATH} /usr/bin/python3 -W ignore:setup.py install is deprecated setup.py develop --editable --build-directory /home/yahboom/intro_ws/build/time_tf2_py/build --no-deps symlink_data --force
[10.873s] Level 1:colcon.colcon_core.shell:create_environment_hook('test_tf2_py', 'pythonpath_develop')
[10.874s] INFO:colcon.colcon_core.shell:Creating environment hook '/home/yahboom/intro_ws/build/test_tf2_py/share/test_tf2_py/hook/pythonpath_develop.ps1'
[10.874s] DEBUG:colcon.colcon_core.event_handler.log_command:Invoked command in '/home/yahboom/intro_ws/build/test_tf2_py' returned '0': PYTHONPATH=/home/yahboom/intro_ws/build/test_tf2_py/prefix_override:/home/yahboom/intro_ws/install/test_tf2_py/lib/python3.10/site-packages:${PYTHONPATH} /usr/bin/python3 -W ignore:setup.py install is deprecated setup.py develop --editable --build-directory /home/yahboom/intro_ws/build/test_tf2_py/build --no-deps symlink_data --force
[10.875s] INFO:colcon.colcon_core.shell:Creating environment descriptor '/home/yahboom/intro_ws/build/test_tf2_py/share/test_tf2_py/hook/pythonpath_develop.dsv'
[10.876s] INFO:colcon.colcon_core.shell:Creating environment hook '/home/yahboom/intro_ws/build/test_tf2_py/share/test_tf2_py/hook/pythonpath_develop.sh'
[10.877s] Level 1:colcon.colcon_core.environment:checking '/home/yahboom/intro_ws/install/test_tf2_py' for CMake module files
[10.878s] Level 1:colcon.colcon_core.environment:checking '/home/yahboom/intro_ws/install/test_tf2_py' for CMake config files
[10.878s] Level 1:colcon.colcon_core.environment:checking '/home/yahboom/intro_ws/install/test_tf2_py/lib'
[10.878s] Level 1:colcon.colcon_core.environment:checking '/home/yahboom/intro_ws/install/test_tf2_py/bin'
[10.878s] Level 1:colcon.colcon_core.environment:checking '/home/yahboom/intro_ws/install/test_tf2_py/lib/pkgconfig/test_tf2_py.pc'
[10.878s] Level 1:colcon.colcon_core.environment:checking '/home/yahboom/intro_ws/install/test_tf2_py/lib/python3.10/site-packages'
[10.878s] Level 1:colcon.colcon_core.shell:create_environment_hook('test_tf2_py', 'pythonpath')
[10.879s] INFO:colcon.colcon_core.shell:Creating environment hook '/home/yahboom/intro_ws/install/test_tf2_py/share/test_tf2_py/hook/pythonpath.ps1'
[10.879s] INFO:colcon.colcon_core.shell:Creating environment descriptor '/home/yahboom/intro_ws/install/test_tf2_py/share/test_tf2_py/hook/pythonpath.dsv'
[10.880s] INFO:colcon.colcon_core.shell:Creating environment hook '/home/yahboom/intro_ws/install/test_tf2_py/share/test_tf2_py/hook/pythonpath.sh'
[10.880s] Level 1:colcon.colcon_core.environment:checking '/home/yahboom/intro_ws/install/test_tf2_py/bin'
[10.880s] Level 1:colcon.colcon_core.environment:create_environment_scripts_only(test_tf2_py)
[10.881s] INFO:colcon.colcon_core.shell:Creating package script '/home/yahboom/intro_ws/install/test_tf2_py/share/test_tf2_py/package.ps1'
[10.882s] INFO:colcon.colcon_core.shell:Creating package descriptor '/home/yahboom/intro_ws/install/test_tf2_py/share/test_tf2_py/package.dsv'
[10.882s] INFO:colcon.colcon_core.shell:Creating package script '/home/yahboom/intro_ws/install/test_tf2_py/share/test_tf2_py/package.sh'
[10.883s] INFO:colcon.colcon_core.shell:Creating package script '/home/yahboom/intro_ws/install/test_tf2_py/share/test_tf2_py/package.bash'
[10.884s] INFO:colcon.colcon_core.shell:Creating package script '/home/yahboom/intro_ws/install/test_tf2_py/share/test_tf2_py/package.zsh'
[10.884s] Level 1:colcon.colcon_core.environment:create_file_with_runtime_dependencies(/home/yahboom/intro_ws/install/test_tf2_py/share/colcon-core/packages/test_tf2_py)
[11.079s] DEBUG:colcon.colcon_core.task.python.build:While undoing a previous installation files outside the Python library path are being ignored: /home/yahboom/intro_ws/install/turtle_test/share/ament_index/resource_index/packages/turtle_test
[11.080s] DEBUG:colcon.colcon_core.task.python.build:While undoing a previous installation files outside the Python library path are being ignored: /home/yahboom/intro_ws/install/turtle_test/share/turtle_test/package.xml
[11.080s] DEBUG:colcon.colcon_core.task.python.build:While undoing a previous installation files outside the Python library path are being ignored: /home/yahboom/intro_ws/install/turtle_test/lib/turtle_test/make_square
[11.080s] DEBUG:colcon.colcon_core.task.python.build:While undoing a previous installation files outside the Python library path are being ignored: /home/yahboom/intro_ws/install/turtle_test/lib/turtle_test/turtle
[11.083s] DEBUG:colcon.colcon_core.event_handler.log_command:Invoking command in '/home/yahboom/intro_ws/build/turtle_test': LD_LIBRARY_PATH=/home/yahboom/intro_ws/install/turtle_interfaces/lib:/home/yahboom/intro_ws/install/examples_rclcpp_wait_set/lib:/home/yahboom/intro_ws/install/examples_rclcpp_minimal_subscriber/lib:/home/yahboom/intro_ws/install/examples_rclcpp_minimal_composition/lib:/home/yahboom/cartoros2/install/yahboom_web_savmap_interfaces/lib:/home/yahboom/cartoros2/install/yahboom_msgs/lib:/home/yahboom/cartoros2/install/yahboom_color_identify_interfaces/lib:/home/yahboom/cartoros2/install/yahboom_attitude_record_interfaces/lib:/home/yahboom/cartoros2/install/nav2_smoother/lib:/home/yahboom/cartoros2/install/nav2_graceful_controller/lib:/home/yahboom/cartoros2/install/nav2_controller/lib:/home/yahboom/cartoros2/install/dwb_plugins/lib:/home/yahboom/cartoros2/install/dwb_critics/lib:/home/yahboom/cartoros2/install/dwb_core/lib:/home/yahboom/cartoros2/install/nav_2d_utils/lib:/home/yahboom/cartoros2/install/dwb_msgs/lib:/home/yahboom/cartoros2/install/nav_2d_msgs/lib:/home/yahboom/cartoros2/install/nav2_waypoint_follower/lib:/home/yahboom/cartoros2/install/nav2_theta_star_planner/lib:/home/yahboom/cartoros2/install/nav2_smac_planner/lib:/home/yahboom/cartoros2/install/nav2_rotation_shim_controller/lib:/home/yahboom/cartoros2/install/nav2_regulated_pure_pursuit_controller/lib:/home/yahboom/cartoros2/install/nav2_planner/lib:/home/yahboom/cartoros2/install/nav2_navfn_planner/lib:/home/yahboom/cartoros2/install/nav2_mppi_controller/lib:/home/yahboom/cartoros2/install/nav2_constrained_smoother/lib:/home/yahboom/cartoros2/install/nav2_bt_navigator/lib:/home/yahboom/cartoros2/install/nav2_behaviors/lib:/home/yahboom/cartoros2/install/nav2_collision_monitor/lib:/home/yahboom/cartoros2/install/costmap_queue/lib:/home/yahboom/cartoros2/install/nav2_costmap_2d/lib:/home/yahboom/cartoros2/install/nav2_voxel_grid/lib:/home/yahboom/cartoros2/install/nav2_velocity_smoother/lib:/home/yahboom/cartoros2/install/nav2_rviz_plugins/lib:/home/yahboom/cartoros2/install/nav2_map_server/lib:/home/yahboom/cartoros2/install/nav2_lifecycle_manager/lib:/home/yahboom/cartoros2/install/nav2_behavior_tree/lib:/home/yahboom/cartoros2/install/nav2_amcl/lib:/home/yahboom/cartoros2/install/nav2_util/lib:/home/yahboom/cartoros2/install/nav2_msgs/lib:/home/yahboom/cartoros2/install/image_color_lab/lib:/home/yahboom/cartoros2/install/dynamixel_sdk_custom_interfaces/lib:/home/yahboom/cartoros2/install/dynamixel_sdk/lib:/home/yahboom/cartoros2/install/csm/lib:/home/yahboom/cartoros2/install/champ_msgs/lib:/home/yahboom/cartoros2/install/cartographer_ros_msgs/lib:/home/yahboom/yahboomcar_ws/install/yahboom_dog_msgs/lib:/home/yahboom/yahboomcar_ws/install/dynamixel_sdk_custom_interfaces/lib:/home/yahboom/yahboomcar_ws/install/dynamixel_sdk/lib:/home/yahboom/yahboomcar_ws/install/champ_msgs/lib:/home/yahboom/gmapping_ws/install/openslam_gmapping/lib:/usr/lib/x86_64-linux-gnu/gazebo-11/plugins:/opt/ros/humble/opt/rviz_ogre_vendor/lib:/opt/ros/humble/lib/x86_64-linux-gnu:/opt/ros/humble/lib:/opt/ros/humble/include/std_msgs/std_msgs/msg/:/usr/lib/jvm/java-11-openjdk-amd64/lib/:/usr/lib/jvm/java-11-openjdk-amd64/lib/server/ PYTHONPATH=/home/yahboom/intro_ws/build/turtle_test/prefix_override:/home/yahboom/intro_ws/install/turtle_test/lib/python3.10/site-packages:${PYTHONPATH} /usr/bin/python3 -W ignore:setup.py install is deprecated setup.py develop --editable --build-directory /home/yahboom/intro_ws/build/turtle_test/build --no-deps symlink_data --force
[11.218s] Level 1:colcon.colcon_core.shell:create_environment_hook('time_tf2_py', 'pythonpath_develop')
[11.219s] INFO:colcon.colcon_core.shell:Creating environment hook '/home/yahboom/intro_ws/build/time_tf2_py/share/time_tf2_py/hook/pythonpath_develop.ps1'
[11.220s] DEBUG:colcon.colcon_core.event_handler.log_command:Invoked command in '/home/yahboom/intro_ws/build/time_tf2_py' returned '0': PYTHONPATH=/home/yahboom/intro_ws/build/time_tf2_py/prefix_override:/home/yahboom/intro_ws/install/time_tf2_py/lib/python3.10/site-packages:${PYTHONPATH} /usr/bin/python3 -W ignore:setup.py install is deprecated setup.py develop --editable --build-directory /home/yahboom/intro_ws/build/time_tf2_py/build --no-deps symlink_data --force
[11.220s] INFO:colcon.colcon_core.shell:Creating environment descriptor '/home/yahboom/intro_ws/build/time_tf2_py/share/time_tf2_py/hook/pythonpath_develop.dsv'
[11.221s] INFO:colcon.colcon_core.shell:Creating environment hook '/home/yahboom/intro_ws/build/time_tf2_py/share/time_tf2_py/hook/pythonpath_develop.sh'
[11.222s] Level 1:colcon.colcon_core.environment:checking '/home/yahboom/intro_ws/install/time_tf2_py' for CMake module files
[11.222s] Level 1:colcon.colcon_core.environment:checking '/home/yahboom/intro_ws/install/time_tf2_py' for CMake config files
[11.223s] Level 1:colcon.colcon_core.environment:checking '/home/yahboom/intro_ws/install/time_tf2_py/lib'
[11.223s] Level 1:colcon.colcon_core.environment:checking '/home/yahboom/intro_ws/install/time_tf2_py/bin'
[11.223s] Level 1:colcon.colcon_core.environment:checking '/home/yahboom/intro_ws/install/time_tf2_py/lib/pkgconfig/time_tf2_py.pc'
[11.223s] Level 1:colcon.colcon_core.environment:checking '/home/yahboom/intro_ws/install/time_tf2_py/lib/python3.10/site-packages'
[11.223s] Level 1:colcon.colcon_core.shell:create_environment_hook('time_tf2_py', 'pythonpath')
[11.223s] INFO:colcon.colcon_core.shell:Creating environment hook '/home/yahboom/intro_ws/install/time_tf2_py/share/time_tf2_py/hook/pythonpath.ps1'
[11.224s] INFO:colcon.colcon_core.shell:Creating environment descriptor '/home/yahboom/intro_ws/install/time_tf2_py/share/time_tf2_py/hook/pythonpath.dsv'
[11.225s] INFO:colcon.colcon_core.shell:Creating environment hook '/home/yahboom/intro_ws/install/time_tf2_py/share/time_tf2_py/hook/pythonpath.sh'
[11.226s] Level 1:colcon.colcon_core.environment:checking '/home/yahboom/intro_ws/install/time_tf2_py/bin'
[11.226s] Level 1:colcon.colcon_core.environment:create_environment_scripts_only(time_tf2_py)
[11.226s] INFO:colcon.colcon_core.shell:Creating package script '/home/yahboom/intro_ws/install/time_tf2_py/share/time_tf2_py/package.ps1'
[11.227s] INFO:colcon.colcon_core.shell:Creating package descriptor '/home/yahboom/intro_ws/install/time_tf2_py/share/time_tf2_py/package.dsv'
[11.227s] INFO:colcon.colcon_core.shell:Creating package script '/home/yahboom/intro_ws/install/time_tf2_py/share/time_tf2_py/package.sh'
[11.228s] INFO:colcon.colcon_core.shell:Creating package script '/home/yahboom/intro_ws/install/time_tf2_py/share/time_tf2_py/package.bash'
[11.229s] INFO:colcon.colcon_core.shell:Creating package script '/home/yahboom/intro_ws/install/time_tf2_py/share/time_tf2_py/package.zsh'
[11.230s] Level 1:colcon.colcon_core.environment:create_file_with_runtime_dependencies(/home/yahboom/intro_ws/install/time_tf2_py/share/colcon-core/packages/time_tf2_py)
[11.534s] Level 1:colcon.colcon_core.shell:create_environment_hook('turtle_test', 'pythonpath_develop')
[11.534s] INFO:colcon.colcon_core.shell:Creating environment hook '/home/yahboom/intro_ws/build/turtle_test/share/turtle_test/hook/pythonpath_develop.ps1'
[11.535s] DEBUG:colcon.colcon_core.event_handler.log_command:Invoked command in '/home/yahboom/intro_ws/build/turtle_test' returned '0': LD_LIBRARY_PATH=/home/yahboom/intro_ws/install/turtle_interfaces/lib:/home/yahboom/intro_ws/install/examples_rclcpp_wait_set/lib:/home/yahboom/intro_ws/install/examples_rclcpp_minimal_subscriber/lib:/home/yahboom/intro_ws/install/examples_rclcpp_minimal_composition/lib:/home/yahboom/cartoros2/install/yahboom_web_savmap_interfaces/lib:/home/yahboom/cartoros2/install/yahboom_msgs/lib:/home/yahboom/cartoros2/install/yahboom_color_identify_interfaces/lib:/home/yahboom/cartoros2/install/yahboom_attitude_record_interfaces/lib:/home/yahboom/cartoros2/install/nav2_smoother/lib:/home/yahboom/cartoros2/install/nav2_graceful_controller/lib:/home/yahboom/cartoros2/install/nav2_controller/lib:/home/yahboom/cartoros2/install/dwb_plugins/lib:/home/yahboom/cartoros2/install/dwb_critics/lib:/home/yahboom/cartoros2/install/dwb_core/lib:/home/yahboom/cartoros2/install/nav_2d_utils/lib:/home/yahboom/cartoros2/install/dwb_msgs/lib:/home/yahboom/cartoros2/install/nav_2d_msgs/lib:/home/yahboom/cartoros2/install/nav2_waypoint_follower/lib:/home/yahboom/cartoros2/install/nav2_theta_star_planner/lib:/home/yahboom/cartoros2/install/nav2_smac_planner/lib:/home/yahboom/cartoros2/install/nav2_rotation_shim_controller/lib:/home/yahboom/cartoros2/install/nav2_regulated_pure_pursuit_controller/lib:/home/yahboom/cartoros2/install/nav2_planner/lib:/home/yahboom/cartoros2/install/nav2_navfn_planner/lib:/home/yahboom/cartoros2/install/nav2_mppi_controller/lib:/home/yahboom/cartoros2/install/nav2_constrained_smoother/lib:/home/yahboom/cartoros2/install/nav2_bt_navigator/lib:/home/yahboom/cartoros2/install/nav2_behaviors/lib:/home/yahboom/cartoros2/install/nav2_collision_monitor/lib:/home/yahboom/cartoros2/install/costmap_queue/lib:/home/yahboom/cartoros2/install/nav2_costmap_2d/lib:/home/yahboom/cartoros2/install/nav2_voxel_grid/lib:/home/yahboom/cartoros2/install/nav2_velocity_smoother/lib:/home/yahboom/cartoros2/install/nav2_rviz_plugins/lib:/home/yahboom/cartoros2/install/nav2_map_server/lib:/home/yahboom/cartoros2/install/nav2_lifecycle_manager/lib:/home/yahboom/cartoros2/install/nav2_behavior_tree/lib:/home/yahboom/cartoros2/install/nav2_amcl/lib:/home/yahboom/cartoros2/install/nav2_util/lib:/home/yahboom/cartoros2/install/nav2_msgs/lib:/home/yahboom/cartoros2/install/image_color_lab/lib:/home/yahboom/cartoros2/install/dynamixel_sdk_custom_interfaces/lib:/home/yahboom/cartoros2/install/dynamixel_sdk/lib:/home/yahboom/cartoros2/install/csm/lib:/home/yahboom/cartoros2/install/champ_msgs/lib:/home/yahboom/cartoros2/install/cartographer_ros_msgs/lib:/home/yahboom/yahboomcar_ws/install/yahboom_dog_msgs/lib:/home/yahboom/yahboomcar_ws/install/dynamixel_sdk_custom_interfaces/lib:/home/yahboom/yahboomcar_ws/install/dynamixel_sdk/lib:/home/yahboom/yahboomcar_ws/install/champ_msgs/lib:/home/yahboom/gmapping_ws/install/openslam_gmapping/lib:/usr/lib/x86_64-linux-gnu/gazebo-11/plugins:/opt/ros/humble/opt/rviz_ogre_vendor/lib:/opt/ros/humble/lib/x86_64-linux-gnu:/opt/ros/humble/lib:/opt/ros/humble/include/std_msgs/std_msgs/msg/:/usr/lib/jvm/java-11-openjdk-amd64/lib/:/usr/lib/jvm/java-11-openjdk-amd64/lib/server/ PYTHONPATH=/home/yahboom/intro_ws/build/turtle_test/prefix_override:/home/yahboom/intro_ws/install/turtle_test/lib/python3.10/site-packages:${PYTHONPATH} /usr/bin/python3 -W ignore:setup.py install is deprecated setup.py develop --editable --build-directory /home/yahboom/intro_ws/build/turtle_test/build --no-deps symlink_data --force
[11.536s] INFO:colcon.colcon_core.shell:Creating environment descriptor '/home/yahboom/intro_ws/build/turtle_test/share/turtle_test/hook/pythonpath_develop.dsv'
[11.536s] INFO:colcon.colcon_core.shell:Creating environment hook '/home/yahboom/intro_ws/build/turtle_test/share/turtle_test/hook/pythonpath_develop.sh'
[11.537s] Level 1:colcon.colcon_core.environment:checking '/home/yahboom/intro_ws/install/turtle_test' for CMake module files
[11.537s] Level 1:colcon.colcon_core.environment:checking '/home/yahboom/intro_ws/install/turtle_test' for CMake config files
[11.538s] Level 1:colcon.colcon_core.environment:checking '/home/yahboom/intro_ws/install/turtle_test/lib'
[11.538s] Level 1:colcon.colcon_core.environment:checking '/home/yahboom/intro_ws/install/turtle_test/bin'
[11.538s] Level 1:colcon.colcon_core.environment:checking '/home/yahboom/intro_ws/install/turtle_test/lib/pkgconfig/turtle_test.pc'
[11.538s] Level 1:colcon.colcon_core.environment:checking '/home/yahboom/intro_ws/install/turtle_test/lib/python3.10/site-packages'
[11.538s] Level 1:colcon.colcon_core.shell:create_environment_hook('turtle_test', 'pythonpath')
[11.538s] INFO:colcon.colcon_core.shell:Creating environment hook '/home/yahboom/intro_ws/install/turtle_test/share/turtle_test/hook/pythonpath.ps1'
[11.540s] INFO:colcon.colcon_core.shell:Creating environment descriptor '/home/yahboom/intro_ws/install/turtle_test/share/turtle_test/hook/pythonpath.dsv'
[11.540s] INFO:colcon.colcon_core.shell:Creating environment hook '/home/yahboom/intro_ws/install/turtle_test/share/turtle_test/hook/pythonpath.sh'
[11.541s] Level 1:colcon.colcon_core.environment:checking '/home/yahboom/intro_ws/install/turtle_test/bin'
[11.541s] Level 1:colcon.colcon_core.environment:create_environment_scripts_only(turtle_test)
[11.541s] INFO:colcon.colcon_core.shell:Creating package script '/home/yahboom/intro_ws/install/turtle_test/share/turtle_test/package.ps1'
[11.542s] INFO:colcon.colcon_core.shell:Creating package descriptor '/home/yahboom/intro_ws/install/turtle_test/share/turtle_test/package.dsv'
[11.543s] INFO:colcon.colcon_core.shell:Creating package script '/home/yahboom/intro_ws/install/turtle_test/share/turtle_test/package.sh'
[11.543s] INFO:colcon.colcon_core.shell:Creating package script '/home/yahboom/intro_ws/install/turtle_test/share/turtle_test/package.bash'
[11.544s] INFO:colcon.colcon_core.shell:Creating package script '/home/yahboom/intro_ws/install/turtle_test/share/turtle_test/package.zsh'
[11.545s] Level 1:colcon.colcon_core.environment:create_file_with_runtime_dependencies(/home/yahboom/intro_ws/install/turtle_test/share/colcon-core/packages/turtle_test)
[11.545s] DEBUG:colcon.colcon_parallel_executor.executor.parallel:closing loop
[11.546s] DEBUG:colcon.colcon_parallel_executor.executor.parallel:loop closed
[11.546s] DEBUG:colcon.colcon_parallel_executor.executor.parallel:run_until_complete finished with '0'
[11.546s] DEBUG:colcon.colcon_core.event_reactor:joining thread
[11.554s] INFO:colcon.colcon_core.plugin_system:Skipping extension 'colcon_notification.desktop_notification.terminal_notifier': Not used on non-Darwin systems
[11.554s] INFO:colcon.colcon_core.plugin_system:Skipping extension 'colcon_notification.desktop_notification.win32': Not used on non-Windows systems
[11.554s] INFO:colcon.colcon_notification.desktop_notification:Sending desktop notification using 'notify2'
[11.568s] DEBUG:colcon.colcon_core.event_reactor:joined thread
[11.570s] INFO:colcon.colcon_core.shell:Creating prefix script '/home/yahboom/intro_ws/install/local_setup.ps1'
[11.572s] INFO:colcon.colcon_core.shell:Creating prefix util module '/home/yahboom/intro_ws/install/_local_setup_util_ps1.py'
[11.573s] INFO:colcon.colcon_core.shell:Creating prefix chain script '/home/yahboom/intro_ws/install/setup.ps1'
[11.578s] INFO:colcon.colcon_core.shell:Creating prefix script '/home/yahboom/intro_ws/install/local_setup.sh'
[11.579s] INFO:colcon.colcon_core.shell:Creating prefix util module '/home/yahboom/intro_ws/install/_local_setup_util_sh.py'
[11.580s] INFO:colcon.colcon_core.shell:Creating prefix chain script '/home/yahboom/intro_ws/install/setup.sh'
[11.585s] INFO:colcon.colcon_core.shell:Creating prefix script '/home/yahboom/intro_ws/install/local_setup.bash'
[11.586s] INFO:colcon.colcon_core.shell:Creating prefix chain script '/home/yahboom/intro_ws/install/setup.bash'
[11.590s] INFO:colcon.colcon_core.shell:Creating prefix script '/home/yahboom/intro_ws/install/local_setup.zsh'
[11.591s] INFO:colcon.colcon_core.shell:Creating prefix chain script '/home/yahboom/intro_ws/install/setup.zsh'
