[0.097s] DEBUG:colcon:Command line arguments: ['/usr/bin/colcon', 'build']
[0.097s] DEBUG:colcon:Parsed command line arguments: Namespace(log_base=None, log_level=None, verb_name='build', build_base='build', install_base='install', merge_install=False, symlink_install=False, test_result_base=None, continue_on_error=False, executor='parallel', parallel_workers=4, event_handlers=None, ignore_user_meta=False, metas=['./colcon.meta'], base_paths=['.'], packages_ignore=None, packages_ignore_regex=None, paths=None, packages_up_to=None, packages_up_to_regex=None, packages_above=None, packages_above_and_dependencies=None, packages_above_depth=None, packages_select_by_dep=None, packages_skip_by_dep=None, packages_skip_up_to=None, packages_select_build_failed=False, packages_skip_build_finished=False, packages_select_test_failures=False, packages_skip_test_passed=False, packages_select=None, packages_skip=None, packages_select_regex=None, packages_skip_regex=None, packages_start=None, packages_end=None, allow_overriding=[], cmake_args=None, cmake_target=None, cmake_target_skip_unavailable=False, cmake_clean_cache=False, cmake_clean_first=False, cmake_force_configure=False, ament_cmake_args=None, catkin_cmake_args=None, catkin_skip_building_tests=False, verb_parser=<colcon_defaults.argument_parser.defaults.DefaultArgumentsDecorator object at 0x7525dd62eb00>, verb_extension=<colcon_core.verb.build.BuildVerb object at 0x7525dd62e5f0>, main=<bound method BuildVerb.main of <colcon_core.verb.build.BuildVerb object at 0x7525dd62e5f0>>)
[0.242s] Level 1:colcon.colcon_core.package_discovery:discover_packages(colcon_meta) check parameters
[0.242s] Level 1:colcon.colcon_core.package_discovery:discover_packages(recursive) check parameters
[0.242s] Level 1:colcon.colcon_core.package_discovery:discover_packages(ignore) check parameters
[0.242s] Level 1:colcon.colcon_core.package_discovery:discover_packages(path) check parameters
[0.242s] Level 1:colcon.colcon_core.package_discovery:discover_packages(colcon_meta) discover
[0.242s] Level 1:colcon.colcon_core.package_discovery:discover_packages(recursive) discover
[0.242s] INFO:colcon.colcon_core.package_discovery:Crawling recursively for packages in '/home/yahboom/intro_ws'
[0.242s] Level 1:colcon.colcon_core.package_identification:_identify(.) by extensions ['ignore', 'ignore_ament_install']
[0.242s] Level 1:colcon.colcon_core.package_identification:_identify(.) by extension 'ignore'
[0.242s] Level 1:colcon.colcon_core.package_identification:_identify(.) by extension 'ignore_ament_install'
[0.242s] Level 1:colcon.colcon_core.package_identification:_identify(.) by extensions ['colcon_pkg']
[0.242s] Level 1:colcon.colcon_core.package_identification:_identify(.) by extension 'colcon_pkg'
[0.242s] Level 1:colcon.colcon_core.package_identification:_identify(.) by extensions ['colcon_meta']
[0.242s] Level 1:colcon.colcon_core.package_identification:_identify(.) by extension 'colcon_meta'
[0.242s] Level 1:colcon.colcon_core.package_identification:_identify(.) by extensions ['ros']
[0.243s] Level 1:colcon.colcon_core.package_identification:_identify(.) by extension 'ros'
[0.251s] Level 1:colcon.colcon_core.package_identification:_identify(.) by extensions ['cmake', 'python']
[0.251s] Level 1:colcon.colcon_core.package_identification:_identify(.) by extension 'cmake'
[0.251s] Level 1:colcon.colcon_core.package_identification:_identify(.) by extension 'python'
[0.251s] Level 1:colcon.colcon_core.package_identification:_identify(.) by extensions ['python_setup_py']
[0.251s] Level 1:colcon.colcon_core.package_identification:_identify(.) by extension 'python_setup_py'
[0.251s] Level 1:colcon.colcon_core.package_identification:_identify(build) by extensions ['ignore', 'ignore_ament_install']
[0.251s] Level 1:colcon.colcon_core.package_identification:_identify(build) by extension 'ignore'
[0.251s] Level 1:colcon.colcon_core.package_identification:_identify(build) ignored
[0.251s] Level 1:colcon.colcon_core.package_identification:_identify(install) by extensions ['ignore', 'ignore_ament_install']
[0.251s] Level 1:colcon.colcon_core.package_identification:_identify(install) by extension 'ignore'
[0.251s] Level 1:colcon.colcon_core.package_identification:_identify(install) ignored
[0.252s] Level 1:colcon.colcon_core.package_identification:_identify(log) by extensions ['ignore', 'ignore_ament_install']
[0.252s] Level 1:colcon.colcon_core.package_identification:_identify(log) by extension 'ignore'
[0.252s] Level 1:colcon.colcon_core.package_identification:_identify(log) ignored
[0.252s] Level 1:colcon.colcon_core.package_identification:_identify(src) by extensions ['ignore', 'ignore_ament_install']
[0.252s] Level 1:colcon.colcon_core.package_identification:_identify(src) by extension 'ignore'
[0.252s] Level 1:colcon.colcon_core.package_identification:_identify(src) by extension 'ignore_ament_install'
[0.252s] Level 1:colcon.colcon_core.package_identification:_identify(src) by extensions ['colcon_pkg']
[0.252s] Level 1:colcon.colcon_core.package_identification:_identify(src) by extension 'colcon_pkg'
[0.252s] Level 1:colcon.colcon_core.package_identification:_identify(src) by extensions ['colcon_meta']
[0.252s] Level 1:colcon.colcon_core.package_identification:_identify(src) by extension 'colcon_meta'
[0.252s] Level 1:colcon.colcon_core.package_identification:_identify(src) by extensions ['ros']
[0.252s] Level 1:colcon.colcon_core.package_identification:_identify(src) by extension 'ros'
[0.252s] Level 1:colcon.colcon_core.package_identification:_identify(src) by extensions ['cmake', 'python']
[0.252s] Level 1:colcon.colcon_core.package_identification:_identify(src) by extension 'cmake'
[0.252s] Level 1:colcon.colcon_core.package_identification:_identify(src) by extension 'python'
[0.252s] Level 1:colcon.colcon_core.package_identification:_identify(src) by extensions ['python_setup_py']
[0.252s] Level 1:colcon.colcon_core.package_identification:_identify(src) by extension 'python_setup_py'
[0.252s] Level 1:colcon.colcon_core.package_identification:_identify(src/examples) by extensions ['ignore', 'ignore_ament_install']
[0.252s] Level 1:colcon.colcon_core.package_identification:_identify(src/examples) by extension 'ignore'
[0.252s] Level 1:colcon.colcon_core.package_identification:_identify(src/examples) by extension 'ignore_ament_install'
[0.252s] Level 1:colcon.colcon_core.package_identification:_identify(src/examples) by extensions ['colcon_pkg']
[0.252s] Level 1:colcon.colcon_core.package_identification:_identify(src/examples) by extension 'colcon_pkg'
[0.252s] Level 1:colcon.colcon_core.package_identification:_identify(src/examples) by extensions ['colcon_meta']
[0.252s] Level 1:colcon.colcon_core.package_identification:_identify(src/examples) by extension 'colcon_meta'
[0.252s] Level 1:colcon.colcon_core.package_identification:_identify(src/examples) by extensions ['ros']
[0.252s] Level 1:colcon.colcon_core.package_identification:_identify(src/examples) by extension 'ros'
[0.252s] Level 1:colcon.colcon_core.package_identification:_identify(src/examples) by extensions ['cmake', 'python']
[0.252s] Level 1:colcon.colcon_core.package_identification:_identify(src/examples) by extension 'cmake'
[0.252s] Level 1:colcon.colcon_core.package_identification:_identify(src/examples) by extension 'python'
[0.252s] Level 1:colcon.colcon_core.package_identification:_identify(src/examples) by extensions ['python_setup_py']
[0.252s] Level 1:colcon.colcon_core.package_identification:_identify(src/examples) by extension 'python_setup_py'
[0.252s] Level 1:colcon.colcon_core.package_identification:_identify(src/examples/launch_testing) by extensions ['ignore', 'ignore_ament_install']
[0.252s] Level 1:colcon.colcon_core.package_identification:_identify(src/examples/launch_testing) by extension 'ignore'
[0.252s] Level 1:colcon.colcon_core.package_identification:_identify(src/examples/launch_testing) by extension 'ignore_ament_install'
[0.252s] Level 1:colcon.colcon_core.package_identification:_identify(src/examples/launch_testing) by extensions ['colcon_pkg']
[0.253s] Level 1:colcon.colcon_core.package_identification:_identify(src/examples/launch_testing) by extension 'colcon_pkg'
[0.253s] Level 1:colcon.colcon_core.package_identification:_identify(src/examples/launch_testing) by extensions ['colcon_meta']
[0.253s] Level 1:colcon.colcon_core.package_identification:_identify(src/examples/launch_testing) by extension 'colcon_meta'
[0.253s] Level 1:colcon.colcon_core.package_identification:_identify(src/examples/launch_testing) by extensions ['ros']
[0.253s] Level 1:colcon.colcon_core.package_identification:_identify(src/examples/launch_testing) by extension 'ros'
[0.253s] Level 1:colcon.colcon_core.package_identification:_identify(src/examples/launch_testing) by extensions ['cmake', 'python']
[0.253s] Level 1:colcon.colcon_core.package_identification:_identify(src/examples/launch_testing) by extension 'cmake'
[0.253s] Level 1:colcon.colcon_core.package_identification:_identify(src/examples/launch_testing) by extension 'python'
[0.253s] Level 1:colcon.colcon_core.package_identification:_identify(src/examples/launch_testing) by extensions ['python_setup_py']
[0.253s] Level 1:colcon.colcon_core.package_identification:_identify(src/examples/launch_testing) by extension 'python_setup_py'
[0.253s] Level 1:colcon.colcon_core.package_identification:_identify(src/examples/launch_testing/launch_testing_examples) by extensions ['ignore', 'ignore_ament_install']
[0.253s] Level 1:colcon.colcon_core.package_identification:_identify(src/examples/launch_testing/launch_testing_examples) by extension 'ignore'
[0.253s] Level 1:colcon.colcon_core.package_identification:_identify(src/examples/launch_testing/launch_testing_examples) by extension 'ignore_ament_install'
[0.253s] Level 1:colcon.colcon_core.package_identification:_identify(src/examples/launch_testing/launch_testing_examples) by extensions ['colcon_pkg']
[0.253s] Level 1:colcon.colcon_core.package_identification:_identify(src/examples/launch_testing/launch_testing_examples) by extension 'colcon_pkg'
[0.253s] Level 1:colcon.colcon_core.package_identification:_identify(src/examples/launch_testing/launch_testing_examples) by extensions ['colcon_meta']
[0.253s] Level 1:colcon.colcon_core.package_identification:_identify(src/examples/launch_testing/launch_testing_examples) by extension 'colcon_meta'
[0.253s] Level 1:colcon.colcon_core.package_identification:_identify(src/examples/launch_testing/launch_testing_examples) by extensions ['ros']
[0.253s] Level 1:colcon.colcon_core.package_identification:_identify(src/examples/launch_testing/launch_testing_examples) by extension 'ros'
[0.255s] DEBUG:colcon.colcon_core.package_identification:Package 'src/examples/launch_testing/launch_testing_examples' with type 'ros.ament_python' and name 'launch_testing_examples'
[0.255s] Level 1:colcon.colcon_core.package_identification:_identify(src/examples/rclcpp) by extensions ['ignore', 'ignore_ament_install']
[0.256s] Level 1:colcon.colcon_core.package_identification:_identify(src/examples/rclcpp) by extension 'ignore'
[0.256s] Level 1:colcon.colcon_core.package_identification:_identify(src/examples/rclcpp) by extension 'ignore_ament_install'
[0.256s] Level 1:colcon.colcon_core.package_identification:_identify(src/examples/rclcpp) by extensions ['colcon_pkg']
[0.256s] Level 1:colcon.colcon_core.package_identification:_identify(src/examples/rclcpp) by extension 'colcon_pkg'
[0.256s] Level 1:colcon.colcon_core.package_identification:_identify(src/examples/rclcpp) by extensions ['colcon_meta']
[0.256s] Level 1:colcon.colcon_core.package_identification:_identify(src/examples/rclcpp) by extension 'colcon_meta'
[0.256s] Level 1:colcon.colcon_core.package_identification:_identify(src/examples/rclcpp) by extensions ['ros']
[0.256s] Level 1:colcon.colcon_core.package_identification:_identify(src/examples/rclcpp) by extension 'ros'
[0.256s] Level 1:colcon.colcon_core.package_identification:_identify(src/examples/rclcpp) by extensions ['cmake', 'python']
[0.256s] Level 1:colcon.colcon_core.package_identification:_identify(src/examples/rclcpp) by extension 'cmake'
[0.256s] Level 1:colcon.colcon_core.package_identification:_identify(src/examples/rclcpp) by extension 'python'
[0.256s] Level 1:colcon.colcon_core.package_identification:_identify(src/examples/rclcpp) by extensions ['python_setup_py']
[0.256s] Level 1:colcon.colcon_core.package_identification:_identify(src/examples/rclcpp) by extension 'python_setup_py'
[0.256s] Level 1:colcon.colcon_core.package_identification:_identify(src/examples/rclcpp/actions) by extensions ['ignore', 'ignore_ament_install']
[0.256s] Level 1:colcon.colcon_core.package_identification:_identify(src/examples/rclcpp/actions) by extension 'ignore'
[0.256s] Level 1:colcon.colcon_core.package_identification:_identify(src/examples/rclcpp/actions) by extension 'ignore_ament_install'
[0.256s] Level 1:colcon.colcon_core.package_identification:_identify(src/examples/rclcpp/actions) by extensions ['colcon_pkg']
[0.256s] Level 1:colcon.colcon_core.package_identification:_identify(src/examples/rclcpp/actions) by extension 'colcon_pkg'
[0.256s] Level 1:colcon.colcon_core.package_identification:_identify(src/examples/rclcpp/actions) by extensions ['colcon_meta']
[0.256s] Level 1:colcon.colcon_core.package_identification:_identify(src/examples/rclcpp/actions) by extension 'colcon_meta'
[0.256s] Level 1:colcon.colcon_core.package_identification:_identify(src/examples/rclcpp/actions) by extensions ['ros']
[0.256s] Level 1:colcon.colcon_core.package_identification:_identify(src/examples/rclcpp/actions) by extension 'ros'
[0.256s] Level 1:colcon.colcon_core.package_identification:_identify(src/examples/rclcpp/actions) by extensions ['cmake', 'python']
[0.256s] Level 1:colcon.colcon_core.package_identification:_identify(src/examples/rclcpp/actions) by extension 'cmake'
[0.256s] Level 1:colcon.colcon_core.package_identification:_identify(src/examples/rclcpp/actions) by extension 'python'
[0.256s] Level 1:colcon.colcon_core.package_identification:_identify(src/examples/rclcpp/actions) by extensions ['python_setup_py']
[0.256s] Level 1:colcon.colcon_core.package_identification:_identify(src/examples/rclcpp/actions) by extension 'python_setup_py'
[0.256s] Level 1:colcon.colcon_core.package_identification:_identify(src/examples/rclcpp/actions/minimal_action_client) by extensions ['ignore', 'ignore_ament_install']
[0.256s] Level 1:colcon.colcon_core.package_identification:_identify(src/examples/rclcpp/actions/minimal_action_client) by extension 'ignore'
[0.256s] Level 1:colcon.colcon_core.package_identification:_identify(src/examples/rclcpp/actions/minimal_action_client) by extension 'ignore_ament_install'
[0.256s] Level 1:colcon.colcon_core.package_identification:_identify(src/examples/rclcpp/actions/minimal_action_client) by extensions ['colcon_pkg']
[0.256s] Level 1:colcon.colcon_core.package_identification:_identify(src/examples/rclcpp/actions/minimal_action_client) by extension 'colcon_pkg'
[0.256s] Level 1:colcon.colcon_core.package_identification:_identify(src/examples/rclcpp/actions/minimal_action_client) by extensions ['colcon_meta']
[0.256s] Level 1:colcon.colcon_core.package_identification:_identify(src/examples/rclcpp/actions/minimal_action_client) by extension 'colcon_meta'
[0.256s] Level 1:colcon.colcon_core.package_identification:_identify(src/examples/rclcpp/actions/minimal_action_client) by extensions ['ros']
[0.256s] Level 1:colcon.colcon_core.package_identification:_identify(src/examples/rclcpp/actions/minimal_action_client) by extension 'ros'
[0.257s] DEBUG:colcon.colcon_core.package_identification:Package 'src/examples/rclcpp/actions/minimal_action_client' with type 'ros.ament_cmake' and name 'examples_rclcpp_minimal_action_client'
[0.257s] Level 1:colcon.colcon_core.package_identification:_identify(src/examples/rclcpp/actions/minimal_action_server) by extensions ['ignore', 'ignore_ament_install']
[0.257s] Level 1:colcon.colcon_core.package_identification:_identify(src/examples/rclcpp/actions/minimal_action_server) by extension 'ignore'
[0.257s] Level 1:colcon.colcon_core.package_identification:_identify(src/examples/rclcpp/actions/minimal_action_server) by extension 'ignore_ament_install'
[0.257s] Level 1:colcon.colcon_core.package_identification:_identify(src/examples/rclcpp/actions/minimal_action_server) by extensions ['colcon_pkg']
[0.257s] Level 1:colcon.colcon_core.package_identification:_identify(src/examples/rclcpp/actions/minimal_action_server) by extension 'colcon_pkg'
[0.257s] Level 1:colcon.colcon_core.package_identification:_identify(src/examples/rclcpp/actions/minimal_action_server) by extensions ['colcon_meta']
[0.257s] Level 1:colcon.colcon_core.package_identification:_identify(src/examples/rclcpp/actions/minimal_action_server) by extension 'colcon_meta'
[0.257s] Level 1:colcon.colcon_core.package_identification:_identify(src/examples/rclcpp/actions/minimal_action_server) by extensions ['ros']
[0.257s] Level 1:colcon.colcon_core.package_identification:_identify(src/examples/rclcpp/actions/minimal_action_server) by extension 'ros'
[0.268s] DEBUG:colcon.colcon_core.package_identification:Package 'src/examples/rclcpp/actions/minimal_action_server' with type 'ros.ament_cmake' and name 'examples_rclcpp_minimal_action_server'
[0.268s] Level 1:colcon.colcon_core.package_identification:_identify(src/examples/rclcpp/composition) by extensions ['ignore', 'ignore_ament_install']
[0.268s] Level 1:colcon.colcon_core.package_identification:_identify(src/examples/rclcpp/composition) by extension 'ignore'
[0.268s] Level 1:colcon.colcon_core.package_identification:_identify(src/examples/rclcpp/composition) by extension 'ignore_ament_install'
[0.268s] Level 1:colcon.colcon_core.package_identification:_identify(src/examples/rclcpp/composition) by extensions ['colcon_pkg']
[0.268s] Level 1:colcon.colcon_core.package_identification:_identify(src/examples/rclcpp/composition) by extension 'colcon_pkg'
[0.268s] Level 1:colcon.colcon_core.package_identification:_identify(src/examples/rclcpp/composition) by extensions ['colcon_meta']
[0.268s] Level 1:colcon.colcon_core.package_identification:_identify(src/examples/rclcpp/composition) by extension 'colcon_meta'
[0.268s] Level 1:colcon.colcon_core.package_identification:_identify(src/examples/rclcpp/composition) by extensions ['ros']
[0.268s] Level 1:colcon.colcon_core.package_identification:_identify(src/examples/rclcpp/composition) by extension 'ros'
[0.268s] Level 1:colcon.colcon_core.package_identification:_identify(src/examples/rclcpp/composition) by extensions ['cmake', 'python']
[0.268s] Level 1:colcon.colcon_core.package_identification:_identify(src/examples/rclcpp/composition) by extension 'cmake'
[0.268s] Level 1:colcon.colcon_core.package_identification:_identify(src/examples/rclcpp/composition) by extension 'python'
[0.268s] Level 1:colcon.colcon_core.package_identification:_identify(src/examples/rclcpp/composition) by extensions ['python_setup_py']
[0.268s] Level 1:colcon.colcon_core.package_identification:_identify(src/examples/rclcpp/composition) by extension 'python_setup_py'
[0.268s] Level 1:colcon.colcon_core.package_identification:_identify(src/examples/rclcpp/composition/minimal_composition) by extensions ['ignore', 'ignore_ament_install']
[0.268s] Level 1:colcon.colcon_core.package_identification:_identify(src/examples/rclcpp/composition/minimal_composition) by extension 'ignore'
[0.268s] Level 1:colcon.colcon_core.package_identification:_identify(src/examples/rclcpp/composition/minimal_composition) by extension 'ignore_ament_install'
[0.268s] Level 1:colcon.colcon_core.package_identification:_identify(src/examples/rclcpp/composition/minimal_composition) by extensions ['colcon_pkg']
[0.268s] Level 1:colcon.colcon_core.package_identification:_identify(src/examples/rclcpp/composition/minimal_composition) by extension 'colcon_pkg'
[0.268s] Level 1:colcon.colcon_core.package_identification:_identify(src/examples/rclcpp/composition/minimal_composition) by extensions ['colcon_meta']
[0.268s] Level 1:colcon.colcon_core.package_identification:_identify(src/examples/rclcpp/composition/minimal_composition) by extension 'colcon_meta'
[0.268s] Level 1:colcon.colcon_core.package_identification:_identify(src/examples/rclcpp/composition/minimal_composition) by extensions ['ros']
[0.268s] Level 1:colcon.colcon_core.package_identification:_identify(src/examples/rclcpp/composition/minimal_composition) by extension 'ros'
[0.269s] DEBUG:colcon.colcon_core.package_identification:Package 'src/examples/rclcpp/composition/minimal_composition' with type 'ros.ament_cmake' and name 'examples_rclcpp_minimal_composition'
[0.269s] Level 1:colcon.colcon_core.package_identification:_identify(src/examples/rclcpp/executors) by extensions ['ignore', 'ignore_ament_install']
[0.269s] Level 1:colcon.colcon_core.package_identification:_identify(src/examples/rclcpp/executors) by extension 'ignore'
[0.269s] Level 1:colcon.colcon_core.package_identification:_identify(src/examples/rclcpp/executors) by extension 'ignore_ament_install'
[0.269s] Level 1:colcon.colcon_core.package_identification:_identify(src/examples/rclcpp/executors) by extensions ['colcon_pkg']
[0.269s] Level 1:colcon.colcon_core.package_identification:_identify(src/examples/rclcpp/executors) by extension 'colcon_pkg'
[0.269s] Level 1:colcon.colcon_core.package_identification:_identify(src/examples/rclcpp/executors) by extensions ['colcon_meta']
[0.269s] Level 1:colcon.colcon_core.package_identification:_identify(src/examples/rclcpp/executors) by extension 'colcon_meta'
[0.269s] Level 1:colcon.colcon_core.package_identification:_identify(src/examples/rclcpp/executors) by extensions ['ros']
[0.269s] Level 1:colcon.colcon_core.package_identification:_identify(src/examples/rclcpp/executors) by extension 'ros'
[0.269s] Level 1:colcon.colcon_core.package_identification:_identify(src/examples/rclcpp/executors) by extensions ['cmake', 'python']
[0.269s] Level 1:colcon.colcon_core.package_identification:_identify(src/examples/rclcpp/executors) by extension 'cmake'
[0.269s] Level 1:colcon.colcon_core.package_identification:_identify(src/examples/rclcpp/executors) by extension 'python'
[0.269s] Level 1:colcon.colcon_core.package_identification:_identify(src/examples/rclcpp/executors) by extensions ['python_setup_py']
[0.269s] Level 1:colcon.colcon_core.package_identification:_identify(src/examples/rclcpp/executors) by extension 'python_setup_py'
[0.269s] Level 1:colcon.colcon_core.package_identification:_identify(src/examples/rclcpp/executors/cbg_executor) by extensions ['ignore', 'ignore_ament_install']
[0.269s] Level 1:colcon.colcon_core.package_identification:_identify(src/examples/rclcpp/executors/cbg_executor) by extension 'ignore'
[0.269s] Level 1:colcon.colcon_core.package_identification:_identify(src/examples/rclcpp/executors/cbg_executor) by extension 'ignore_ament_install'
[0.269s] Level 1:colcon.colcon_core.package_identification:_identify(src/examples/rclcpp/executors/cbg_executor) by extensions ['colcon_pkg']
[0.269s] Level 1:colcon.colcon_core.package_identification:_identify(src/examples/rclcpp/executors/cbg_executor) by extension 'colcon_pkg'
[0.269s] Level 1:colcon.colcon_core.package_identification:_identify(src/examples/rclcpp/executors/cbg_executor) by extensions ['colcon_meta']
[0.269s] Level 1:colcon.colcon_core.package_identification:_identify(src/examples/rclcpp/executors/cbg_executor) by extension 'colcon_meta'
[0.269s] Level 1:colcon.colcon_core.package_identification:_identify(src/examples/rclcpp/executors/cbg_executor) by extensions ['ros']
[0.269s] Level 1:colcon.colcon_core.package_identification:_identify(src/examples/rclcpp/executors/cbg_executor) by extension 'ros'
[0.270s] DEBUG:colcon.colcon_core.package_identification:Package 'src/examples/rclcpp/executors/cbg_executor' with type 'ros.ament_cmake' and name 'examples_rclcpp_cbg_executor'
[0.270s] Level 1:colcon.colcon_core.package_identification:_identify(src/examples/rclcpp/executors/multithreaded_executor) by extensions ['ignore', 'ignore_ament_install']
[0.270s] Level 1:colcon.colcon_core.package_identification:_identify(src/examples/rclcpp/executors/multithreaded_executor) by extension 'ignore'
[0.270s] Level 1:colcon.colcon_core.package_identification:_identify(src/examples/rclcpp/executors/multithreaded_executor) by extension 'ignore_ament_install'
[0.270s] Level 1:colcon.colcon_core.package_identification:_identify(src/examples/rclcpp/executors/multithreaded_executor) by extensions ['colcon_pkg']
[0.270s] Level 1:colcon.colcon_core.package_identification:_identify(src/examples/rclcpp/executors/multithreaded_executor) by extension 'colcon_pkg'
[0.270s] Level 1:colcon.colcon_core.package_identification:_identify(src/examples/rclcpp/executors/multithreaded_executor) by extensions ['colcon_meta']
[0.270s] Level 1:colcon.colcon_core.package_identification:_identify(src/examples/rclcpp/executors/multithreaded_executor) by extension 'colcon_meta'
[0.270s] Level 1:colcon.colcon_core.package_identification:_identify(src/examples/rclcpp/executors/multithreaded_executor) by extensions ['ros']
[0.270s] Level 1:colcon.colcon_core.package_identification:_identify(src/examples/rclcpp/executors/multithreaded_executor) by extension 'ros'
[0.270s] DEBUG:colcon.colcon_core.package_identification:Package 'src/examples/rclcpp/executors/multithreaded_executor' with type 'ros.ament_cmake' and name 'examples_rclcpp_multithreaded_executor'
[0.270s] Level 1:colcon.colcon_core.package_identification:_identify(src/examples/rclcpp/services) by extensions ['ignore', 'ignore_ament_install']
[0.270s] Level 1:colcon.colcon_core.package_identification:_identify(src/examples/rclcpp/services) by extension 'ignore'
[0.270s] Level 1:colcon.colcon_core.package_identification:_identify(src/examples/rclcpp/services) by extension 'ignore_ament_install'
[0.270s] Level 1:colcon.colcon_core.package_identification:_identify(src/examples/rclcpp/services) by extensions ['colcon_pkg']
[0.270s] Level 1:colcon.colcon_core.package_identification:_identify(src/examples/rclcpp/services) by extension 'colcon_pkg'
[0.270s] Level 1:colcon.colcon_core.package_identification:_identify(src/examples/rclcpp/services) by extensions ['colcon_meta']
[0.270s] Level 1:colcon.colcon_core.package_identification:_identify(src/examples/rclcpp/services) by extension 'colcon_meta'
[0.271s] Level 1:colcon.colcon_core.package_identification:_identify(src/examples/rclcpp/services) by extensions ['ros']
[0.271s] Level 1:colcon.colcon_core.package_identification:_identify(src/examples/rclcpp/services) by extension 'ros'
[0.271s] Level 1:colcon.colcon_core.package_identification:_identify(src/examples/rclcpp/services) by extensions ['cmake', 'python']
[0.271s] Level 1:colcon.colcon_core.package_identification:_identify(src/examples/rclcpp/services) by extension 'cmake'
[0.271s] Level 1:colcon.colcon_core.package_identification:_identify(src/examples/rclcpp/services) by extension 'python'
[0.271s] Level 1:colcon.colcon_core.package_identification:_identify(src/examples/rclcpp/services) by extensions ['python_setup_py']
[0.271s] Level 1:colcon.colcon_core.package_identification:_identify(src/examples/rclcpp/services) by extension 'python_setup_py'
[0.271s] Level 1:colcon.colcon_core.package_identification:_identify(src/examples/rclcpp/services/async_client) by extensions ['ignore', 'ignore_ament_install']
[0.271s] Level 1:colcon.colcon_core.package_identification:_identify(src/examples/rclcpp/services/async_client) by extension 'ignore'
[0.271s] Level 1:colcon.colcon_core.package_identification:_identify(src/examples/rclcpp/services/async_client) by extension 'ignore_ament_install'
[0.271s] Level 1:colcon.colcon_core.package_identification:_identify(src/examples/rclcpp/services/async_client) by extensions ['colcon_pkg']
[0.271s] Level 1:colcon.colcon_core.package_identification:_identify(src/examples/rclcpp/services/async_client) by extension 'colcon_pkg'
[0.271s] Level 1:colcon.colcon_core.package_identification:_identify(src/examples/rclcpp/services/async_client) by extensions ['colcon_meta']
[0.271s] Level 1:colcon.colcon_core.package_identification:_identify(src/examples/rclcpp/services/async_client) by extension 'colcon_meta'
[0.271s] Level 1:colcon.colcon_core.package_identification:_identify(src/examples/rclcpp/services/async_client) by extensions ['ros']
[0.271s] Level 1:colcon.colcon_core.package_identification:_identify(src/examples/rclcpp/services/async_client) by extension 'ros'
[0.271s] DEBUG:colcon.colcon_core.package_identification:Package 'src/examples/rclcpp/services/async_client' with type 'ros.ament_cmake' and name 'examples_rclcpp_async_client'
[0.271s] Level 1:colcon.colcon_core.package_identification:_identify(src/examples/rclcpp/services/minimal_client) by extensions ['ignore', 'ignore_ament_install']
[0.271s] Level 1:colcon.colcon_core.package_identification:_identify(src/examples/rclcpp/services/minimal_client) by extension 'ignore'
[0.271s] Level 1:colcon.colcon_core.package_identification:_identify(src/examples/rclcpp/services/minimal_client) by extension 'ignore_ament_install'
[0.271s] Level 1:colcon.colcon_core.package_identification:_identify(src/examples/rclcpp/services/minimal_client) by extensions ['colcon_pkg']
[0.271s] Level 1:colcon.colcon_core.package_identification:_identify(src/examples/rclcpp/services/minimal_client) by extension 'colcon_pkg'
[0.271s] Level 1:colcon.colcon_core.package_identification:_identify(src/examples/rclcpp/services/minimal_client) by extensions ['colcon_meta']
[0.272s] Level 1:colcon.colcon_core.package_identification:_identify(src/examples/rclcpp/services/minimal_client) by extension 'colcon_meta'
[0.272s] Level 1:colcon.colcon_core.package_identification:_identify(src/examples/rclcpp/services/minimal_client) by extensions ['ros']
[0.272s] Level 1:colcon.colcon_core.package_identification:_identify(src/examples/rclcpp/services/minimal_client) by extension 'ros'
[0.272s] DEBUG:colcon.colcon_core.package_identification:Package 'src/examples/rclcpp/services/minimal_client' with type 'ros.ament_cmake' and name 'examples_rclcpp_minimal_client'
[0.272s] Level 1:colcon.colcon_core.package_identification:_identify(src/examples/rclcpp/services/minimal_service) by extensions ['ignore', 'ignore_ament_install']
[0.272s] Level 1:colcon.colcon_core.package_identification:_identify(src/examples/rclcpp/services/minimal_service) by extension 'ignore'
[0.272s] Level 1:colcon.colcon_core.package_identification:_identify(src/examples/rclcpp/services/minimal_service) by extension 'ignore_ament_install'
[0.272s] Level 1:colcon.colcon_core.package_identification:_identify(src/examples/rclcpp/services/minimal_service) by extensions ['colcon_pkg']
[0.272s] Level 1:colcon.colcon_core.package_identification:_identify(src/examples/rclcpp/services/minimal_service) by extension 'colcon_pkg'
[0.272s] Level 1:colcon.colcon_core.package_identification:_identify(src/examples/rclcpp/services/minimal_service) by extensions ['colcon_meta']
[0.272s] Level 1:colcon.colcon_core.package_identification:_identify(src/examples/rclcpp/services/minimal_service) by extension 'colcon_meta'
[0.272s] Level 1:colcon.colcon_core.package_identification:_identify(src/examples/rclcpp/services/minimal_service) by extensions ['ros']
[0.272s] Level 1:colcon.colcon_core.package_identification:_identify(src/examples/rclcpp/services/minimal_service) by extension 'ros'
[0.272s] DEBUG:colcon.colcon_core.package_identification:Package 'src/examples/rclcpp/services/minimal_service' with type 'ros.ament_cmake' and name 'examples_rclcpp_minimal_service'
[0.273s] Level 1:colcon.colcon_core.package_identification:_identify(src/examples/rclcpp/timers) by extensions ['ignore', 'ignore_ament_install']
[0.273s] Level 1:colcon.colcon_core.package_identification:_identify(src/examples/rclcpp/timers) by extension 'ignore'
[0.273s] Level 1:colcon.colcon_core.package_identification:_identify(src/examples/rclcpp/timers) by extension 'ignore_ament_install'
[0.273s] Level 1:colcon.colcon_core.package_identification:_identify(src/examples/rclcpp/timers) by extensions ['colcon_pkg']
[0.273s] Level 1:colcon.colcon_core.package_identification:_identify(src/examples/rclcpp/timers) by extension 'colcon_pkg'
[0.273s] Level 1:colcon.colcon_core.package_identification:_identify(src/examples/rclcpp/timers) by extensions ['colcon_meta']
[0.273s] Level 1:colcon.colcon_core.package_identification:_identify(src/examples/rclcpp/timers) by extension 'colcon_meta'
[0.273s] Level 1:colcon.colcon_core.package_identification:_identify(src/examples/rclcpp/timers) by extensions ['ros']
[0.273s] Level 1:colcon.colcon_core.package_identification:_identify(src/examples/rclcpp/timers) by extension 'ros'
[0.273s] Level 1:colcon.colcon_core.package_identification:_identify(src/examples/rclcpp/timers) by extensions ['cmake', 'python']
[0.273s] Level 1:colcon.colcon_core.package_identification:_identify(src/examples/rclcpp/timers) by extension 'cmake'
[0.273s] Level 1:colcon.colcon_core.package_identification:_identify(src/examples/rclcpp/timers) by extension 'python'
[0.273s] Level 1:colcon.colcon_core.package_identification:_identify(src/examples/rclcpp/timers) by extensions ['python_setup_py']
[0.273s] Level 1:colcon.colcon_core.package_identification:_identify(src/examples/rclcpp/timers) by extension 'python_setup_py'
[0.273s] Level 1:colcon.colcon_core.package_identification:_identify(src/examples/rclcpp/timers/minimal_timer) by extensions ['ignore', 'ignore_ament_install']
[0.273s] Level 1:colcon.colcon_core.package_identification:_identify(src/examples/rclcpp/timers/minimal_timer) by extension 'ignore'
[0.273s] Level 1:colcon.colcon_core.package_identification:_identify(src/examples/rclcpp/timers/minimal_timer) by extension 'ignore_ament_install'
[0.273s] Level 1:colcon.colcon_core.package_identification:_identify(src/examples/rclcpp/timers/minimal_timer) by extensions ['colcon_pkg']
[0.273s] Level 1:colcon.colcon_core.package_identification:_identify(src/examples/rclcpp/timers/minimal_timer) by extension 'colcon_pkg'
[0.273s] Level 1:colcon.colcon_core.package_identification:_identify(src/examples/rclcpp/timers/minimal_timer) by extensions ['colcon_meta']
[0.273s] Level 1:colcon.colcon_core.package_identification:_identify(src/examples/rclcpp/timers/minimal_timer) by extension 'colcon_meta'
[0.273s] Level 1:colcon.colcon_core.package_identification:_identify(src/examples/rclcpp/timers/minimal_timer) by extensions ['ros']
[0.273s] Level 1:colcon.colcon_core.package_identification:_identify(src/examples/rclcpp/timers/minimal_timer) by extension 'ros'
[0.273s] DEBUG:colcon.colcon_core.package_identification:Package 'src/examples/rclcpp/timers/minimal_timer' with type 'ros.ament_cmake' and name 'examples_rclcpp_minimal_timer'
[0.273s] Level 1:colcon.colcon_core.package_identification:_identify(src/examples/rclcpp/topics) by extensions ['ignore', 'ignore_ament_install']
[0.273s] Level 1:colcon.colcon_core.package_identification:_identify(src/examples/rclcpp/topics) by extension 'ignore'
[0.273s] Level 1:colcon.colcon_core.package_identification:_identify(src/examples/rclcpp/topics) by extension 'ignore_ament_install'
[0.274s] Level 1:colcon.colcon_core.package_identification:_identify(src/examples/rclcpp/topics) by extensions ['colcon_pkg']
[0.274s] Level 1:colcon.colcon_core.package_identification:_identify(src/examples/rclcpp/topics) by extension 'colcon_pkg'
[0.274s] Level 1:colcon.colcon_core.package_identification:_identify(src/examples/rclcpp/topics) by extensions ['colcon_meta']
[0.274s] Level 1:colcon.colcon_core.package_identification:_identify(src/examples/rclcpp/topics) by extension 'colcon_meta'
[0.274s] Level 1:colcon.colcon_core.package_identification:_identify(src/examples/rclcpp/topics) by extensions ['ros']
[0.274s] Level 1:colcon.colcon_core.package_identification:_identify(src/examples/rclcpp/topics) by extension 'ros'
[0.274s] Level 1:colcon.colcon_core.package_identification:_identify(src/examples/rclcpp/topics) by extensions ['cmake', 'python']
[0.274s] Level 1:colcon.colcon_core.package_identification:_identify(src/examples/rclcpp/topics) by extension 'cmake'
[0.274s] Level 1:colcon.colcon_core.package_identification:_identify(src/examples/rclcpp/topics) by extension 'python'
[0.274s] Level 1:colcon.colcon_core.package_identification:_identify(src/examples/rclcpp/topics) by extensions ['python_setup_py']
[0.274s] Level 1:colcon.colcon_core.package_identification:_identify(src/examples/rclcpp/topics) by extension 'python_setup_py'
[0.274s] Level 1:colcon.colcon_core.package_identification:_identify(src/examples/rclcpp/topics/minimal_publisher) by extensions ['ignore', 'ignore_ament_install']
[0.274s] Level 1:colcon.colcon_core.package_identification:_identify(src/examples/rclcpp/topics/minimal_publisher) by extension 'ignore'
[0.274s] Level 1:colcon.colcon_core.package_identification:_identify(src/examples/rclcpp/topics/minimal_publisher) by extension 'ignore_ament_install'
[0.274s] Level 1:colcon.colcon_core.package_identification:_identify(src/examples/rclcpp/topics/minimal_publisher) by extensions ['colcon_pkg']
[0.274s] Level 1:colcon.colcon_core.package_identification:_identify(src/examples/rclcpp/topics/minimal_publisher) by extension 'colcon_pkg'
[0.274s] Level 1:colcon.colcon_core.package_identification:_identify(src/examples/rclcpp/topics/minimal_publisher) by extensions ['colcon_meta']
[0.274s] Level 1:colcon.colcon_core.package_identification:_identify(src/examples/rclcpp/topics/minimal_publisher) by extension 'colcon_meta'
[0.274s] Level 1:colcon.colcon_core.package_identification:_identify(src/examples/rclcpp/topics/minimal_publisher) by extensions ['ros']
[0.274s] Level 1:colcon.colcon_core.package_identification:_identify(src/examples/rclcpp/topics/minimal_publisher) by extension 'ros'
[0.274s] DEBUG:colcon.colcon_core.package_identification:Package 'src/examples/rclcpp/topics/minimal_publisher' with type 'ros.ament_cmake' and name 'examples_rclcpp_minimal_publisher'
[0.274s] Level 1:colcon.colcon_core.package_identification:_identify(src/examples/rclcpp/topics/minimal_subscriber) by extensions ['ignore', 'ignore_ament_install']
[0.274s] Level 1:colcon.colcon_core.package_identification:_identify(src/examples/rclcpp/topics/minimal_subscriber) by extension 'ignore'
[0.274s] Level 1:colcon.colcon_core.package_identification:_identify(src/examples/rclcpp/topics/minimal_subscriber) by extension 'ignore_ament_install'
[0.274s] Level 1:colcon.colcon_core.package_identification:_identify(src/examples/rclcpp/topics/minimal_subscriber) by extensions ['colcon_pkg']
[0.274s] Level 1:colcon.colcon_core.package_identification:_identify(src/examples/rclcpp/topics/minimal_subscriber) by extension 'colcon_pkg'
[0.274s] Level 1:colcon.colcon_core.package_identification:_identify(src/examples/rclcpp/topics/minimal_subscriber) by extensions ['colcon_meta']
[0.274s] Level 1:colcon.colcon_core.package_identification:_identify(src/examples/rclcpp/topics/minimal_subscriber) by extension 'colcon_meta'
[0.274s] Level 1:colcon.colcon_core.package_identification:_identify(src/examples/rclcpp/topics/minimal_subscriber) by extensions ['ros']
[0.274s] Level 1:colcon.colcon_core.package_identification:_identify(src/examples/rclcpp/topics/minimal_subscriber) by extension 'ros'
[0.275s] DEBUG:colcon.colcon_core.package_identification:Package 'src/examples/rclcpp/topics/minimal_subscriber' with type 'ros.ament_cmake' and name 'examples_rclcpp_minimal_subscriber'
[0.275s] Level 1:colcon.colcon_core.package_identification:_identify(src/examples/rclcpp/wait_set) by extensions ['ignore', 'ignore_ament_install']
[0.275s] Level 1:colcon.colcon_core.package_identification:_identify(src/examples/rclcpp/wait_set) by extension 'ignore'
[0.275s] Level 1:colcon.colcon_core.package_identification:_identify(src/examples/rclcpp/wait_set) by extension 'ignore_ament_install'
[0.275s] Level 1:colcon.colcon_core.package_identification:_identify(src/examples/rclcpp/wait_set) by extensions ['colcon_pkg']
[0.275s] Level 1:colcon.colcon_core.package_identification:_identify(src/examples/rclcpp/wait_set) by extension 'colcon_pkg'
[0.275s] Level 1:colcon.colcon_core.package_identification:_identify(src/examples/rclcpp/wait_set) by extensions ['colcon_meta']
[0.275s] Level 1:colcon.colcon_core.package_identification:_identify(src/examples/rclcpp/wait_set) by extension 'colcon_meta'
[0.275s] Level 1:colcon.colcon_core.package_identification:_identify(src/examples/rclcpp/wait_set) by extensions ['ros']
[0.275s] Level 1:colcon.colcon_core.package_identification:_identify(src/examples/rclcpp/wait_set) by extension 'ros'
[0.276s] DEBUG:colcon.colcon_core.package_identification:Package 'src/examples/rclcpp/wait_set' with type 'ros.ament_cmake' and name 'examples_rclcpp_wait_set'
[0.276s] Level 1:colcon.colcon_core.package_identification:_identify(src/examples/rclpy) by extensions ['ignore', 'ignore_ament_install']
[0.276s] Level 1:colcon.colcon_core.package_identification:_identify(src/examples/rclpy) by extension 'ignore'
[0.276s] Level 1:colcon.colcon_core.package_identification:_identify(src/examples/rclpy) by extension 'ignore_ament_install'
[0.276s] Level 1:colcon.colcon_core.package_identification:_identify(src/examples/rclpy) by extensions ['colcon_pkg']
[0.276s] Level 1:colcon.colcon_core.package_identification:_identify(src/examples/rclpy) by extension 'colcon_pkg'
[0.276s] Level 1:colcon.colcon_core.package_identification:_identify(src/examples/rclpy) by extensions ['colcon_meta']
[0.276s] Level 1:colcon.colcon_core.package_identification:_identify(src/examples/rclpy) by extension 'colcon_meta'
[0.276s] Level 1:colcon.colcon_core.package_identification:_identify(src/examples/rclpy) by extensions ['ros']
[0.276s] Level 1:colcon.colcon_core.package_identification:_identify(src/examples/rclpy) by extension 'ros'
[0.276s] Level 1:colcon.colcon_core.package_identification:_identify(src/examples/rclpy) by extensions ['cmake', 'python']
[0.276s] Level 1:colcon.colcon_core.package_identification:_identify(src/examples/rclpy) by extension 'cmake'
[0.276s] Level 1:colcon.colcon_core.package_identification:_identify(src/examples/rclpy) by extension 'python'
[0.276s] Level 1:colcon.colcon_core.package_identification:_identify(src/examples/rclpy) by extensions ['python_setup_py']
[0.276s] Level 1:colcon.colcon_core.package_identification:_identify(src/examples/rclpy) by extension 'python_setup_py'
[0.276s] Level 1:colcon.colcon_core.package_identification:_identify(src/examples/rclpy/actions) by extensions ['ignore', 'ignore_ament_install']
[0.276s] Level 1:colcon.colcon_core.package_identification:_identify(src/examples/rclpy/actions) by extension 'ignore'
[0.276s] Level 1:colcon.colcon_core.package_identification:_identify(src/examples/rclpy/actions) by extension 'ignore_ament_install'
[0.276s] Level 1:colcon.colcon_core.package_identification:_identify(src/examples/rclpy/actions) by extensions ['colcon_pkg']
[0.276s] Level 1:colcon.colcon_core.package_identification:_identify(src/examples/rclpy/actions) by extension 'colcon_pkg'
[0.276s] Level 1:colcon.colcon_core.package_identification:_identify(src/examples/rclpy/actions) by extensions ['colcon_meta']
[0.276s] Level 1:colcon.colcon_core.package_identification:_identify(src/examples/rclpy/actions) by extension 'colcon_meta'
[0.276s] Level 1:colcon.colcon_core.package_identification:_identify(src/examples/rclpy/actions) by extensions ['ros']
[0.276s] Level 1:colcon.colcon_core.package_identification:_identify(src/examples/rclpy/actions) by extension 'ros'
[0.276s] Level 1:colcon.colcon_core.package_identification:_identify(src/examples/rclpy/actions) by extensions ['cmake', 'python']
[0.276s] Level 1:colcon.colcon_core.package_identification:_identify(src/examples/rclpy/actions) by extension 'cmake'
[0.276s] Level 1:colcon.colcon_core.package_identification:_identify(src/examples/rclpy/actions) by extension 'python'
[0.276s] Level 1:colcon.colcon_core.package_identification:_identify(src/examples/rclpy/actions) by extensions ['python_setup_py']
[0.276s] Level 1:colcon.colcon_core.package_identification:_identify(src/examples/rclpy/actions) by extension 'python_setup_py'
[0.276s] Level 1:colcon.colcon_core.package_identification:_identify(src/examples/rclpy/actions/minimal_action_client) by extensions ['ignore', 'ignore_ament_install']
[0.276s] Level 1:colcon.colcon_core.package_identification:_identify(src/examples/rclpy/actions/minimal_action_client) by extension 'ignore'
[0.276s] Level 1:colcon.colcon_core.package_identification:_identify(src/examples/rclpy/actions/minimal_action_client) by extension 'ignore_ament_install'
[0.276s] Level 1:colcon.colcon_core.package_identification:_identify(src/examples/rclpy/actions/minimal_action_client) by extensions ['colcon_pkg']
[0.276s] Level 1:colcon.colcon_core.package_identification:_identify(src/examples/rclpy/actions/minimal_action_client) by extension 'colcon_pkg'
[0.277s] Level 1:colcon.colcon_core.package_identification:_identify(src/examples/rclpy/actions/minimal_action_client) by extensions ['colcon_meta']
[0.277s] Level 1:colcon.colcon_core.package_identification:_identify(src/examples/rclpy/actions/minimal_action_client) by extension 'colcon_meta'
[0.277s] Level 1:colcon.colcon_core.package_identification:_identify(src/examples/rclpy/actions/minimal_action_client) by extensions ['ros']
[0.277s] Level 1:colcon.colcon_core.package_identification:_identify(src/examples/rclpy/actions/minimal_action_client) by extension 'ros'
[0.277s] DEBUG:colcon.colcon_core.package_identification:Package 'src/examples/rclpy/actions/minimal_action_client' with type 'ros.ament_python' and name 'examples_rclpy_minimal_action_client'
[0.277s] Level 1:colcon.colcon_core.package_identification:_identify(src/examples/rclpy/actions/minimal_action_server) by extensions ['ignore', 'ignore_ament_install']
[0.277s] Level 1:colcon.colcon_core.package_identification:_identify(src/examples/rclpy/actions/minimal_action_server) by extension 'ignore'
[0.277s] Level 1:colcon.colcon_core.package_identification:_identify(src/examples/rclpy/actions/minimal_action_server) by extension 'ignore_ament_install'
[0.277s] Level 1:colcon.colcon_core.package_identification:_identify(src/examples/rclpy/actions/minimal_action_server) by extensions ['colcon_pkg']
[0.277s] Level 1:colcon.colcon_core.package_identification:_identify(src/examples/rclpy/actions/minimal_action_server) by extension 'colcon_pkg'
[0.277s] Level 1:colcon.colcon_core.package_identification:_identify(src/examples/rclpy/actions/minimal_action_server) by extensions ['colcon_meta']
[0.277s] Level 1:colcon.colcon_core.package_identification:_identify(src/examples/rclpy/actions/minimal_action_server) by extension 'colcon_meta'
[0.277s] Level 1:colcon.colcon_core.package_identification:_identify(src/examples/rclpy/actions/minimal_action_server) by extensions ['ros']
[0.277s] Level 1:colcon.colcon_core.package_identification:_identify(src/examples/rclpy/actions/minimal_action_server) by extension 'ros'
[0.277s] DEBUG:colcon.colcon_core.package_identification:Package 'src/examples/rclpy/actions/minimal_action_server' with type 'ros.ament_python' and name 'examples_rclpy_minimal_action_server'
[0.277s] Level 1:colcon.colcon_core.package_identification:_identify(src/examples/rclpy/executors) by extensions ['ignore', 'ignore_ament_install']
[0.277s] Level 1:colcon.colcon_core.package_identification:_identify(src/examples/rclpy/executors) by extension 'ignore'
[0.278s] Level 1:colcon.colcon_core.package_identification:_identify(src/examples/rclpy/executors) by extension 'ignore_ament_install'
[0.278s] Level 1:colcon.colcon_core.package_identification:_identify(src/examples/rclpy/executors) by extensions ['colcon_pkg']
[0.278s] Level 1:colcon.colcon_core.package_identification:_identify(src/examples/rclpy/executors) by extension 'colcon_pkg'
[0.278s] Level 1:colcon.colcon_core.package_identification:_identify(src/examples/rclpy/executors) by extensions ['colcon_meta']
[0.278s] Level 1:colcon.colcon_core.package_identification:_identify(src/examples/rclpy/executors) by extension 'colcon_meta'
[0.278s] Level 1:colcon.colcon_core.package_identification:_identify(src/examples/rclpy/executors) by extensions ['ros']
[0.278s] Level 1:colcon.colcon_core.package_identification:_identify(src/examples/rclpy/executors) by extension 'ros'
[0.278s] DEBUG:colcon.colcon_core.package_identification:Package 'src/examples/rclpy/executors' with type 'ros.ament_python' and name 'examples_rclpy_executors'
[0.278s] Level 1:colcon.colcon_core.package_identification:_identify(src/examples/rclpy/guard_conditions) by extensions ['ignore', 'ignore_ament_install']
[0.278s] Level 1:colcon.colcon_core.package_identification:_identify(src/examples/rclpy/guard_conditions) by extension 'ignore'
[0.278s] Level 1:colcon.colcon_core.package_identification:_identify(src/examples/rclpy/guard_conditions) by extension 'ignore_ament_install'
[0.278s] Level 1:colcon.colcon_core.package_identification:_identify(src/examples/rclpy/guard_conditions) by extensions ['colcon_pkg']
[0.278s] Level 1:colcon.colcon_core.package_identification:_identify(src/examples/rclpy/guard_conditions) by extension 'colcon_pkg'
[0.278s] Level 1:colcon.colcon_core.package_identification:_identify(src/examples/rclpy/guard_conditions) by extensions ['colcon_meta']
[0.278s] Level 1:colcon.colcon_core.package_identification:_identify(src/examples/rclpy/guard_conditions) by extension 'colcon_meta'
[0.278s] Level 1:colcon.colcon_core.package_identification:_identify(src/examples/rclpy/guard_conditions) by extensions ['ros']
[0.278s] Level 1:colcon.colcon_core.package_identification:_identify(src/examples/rclpy/guard_conditions) by extension 'ros'
[0.279s] DEBUG:colcon.colcon_core.package_identification:Package 'src/examples/rclpy/guard_conditions' with type 'ros.ament_python' and name 'examples_rclpy_guard_conditions'
[0.279s] Level 1:colcon.colcon_core.package_identification:_identify(src/examples/rclpy/services) by extensions ['ignore', 'ignore_ament_install']
[0.279s] Level 1:colcon.colcon_core.package_identification:_identify(src/examples/rclpy/services) by extension 'ignore'
[0.279s] Level 1:colcon.colcon_core.package_identification:_identify(src/examples/rclpy/services) by extension 'ignore_ament_install'
[0.279s] Level 1:colcon.colcon_core.package_identification:_identify(src/examples/rclpy/services) by extensions ['colcon_pkg']
[0.279s] Level 1:colcon.colcon_core.package_identification:_identify(src/examples/rclpy/services) by extension 'colcon_pkg'
[0.279s] Level 1:colcon.colcon_core.package_identification:_identify(src/examples/rclpy/services) by extensions ['colcon_meta']
[0.279s] Level 1:colcon.colcon_core.package_identification:_identify(src/examples/rclpy/services) by extension 'colcon_meta'
[0.279s] Level 1:colcon.colcon_core.package_identification:_identify(src/examples/rclpy/services) by extensions ['ros']
[0.279s] Level 1:colcon.colcon_core.package_identification:_identify(src/examples/rclpy/services) by extension 'ros'
[0.279s] Level 1:colcon.colcon_core.package_identification:_identify(src/examples/rclpy/services) by extensions ['cmake', 'python']
[0.279s] Level 1:colcon.colcon_core.package_identification:_identify(src/examples/rclpy/services) by extension 'cmake'
[0.279s] Level 1:colcon.colcon_core.package_identification:_identify(src/examples/rclpy/services) by extension 'python'
[0.279s] Level 1:colcon.colcon_core.package_identification:_identify(src/examples/rclpy/services) by extensions ['python_setup_py']
[0.279s] Level 1:colcon.colcon_core.package_identification:_identify(src/examples/rclpy/services) by extension 'python_setup_py'
[0.279s] Level 1:colcon.colcon_core.package_identification:_identify(src/examples/rclpy/services/minimal_client) by extensions ['ignore', 'ignore_ament_install']
[0.279s] Level 1:colcon.colcon_core.package_identification:_identify(src/examples/rclpy/services/minimal_client) by extension 'ignore'
[0.279s] Level 1:colcon.colcon_core.package_identification:_identify(src/examples/rclpy/services/minimal_client) by extension 'ignore_ament_install'
[0.279s] Level 1:colcon.colcon_core.package_identification:_identify(src/examples/rclpy/services/minimal_client) by extensions ['colcon_pkg']
[0.279s] Level 1:colcon.colcon_core.package_identification:_identify(src/examples/rclpy/services/minimal_client) by extension 'colcon_pkg'
[0.279s] Level 1:colcon.colcon_core.package_identification:_identify(src/examples/rclpy/services/minimal_client) by extensions ['colcon_meta']
[0.279s] Level 1:colcon.colcon_core.package_identification:_identify(src/examples/rclpy/services/minimal_client) by extension 'colcon_meta'
[0.279s] Level 1:colcon.colcon_core.package_identification:_identify(src/examples/rclpy/services/minimal_client) by extensions ['ros']
[0.279s] Level 1:colcon.colcon_core.package_identification:_identify(src/examples/rclpy/services/minimal_client) by extension 'ros'
[0.280s] DEBUG:colcon.colcon_core.package_identification:Package 'src/examples/rclpy/services/minimal_client' with type 'ros.ament_python' and name 'examples_rclpy_minimal_client'
[0.280s] Level 1:colcon.colcon_core.package_identification:_identify(src/examples/rclpy/services/minimal_service) by extensions ['ignore', 'ignore_ament_install']
[0.280s] Level 1:colcon.colcon_core.package_identification:_identify(src/examples/rclpy/services/minimal_service) by extension 'ignore'
[0.280s] Level 1:colcon.colcon_core.package_identification:_identify(src/examples/rclpy/services/minimal_service) by extension 'ignore_ament_install'
[0.280s] Level 1:colcon.colcon_core.package_identification:_identify(src/examples/rclpy/services/minimal_service) by extensions ['colcon_pkg']
[0.280s] Level 1:colcon.colcon_core.package_identification:_identify(src/examples/rclpy/services/minimal_service) by extension 'colcon_pkg'
[0.280s] Level 1:colcon.colcon_core.package_identification:_identify(src/examples/rclpy/services/minimal_service) by extensions ['colcon_meta']
[0.280s] Level 1:colcon.colcon_core.package_identification:_identify(src/examples/rclpy/services/minimal_service) by extension 'colcon_meta'
[0.280s] Level 1:colcon.colcon_core.package_identification:_identify(src/examples/rclpy/services/minimal_service) by extensions ['ros']
[0.280s] Level 1:colcon.colcon_core.package_identification:_identify(src/examples/rclpy/services/minimal_service) by extension 'ros'
[0.280s] DEBUG:colcon.colcon_core.package_identification:Package 'src/examples/rclpy/services/minimal_service' with type 'ros.ament_python' and name 'examples_rclpy_minimal_service'
[0.280s] Level 1:colcon.colcon_core.package_identification:_identify(src/examples/rclpy/topics) by extensions ['ignore', 'ignore_ament_install']
[0.280s] Level 1:colcon.colcon_core.package_identification:_identify(src/examples/rclpy/topics) by extension 'ignore'
[0.280s] Level 1:colcon.colcon_core.package_identification:_identify(src/examples/rclpy/topics) by extension 'ignore_ament_install'
[0.280s] Level 1:colcon.colcon_core.package_identification:_identify(src/examples/rclpy/topics) by extensions ['colcon_pkg']
[0.280s] Level 1:colcon.colcon_core.package_identification:_identify(src/examples/rclpy/topics) by extension 'colcon_pkg'
[0.280s] Level 1:colcon.colcon_core.package_identification:_identify(src/examples/rclpy/topics) by extensions ['colcon_meta']
[0.280s] Level 1:colcon.colcon_core.package_identification:_identify(src/examples/rclpy/topics) by extension 'colcon_meta'
[0.280s] Level 1:colcon.colcon_core.package_identification:_identify(src/examples/rclpy/topics) by extensions ['ros']
[0.280s] Level 1:colcon.colcon_core.package_identification:_identify(src/examples/rclpy/topics) by extension 'ros'
[0.280s] Level 1:colcon.colcon_core.package_identification:_identify(src/examples/rclpy/topics) by extensions ['cmake', 'python']
[0.280s] Level 1:colcon.colcon_core.package_identification:_identify(src/examples/rclpy/topics) by extension 'cmake'
[0.280s] Level 1:colcon.colcon_core.package_identification:_identify(src/examples/rclpy/topics) by extension 'python'
[0.280s] Level 1:colcon.colcon_core.package_identification:_identify(src/examples/rclpy/topics) by extensions ['python_setup_py']
[0.280s] Level 1:colcon.colcon_core.package_identification:_identify(src/examples/rclpy/topics) by extension 'python_setup_py'
[0.281s] Level 1:colcon.colcon_core.package_identification:_identify(src/examples/rclpy/topics/minimal_publisher) by extensions ['ignore', 'ignore_ament_install']
[0.281s] Level 1:colcon.colcon_core.package_identification:_identify(src/examples/rclpy/topics/minimal_publisher) by extension 'ignore'
[0.281s] Level 1:colcon.colcon_core.package_identification:_identify(src/examples/rclpy/topics/minimal_publisher) by extension 'ignore_ament_install'
[0.281s] Level 1:colcon.colcon_core.package_identification:_identify(src/examples/rclpy/topics/minimal_publisher) by extensions ['colcon_pkg']
[0.281s] Level 1:colcon.colcon_core.package_identification:_identify(src/examples/rclpy/topics/minimal_publisher) by extension 'colcon_pkg'
[0.281s] Level 1:colcon.colcon_core.package_identification:_identify(src/examples/rclpy/topics/minimal_publisher) by extensions ['colcon_meta']
[0.281s] Level 1:colcon.colcon_core.package_identification:_identify(src/examples/rclpy/topics/minimal_publisher) by extension 'colcon_meta'
[0.281s] Level 1:colcon.colcon_core.package_identification:_identify(src/examples/rclpy/topics/minimal_publisher) by extensions ['ros']
[0.281s] Level 1:colcon.colcon_core.package_identification:_identify(src/examples/rclpy/topics/minimal_publisher) by extension 'ros'
[0.281s] DEBUG:colcon.colcon_core.package_identification:Package 'src/examples/rclpy/topics/minimal_publisher' with type 'ros.ament_python' and name 'examples_rclpy_minimal_publisher'
[0.281s] Level 1:colcon.colcon_core.package_identification:_identify(src/examples/rclpy/topics/minimal_subscriber) by extensions ['ignore', 'ignore_ament_install']
[0.281s] Level 1:colcon.colcon_core.package_identification:_identify(src/examples/rclpy/topics/minimal_subscriber) by extension 'ignore'
[0.281s] Level 1:colcon.colcon_core.package_identification:_identify(src/examples/rclpy/topics/minimal_subscriber) by extension 'ignore_ament_install'
[0.281s] Level 1:colcon.colcon_core.package_identification:_identify(src/examples/rclpy/topics/minimal_subscriber) by extensions ['colcon_pkg']
[0.281s] Level 1:colcon.colcon_core.package_identification:_identify(src/examples/rclpy/topics/minimal_subscriber) by extension 'colcon_pkg'
[0.281s] Level 1:colcon.colcon_core.package_identification:_identify(src/examples/rclpy/topics/minimal_subscriber) by extensions ['colcon_meta']
[0.281s] Level 1:colcon.colcon_core.package_identification:_identify(src/examples/rclpy/topics/minimal_subscriber) by extension 'colcon_meta'
[0.281s] Level 1:colcon.colcon_core.package_identification:_identify(src/examples/rclpy/topics/minimal_subscriber) by extensions ['ros']
[0.281s] Level 1:colcon.colcon_core.package_identification:_identify(src/examples/rclpy/topics/minimal_subscriber) by extension 'ros'
[0.282s] DEBUG:colcon.colcon_core.package_identification:Package 'src/examples/rclpy/topics/minimal_subscriber' with type 'ros.ament_python' and name 'examples_rclpy_minimal_subscriber'
[0.282s] Level 1:colcon.colcon_core.package_identification:_identify(src/examples/rclpy/topics/pointcloud_publisher) by extensions ['ignore', 'ignore_ament_install']
[0.282s] Level 1:colcon.colcon_core.package_identification:_identify(src/examples/rclpy/topics/pointcloud_publisher) by extension 'ignore'
[0.282s] Level 1:colcon.colcon_core.package_identification:_identify(src/examples/rclpy/topics/pointcloud_publisher) by extension 'ignore_ament_install'
[0.282s] Level 1:colcon.colcon_core.package_identification:_identify(src/examples/rclpy/topics/pointcloud_publisher) by extensions ['colcon_pkg']
[0.282s] Level 1:colcon.colcon_core.package_identification:_identify(src/examples/rclpy/topics/pointcloud_publisher) by extension 'colcon_pkg'
[0.282s] Level 1:colcon.colcon_core.package_identification:_identify(src/examples/rclpy/topics/pointcloud_publisher) by extensions ['colcon_meta']
[0.282s] Level 1:colcon.colcon_core.package_identification:_identify(src/examples/rclpy/topics/pointcloud_publisher) by extension 'colcon_meta'
[0.282s] Level 1:colcon.colcon_core.package_identification:_identify(src/examples/rclpy/topics/pointcloud_publisher) by extensions ['ros']
[0.282s] Level 1:colcon.colcon_core.package_identification:_identify(src/examples/rclpy/topics/pointcloud_publisher) by extension 'ros'
[0.282s] DEBUG:colcon.colcon_core.package_identification:Package 'src/examples/rclpy/topics/pointcloud_publisher' with type 'ros.ament_python' and name 'examples_rclpy_pointcloud_publisher'
[0.282s] Level 1:colcon.colcon_core.package_identification:_identify(src/python_parameters) by extensions ['ignore', 'ignore_ament_install']
[0.282s] Level 1:colcon.colcon_core.package_identification:_identify(src/python_parameters) by extension 'ignore'
[0.282s] Level 1:colcon.colcon_core.package_identification:_identify(src/python_parameters) by extension 'ignore_ament_install'
[0.282s] Level 1:colcon.colcon_core.package_identification:_identify(src/python_parameters) by extensions ['colcon_pkg']
[0.282s] Level 1:colcon.colcon_core.package_identification:_identify(src/python_parameters) by extension 'colcon_pkg'
[0.282s] Level 1:colcon.colcon_core.package_identification:_identify(src/python_parameters) by extensions ['colcon_meta']
[0.282s] Level 1:colcon.colcon_core.package_identification:_identify(src/python_parameters) by extension 'colcon_meta'
[0.282s] Level 1:colcon.colcon_core.package_identification:_identify(src/python_parameters) by extensions ['ros']
[0.282s] Level 1:colcon.colcon_core.package_identification:_identify(src/python_parameters) by extension 'ros'
[0.283s] DEBUG:colcon.colcon_core.package_identification:Package 'src/python_parameters' with type 'ros.ament_python' and name 'python_parameters'
[0.283s] Level 1:colcon.colcon_core.package_identification:_identify(src/test_tf2_py) by extensions ['ignore', 'ignore_ament_install']
[0.283s] Level 1:colcon.colcon_core.package_identification:_identify(src/test_tf2_py) by extension 'ignore'
[0.283s] Level 1:colcon.colcon_core.package_identification:_identify(src/test_tf2_py) by extension 'ignore_ament_install'
[0.283s] Level 1:colcon.colcon_core.package_identification:_identify(src/test_tf2_py) by extensions ['colcon_pkg']
[0.283s] Level 1:colcon.colcon_core.package_identification:_identify(src/test_tf2_py) by extension 'colcon_pkg'
[0.283s] Level 1:colcon.colcon_core.package_identification:_identify(src/test_tf2_py) by extensions ['colcon_meta']
[0.283s] Level 1:colcon.colcon_core.package_identification:_identify(src/test_tf2_py) by extension 'colcon_meta'
[0.283s] Level 1:colcon.colcon_core.package_identification:_identify(src/test_tf2_py) by extensions ['ros']
[0.283s] Level 1:colcon.colcon_core.package_identification:_identify(src/test_tf2_py) by extension 'ros'
[0.283s] DEBUG:colcon.colcon_core.package_identification:Package 'src/test_tf2_py' with type 'ros.ament_python' and name 'test_tf2_py'
[0.283s] Level 1:colcon.colcon_core.package_identification:_identify(src/time_tf2_py) by extensions ['ignore', 'ignore_ament_install']
[0.283s] Level 1:colcon.colcon_core.package_identification:_identify(src/time_tf2_py) by extension 'ignore'
[0.283s] Level 1:colcon.colcon_core.package_identification:_identify(src/time_tf2_py) by extension 'ignore_ament_install'
[0.283s] Level 1:colcon.colcon_core.package_identification:_identify(src/time_tf2_py) by extensions ['colcon_pkg']
[0.283s] Level 1:colcon.colcon_core.package_identification:_identify(src/time_tf2_py) by extension 'colcon_pkg'
[0.283s] Level 1:colcon.colcon_core.package_identification:_identify(src/time_tf2_py) by extensions ['colcon_meta']
[0.284s] Level 1:colcon.colcon_core.package_identification:_identify(src/time_tf2_py) by extension 'colcon_meta'
[0.284s] Level 1:colcon.colcon_core.package_identification:_identify(src/time_tf2_py) by extensions ['ros']
[0.284s] Level 1:colcon.colcon_core.package_identification:_identify(src/time_tf2_py) by extension 'ros'
[0.284s] DEBUG:colcon.colcon_core.package_identification:Package 'src/time_tf2_py' with type 'ros.ament_python' and name 'time_tf2_py'
[0.284s] Level 1:colcon.colcon_core.package_identification:_identify(src/turtle_interfaces) by extensions ['ignore', 'ignore_ament_install']
[0.284s] Level 1:colcon.colcon_core.package_identification:_identify(src/turtle_interfaces) by extension 'ignore'
[0.284s] Level 1:colcon.colcon_core.package_identification:_identify(src/turtle_interfaces) by extension 'ignore_ament_install'
[0.284s] Level 1:colcon.colcon_core.package_identification:_identify(src/turtle_interfaces) by extensions ['colcon_pkg']
[0.284s] Level 1:colcon.colcon_core.package_identification:_identify(src/turtle_interfaces) by extension 'colcon_pkg'
[0.284s] Level 1:colcon.colcon_core.package_identification:_identify(src/turtle_interfaces) by extensions ['colcon_meta']
[0.284s] Level 1:colcon.colcon_core.package_identification:_identify(src/turtle_interfaces) by extension 'colcon_meta'
[0.284s] Level 1:colcon.colcon_core.package_identification:_identify(src/turtle_interfaces) by extensions ['ros']
[0.284s] Level 1:colcon.colcon_core.package_identification:_identify(src/turtle_interfaces) by extension 'ros'
[0.284s] DEBUG:colcon.colcon_core.package_identification:Package 'src/turtle_interfaces' with type 'ros.ament_cmake' and name 'turtle_interfaces'
[0.284s] Level 1:colcon.colcon_core.package_identification:_identify(src/turtle_test) by extensions ['ignore', 'ignore_ament_install']
[0.285s] Level 1:colcon.colcon_core.package_identification:_identify(src/turtle_test) by extension 'ignore'
[0.285s] Level 1:colcon.colcon_core.package_identification:_identify(src/turtle_test) by extension 'ignore_ament_install'
[0.285s] Level 1:colcon.colcon_core.package_identification:_identify(src/turtle_test) by extensions ['colcon_pkg']
[0.285s] Level 1:colcon.colcon_core.package_identification:_identify(src/turtle_test) by extension 'colcon_pkg'
[0.285s] Level 1:colcon.colcon_core.package_identification:_identify(src/turtle_test) by extensions ['colcon_meta']
[0.285s] Level 1:colcon.colcon_core.package_identification:_identify(src/turtle_test) by extension 'colcon_meta'
[0.285s] Level 1:colcon.colcon_core.package_identification:_identify(src/turtle_test) by extensions ['ros']
[0.285s] Level 1:colcon.colcon_core.package_identification:_identify(src/turtle_test) by extension 'ros'
[0.285s] DEBUG:colcon.colcon_core.package_identification:Package 'src/turtle_test' with type 'ros.ament_python' and name 'turtle_test'
[0.285s] Level 1:colcon.colcon_core.package_discovery:discover_packages(recursive) using defaults
[0.285s] Level 1:colcon.colcon_core.package_discovery:discover_packages(ignore) discover
[0.285s] Level 1:colcon.colcon_core.package_discovery:discover_packages(ignore) using defaults
[0.285s] Level 1:colcon.colcon_core.package_discovery:discover_packages(path) discover
[0.285s] Level 1:colcon.colcon_core.package_discovery:discover_packages(path) using defaults
[0.307s] Level 1:colcon.colcon_core.package_discovery:discover_packages(prefix_path) check parameters
[0.307s] Level 1:colcon.colcon_core.package_discovery:discover_packages(prefix_path) discover
[0.312s] DEBUG:colcon.colcon_installed_package_information.package_discovery:Found 27 installed packages in /home/yahboom/intro_ws/install
[0.313s] DEBUG:colcon.colcon_installed_package_information.package_discovery:Found 19 installed packages in /home/yahboom/yahboomcar_ws/install
[0.313s] DEBUG:colcon.colcon_installed_package_information.package_discovery:Found 2 installed packages in /home/yahboom/gmapping_ws/install
[0.315s] DEBUG:colcon.colcon_installed_package_information.package_discovery:Found 76 installed packages in /home/yahboom/cartoros2/install
[0.317s] DEBUG:colcon.colcon_installed_package_information.package_discovery:Found 348 installed packages in /opt/ros/humble
[0.319s] Level 1:colcon.colcon_core.package_discovery:discover_packages(prefix_path) using defaults
[0.358s] WARNING:colcon.colcon_core.package_selection:Some selected packages are already built in one or more underlay workspaces:
	'examples_rclcpp_minimal_composition' is in: /home/yahboom/intro_ws/install/examples_rclcpp_minimal_composition, /opt/ros/humble
	'examples_rclcpp_minimal_publisher' is in: /home/yahboom/intro_ws/install/examples_rclcpp_minimal_publisher, /opt/ros/humble
	'examples_rclpy_minimal_action_server' is in: /home/yahboom/intro_ws/install/examples_rclpy_minimal_action_server, /opt/ros/humble
	'examples_rclcpp_minimal_service' is in: /home/yahboom/intro_ws/install/examples_rclcpp_minimal_service, /opt/ros/humble
	'examples_rclpy_minimal_subscriber' is in: /home/yahboom/intro_ws/install/examples_rclpy_minimal_subscriber, /opt/ros/humble
	'examples_rclcpp_minimal_subscriber' is in: /home/yahboom/intro_ws/install/examples_rclcpp_minimal_subscriber, /opt/ros/humble
	'examples_rclpy_minimal_service' is in: /home/yahboom/intro_ws/install/examples_rclpy_minimal_service, /opt/ros/humble
	'examples_rclcpp_minimal_client' is in: /home/yahboom/intro_ws/install/examples_rclcpp_minimal_client, /opt/ros/humble
	'examples_rclcpp_minimal_action_client' is in: /home/yahboom/intro_ws/install/examples_rclcpp_minimal_action_client, /opt/ros/humble
	'examples_rclcpp_minimal_action_server' is in: /home/yahboom/intro_ws/install/examples_rclcpp_minimal_action_server, /opt/ros/humble
	'examples_rclpy_minimal_action_client' is in: /home/yahboom/intro_ws/install/examples_rclpy_minimal_action_client, /opt/ros/humble
	'examples_rclpy_minimal_publisher' is in: /home/yahboom/intro_ws/install/examples_rclpy_minimal_publisher, /opt/ros/humble
	'examples_rclcpp_multithreaded_executor' is in: /home/yahboom/intro_ws/install/examples_rclcpp_multithreaded_executor, /opt/ros/humble
	'examples_rclpy_minimal_client' is in: /opt/ros/humble, /home/yahboom/intro_ws/install/examples_rclpy_minimal_client
	'examples_rclcpp_minimal_timer' is in: /home/yahboom/intro_ws/install/examples_rclcpp_minimal_timer, /opt/ros/humble
	'examples_rclpy_executors' is in: /home/yahboom/intro_ws/install/examples_rclpy_executors, /opt/ros/humble
If a package in a merged underlay workspace is overridden and it installs headers, then all packages in the overlay must sort their include directories by workspace order. Failure to do so may result in build failures or undefined behavior at run time.
If the overridden package is used by another package in any underlay, then the overriding package in the overlay must be API and ABI compatible or undefined behavior at run time may occur.

If you understand the risks and want to override a package anyways, add the following to the command line:
	--allow-overriding examples_rclcpp_minimal_action_client examples_rclcpp_minimal_action_server examples_rclcpp_minimal_client examples_rclcpp_minimal_composition examples_rclcpp_minimal_publisher examples_rclcpp_minimal_service examples_rclcpp_minimal_subscriber examples_rclcpp_minimal_timer examples_rclcpp_multithreaded_executor examples_rclpy_executors examples_rclpy_minimal_action_client examples_rclpy_minimal_action_server examples_rclpy_minimal_client examples_rclpy_minimal_publisher examples_rclpy_minimal_service examples_rclpy_minimal_subscriber

This may be promoted to an error in a future release of colcon-override-check.
[0.359s] Level 5:colcon.colcon_core.verb:set package 'examples_rclcpp_async_client' build argument 'cmake_args' from command line to 'None'
[0.359s] Level 5:colcon.colcon_core.verb:set package 'examples_rclcpp_async_client' build argument 'cmake_target' from command line to 'None'
[0.359s] Level 5:colcon.colcon_core.verb:set package 'examples_rclcpp_async_client' build argument 'cmake_target_skip_unavailable' from command line to 'False'
[0.359s] Level 5:colcon.colcon_core.verb:set package 'examples_rclcpp_async_client' build argument 'cmake_clean_cache' from command line to 'False'
[0.359s] Level 5:colcon.colcon_core.verb:set package 'examples_rclcpp_async_client' build argument 'cmake_clean_first' from command line to 'False'
[0.359s] Level 5:colcon.colcon_core.verb:set package 'examples_rclcpp_async_client' build argument 'cmake_force_configure' from command line to 'False'
[0.359s] Level 5:colcon.colcon_core.verb:set package 'examples_rclcpp_async_client' build argument 'ament_cmake_args' from command line to 'None'
[0.359s] Level 5:colcon.colcon_core.verb:set package 'examples_rclcpp_async_client' build argument 'catkin_cmake_args' from command line to 'None'
[0.359s] Level 5:colcon.colcon_core.verb:set package 'examples_rclcpp_async_client' build argument 'catkin_skip_building_tests' from command line to 'False'
[0.359s] DEBUG:colcon.colcon_core.verb:Building package 'examples_rclcpp_async_client' with the following arguments: {'ament_cmake_args': None, 'build_base': '/home/yahboom/intro_ws/build/examples_rclcpp_async_client', 'catkin_cmake_args': None, 'catkin_skip_building_tests': False, 'cmake_args': None, 'cmake_clean_cache': False, 'cmake_clean_first': False, 'cmake_force_configure': False, 'cmake_target': None, 'cmake_target_skip_unavailable': False, 'install_base': '/home/yahboom/intro_ws/install/examples_rclcpp_async_client', 'merge_install': False, 'path': '/home/yahboom/intro_ws/src/examples/rclcpp/services/async_client', 'symlink_install': False, 'test_result_base': None}
[0.359s] Level 5:colcon.colcon_core.verb:set package 'examples_rclcpp_cbg_executor' build argument 'cmake_args' from command line to 'None'
[0.359s] Level 5:colcon.colcon_core.verb:set package 'examples_rclcpp_cbg_executor' build argument 'cmake_target' from command line to 'None'
[0.359s] Level 5:colcon.colcon_core.verb:set package 'examples_rclcpp_cbg_executor' build argument 'cmake_target_skip_unavailable' from command line to 'False'
[0.359s] Level 5:colcon.colcon_core.verb:set package 'examples_rclcpp_cbg_executor' build argument 'cmake_clean_cache' from command line to 'False'
[0.359s] Level 5:colcon.colcon_core.verb:set package 'examples_rclcpp_cbg_executor' build argument 'cmake_clean_first' from command line to 'False'
[0.359s] Level 5:colcon.colcon_core.verb:set package 'examples_rclcpp_cbg_executor' build argument 'cmake_force_configure' from command line to 'False'
[0.359s] Level 5:colcon.colcon_core.verb:set package 'examples_rclcpp_cbg_executor' build argument 'ament_cmake_args' from command line to 'None'
[0.359s] Level 5:colcon.colcon_core.verb:set package 'examples_rclcpp_cbg_executor' build argument 'catkin_cmake_args' from command line to 'None'
[0.359s] Level 5:colcon.colcon_core.verb:set package 'examples_rclcpp_cbg_executor' build argument 'catkin_skip_building_tests' from command line to 'False'
[0.359s] DEBUG:colcon.colcon_core.verb:Building package 'examples_rclcpp_cbg_executor' with the following arguments: {'ament_cmake_args': None, 'build_base': '/home/yahboom/intro_ws/build/examples_rclcpp_cbg_executor', 'catkin_cmake_args': None, 'catkin_skip_building_tests': False, 'cmake_args': None, 'cmake_clean_cache': False, 'cmake_clean_first': False, 'cmake_force_configure': False, 'cmake_target': None, 'cmake_target_skip_unavailable': False, 'install_base': '/home/yahboom/intro_ws/install/examples_rclcpp_cbg_executor', 'merge_install': False, 'path': '/home/yahboom/intro_ws/src/examples/rclcpp/executors/cbg_executor', 'symlink_install': False, 'test_result_base': None}
[0.359s] Level 5:colcon.colcon_core.verb:set package 'examples_rclcpp_minimal_action_client' build argument 'cmake_args' from command line to 'None'
[0.360s] Level 5:colcon.colcon_core.verb:set package 'examples_rclcpp_minimal_action_client' build argument 'cmake_target' from command line to 'None'
[0.360s] Level 5:colcon.colcon_core.verb:set package 'examples_rclcpp_minimal_action_client' build argument 'cmake_target_skip_unavailable' from command line to 'False'
[0.360s] Level 5:colcon.colcon_core.verb:set package 'examples_rclcpp_minimal_action_client' build argument 'cmake_clean_cache' from command line to 'False'
[0.360s] Level 5:colcon.colcon_core.verb:set package 'examples_rclcpp_minimal_action_client' build argument 'cmake_clean_first' from command line to 'False'
[0.360s] Level 5:colcon.colcon_core.verb:set package 'examples_rclcpp_minimal_action_client' build argument 'cmake_force_configure' from command line to 'False'
[0.360s] Level 5:colcon.colcon_core.verb:set package 'examples_rclcpp_minimal_action_client' build argument 'ament_cmake_args' from command line to 'None'
[0.360s] Level 5:colcon.colcon_core.verb:set package 'examples_rclcpp_minimal_action_client' build argument 'catkin_cmake_args' from command line to 'None'
[0.360s] Level 5:colcon.colcon_core.verb:set package 'examples_rclcpp_minimal_action_client' build argument 'catkin_skip_building_tests' from command line to 'False'
[0.360s] DEBUG:colcon.colcon_core.verb:Building package 'examples_rclcpp_minimal_action_client' with the following arguments: {'ament_cmake_args': None, 'build_base': '/home/yahboom/intro_ws/build/examples_rclcpp_minimal_action_client', 'catkin_cmake_args': None, 'catkin_skip_building_tests': False, 'cmake_args': None, 'cmake_clean_cache': False, 'cmake_clean_first': False, 'cmake_force_configure': False, 'cmake_target': None, 'cmake_target_skip_unavailable': False, 'install_base': '/home/yahboom/intro_ws/install/examples_rclcpp_minimal_action_client', 'merge_install': False, 'path': '/home/yahboom/intro_ws/src/examples/rclcpp/actions/minimal_action_client', 'symlink_install': False, 'test_result_base': None}
[0.360s] Level 5:colcon.colcon_core.verb:set package 'examples_rclcpp_minimal_action_server' build argument 'cmake_args' from command line to 'None'
[0.360s] Level 5:colcon.colcon_core.verb:set package 'examples_rclcpp_minimal_action_server' build argument 'cmake_target' from command line to 'None'
[0.360s] Level 5:colcon.colcon_core.verb:set package 'examples_rclcpp_minimal_action_server' build argument 'cmake_target_skip_unavailable' from command line to 'False'
[0.360s] Level 5:colcon.colcon_core.verb:set package 'examples_rclcpp_minimal_action_server' build argument 'cmake_clean_cache' from command line to 'False'
[0.360s] Level 5:colcon.colcon_core.verb:set package 'examples_rclcpp_minimal_action_server' build argument 'cmake_clean_first' from command line to 'False'
[0.360s] Level 5:colcon.colcon_core.verb:set package 'examples_rclcpp_minimal_action_server' build argument 'cmake_force_configure' from command line to 'False'
[0.360s] Level 5:colcon.colcon_core.verb:set package 'examples_rclcpp_minimal_action_server' build argument 'ament_cmake_args' from command line to 'None'
[0.360s] Level 5:colcon.colcon_core.verb:set package 'examples_rclcpp_minimal_action_server' build argument 'catkin_cmake_args' from command line to 'None'
[0.360s] Level 5:colcon.colcon_core.verb:set package 'examples_rclcpp_minimal_action_server' build argument 'catkin_skip_building_tests' from command line to 'False'
[0.360s] DEBUG:colcon.colcon_core.verb:Building package 'examples_rclcpp_minimal_action_server' with the following arguments: {'ament_cmake_args': None, 'build_base': '/home/yahboom/intro_ws/build/examples_rclcpp_minimal_action_server', 'catkin_cmake_args': None, 'catkin_skip_building_tests': False, 'cmake_args': None, 'cmake_clean_cache': False, 'cmake_clean_first': False, 'cmake_force_configure': False, 'cmake_target': None, 'cmake_target_skip_unavailable': False, 'install_base': '/home/yahboom/intro_ws/install/examples_rclcpp_minimal_action_server', 'merge_install': False, 'path': '/home/yahboom/intro_ws/src/examples/rclcpp/actions/minimal_action_server', 'symlink_install': False, 'test_result_base': None}
[0.360s] Level 5:colcon.colcon_core.verb:set package 'examples_rclcpp_minimal_client' build argument 'cmake_args' from command line to 'None'
[0.360s] Level 5:colcon.colcon_core.verb:set package 'examples_rclcpp_minimal_client' build argument 'cmake_target' from command line to 'None'
[0.360s] Level 5:colcon.colcon_core.verb:set package 'examples_rclcpp_minimal_client' build argument 'cmake_target_skip_unavailable' from command line to 'False'
[0.360s] Level 5:colcon.colcon_core.verb:set package 'examples_rclcpp_minimal_client' build argument 'cmake_clean_cache' from command line to 'False'
[0.360s] Level 5:colcon.colcon_core.verb:set package 'examples_rclcpp_minimal_client' build argument 'cmake_clean_first' from command line to 'False'
[0.360s] Level 5:colcon.colcon_core.verb:set package 'examples_rclcpp_minimal_client' build argument 'cmake_force_configure' from command line to 'False'
[0.360s] Level 5:colcon.colcon_core.verb:set package 'examples_rclcpp_minimal_client' build argument 'ament_cmake_args' from command line to 'None'
[0.360s] Level 5:colcon.colcon_core.verb:set package 'examples_rclcpp_minimal_client' build argument 'catkin_cmake_args' from command line to 'None'
[0.360s] Level 5:colcon.colcon_core.verb:set package 'examples_rclcpp_minimal_client' build argument 'catkin_skip_building_tests' from command line to 'False'
[0.360s] DEBUG:colcon.colcon_core.verb:Building package 'examples_rclcpp_minimal_client' with the following arguments: {'ament_cmake_args': None, 'build_base': '/home/yahboom/intro_ws/build/examples_rclcpp_minimal_client', 'catkin_cmake_args': None, 'catkin_skip_building_tests': False, 'cmake_args': None, 'cmake_clean_cache': False, 'cmake_clean_first': False, 'cmake_force_configure': False, 'cmake_target': None, 'cmake_target_skip_unavailable': False, 'install_base': '/home/yahboom/intro_ws/install/examples_rclcpp_minimal_client', 'merge_install': False, 'path': '/home/yahboom/intro_ws/src/examples/rclcpp/services/minimal_client', 'symlink_install': False, 'test_result_base': None}
[0.360s] Level 5:colcon.colcon_core.verb:set package 'examples_rclcpp_minimal_composition' build argument 'cmake_args' from command line to 'None'
[0.360s] Level 5:colcon.colcon_core.verb:set package 'examples_rclcpp_minimal_composition' build argument 'cmake_target' from command line to 'None'
[0.360s] Level 5:colcon.colcon_core.verb:set package 'examples_rclcpp_minimal_composition' build argument 'cmake_target_skip_unavailable' from command line to 'False'
[0.360s] Level 5:colcon.colcon_core.verb:set package 'examples_rclcpp_minimal_composition' build argument 'cmake_clean_cache' from command line to 'False'
[0.360s] Level 5:colcon.colcon_core.verb:set package 'examples_rclcpp_minimal_composition' build argument 'cmake_clean_first' from command line to 'False'
[0.360s] Level 5:colcon.colcon_core.verb:set package 'examples_rclcpp_minimal_composition' build argument 'cmake_force_configure' from command line to 'False'
[0.360s] Level 5:colcon.colcon_core.verb:set package 'examples_rclcpp_minimal_composition' build argument 'ament_cmake_args' from command line to 'None'
[0.360s] Level 5:colcon.colcon_core.verb:set package 'examples_rclcpp_minimal_composition' build argument 'catkin_cmake_args' from command line to 'None'
[0.360s] Level 5:colcon.colcon_core.verb:set package 'examples_rclcpp_minimal_composition' build argument 'catkin_skip_building_tests' from command line to 'False'
[0.360s] DEBUG:colcon.colcon_core.verb:Building package 'examples_rclcpp_minimal_composition' with the following arguments: {'ament_cmake_args': None, 'build_base': '/home/yahboom/intro_ws/build/examples_rclcpp_minimal_composition', 'catkin_cmake_args': None, 'catkin_skip_building_tests': False, 'cmake_args': None, 'cmake_clean_cache': False, 'cmake_clean_first': False, 'cmake_force_configure': False, 'cmake_target': None, 'cmake_target_skip_unavailable': False, 'install_base': '/home/yahboom/intro_ws/install/examples_rclcpp_minimal_composition', 'merge_install': False, 'path': '/home/yahboom/intro_ws/src/examples/rclcpp/composition/minimal_composition', 'symlink_install': False, 'test_result_base': None}
[0.361s] Level 5:colcon.colcon_core.verb:set package 'examples_rclcpp_minimal_publisher' build argument 'cmake_args' from command line to 'None'
[0.361s] Level 5:colcon.colcon_core.verb:set package 'examples_rclcpp_minimal_publisher' build argument 'cmake_target' from command line to 'None'
[0.361s] Level 5:colcon.colcon_core.verb:set package 'examples_rclcpp_minimal_publisher' build argument 'cmake_target_skip_unavailable' from command line to 'False'
[0.361s] Level 5:colcon.colcon_core.verb:set package 'examples_rclcpp_minimal_publisher' build argument 'cmake_clean_cache' from command line to 'False'
[0.361s] Level 5:colcon.colcon_core.verb:set package 'examples_rclcpp_minimal_publisher' build argument 'cmake_clean_first' from command line to 'False'
[0.361s] Level 5:colcon.colcon_core.verb:set package 'examples_rclcpp_minimal_publisher' build argument 'cmake_force_configure' from command line to 'False'
[0.361s] Level 5:colcon.colcon_core.verb:set package 'examples_rclcpp_minimal_publisher' build argument 'ament_cmake_args' from command line to 'None'
[0.361s] Level 5:colcon.colcon_core.verb:set package 'examples_rclcpp_minimal_publisher' build argument 'catkin_cmake_args' from command line to 'None'
[0.361s] Level 5:colcon.colcon_core.verb:set package 'examples_rclcpp_minimal_publisher' build argument 'catkin_skip_building_tests' from command line to 'False'
[0.361s] DEBUG:colcon.colcon_core.verb:Building package 'examples_rclcpp_minimal_publisher' with the following arguments: {'ament_cmake_args': None, 'build_base': '/home/yahboom/intro_ws/build/examples_rclcpp_minimal_publisher', 'catkin_cmake_args': None, 'catkin_skip_building_tests': False, 'cmake_args': None, 'cmake_clean_cache': False, 'cmake_clean_first': False, 'cmake_force_configure': False, 'cmake_target': None, 'cmake_target_skip_unavailable': False, 'install_base': '/home/yahboom/intro_ws/install/examples_rclcpp_minimal_publisher', 'merge_install': False, 'path': '/home/yahboom/intro_ws/src/examples/rclcpp/topics/minimal_publisher', 'symlink_install': False, 'test_result_base': None}
[0.361s] Level 5:colcon.colcon_core.verb:set package 'examples_rclcpp_minimal_service' build argument 'cmake_args' from command line to 'None'
[0.361s] Level 5:colcon.colcon_core.verb:set package 'examples_rclcpp_minimal_service' build argument 'cmake_target' from command line to 'None'
[0.361s] Level 5:colcon.colcon_core.verb:set package 'examples_rclcpp_minimal_service' build argument 'cmake_target_skip_unavailable' from command line to 'False'
[0.361s] Level 5:colcon.colcon_core.verb:set package 'examples_rclcpp_minimal_service' build argument 'cmake_clean_cache' from command line to 'False'
[0.361s] Level 5:colcon.colcon_core.verb:set package 'examples_rclcpp_minimal_service' build argument 'cmake_clean_first' from command line to 'False'
[0.361s] Level 5:colcon.colcon_core.verb:set package 'examples_rclcpp_minimal_service' build argument 'cmake_force_configure' from command line to 'False'
[0.361s] Level 5:colcon.colcon_core.verb:set package 'examples_rclcpp_minimal_service' build argument 'ament_cmake_args' from command line to 'None'
[0.361s] Level 5:colcon.colcon_core.verb:set package 'examples_rclcpp_minimal_service' build argument 'catkin_cmake_args' from command line to 'None'
[0.361s] Level 5:colcon.colcon_core.verb:set package 'examples_rclcpp_minimal_service' build argument 'catkin_skip_building_tests' from command line to 'False'
[0.361s] DEBUG:colcon.colcon_core.verb:Building package 'examples_rclcpp_minimal_service' with the following arguments: {'ament_cmake_args': None, 'build_base': '/home/yahboom/intro_ws/build/examples_rclcpp_minimal_service', 'catkin_cmake_args': None, 'catkin_skip_building_tests': False, 'cmake_args': None, 'cmake_clean_cache': False, 'cmake_clean_first': False, 'cmake_force_configure': False, 'cmake_target': None, 'cmake_target_skip_unavailable': False, 'install_base': '/home/yahboom/intro_ws/install/examples_rclcpp_minimal_service', 'merge_install': False, 'path': '/home/yahboom/intro_ws/src/examples/rclcpp/services/minimal_service', 'symlink_install': False, 'test_result_base': None}
[0.361s] Level 5:colcon.colcon_core.verb:set package 'examples_rclcpp_minimal_subscriber' build argument 'cmake_args' from command line to 'None'
[0.361s] Level 5:colcon.colcon_core.verb:set package 'examples_rclcpp_minimal_subscriber' build argument 'cmake_target' from command line to 'None'
[0.361s] Level 5:colcon.colcon_core.verb:set package 'examples_rclcpp_minimal_subscriber' build argument 'cmake_target_skip_unavailable' from command line to 'False'
[0.361s] Level 5:colcon.colcon_core.verb:set package 'examples_rclcpp_minimal_subscriber' build argument 'cmake_clean_cache' from command line to 'False'
[0.361s] Level 5:colcon.colcon_core.verb:set package 'examples_rclcpp_minimal_subscriber' build argument 'cmake_clean_first' from command line to 'False'
[0.361s] Level 5:colcon.colcon_core.verb:set package 'examples_rclcpp_minimal_subscriber' build argument 'cmake_force_configure' from command line to 'False'
[0.361s] Level 5:colcon.colcon_core.verb:set package 'examples_rclcpp_minimal_subscriber' build argument 'ament_cmake_args' from command line to 'None'
[0.361s] Level 5:colcon.colcon_core.verb:set package 'examples_rclcpp_minimal_subscriber' build argument 'catkin_cmake_args' from command line to 'None'
[0.361s] Level 5:colcon.colcon_core.verb:set package 'examples_rclcpp_minimal_subscriber' build argument 'catkin_skip_building_tests' from command line to 'False'
[0.361s] DEBUG:colcon.colcon_core.verb:Building package 'examples_rclcpp_minimal_subscriber' with the following arguments: {'ament_cmake_args': None, 'build_base': '/home/yahboom/intro_ws/build/examples_rclcpp_minimal_subscriber', 'catkin_cmake_args': None, 'catkin_skip_building_tests': False, 'cmake_args': None, 'cmake_clean_cache': False, 'cmake_clean_first': False, 'cmake_force_configure': False, 'cmake_target': None, 'cmake_target_skip_unavailable': False, 'install_base': '/home/yahboom/intro_ws/install/examples_rclcpp_minimal_subscriber', 'merge_install': False, 'path': '/home/yahboom/intro_ws/src/examples/rclcpp/topics/minimal_subscriber', 'symlink_install': False, 'test_result_base': None}
[0.362s] Level 5:colcon.colcon_core.verb:set package 'examples_rclcpp_minimal_timer' build argument 'cmake_args' from command line to 'None'
[0.362s] Level 5:colcon.colcon_core.verb:set package 'examples_rclcpp_minimal_timer' build argument 'cmake_target' from command line to 'None'
[0.362s] Level 5:colcon.colcon_core.verb:set package 'examples_rclcpp_minimal_timer' build argument 'cmake_target_skip_unavailable' from command line to 'False'
[0.362s] Level 5:colcon.colcon_core.verb:set package 'examples_rclcpp_minimal_timer' build argument 'cmake_clean_cache' from command line to 'False'
[0.362s] Level 5:colcon.colcon_core.verb:set package 'examples_rclcpp_minimal_timer' build argument 'cmake_clean_first' from command line to 'False'
[0.362s] Level 5:colcon.colcon_core.verb:set package 'examples_rclcpp_minimal_timer' build argument 'cmake_force_configure' from command line to 'False'
[0.362s] Level 5:colcon.colcon_core.verb:set package 'examples_rclcpp_minimal_timer' build argument 'ament_cmake_args' from command line to 'None'
[0.362s] Level 5:colcon.colcon_core.verb:set package 'examples_rclcpp_minimal_timer' build argument 'catkin_cmake_args' from command line to 'None'
[0.362s] Level 5:colcon.colcon_core.verb:set package 'examples_rclcpp_minimal_timer' build argument 'catkin_skip_building_tests' from command line to 'False'
[0.362s] DEBUG:colcon.colcon_core.verb:Building package 'examples_rclcpp_minimal_timer' with the following arguments: {'ament_cmake_args': None, 'build_base': '/home/yahboom/intro_ws/build/examples_rclcpp_minimal_timer', 'catkin_cmake_args': None, 'catkin_skip_building_tests': False, 'cmake_args': None, 'cmake_clean_cache': False, 'cmake_clean_first': False, 'cmake_force_configure': False, 'cmake_target': None, 'cmake_target_skip_unavailable': False, 'install_base': '/home/yahboom/intro_ws/install/examples_rclcpp_minimal_timer', 'merge_install': False, 'path': '/home/yahboom/intro_ws/src/examples/rclcpp/timers/minimal_timer', 'symlink_install': False, 'test_result_base': None}
[0.362s] Level 5:colcon.colcon_core.verb:set package 'examples_rclcpp_multithreaded_executor' build argument 'cmake_args' from command line to 'None'
[0.362s] Level 5:colcon.colcon_core.verb:set package 'examples_rclcpp_multithreaded_executor' build argument 'cmake_target' from command line to 'None'
[0.362s] Level 5:colcon.colcon_core.verb:set package 'examples_rclcpp_multithreaded_executor' build argument 'cmake_target_skip_unavailable' from command line to 'False'
[0.362s] Level 5:colcon.colcon_core.verb:set package 'examples_rclcpp_multithreaded_executor' build argument 'cmake_clean_cache' from command line to 'False'
[0.362s] Level 5:colcon.colcon_core.verb:set package 'examples_rclcpp_multithreaded_executor' build argument 'cmake_clean_first' from command line to 'False'
[0.362s] Level 5:colcon.colcon_core.verb:set package 'examples_rclcpp_multithreaded_executor' build argument 'cmake_force_configure' from command line to 'False'
[0.362s] Level 5:colcon.colcon_core.verb:set package 'examples_rclcpp_multithreaded_executor' build argument 'ament_cmake_args' from command line to 'None'
[0.362s] Level 5:colcon.colcon_core.verb:set package 'examples_rclcpp_multithreaded_executor' build argument 'catkin_cmake_args' from command line to 'None'
[0.362s] Level 5:colcon.colcon_core.verb:set package 'examples_rclcpp_multithreaded_executor' build argument 'catkin_skip_building_tests' from command line to 'False'
[0.362s] DEBUG:colcon.colcon_core.verb:Building package 'examples_rclcpp_multithreaded_executor' with the following arguments: {'ament_cmake_args': None, 'build_base': '/home/yahboom/intro_ws/build/examples_rclcpp_multithreaded_executor', 'catkin_cmake_args': None, 'catkin_skip_building_tests': False, 'cmake_args': None, 'cmake_clean_cache': False, 'cmake_clean_first': False, 'cmake_force_configure': False, 'cmake_target': None, 'cmake_target_skip_unavailable': False, 'install_base': '/home/yahboom/intro_ws/install/examples_rclcpp_multithreaded_executor', 'merge_install': False, 'path': '/home/yahboom/intro_ws/src/examples/rclcpp/executors/multithreaded_executor', 'symlink_install': False, 'test_result_base': None}
[0.362s] Level 5:colcon.colcon_core.verb:set package 'examples_rclcpp_wait_set' build argument 'cmake_args' from command line to 'None'
[0.362s] Level 5:colcon.colcon_core.verb:set package 'examples_rclcpp_wait_set' build argument 'cmake_target' from command line to 'None'
[0.362s] Level 5:colcon.colcon_core.verb:set package 'examples_rclcpp_wait_set' build argument 'cmake_target_skip_unavailable' from command line to 'False'
[0.362s] Level 5:colcon.colcon_core.verb:set package 'examples_rclcpp_wait_set' build argument 'cmake_clean_cache' from command line to 'False'
[0.362s] Level 5:colcon.colcon_core.verb:set package 'examples_rclcpp_wait_set' build argument 'cmake_clean_first' from command line to 'False'
[0.362s] Level 5:colcon.colcon_core.verb:set package 'examples_rclcpp_wait_set' build argument 'cmake_force_configure' from command line to 'False'
[0.362s] Level 5:colcon.colcon_core.verb:set package 'examples_rclcpp_wait_set' build argument 'ament_cmake_args' from command line to 'None'
[0.362s] Level 5:colcon.colcon_core.verb:set package 'examples_rclcpp_wait_set' build argument 'catkin_cmake_args' from command line to 'None'
[0.362s] Level 5:colcon.colcon_core.verb:set package 'examples_rclcpp_wait_set' build argument 'catkin_skip_building_tests' from command line to 'False'
[0.362s] DEBUG:colcon.colcon_core.verb:Building package 'examples_rclcpp_wait_set' with the following arguments: {'ament_cmake_args': None, 'build_base': '/home/yahboom/intro_ws/build/examples_rclcpp_wait_set', 'catkin_cmake_args': None, 'catkin_skip_building_tests': False, 'cmake_args': None, 'cmake_clean_cache': False, 'cmake_clean_first': False, 'cmake_force_configure': False, 'cmake_target': None, 'cmake_target_skip_unavailable': False, 'install_base': '/home/yahboom/intro_ws/install/examples_rclcpp_wait_set', 'merge_install': False, 'path': '/home/yahboom/intro_ws/src/examples/rclcpp/wait_set', 'symlink_install': False, 'test_result_base': None}
[0.363s] Level 5:colcon.colcon_core.verb:set package 'examples_rclpy_executors' build argument 'cmake_args' from command line to 'None'
[0.363s] Level 5:colcon.colcon_core.verb:set package 'examples_rclpy_executors' build argument 'cmake_target' from command line to 'None'
[0.363s] Level 5:colcon.colcon_core.verb:set package 'examples_rclpy_executors' build argument 'cmake_target_skip_unavailable' from command line to 'False'
[0.363s] Level 5:colcon.colcon_core.verb:set package 'examples_rclpy_executors' build argument 'cmake_clean_cache' from command line to 'False'
[0.363s] Level 5:colcon.colcon_core.verb:set package 'examples_rclpy_executors' build argument 'cmake_clean_first' from command line to 'False'
[0.363s] Level 5:colcon.colcon_core.verb:set package 'examples_rclpy_executors' build argument 'cmake_force_configure' from command line to 'False'
[0.363s] Level 5:colcon.colcon_core.verb:set package 'examples_rclpy_executors' build argument 'ament_cmake_args' from command line to 'None'
[0.363s] Level 5:colcon.colcon_core.verb:set package 'examples_rclpy_executors' build argument 'catkin_cmake_args' from command line to 'None'
[0.363s] Level 5:colcon.colcon_core.verb:set package 'examples_rclpy_executors' build argument 'catkin_skip_building_tests' from command line to 'False'
[0.363s] DEBUG:colcon.colcon_core.verb:Building package 'examples_rclpy_executors' with the following arguments: {'ament_cmake_args': None, 'build_base': '/home/yahboom/intro_ws/build/examples_rclpy_executors', 'catkin_cmake_args': None, 'catkin_skip_building_tests': False, 'cmake_args': None, 'cmake_clean_cache': False, 'cmake_clean_first': False, 'cmake_force_configure': False, 'cmake_target': None, 'cmake_target_skip_unavailable': False, 'install_base': '/home/yahboom/intro_ws/install/examples_rclpy_executors', 'merge_install': False, 'path': '/home/yahboom/intro_ws/src/examples/rclpy/executors', 'symlink_install': False, 'test_result_base': None}
[0.363s] Level 5:colcon.colcon_core.verb:set package 'examples_rclpy_guard_conditions' build argument 'cmake_args' from command line to 'None'
[0.363s] Level 5:colcon.colcon_core.verb:set package 'examples_rclpy_guard_conditions' build argument 'cmake_target' from command line to 'None'
[0.363s] Level 5:colcon.colcon_core.verb:set package 'examples_rclpy_guard_conditions' build argument 'cmake_target_skip_unavailable' from command line to 'False'
[0.363s] Level 5:colcon.colcon_core.verb:set package 'examples_rclpy_guard_conditions' build argument 'cmake_clean_cache' from command line to 'False'
[0.363s] Level 5:colcon.colcon_core.verb:set package 'examples_rclpy_guard_conditions' build argument 'cmake_clean_first' from command line to 'False'
[0.363s] Level 5:colcon.colcon_core.verb:set package 'examples_rclpy_guard_conditions' build argument 'cmake_force_configure' from command line to 'False'
[0.363s] Level 5:colcon.colcon_core.verb:set package 'examples_rclpy_guard_conditions' build argument 'ament_cmake_args' from command line to 'None'
[0.363s] Level 5:colcon.colcon_core.verb:set package 'examples_rclpy_guard_conditions' build argument 'catkin_cmake_args' from command line to 'None'
[0.363s] Level 5:colcon.colcon_core.verb:set package 'examples_rclpy_guard_conditions' build argument 'catkin_skip_building_tests' from command line to 'False'
[0.363s] DEBUG:colcon.colcon_core.verb:Building package 'examples_rclpy_guard_conditions' with the following arguments: {'ament_cmake_args': None, 'build_base': '/home/yahboom/intro_ws/build/examples_rclpy_guard_conditions', 'catkin_cmake_args': None, 'catkin_skip_building_tests': False, 'cmake_args': None, 'cmake_clean_cache': False, 'cmake_clean_first': False, 'cmake_force_configure': False, 'cmake_target': None, 'cmake_target_skip_unavailable': False, 'install_base': '/home/yahboom/intro_ws/install/examples_rclpy_guard_conditions', 'merge_install': False, 'path': '/home/yahboom/intro_ws/src/examples/rclpy/guard_conditions', 'symlink_install': False, 'test_result_base': None}
[0.363s] Level 5:colcon.colcon_core.verb:set package 'examples_rclpy_minimal_action_client' build argument 'cmake_args' from command line to 'None'
[0.363s] Level 5:colcon.colcon_core.verb:set package 'examples_rclpy_minimal_action_client' build argument 'cmake_target' from command line to 'None'
[0.363s] Level 5:colcon.colcon_core.verb:set package 'examples_rclpy_minimal_action_client' build argument 'cmake_target_skip_unavailable' from command line to 'False'
[0.363s] Level 5:colcon.colcon_core.verb:set package 'examples_rclpy_minimal_action_client' build argument 'cmake_clean_cache' from command line to 'False'
[0.363s] Level 5:colcon.colcon_core.verb:set package 'examples_rclpy_minimal_action_client' build argument 'cmake_clean_first' from command line to 'False'
[0.363s] Level 5:colcon.colcon_core.verb:set package 'examples_rclpy_minimal_action_client' build argument 'cmake_force_configure' from command line to 'False'
[0.363s] Level 5:colcon.colcon_core.verb:set package 'examples_rclpy_minimal_action_client' build argument 'ament_cmake_args' from command line to 'None'
[0.363s] Level 5:colcon.colcon_core.verb:set package 'examples_rclpy_minimal_action_client' build argument 'catkin_cmake_args' from command line to 'None'
[0.363s] Level 5:colcon.colcon_core.verb:set package 'examples_rclpy_minimal_action_client' build argument 'catkin_skip_building_tests' from command line to 'False'
[0.363s] DEBUG:colcon.colcon_core.verb:Building package 'examples_rclpy_minimal_action_client' with the following arguments: {'ament_cmake_args': None, 'build_base': '/home/yahboom/intro_ws/build/examples_rclpy_minimal_action_client', 'catkin_cmake_args': None, 'catkin_skip_building_tests': False, 'cmake_args': None, 'cmake_clean_cache': False, 'cmake_clean_first': False, 'cmake_force_configure': False, 'cmake_target': None, 'cmake_target_skip_unavailable': False, 'install_base': '/home/yahboom/intro_ws/install/examples_rclpy_minimal_action_client', 'merge_install': False, 'path': '/home/yahboom/intro_ws/src/examples/rclpy/actions/minimal_action_client', 'symlink_install': False, 'test_result_base': None}
[0.364s] Level 5:colcon.colcon_core.verb:set package 'examples_rclpy_minimal_action_server' build argument 'cmake_args' from command line to 'None'
[0.364s] Level 5:colcon.colcon_core.verb:set package 'examples_rclpy_minimal_action_server' build argument 'cmake_target' from command line to 'None'
[0.364s] Level 5:colcon.colcon_core.verb:set package 'examples_rclpy_minimal_action_server' build argument 'cmake_target_skip_unavailable' from command line to 'False'
[0.364s] Level 5:colcon.colcon_core.verb:set package 'examples_rclpy_minimal_action_server' build argument 'cmake_clean_cache' from command line to 'False'
[0.364s] Level 5:colcon.colcon_core.verb:set package 'examples_rclpy_minimal_action_server' build argument 'cmake_clean_first' from command line to 'False'
[0.364s] Level 5:colcon.colcon_core.verb:set package 'examples_rclpy_minimal_action_server' build argument 'cmake_force_configure' from command line to 'False'
[0.364s] Level 5:colcon.colcon_core.verb:set package 'examples_rclpy_minimal_action_server' build argument 'ament_cmake_args' from command line to 'None'
[0.364s] Level 5:colcon.colcon_core.verb:set package 'examples_rclpy_minimal_action_server' build argument 'catkin_cmake_args' from command line to 'None'
[0.364s] Level 5:colcon.colcon_core.verb:set package 'examples_rclpy_minimal_action_server' build argument 'catkin_skip_building_tests' from command line to 'False'
[0.364s] DEBUG:colcon.colcon_core.verb:Building package 'examples_rclpy_minimal_action_server' with the following arguments: {'ament_cmake_args': None, 'build_base': '/home/yahboom/intro_ws/build/examples_rclpy_minimal_action_server', 'catkin_cmake_args': None, 'catkin_skip_building_tests': False, 'cmake_args': None, 'cmake_clean_cache': False, 'cmake_clean_first': False, 'cmake_force_configure': False, 'cmake_target': None, 'cmake_target_skip_unavailable': False, 'install_base': '/home/yahboom/intro_ws/install/examples_rclpy_minimal_action_server', 'merge_install': False, 'path': '/home/yahboom/intro_ws/src/examples/rclpy/actions/minimal_action_server', 'symlink_install': False, 'test_result_base': None}
[0.364s] Level 5:colcon.colcon_core.verb:set package 'examples_rclpy_minimal_client' build argument 'cmake_args' from command line to 'None'
[0.364s] Level 5:colcon.colcon_core.verb:set package 'examples_rclpy_minimal_client' build argument 'cmake_target' from command line to 'None'
[0.364s] Level 5:colcon.colcon_core.verb:set package 'examples_rclpy_minimal_client' build argument 'cmake_target_skip_unavailable' from command line to 'False'
[0.364s] Level 5:colcon.colcon_core.verb:set package 'examples_rclpy_minimal_client' build argument 'cmake_clean_cache' from command line to 'False'
[0.364s] Level 5:colcon.colcon_core.verb:set package 'examples_rclpy_minimal_client' build argument 'cmake_clean_first' from command line to 'False'
[0.364s] Level 5:colcon.colcon_core.verb:set package 'examples_rclpy_minimal_client' build argument 'cmake_force_configure' from command line to 'False'
[0.364s] Level 5:colcon.colcon_core.verb:set package 'examples_rclpy_minimal_client' build argument 'ament_cmake_args' from command line to 'None'
[0.364s] Level 5:colcon.colcon_core.verb:set package 'examples_rclpy_minimal_client' build argument 'catkin_cmake_args' from command line to 'None'
[0.364s] Level 5:colcon.colcon_core.verb:set package 'examples_rclpy_minimal_client' build argument 'catkin_skip_building_tests' from command line to 'False'
[0.364s] DEBUG:colcon.colcon_core.verb:Building package 'examples_rclpy_minimal_client' with the following arguments: {'ament_cmake_args': None, 'build_base': '/home/yahboom/intro_ws/build/examples_rclpy_minimal_client', 'catkin_cmake_args': None, 'catkin_skip_building_tests': False, 'cmake_args': None, 'cmake_clean_cache': False, 'cmake_clean_first': False, 'cmake_force_configure': False, 'cmake_target': None, 'cmake_target_skip_unavailable': False, 'install_base': '/home/yahboom/intro_ws/install/examples_rclpy_minimal_client', 'merge_install': False, 'path': '/home/yahboom/intro_ws/src/examples/rclpy/services/minimal_client', 'symlink_install': False, 'test_result_base': None}
[0.364s] Level 5:colcon.colcon_core.verb:set package 'examples_rclpy_minimal_publisher' build argument 'cmake_args' from command line to 'None'
[0.364s] Level 5:colcon.colcon_core.verb:set package 'examples_rclpy_minimal_publisher' build argument 'cmake_target' from command line to 'None'
[0.364s] Level 5:colcon.colcon_core.verb:set package 'examples_rclpy_minimal_publisher' build argument 'cmake_target_skip_unavailable' from command line to 'False'
[0.364s] Level 5:colcon.colcon_core.verb:set package 'examples_rclpy_minimal_publisher' build argument 'cmake_clean_cache' from command line to 'False'
[0.364s] Level 5:colcon.colcon_core.verb:set package 'examples_rclpy_minimal_publisher' build argument 'cmake_clean_first' from command line to 'False'
[0.364s] Level 5:colcon.colcon_core.verb:set package 'examples_rclpy_minimal_publisher' build argument 'cmake_force_configure' from command line to 'False'
[0.364s] Level 5:colcon.colcon_core.verb:set package 'examples_rclpy_minimal_publisher' build argument 'ament_cmake_args' from command line to 'None'
[0.364s] Level 5:colcon.colcon_core.verb:set package 'examples_rclpy_minimal_publisher' build argument 'catkin_cmake_args' from command line to 'None'
[0.364s] Level 5:colcon.colcon_core.verb:set package 'examples_rclpy_minimal_publisher' build argument 'catkin_skip_building_tests' from command line to 'False'
[0.364s] DEBUG:colcon.colcon_core.verb:Building package 'examples_rclpy_minimal_publisher' with the following arguments: {'ament_cmake_args': None, 'build_base': '/home/yahboom/intro_ws/build/examples_rclpy_minimal_publisher', 'catkin_cmake_args': None, 'catkin_skip_building_tests': False, 'cmake_args': None, 'cmake_clean_cache': False, 'cmake_clean_first': False, 'cmake_force_configure': False, 'cmake_target': None, 'cmake_target_skip_unavailable': False, 'install_base': '/home/yahboom/intro_ws/install/examples_rclpy_minimal_publisher', 'merge_install': False, 'path': '/home/yahboom/intro_ws/src/examples/rclpy/topics/minimal_publisher', 'symlink_install': False, 'test_result_base': None}
[0.364s] Level 5:colcon.colcon_core.verb:set package 'examples_rclpy_minimal_service' build argument 'cmake_args' from command line to 'None'
[0.364s] Level 5:colcon.colcon_core.verb:set package 'examples_rclpy_minimal_service' build argument 'cmake_target' from command line to 'None'
[0.364s] Level 5:colcon.colcon_core.verb:set package 'examples_rclpy_minimal_service' build argument 'cmake_target_skip_unavailable' from command line to 'False'
[0.364s] Level 5:colcon.colcon_core.verb:set package 'examples_rclpy_minimal_service' build argument 'cmake_clean_cache' from command line to 'False'
[0.364s] Level 5:colcon.colcon_core.verb:set package 'examples_rclpy_minimal_service' build argument 'cmake_clean_first' from command line to 'False'
[0.364s] Level 5:colcon.colcon_core.verb:set package 'examples_rclpy_minimal_service' build argument 'cmake_force_configure' from command line to 'False'
[0.364s] Level 5:colcon.colcon_core.verb:set package 'examples_rclpy_minimal_service' build argument 'ament_cmake_args' from command line to 'None'
[0.364s] Level 5:colcon.colcon_core.verb:set package 'examples_rclpy_minimal_service' build argument 'catkin_cmake_args' from command line to 'None'
[0.364s] Level 5:colcon.colcon_core.verb:set package 'examples_rclpy_minimal_service' build argument 'catkin_skip_building_tests' from command line to 'False'
[0.365s] DEBUG:colcon.colcon_core.verb:Building package 'examples_rclpy_minimal_service' with the following arguments: {'ament_cmake_args': None, 'build_base': '/home/yahboom/intro_ws/build/examples_rclpy_minimal_service', 'catkin_cmake_args': None, 'catkin_skip_building_tests': False, 'cmake_args': None, 'cmake_clean_cache': False, 'cmake_clean_first': False, 'cmake_force_configure': False, 'cmake_target': None, 'cmake_target_skip_unavailable': False, 'install_base': '/home/yahboom/intro_ws/install/examples_rclpy_minimal_service', 'merge_install': False, 'path': '/home/yahboom/intro_ws/src/examples/rclpy/services/minimal_service', 'symlink_install': False, 'test_result_base': None}
[0.365s] Level 5:colcon.colcon_core.verb:set package 'examples_rclpy_minimal_subscriber' build argument 'cmake_args' from command line to 'None'
[0.365s] Level 5:colcon.colcon_core.verb:set package 'examples_rclpy_minimal_subscriber' build argument 'cmake_target' from command line to 'None'
[0.365s] Level 5:colcon.colcon_core.verb:set package 'examples_rclpy_minimal_subscriber' build argument 'cmake_target_skip_unavailable' from command line to 'False'
[0.365s] Level 5:colcon.colcon_core.verb:set package 'examples_rclpy_minimal_subscriber' build argument 'cmake_clean_cache' from command line to 'False'
[0.365s] Level 5:colcon.colcon_core.verb:set package 'examples_rclpy_minimal_subscriber' build argument 'cmake_clean_first' from command line to 'False'
[0.365s] Level 5:colcon.colcon_core.verb:set package 'examples_rclpy_minimal_subscriber' build argument 'cmake_force_configure' from command line to 'False'
[0.365s] Level 5:colcon.colcon_core.verb:set package 'examples_rclpy_minimal_subscriber' build argument 'ament_cmake_args' from command line to 'None'
[0.365s] Level 5:colcon.colcon_core.verb:set package 'examples_rclpy_minimal_subscriber' build argument 'catkin_cmake_args' from command line to 'None'
[0.365s] Level 5:colcon.colcon_core.verb:set package 'examples_rclpy_minimal_subscriber' build argument 'catkin_skip_building_tests' from command line to 'False'
[0.365s] DEBUG:colcon.colcon_core.verb:Building package 'examples_rclpy_minimal_subscriber' with the following arguments: {'ament_cmake_args': None, 'build_base': '/home/yahboom/intro_ws/build/examples_rclpy_minimal_subscriber', 'catkin_cmake_args': None, 'catkin_skip_building_tests': False, 'cmake_args': None, 'cmake_clean_cache': False, 'cmake_clean_first': False, 'cmake_force_configure': False, 'cmake_target': None, 'cmake_target_skip_unavailable': False, 'install_base': '/home/yahboom/intro_ws/install/examples_rclpy_minimal_subscriber', 'merge_install': False, 'path': '/home/yahboom/intro_ws/src/examples/rclpy/topics/minimal_subscriber', 'symlink_install': False, 'test_result_base': None}
[0.365s] Level 5:colcon.colcon_core.verb:set package 'examples_rclpy_pointcloud_publisher' build argument 'cmake_args' from command line to 'None'
[0.365s] Level 5:colcon.colcon_core.verb:set package 'examples_rclpy_pointcloud_publisher' build argument 'cmake_target' from command line to 'None'
[0.365s] Level 5:colcon.colcon_core.verb:set package 'examples_rclpy_pointcloud_publisher' build argument 'cmake_target_skip_unavailable' from command line to 'False'
[0.365s] Level 5:colcon.colcon_core.verb:set package 'examples_rclpy_pointcloud_publisher' build argument 'cmake_clean_cache' from command line to 'False'
[0.365s] Level 5:colcon.colcon_core.verb:set package 'examples_rclpy_pointcloud_publisher' build argument 'cmake_clean_first' from command line to 'False'
[0.365s] Level 5:colcon.colcon_core.verb:set package 'examples_rclpy_pointcloud_publisher' build argument 'cmake_force_configure' from command line to 'False'
[0.365s] Level 5:colcon.colcon_core.verb:set package 'examples_rclpy_pointcloud_publisher' build argument 'ament_cmake_args' from command line to 'None'
[0.365s] Level 5:colcon.colcon_core.verb:set package 'examples_rclpy_pointcloud_publisher' build argument 'catkin_cmake_args' from command line to 'None'
[0.365s] Level 5:colcon.colcon_core.verb:set package 'examples_rclpy_pointcloud_publisher' build argument 'catkin_skip_building_tests' from command line to 'False'
[0.365s] DEBUG:colcon.colcon_core.verb:Building package 'examples_rclpy_pointcloud_publisher' with the following arguments: {'ament_cmake_args': None, 'build_base': '/home/yahboom/intro_ws/build/examples_rclpy_pointcloud_publisher', 'catkin_cmake_args': None, 'catkin_skip_building_tests': False, 'cmake_args': None, 'cmake_clean_cache': False, 'cmake_clean_first': False, 'cmake_force_configure': False, 'cmake_target': None, 'cmake_target_skip_unavailable': False, 'install_base': '/home/yahboom/intro_ws/install/examples_rclpy_pointcloud_publisher', 'merge_install': False, 'path': '/home/yahboom/intro_ws/src/examples/rclpy/topics/pointcloud_publisher', 'symlink_install': False, 'test_result_base': None}
[0.365s] Level 5:colcon.colcon_core.verb:set package 'launch_testing_examples' build argument 'cmake_args' from command line to 'None'
[0.365s] Level 5:colcon.colcon_core.verb:set package 'launch_testing_examples' build argument 'cmake_target' from command line to 'None'
[0.365s] Level 5:colcon.colcon_core.verb:set package 'launch_testing_examples' build argument 'cmake_target_skip_unavailable' from command line to 'False'
[0.365s] Level 5:colcon.colcon_core.verb:set package 'launch_testing_examples' build argument 'cmake_clean_cache' from command line to 'False'
[0.365s] Level 5:colcon.colcon_core.verb:set package 'launch_testing_examples' build argument 'cmake_clean_first' from command line to 'False'
[0.365s] Level 5:colcon.colcon_core.verb:set package 'launch_testing_examples' build argument 'cmake_force_configure' from command line to 'False'
[0.365s] Level 5:colcon.colcon_core.verb:set package 'launch_testing_examples' build argument 'ament_cmake_args' from command line to 'None'
[0.365s] Level 5:colcon.colcon_core.verb:set package 'launch_testing_examples' build argument 'catkin_cmake_args' from command line to 'None'
[0.365s] Level 5:colcon.colcon_core.verb:set package 'launch_testing_examples' build argument 'catkin_skip_building_tests' from command line to 'False'
[0.365s] DEBUG:colcon.colcon_core.verb:Building package 'launch_testing_examples' with the following arguments: {'ament_cmake_args': None, 'build_base': '/home/yahboom/intro_ws/build/launch_testing_examples', 'catkin_cmake_args': None, 'catkin_skip_building_tests': False, 'cmake_args': None, 'cmake_clean_cache': False, 'cmake_clean_first': False, 'cmake_force_configure': False, 'cmake_target': None, 'cmake_target_skip_unavailable': False, 'install_base': '/home/yahboom/intro_ws/install/launch_testing_examples', 'merge_install': False, 'path': '/home/yahboom/intro_ws/src/examples/launch_testing/launch_testing_examples', 'symlink_install': False, 'test_result_base': None}
[0.366s] Level 5:colcon.colcon_core.verb:set package 'python_parameters' build argument 'cmake_args' from command line to 'None'
[0.366s] Level 5:colcon.colcon_core.verb:set package 'python_parameters' build argument 'cmake_target' from command line to 'None'
[0.366s] Level 5:colcon.colcon_core.verb:set package 'python_parameters' build argument 'cmake_target_skip_unavailable' from command line to 'False'
[0.366s] Level 5:colcon.colcon_core.verb:set package 'python_parameters' build argument 'cmake_clean_cache' from command line to 'False'
[0.366s] Level 5:colcon.colcon_core.verb:set package 'python_parameters' build argument 'cmake_clean_first' from command line to 'False'
[0.366s] Level 5:colcon.colcon_core.verb:set package 'python_parameters' build argument 'cmake_force_configure' from command line to 'False'
[0.366s] Level 5:colcon.colcon_core.verb:set package 'python_parameters' build argument 'ament_cmake_args' from command line to 'None'
[0.366s] Level 5:colcon.colcon_core.verb:set package 'python_parameters' build argument 'catkin_cmake_args' from command line to 'None'
[0.366s] Level 5:colcon.colcon_core.verb:set package 'python_parameters' build argument 'catkin_skip_building_tests' from command line to 'False'
[0.366s] DEBUG:colcon.colcon_core.verb:Building package 'python_parameters' with the following arguments: {'ament_cmake_args': None, 'build_base': '/home/yahboom/intro_ws/build/python_parameters', 'catkin_cmake_args': None, 'catkin_skip_building_tests': False, 'cmake_args': None, 'cmake_clean_cache': False, 'cmake_clean_first': False, 'cmake_force_configure': False, 'cmake_target': None, 'cmake_target_skip_unavailable': False, 'install_base': '/home/yahboom/intro_ws/install/python_parameters', 'merge_install': False, 'path': '/home/yahboom/intro_ws/src/python_parameters', 'symlink_install': False, 'test_result_base': None}
[0.366s] Level 5:colcon.colcon_core.verb:set package 'test_tf2_py' build argument 'cmake_args' from command line to 'None'
[0.366s] Level 5:colcon.colcon_core.verb:set package 'test_tf2_py' build argument 'cmake_target' from command line to 'None'
[0.366s] Level 5:colcon.colcon_core.verb:set package 'test_tf2_py' build argument 'cmake_target_skip_unavailable' from command line to 'False'
[0.366s] Level 5:colcon.colcon_core.verb:set package 'test_tf2_py' build argument 'cmake_clean_cache' from command line to 'False'
[0.366s] Level 5:colcon.colcon_core.verb:set package 'test_tf2_py' build argument 'cmake_clean_first' from command line to 'False'
[0.366s] Level 5:colcon.colcon_core.verb:set package 'test_tf2_py' build argument 'cmake_force_configure' from command line to 'False'
[0.366s] Level 5:colcon.colcon_core.verb:set package 'test_tf2_py' build argument 'ament_cmake_args' from command line to 'None'
[0.366s] Level 5:colcon.colcon_core.verb:set package 'test_tf2_py' build argument 'catkin_cmake_args' from command line to 'None'
[0.366s] Level 5:colcon.colcon_core.verb:set package 'test_tf2_py' build argument 'catkin_skip_building_tests' from command line to 'False'
[0.366s] DEBUG:colcon.colcon_core.verb:Building package 'test_tf2_py' with the following arguments: {'ament_cmake_args': None, 'build_base': '/home/yahboom/intro_ws/build/test_tf2_py', 'catkin_cmake_args': None, 'catkin_skip_building_tests': False, 'cmake_args': None, 'cmake_clean_cache': False, 'cmake_clean_first': False, 'cmake_force_configure': False, 'cmake_target': None, 'cmake_target_skip_unavailable': False, 'install_base': '/home/yahboom/intro_ws/install/test_tf2_py', 'merge_install': False, 'path': '/home/yahboom/intro_ws/src/test_tf2_py', 'symlink_install': False, 'test_result_base': None}
[0.366s] Level 5:colcon.colcon_core.verb:set package 'time_tf2_py' build argument 'cmake_args' from command line to 'None'
[0.366s] Level 5:colcon.colcon_core.verb:set package 'time_tf2_py' build argument 'cmake_target' from command line to 'None'
[0.366s] Level 5:colcon.colcon_core.verb:set package 'time_tf2_py' build argument 'cmake_target_skip_unavailable' from command line to 'False'
[0.366s] Level 5:colcon.colcon_core.verb:set package 'time_tf2_py' build argument 'cmake_clean_cache' from command line to 'False'
[0.366s] Level 5:colcon.colcon_core.verb:set package 'time_tf2_py' build argument 'cmake_clean_first' from command line to 'False'
[0.366s] Level 5:colcon.colcon_core.verb:set package 'time_tf2_py' build argument 'cmake_force_configure' from command line to 'False'
[0.366s] Level 5:colcon.colcon_core.verb:set package 'time_tf2_py' build argument 'ament_cmake_args' from command line to 'None'
[0.366s] Level 5:colcon.colcon_core.verb:set package 'time_tf2_py' build argument 'catkin_cmake_args' from command line to 'None'
[0.366s] Level 5:colcon.colcon_core.verb:set package 'time_tf2_py' build argument 'catkin_skip_building_tests' from command line to 'False'
[0.366s] DEBUG:colcon.colcon_core.verb:Building package 'time_tf2_py' with the following arguments: {'ament_cmake_args': None, 'build_base': '/home/yahboom/intro_ws/build/time_tf2_py', 'catkin_cmake_args': None, 'catkin_skip_building_tests': False, 'cmake_args': None, 'cmake_clean_cache': False, 'cmake_clean_first': False, 'cmake_force_configure': False, 'cmake_target': None, 'cmake_target_skip_unavailable': False, 'install_base': '/home/yahboom/intro_ws/install/time_tf2_py', 'merge_install': False, 'path': '/home/yahboom/intro_ws/src/time_tf2_py', 'symlink_install': False, 'test_result_base': None}
[0.367s] Level 5:colcon.colcon_core.verb:set package 'turtle_interfaces' build argument 'cmake_args' from command line to 'None'
[0.367s] Level 5:colcon.colcon_core.verb:set package 'turtle_interfaces' build argument 'cmake_target' from command line to 'None'
[0.367s] Level 5:colcon.colcon_core.verb:set package 'turtle_interfaces' build argument 'cmake_target_skip_unavailable' from command line to 'False'
[0.367s] Level 5:colcon.colcon_core.verb:set package 'turtle_interfaces' build argument 'cmake_clean_cache' from command line to 'False'
[0.367s] Level 5:colcon.colcon_core.verb:set package 'turtle_interfaces' build argument 'cmake_clean_first' from command line to 'False'
[0.367s] Level 5:colcon.colcon_core.verb:set package 'turtle_interfaces' build argument 'cmake_force_configure' from command line to 'False'
[0.367s] Level 5:colcon.colcon_core.verb:set package 'turtle_interfaces' build argument 'ament_cmake_args' from command line to 'None'
[0.367s] Level 5:colcon.colcon_core.verb:set package 'turtle_interfaces' build argument 'catkin_cmake_args' from command line to 'None'
[0.367s] Level 5:colcon.colcon_core.verb:set package 'turtle_interfaces' build argument 'catkin_skip_building_tests' from command line to 'False'
[0.367s] DEBUG:colcon.colcon_core.verb:Building package 'turtle_interfaces' with the following arguments: {'ament_cmake_args': None, 'build_base': '/home/yahboom/intro_ws/build/turtle_interfaces', 'catkin_cmake_args': None, 'catkin_skip_building_tests': False, 'cmake_args': None, 'cmake_clean_cache': False, 'cmake_clean_first': False, 'cmake_force_configure': False, 'cmake_target': None, 'cmake_target_skip_unavailable': False, 'install_base': '/home/yahboom/intro_ws/install/turtle_interfaces', 'merge_install': False, 'path': '/home/yahboom/intro_ws/src/turtle_interfaces', 'symlink_install': False, 'test_result_base': None}
[0.367s] Level 5:colcon.colcon_core.verb:set package 'turtle_test' build argument 'cmake_args' from command line to 'None'
[0.367s] Level 5:colcon.colcon_core.verb:set package 'turtle_test' build argument 'cmake_target' from command line to 'None'
[0.367s] Level 5:colcon.colcon_core.verb:set package 'turtle_test' build argument 'cmake_target_skip_unavailable' from command line to 'False'
[0.367s] Level 5:colcon.colcon_core.verb:set package 'turtle_test' build argument 'cmake_clean_cache' from command line to 'False'
[0.367s] Level 5:colcon.colcon_core.verb:set package 'turtle_test' build argument 'cmake_clean_first' from command line to 'False'
[0.367s] Level 5:colcon.colcon_core.verb:set package 'turtle_test' build argument 'cmake_force_configure' from command line to 'False'
[0.367s] Level 5:colcon.colcon_core.verb:set package 'turtle_test' build argument 'ament_cmake_args' from command line to 'None'
[0.367s] Level 5:colcon.colcon_core.verb:set package 'turtle_test' build argument 'catkin_cmake_args' from command line to 'None'
[0.367s] Level 5:colcon.colcon_core.verb:set package 'turtle_test' build argument 'catkin_skip_building_tests' from command line to 'False'
[0.367s] DEBUG:colcon.colcon_core.verb:Building package 'turtle_test' with the following arguments: {'ament_cmake_args': None, 'build_base': '/home/yahboom/intro_ws/build/turtle_test', 'catkin_cmake_args': None, 'catkin_skip_building_tests': False, 'cmake_args': None, 'cmake_clean_cache': False, 'cmake_clean_first': False, 'cmake_force_configure': False, 'cmake_target': None, 'cmake_target_skip_unavailable': False, 'install_base': '/home/yahboom/intro_ws/install/turtle_test', 'merge_install': False, 'path': '/home/yahboom/intro_ws/src/turtle_test', 'symlink_install': False, 'test_result_base': None}
[0.367s] INFO:colcon.colcon_core.executor:Executing jobs using 'parallel' executor
[0.369s] DEBUG:colcon.colcon_parallel_executor.executor.parallel:run_until_complete
[0.370s] INFO:colcon.colcon_ros.task.ament_cmake.build:Building ROS package in '/home/yahboom/intro_ws/src/turtle_interfaces' with build type 'ament_cmake'
[0.370s] INFO:colcon.colcon_cmake.task.cmake.build:Building CMake package in '/home/yahboom/intro_ws/src/turtle_interfaces'
[0.374s] INFO:colcon.colcon_core.plugin_system:Skipping extension 'colcon_core.shell.bat': Not used on non-Windows systems
[0.374s] INFO:colcon.colcon_core.shell:Skip shell extension 'powershell' for command environment: Not usable outside of PowerShell
[0.374s] DEBUG:colcon.colcon_core.shell:Skip shell extension 'dsv' for command environment
[0.385s] INFO:colcon.colcon_ros.task.ament_cmake.build:Building ROS package in '/home/yahboom/intro_ws/src/examples/rclcpp/services/async_client' with build type 'ament_cmake'
[0.385s] INFO:colcon.colcon_cmake.task.cmake.build:Building CMake package in '/home/yahboom/intro_ws/src/examples/rclcpp/services/async_client'
[0.385s] INFO:colcon.colcon_core.shell:Skip shell extension 'powershell' for command environment: Not usable outside of PowerShell
[0.385s] DEBUG:colcon.colcon_core.shell:Skip shell extension 'dsv' for command environment
[0.397s] INFO:colcon.colcon_ros.task.ament_cmake.build:Building ROS package in '/home/yahboom/intro_ws/src/examples/rclcpp/executors/cbg_executor' with build type 'ament_cmake'
[0.397s] INFO:colcon.colcon_cmake.task.cmake.build:Building CMake package in '/home/yahboom/intro_ws/src/examples/rclcpp/executors/cbg_executor'
[0.398s] INFO:colcon.colcon_core.shell:Skip shell extension 'powershell' for command environment: Not usable outside of PowerShell
[0.398s] DEBUG:colcon.colcon_core.shell:Skip shell extension 'dsv' for command environment
[0.409s] INFO:colcon.colcon_ros.task.ament_cmake.build:Building ROS package in '/home/yahboom/intro_ws/src/examples/rclcpp/actions/minimal_action_client' with build type 'ament_cmake'
[0.409s] INFO:colcon.colcon_cmake.task.cmake.build:Building CMake package in '/home/yahboom/intro_ws/src/examples/rclcpp/actions/minimal_action_client'
[0.409s] INFO:colcon.colcon_core.shell:Skip shell extension 'powershell' for command environment: Not usable outside of PowerShell
[0.409s] DEBUG:colcon.colcon_core.shell:Skip shell extension 'dsv' for command environment
[0.426s] DEBUG:colcon.colcon_core.event_handler.log_command:Invoking command in '/home/yahboom/intro_ws/build/turtle_interfaces': CMAKE_PREFIX_PATH=${CMAKE_PREFIX_PATH}:/home/yahboom/intro_ws/install/turtle_test:/home/yahboom/intro_ws/install/time_tf2_py:/home/yahboom/intro_ws/install/test_tf2_py:/home/yahboom/intro_ws/install/python_parameters:/home/yahboom/intro_ws/install/launch_testing_examples:/home/yahboom/intro_ws/install/examples_rclpy_pointcloud_publisher:/home/yahboom/intro_ws/install/examples_rclpy_minimal_subscriber:/home/yahboom/intro_ws/install/examples_rclpy_minimal_service:/home/yahboom/intro_ws/install/examples_rclpy_minimal_publisher:/home/yahboom/intro_ws/install/examples_rclpy_minimal_client:/home/yahboom/intro_ws/install/examples_rclpy_minimal_action_server:/home/yahboom/intro_ws/install/examples_rclpy_minimal_action_client:/home/yahboom/intro_ws/install/examples_rclpy_guard_conditions:/home/yahboom/intro_ws/install/examples_rclpy_executors:/home/yahboom/cartoros2/install/yahboomcar_nav:/home/yahboom/cartoros2/install/yahboomcar_ctrl:/home/yahboom/cartoros2/install/yahboom_visual:/home/yahboom/cartoros2/install/yahboom_dog_joint_state:/home/yahboom/cartoros2/install/yahboom_description:/home/yahboom/cartoros2/install/yahboom_color_identify_server:/home/yahboom/cartoros2/install/yahboom_bringup:/home/yahboom/cartoros2/install/yahboom_base:/home/yahboom/cartoros2/install/yahboom_app_save_map:/home/yahboom/cartoros2/install/update_map:/home/yahboom/cartoros2/install/rosboard:/home/yahboom/cartoros2/install/path_planner_server:/home/yahboom/cartoros2/install/nav2_simple_commander:/home/yahboom/cartoros2/install/nav2_gazebo_spawner:/home/yahboom/cartoros2/install/localization_server:/home/yahboom/cartoros2/install/laserscan_to_point_pulisher:/home/yahboom/yahboomcar_ws/install/yahboom_dog_example:/opt/ros/humble /usr/bin/cmake /home/yahboom/intro_ws/src/turtle_interfaces -DCMAKE_INSTALL_PREFIX=/home/yahboom/intro_ws/install/turtle_interfaces
[0.433s] DEBUG:colcon.colcon_core.event_handler.log_command:Invoking command in '/home/yahboom/intro_ws/build/examples_rclcpp_async_client': CMAKE_PREFIX_PATH=${CMAKE_PREFIX_PATH}:/home/yahboom/intro_ws/install/turtle_test:/home/yahboom/intro_ws/install/time_tf2_py:/home/yahboom/intro_ws/install/test_tf2_py:/home/yahboom/intro_ws/install/python_parameters:/home/yahboom/intro_ws/install/launch_testing_examples:/home/yahboom/intro_ws/install/examples_rclpy_pointcloud_publisher:/home/yahboom/intro_ws/install/examples_rclpy_minimal_subscriber:/home/yahboom/intro_ws/install/examples_rclpy_minimal_service:/home/yahboom/intro_ws/install/examples_rclpy_minimal_publisher:/home/yahboom/intro_ws/install/examples_rclpy_minimal_client:/home/yahboom/intro_ws/install/examples_rclpy_minimal_action_server:/home/yahboom/intro_ws/install/examples_rclpy_minimal_action_client:/home/yahboom/intro_ws/install/examples_rclpy_guard_conditions:/home/yahboom/intro_ws/install/examples_rclpy_executors:/home/yahboom/cartoros2/install/yahboomcar_nav:/home/yahboom/cartoros2/install/yahboomcar_ctrl:/home/yahboom/cartoros2/install/yahboom_visual:/home/yahboom/cartoros2/install/yahboom_dog_joint_state:/home/yahboom/cartoros2/install/yahboom_description:/home/yahboom/cartoros2/install/yahboom_color_identify_server:/home/yahboom/cartoros2/install/yahboom_bringup:/home/yahboom/cartoros2/install/yahboom_base:/home/yahboom/cartoros2/install/yahboom_app_save_map:/home/yahboom/cartoros2/install/update_map:/home/yahboom/cartoros2/install/rosboard:/home/yahboom/cartoros2/install/path_planner_server:/home/yahboom/cartoros2/install/nav2_simple_commander:/home/yahboom/cartoros2/install/nav2_gazebo_spawner:/home/yahboom/cartoros2/install/localization_server:/home/yahboom/cartoros2/install/laserscan_to_point_pulisher:/home/yahboom/yahboomcar_ws/install/yahboom_dog_example:/opt/ros/humble /usr/bin/cmake /home/yahboom/intro_ws/src/examples/rclcpp/services/async_client -DCMAKE_INSTALL_PREFIX=/home/yahboom/intro_ws/install/examples_rclcpp_async_client
[0.436s] DEBUG:colcon.colcon_core.event_handler.log_command:Invoking command in '/home/yahboom/intro_ws/build/examples_rclcpp_cbg_executor': CMAKE_PREFIX_PATH=${CMAKE_PREFIX_PATH}:/home/yahboom/intro_ws/install/turtle_test:/home/yahboom/intro_ws/install/time_tf2_py:/home/yahboom/intro_ws/install/test_tf2_py:/home/yahboom/intro_ws/install/python_parameters:/home/yahboom/intro_ws/install/launch_testing_examples:/home/yahboom/intro_ws/install/examples_rclpy_pointcloud_publisher:/home/yahboom/intro_ws/install/examples_rclpy_minimal_subscriber:/home/yahboom/intro_ws/install/examples_rclpy_minimal_service:/home/yahboom/intro_ws/install/examples_rclpy_minimal_publisher:/home/yahboom/intro_ws/install/examples_rclpy_minimal_client:/home/yahboom/intro_ws/install/examples_rclpy_minimal_action_server:/home/yahboom/intro_ws/install/examples_rclpy_minimal_action_client:/home/yahboom/intro_ws/install/examples_rclpy_guard_conditions:/home/yahboom/intro_ws/install/examples_rclpy_executors:/home/yahboom/cartoros2/install/yahboomcar_nav:/home/yahboom/cartoros2/install/yahboomcar_ctrl:/home/yahboom/cartoros2/install/yahboom_visual:/home/yahboom/cartoros2/install/yahboom_dog_joint_state:/home/yahboom/cartoros2/install/yahboom_description:/home/yahboom/cartoros2/install/yahboom_color_identify_server:/home/yahboom/cartoros2/install/yahboom_bringup:/home/yahboom/cartoros2/install/yahboom_base:/home/yahboom/cartoros2/install/yahboom_app_save_map:/home/yahboom/cartoros2/install/update_map:/home/yahboom/cartoros2/install/rosboard:/home/yahboom/cartoros2/install/path_planner_server:/home/yahboom/cartoros2/install/nav2_simple_commander:/home/yahboom/cartoros2/install/nav2_gazebo_spawner:/home/yahboom/cartoros2/install/localization_server:/home/yahboom/cartoros2/install/laserscan_to_point_pulisher:/home/yahboom/yahboomcar_ws/install/yahboom_dog_example:/opt/ros/humble /usr/bin/cmake /home/yahboom/intro_ws/src/examples/rclcpp/executors/cbg_executor -DCMAKE_INSTALL_PREFIX=/home/yahboom/intro_ws/install/examples_rclcpp_cbg_executor
[0.446s] DEBUG:colcon.colcon_core.event_handler.log_command:Invoking command in '/home/yahboom/intro_ws/build/examples_rclcpp_minimal_action_client': CMAKE_PREFIX_PATH=${CMAKE_PREFIX_PATH}:/home/yahboom/intro_ws/install/turtle_test:/home/yahboom/intro_ws/install/time_tf2_py:/home/yahboom/intro_ws/install/test_tf2_py:/home/yahboom/intro_ws/install/python_parameters:/home/yahboom/intro_ws/install/launch_testing_examples:/home/yahboom/intro_ws/install/examples_rclpy_pointcloud_publisher:/home/yahboom/intro_ws/install/examples_rclpy_minimal_subscriber:/home/yahboom/intro_ws/install/examples_rclpy_minimal_service:/home/yahboom/intro_ws/install/examples_rclpy_minimal_publisher:/home/yahboom/intro_ws/install/examples_rclpy_minimal_client:/home/yahboom/intro_ws/install/examples_rclpy_minimal_action_server:/home/yahboom/intro_ws/install/examples_rclpy_minimal_action_client:/home/yahboom/intro_ws/install/examples_rclpy_guard_conditions:/home/yahboom/intro_ws/install/examples_rclpy_executors:/home/yahboom/cartoros2/install/yahboomcar_nav:/home/yahboom/cartoros2/install/yahboomcar_ctrl:/home/yahboom/cartoros2/install/yahboom_visual:/home/yahboom/cartoros2/install/yahboom_dog_joint_state:/home/yahboom/cartoros2/install/yahboom_description:/home/yahboom/cartoros2/install/yahboom_color_identify_server:/home/yahboom/cartoros2/install/yahboom_bringup:/home/yahboom/cartoros2/install/yahboom_base:/home/yahboom/cartoros2/install/yahboom_app_save_map:/home/yahboom/cartoros2/install/update_map:/home/yahboom/cartoros2/install/rosboard:/home/yahboom/cartoros2/install/path_planner_server:/home/yahboom/cartoros2/install/nav2_simple_commander:/home/yahboom/cartoros2/install/nav2_gazebo_spawner:/home/yahboom/cartoros2/install/localization_server:/home/yahboom/cartoros2/install/laserscan_to_point_pulisher:/home/yahboom/yahboomcar_ws/install/yahboom_dog_example:/opt/ros/humble /usr/bin/cmake /home/yahboom/intro_ws/src/examples/rclcpp/actions/minimal_action_client -DCMAKE_INSTALL_PREFIX=/home/yahboom/intro_ws/install/examples_rclcpp_minimal_action_client
[1.346s] DEBUG:colcon.colcon_core.event_handler.log_command:Invoked command in '/home/yahboom/intro_ws/build/examples_rclcpp_cbg_executor' returned '0': CMAKE_PREFIX_PATH=${CMAKE_PREFIX_PATH}:/home/yahboom/intro_ws/install/turtle_test:/home/yahboom/intro_ws/install/time_tf2_py:/home/yahboom/intro_ws/install/test_tf2_py:/home/yahboom/intro_ws/install/python_parameters:/home/yahboom/intro_ws/install/launch_testing_examples:/home/yahboom/intro_ws/install/examples_rclpy_pointcloud_publisher:/home/yahboom/intro_ws/install/examples_rclpy_minimal_subscriber:/home/yahboom/intro_ws/install/examples_rclpy_minimal_service:/home/yahboom/intro_ws/install/examples_rclpy_minimal_publisher:/home/yahboom/intro_ws/install/examples_rclpy_minimal_client:/home/yahboom/intro_ws/install/examples_rclpy_minimal_action_server:/home/yahboom/intro_ws/install/examples_rclpy_minimal_action_client:/home/yahboom/intro_ws/install/examples_rclpy_guard_conditions:/home/yahboom/intro_ws/install/examples_rclpy_executors:/home/yahboom/cartoros2/install/yahboomcar_nav:/home/yahboom/cartoros2/install/yahboomcar_ctrl:/home/yahboom/cartoros2/install/yahboom_visual:/home/yahboom/cartoros2/install/yahboom_dog_joint_state:/home/yahboom/cartoros2/install/yahboom_description:/home/yahboom/cartoros2/install/yahboom_color_identify_server:/home/yahboom/cartoros2/install/yahboom_bringup:/home/yahboom/cartoros2/install/yahboom_base:/home/yahboom/cartoros2/install/yahboom_app_save_map:/home/yahboom/cartoros2/install/update_map:/home/yahboom/cartoros2/install/rosboard:/home/yahboom/cartoros2/install/path_planner_server:/home/yahboom/cartoros2/install/nav2_simple_commander:/home/yahboom/cartoros2/install/nav2_gazebo_spawner:/home/yahboom/cartoros2/install/localization_server:/home/yahboom/cartoros2/install/laserscan_to_point_pulisher:/home/yahboom/yahboomcar_ws/install/yahboom_dog_example:/opt/ros/humble /usr/bin/cmake /home/yahboom/intro_ws/src/examples/rclcpp/executors/cbg_executor -DCMAKE_INSTALL_PREFIX=/home/yahboom/intro_ws/install/examples_rclcpp_cbg_executor
[1.351s] DEBUG:colcon.colcon_core.event_handler.log_command:Invoking command in '/home/yahboom/intro_ws/build/examples_rclcpp_cbg_executor': CMAKE_PREFIX_PATH=${CMAKE_PREFIX_PATH}:/home/yahboom/intro_ws/install/turtle_test:/home/yahboom/intro_ws/install/time_tf2_py:/home/yahboom/intro_ws/install/test_tf2_py:/home/yahboom/intro_ws/install/python_parameters:/home/yahboom/intro_ws/install/launch_testing_examples:/home/yahboom/intro_ws/install/examples_rclpy_pointcloud_publisher:/home/yahboom/intro_ws/install/examples_rclpy_minimal_subscriber:/home/yahboom/intro_ws/install/examples_rclpy_minimal_service:/home/yahboom/intro_ws/install/examples_rclpy_minimal_publisher:/home/yahboom/intro_ws/install/examples_rclpy_minimal_client:/home/yahboom/intro_ws/install/examples_rclpy_minimal_action_server:/home/yahboom/intro_ws/install/examples_rclpy_minimal_action_client:/home/yahboom/intro_ws/install/examples_rclpy_guard_conditions:/home/yahboom/intro_ws/install/examples_rclpy_executors:/home/yahboom/cartoros2/install/yahboomcar_nav:/home/yahboom/cartoros2/install/yahboomcar_ctrl:/home/yahboom/cartoros2/install/yahboom_visual:/home/yahboom/cartoros2/install/yahboom_dog_joint_state:/home/yahboom/cartoros2/install/yahboom_description:/home/yahboom/cartoros2/install/yahboom_color_identify_server:/home/yahboom/cartoros2/install/yahboom_bringup:/home/yahboom/cartoros2/install/yahboom_base:/home/yahboom/cartoros2/install/yahboom_app_save_map:/home/yahboom/cartoros2/install/update_map:/home/yahboom/cartoros2/install/rosboard:/home/yahboom/cartoros2/install/path_planner_server:/home/yahboom/cartoros2/install/nav2_simple_commander:/home/yahboom/cartoros2/install/nav2_gazebo_spawner:/home/yahboom/cartoros2/install/localization_server:/home/yahboom/cartoros2/install/laserscan_to_point_pulisher:/home/yahboom/yahboomcar_ws/install/yahboom_dog_example:/opt/ros/humble /usr/bin/cmake --build /home/yahboom/intro_ws/build/examples_rclcpp_cbg_executor -- -j4 -l4
[1.360s] DEBUG:colcon.colcon_core.event_handler.log_command:Invoked command in '/home/yahboom/intro_ws/build/examples_rclcpp_async_client' returned '0': CMAKE_PREFIX_PATH=${CMAKE_PREFIX_PATH}:/home/yahboom/intro_ws/install/turtle_test:/home/yahboom/intro_ws/install/time_tf2_py:/home/yahboom/intro_ws/install/test_tf2_py:/home/yahboom/intro_ws/install/python_parameters:/home/yahboom/intro_ws/install/launch_testing_examples:/home/yahboom/intro_ws/install/examples_rclpy_pointcloud_publisher:/home/yahboom/intro_ws/install/examples_rclpy_minimal_subscriber:/home/yahboom/intro_ws/install/examples_rclpy_minimal_service:/home/yahboom/intro_ws/install/examples_rclpy_minimal_publisher:/home/yahboom/intro_ws/install/examples_rclpy_minimal_client:/home/yahboom/intro_ws/install/examples_rclpy_minimal_action_server:/home/yahboom/intro_ws/install/examples_rclpy_minimal_action_client:/home/yahboom/intro_ws/install/examples_rclpy_guard_conditions:/home/yahboom/intro_ws/install/examples_rclpy_executors:/home/yahboom/cartoros2/install/yahboomcar_nav:/home/yahboom/cartoros2/install/yahboomcar_ctrl:/home/yahboom/cartoros2/install/yahboom_visual:/home/yahboom/cartoros2/install/yahboom_dog_joint_state:/home/yahboom/cartoros2/install/yahboom_description:/home/yahboom/cartoros2/install/yahboom_color_identify_server:/home/yahboom/cartoros2/install/yahboom_bringup:/home/yahboom/cartoros2/install/yahboom_base:/home/yahboom/cartoros2/install/yahboom_app_save_map:/home/yahboom/cartoros2/install/update_map:/home/yahboom/cartoros2/install/rosboard:/home/yahboom/cartoros2/install/path_planner_server:/home/yahboom/cartoros2/install/nav2_simple_commander:/home/yahboom/cartoros2/install/nav2_gazebo_spawner:/home/yahboom/cartoros2/install/localization_server:/home/yahboom/cartoros2/install/laserscan_to_point_pulisher:/home/yahboom/yahboomcar_ws/install/yahboom_dog_example:/opt/ros/humble /usr/bin/cmake /home/yahboom/intro_ws/src/examples/rclcpp/services/async_client -DCMAKE_INSTALL_PREFIX=/home/yahboom/intro_ws/install/examples_rclcpp_async_client
[1.360s] DEBUG:colcon.colcon_core.event_handler.log_command:Invoking command in '/home/yahboom/intro_ws/build/examples_rclcpp_async_client': CMAKE_PREFIX_PATH=${CMAKE_PREFIX_PATH}:/home/yahboom/intro_ws/install/turtle_test:/home/yahboom/intro_ws/install/time_tf2_py:/home/yahboom/intro_ws/install/test_tf2_py:/home/yahboom/intro_ws/install/python_parameters:/home/yahboom/intro_ws/install/launch_testing_examples:/home/yahboom/intro_ws/install/examples_rclpy_pointcloud_publisher:/home/yahboom/intro_ws/install/examples_rclpy_minimal_subscriber:/home/yahboom/intro_ws/install/examples_rclpy_minimal_service:/home/yahboom/intro_ws/install/examples_rclpy_minimal_publisher:/home/yahboom/intro_ws/install/examples_rclpy_minimal_client:/home/yahboom/intro_ws/install/examples_rclpy_minimal_action_server:/home/yahboom/intro_ws/install/examples_rclpy_minimal_action_client:/home/yahboom/intro_ws/install/examples_rclpy_guard_conditions:/home/yahboom/intro_ws/install/examples_rclpy_executors:/home/yahboom/cartoros2/install/yahboomcar_nav:/home/yahboom/cartoros2/install/yahboomcar_ctrl:/home/yahboom/cartoros2/install/yahboom_visual:/home/yahboom/cartoros2/install/yahboom_dog_joint_state:/home/yahboom/cartoros2/install/yahboom_description:/home/yahboom/cartoros2/install/yahboom_color_identify_server:/home/yahboom/cartoros2/install/yahboom_bringup:/home/yahboom/cartoros2/install/yahboom_base:/home/yahboom/cartoros2/install/yahboom_app_save_map:/home/yahboom/cartoros2/install/update_map:/home/yahboom/cartoros2/install/rosboard:/home/yahboom/cartoros2/install/path_planner_server:/home/yahboom/cartoros2/install/nav2_simple_commander:/home/yahboom/cartoros2/install/nav2_gazebo_spawner:/home/yahboom/cartoros2/install/localization_server:/home/yahboom/cartoros2/install/laserscan_to_point_pulisher:/home/yahboom/yahboomcar_ws/install/yahboom_dog_example:/opt/ros/humble /usr/bin/cmake --build /home/yahboom/intro_ws/build/examples_rclcpp_async_client -- -j4 -l4
[1.488s] DEBUG:colcon.colcon_core.event_handler.log_command:Invoked command in '/home/yahboom/intro_ws/build/examples_rclcpp_minimal_action_client' returned '0': CMAKE_PREFIX_PATH=${CMAKE_PREFIX_PATH}:/home/yahboom/intro_ws/install/turtle_test:/home/yahboom/intro_ws/install/time_tf2_py:/home/yahboom/intro_ws/install/test_tf2_py:/home/yahboom/intro_ws/install/python_parameters:/home/yahboom/intro_ws/install/launch_testing_examples:/home/yahboom/intro_ws/install/examples_rclpy_pointcloud_publisher:/home/yahboom/intro_ws/install/examples_rclpy_minimal_subscriber:/home/yahboom/intro_ws/install/examples_rclpy_minimal_service:/home/yahboom/intro_ws/install/examples_rclpy_minimal_publisher:/home/yahboom/intro_ws/install/examples_rclpy_minimal_client:/home/yahboom/intro_ws/install/examples_rclpy_minimal_action_server:/home/yahboom/intro_ws/install/examples_rclpy_minimal_action_client:/home/yahboom/intro_ws/install/examples_rclpy_guard_conditions:/home/yahboom/intro_ws/install/examples_rclpy_executors:/home/yahboom/cartoros2/install/yahboomcar_nav:/home/yahboom/cartoros2/install/yahboomcar_ctrl:/home/yahboom/cartoros2/install/yahboom_visual:/home/yahboom/cartoros2/install/yahboom_dog_joint_state:/home/yahboom/cartoros2/install/yahboom_description:/home/yahboom/cartoros2/install/yahboom_color_identify_server:/home/yahboom/cartoros2/install/yahboom_bringup:/home/yahboom/cartoros2/install/yahboom_base:/home/yahboom/cartoros2/install/yahboom_app_save_map:/home/yahboom/cartoros2/install/update_map:/home/yahboom/cartoros2/install/rosboard:/home/yahboom/cartoros2/install/path_planner_server:/home/yahboom/cartoros2/install/nav2_simple_commander:/home/yahboom/cartoros2/install/nav2_gazebo_spawner:/home/yahboom/cartoros2/install/localization_server:/home/yahboom/cartoros2/install/laserscan_to_point_pulisher:/home/yahboom/yahboomcar_ws/install/yahboom_dog_example:/opt/ros/humble /usr/bin/cmake /home/yahboom/intro_ws/src/examples/rclcpp/actions/minimal_action_client -DCMAKE_INSTALL_PREFIX=/home/yahboom/intro_ws/install/examples_rclcpp_minimal_action_client
[1.488s] DEBUG:colcon.colcon_core.event_handler.log_command:Invoking command in '/home/yahboom/intro_ws/build/examples_rclcpp_minimal_action_client': CMAKE_PREFIX_PATH=${CMAKE_PREFIX_PATH}:/home/yahboom/intro_ws/install/turtle_test:/home/yahboom/intro_ws/install/time_tf2_py:/home/yahboom/intro_ws/install/test_tf2_py:/home/yahboom/intro_ws/install/python_parameters:/home/yahboom/intro_ws/install/launch_testing_examples:/home/yahboom/intro_ws/install/examples_rclpy_pointcloud_publisher:/home/yahboom/intro_ws/install/examples_rclpy_minimal_subscriber:/home/yahboom/intro_ws/install/examples_rclpy_minimal_service:/home/yahboom/intro_ws/install/examples_rclpy_minimal_publisher:/home/yahboom/intro_ws/install/examples_rclpy_minimal_client:/home/yahboom/intro_ws/install/examples_rclpy_minimal_action_server:/home/yahboom/intro_ws/install/examples_rclpy_minimal_action_client:/home/yahboom/intro_ws/install/examples_rclpy_guard_conditions:/home/yahboom/intro_ws/install/examples_rclpy_executors:/home/yahboom/cartoros2/install/yahboomcar_nav:/home/yahboom/cartoros2/install/yahboomcar_ctrl:/home/yahboom/cartoros2/install/yahboom_visual:/home/yahboom/cartoros2/install/yahboom_dog_joint_state:/home/yahboom/cartoros2/install/yahboom_description:/home/yahboom/cartoros2/install/yahboom_color_identify_server:/home/yahboom/cartoros2/install/yahboom_bringup:/home/yahboom/cartoros2/install/yahboom_base:/home/yahboom/cartoros2/install/yahboom_app_save_map:/home/yahboom/cartoros2/install/update_map:/home/yahboom/cartoros2/install/rosboard:/home/yahboom/cartoros2/install/path_planner_server:/home/yahboom/cartoros2/install/nav2_simple_commander:/home/yahboom/cartoros2/install/nav2_gazebo_spawner:/home/yahboom/cartoros2/install/localization_server:/home/yahboom/cartoros2/install/laserscan_to_point_pulisher:/home/yahboom/yahboomcar_ws/install/yahboom_dog_example:/opt/ros/humble /usr/bin/cmake --build /home/yahboom/intro_ws/build/examples_rclcpp_minimal_action_client -- -j4 -l4
[1.528s] DEBUG:colcon.colcon_core.event_handler.log_command:Invoked command in '/home/yahboom/intro_ws/build/examples_rclcpp_cbg_executor' returned '0': CMAKE_PREFIX_PATH=${CMAKE_PREFIX_PATH}:/home/yahboom/intro_ws/install/turtle_test:/home/yahboom/intro_ws/install/time_tf2_py:/home/yahboom/intro_ws/install/test_tf2_py:/home/yahboom/intro_ws/install/python_parameters:/home/yahboom/intro_ws/install/launch_testing_examples:/home/yahboom/intro_ws/install/examples_rclpy_pointcloud_publisher:/home/yahboom/intro_ws/install/examples_rclpy_minimal_subscriber:/home/yahboom/intro_ws/install/examples_rclpy_minimal_service:/home/yahboom/intro_ws/install/examples_rclpy_minimal_publisher:/home/yahboom/intro_ws/install/examples_rclpy_minimal_client:/home/yahboom/intro_ws/install/examples_rclpy_minimal_action_server:/home/yahboom/intro_ws/install/examples_rclpy_minimal_action_client:/home/yahboom/intro_ws/install/examples_rclpy_guard_conditions:/home/yahboom/intro_ws/install/examples_rclpy_executors:/home/yahboom/cartoros2/install/yahboomcar_nav:/home/yahboom/cartoros2/install/yahboomcar_ctrl:/home/yahboom/cartoros2/install/yahboom_visual:/home/yahboom/cartoros2/install/yahboom_dog_joint_state:/home/yahboom/cartoros2/install/yahboom_description:/home/yahboom/cartoros2/install/yahboom_color_identify_server:/home/yahboom/cartoros2/install/yahboom_bringup:/home/yahboom/cartoros2/install/yahboom_base:/home/yahboom/cartoros2/install/yahboom_app_save_map:/home/yahboom/cartoros2/install/update_map:/home/yahboom/cartoros2/install/rosboard:/home/yahboom/cartoros2/install/path_planner_server:/home/yahboom/cartoros2/install/nav2_simple_commander:/home/yahboom/cartoros2/install/nav2_gazebo_spawner:/home/yahboom/cartoros2/install/localization_server:/home/yahboom/cartoros2/install/laserscan_to_point_pulisher:/home/yahboom/yahboomcar_ws/install/yahboom_dog_example:/opt/ros/humble /usr/bin/cmake --build /home/yahboom/intro_ws/build/examples_rclcpp_cbg_executor -- -j4 -l4
[1.529s] DEBUG:colcon.colcon_core.event_handler.log_command:Invoked command in '/home/yahboom/intro_ws/build/examples_rclcpp_async_client' returned '0': CMAKE_PREFIX_PATH=${CMAKE_PREFIX_PATH}:/home/yahboom/intro_ws/install/turtle_test:/home/yahboom/intro_ws/install/time_tf2_py:/home/yahboom/intro_ws/install/test_tf2_py:/home/yahboom/intro_ws/install/python_parameters:/home/yahboom/intro_ws/install/launch_testing_examples:/home/yahboom/intro_ws/install/examples_rclpy_pointcloud_publisher:/home/yahboom/intro_ws/install/examples_rclpy_minimal_subscriber:/home/yahboom/intro_ws/install/examples_rclpy_minimal_service:/home/yahboom/intro_ws/install/examples_rclpy_minimal_publisher:/home/yahboom/intro_ws/install/examples_rclpy_minimal_client:/home/yahboom/intro_ws/install/examples_rclpy_minimal_action_server:/home/yahboom/intro_ws/install/examples_rclpy_minimal_action_client:/home/yahboom/intro_ws/install/examples_rclpy_guard_conditions:/home/yahboom/intro_ws/install/examples_rclpy_executors:/home/yahboom/cartoros2/install/yahboomcar_nav:/home/yahboom/cartoros2/install/yahboomcar_ctrl:/home/yahboom/cartoros2/install/yahboom_visual:/home/yahboom/cartoros2/install/yahboom_dog_joint_state:/home/yahboom/cartoros2/install/yahboom_description:/home/yahboom/cartoros2/install/yahboom_color_identify_server:/home/yahboom/cartoros2/install/yahboom_bringup:/home/yahboom/cartoros2/install/yahboom_base:/home/yahboom/cartoros2/install/yahboom_app_save_map:/home/yahboom/cartoros2/install/update_map:/home/yahboom/cartoros2/install/rosboard:/home/yahboom/cartoros2/install/path_planner_server:/home/yahboom/cartoros2/install/nav2_simple_commander:/home/yahboom/cartoros2/install/nav2_gazebo_spawner:/home/yahboom/cartoros2/install/localization_server:/home/yahboom/cartoros2/install/laserscan_to_point_pulisher:/home/yahboom/yahboomcar_ws/install/yahboom_dog_example:/opt/ros/humble /usr/bin/cmake --build /home/yahboom/intro_ws/build/examples_rclcpp_async_client -- -j4 -l4
[1.664s] DEBUG:colcon.colcon_core.event_handler.log_command:Invoking command in '/home/yahboom/intro_ws/build/examples_rclcpp_async_client': CMAKE_PREFIX_PATH=${CMAKE_PREFIX_PATH}:/home/yahboom/intro_ws/install/turtle_test:/home/yahboom/intro_ws/install/time_tf2_py:/home/yahboom/intro_ws/install/test_tf2_py:/home/yahboom/intro_ws/install/python_parameters:/home/yahboom/intro_ws/install/launch_testing_examples:/home/yahboom/intro_ws/install/examples_rclpy_pointcloud_publisher:/home/yahboom/intro_ws/install/examples_rclpy_minimal_subscriber:/home/yahboom/intro_ws/install/examples_rclpy_minimal_service:/home/yahboom/intro_ws/install/examples_rclpy_minimal_publisher:/home/yahboom/intro_ws/install/examples_rclpy_minimal_client:/home/yahboom/intro_ws/install/examples_rclpy_minimal_action_server:/home/yahboom/intro_ws/install/examples_rclpy_minimal_action_client:/home/yahboom/intro_ws/install/examples_rclpy_guard_conditions:/home/yahboom/intro_ws/install/examples_rclpy_executors:/home/yahboom/cartoros2/install/yahboomcar_nav:/home/yahboom/cartoros2/install/yahboomcar_ctrl:/home/yahboom/cartoros2/install/yahboom_visual:/home/yahboom/cartoros2/install/yahboom_dog_joint_state:/home/yahboom/cartoros2/install/yahboom_description:/home/yahboom/cartoros2/install/yahboom_color_identify_server:/home/yahboom/cartoros2/install/yahboom_bringup:/home/yahboom/cartoros2/install/yahboom_base:/home/yahboom/cartoros2/install/yahboom_app_save_map:/home/yahboom/cartoros2/install/update_map:/home/yahboom/cartoros2/install/rosboard:/home/yahboom/cartoros2/install/path_planner_server:/home/yahboom/cartoros2/install/nav2_simple_commander:/home/yahboom/cartoros2/install/nav2_gazebo_spawner:/home/yahboom/cartoros2/install/localization_server:/home/yahboom/cartoros2/install/laserscan_to_point_pulisher:/home/yahboom/yahboomcar_ws/install/yahboom_dog_example:/opt/ros/humble /usr/bin/cmake --install /home/yahboom/intro_ws/build/examples_rclcpp_async_client
[1.673s] DEBUG:colcon.colcon_core.event_handler.log_command:Invoked command in '/home/yahboom/intro_ws/build/examples_rclcpp_minimal_action_client' returned '0': CMAKE_PREFIX_PATH=${CMAKE_PREFIX_PATH}:/home/yahboom/intro_ws/install/turtle_test:/home/yahboom/intro_ws/install/time_tf2_py:/home/yahboom/intro_ws/install/test_tf2_py:/home/yahboom/intro_ws/install/python_parameters:/home/yahboom/intro_ws/install/launch_testing_examples:/home/yahboom/intro_ws/install/examples_rclpy_pointcloud_publisher:/home/yahboom/intro_ws/install/examples_rclpy_minimal_subscriber:/home/yahboom/intro_ws/install/examples_rclpy_minimal_service:/home/yahboom/intro_ws/install/examples_rclpy_minimal_publisher:/home/yahboom/intro_ws/install/examples_rclpy_minimal_client:/home/yahboom/intro_ws/install/examples_rclpy_minimal_action_server:/home/yahboom/intro_ws/install/examples_rclpy_minimal_action_client:/home/yahboom/intro_ws/install/examples_rclpy_guard_conditions:/home/yahboom/intro_ws/install/examples_rclpy_executors:/home/yahboom/cartoros2/install/yahboomcar_nav:/home/yahboom/cartoros2/install/yahboomcar_ctrl:/home/yahboom/cartoros2/install/yahboom_visual:/home/yahboom/cartoros2/install/yahboom_dog_joint_state:/home/yahboom/cartoros2/install/yahboom_description:/home/yahboom/cartoros2/install/yahboom_color_identify_server:/home/yahboom/cartoros2/install/yahboom_bringup:/home/yahboom/cartoros2/install/yahboom_base:/home/yahboom/cartoros2/install/yahboom_app_save_map:/home/yahboom/cartoros2/install/update_map:/home/yahboom/cartoros2/install/rosboard:/home/yahboom/cartoros2/install/path_planner_server:/home/yahboom/cartoros2/install/nav2_simple_commander:/home/yahboom/cartoros2/install/nav2_gazebo_spawner:/home/yahboom/cartoros2/install/localization_server:/home/yahboom/cartoros2/install/laserscan_to_point_pulisher:/home/yahboom/yahboomcar_ws/install/yahboom_dog_example:/opt/ros/humble /usr/bin/cmake --build /home/yahboom/intro_ws/build/examples_rclcpp_minimal_action_client -- -j4 -l4
[1.684s] DEBUG:colcon.colcon_core.event_handler.log_command:Invoking command in '/home/yahboom/intro_ws/build/examples_rclcpp_cbg_executor': CMAKE_PREFIX_PATH=${CMAKE_PREFIX_PATH}:/home/yahboom/intro_ws/install/turtle_test:/home/yahboom/intro_ws/install/time_tf2_py:/home/yahboom/intro_ws/install/test_tf2_py:/home/yahboom/intro_ws/install/python_parameters:/home/yahboom/intro_ws/install/launch_testing_examples:/home/yahboom/intro_ws/install/examples_rclpy_pointcloud_publisher:/home/yahboom/intro_ws/install/examples_rclpy_minimal_subscriber:/home/yahboom/intro_ws/install/examples_rclpy_minimal_service:/home/yahboom/intro_ws/install/examples_rclpy_minimal_publisher:/home/yahboom/intro_ws/install/examples_rclpy_minimal_client:/home/yahboom/intro_ws/install/examples_rclpy_minimal_action_server:/home/yahboom/intro_ws/install/examples_rclpy_minimal_action_client:/home/yahboom/intro_ws/install/examples_rclpy_guard_conditions:/home/yahboom/intro_ws/install/examples_rclpy_executors:/home/yahboom/cartoros2/install/yahboomcar_nav:/home/yahboom/cartoros2/install/yahboomcar_ctrl:/home/yahboom/cartoros2/install/yahboom_visual:/home/yahboom/cartoros2/install/yahboom_dog_joint_state:/home/yahboom/cartoros2/install/yahboom_description:/home/yahboom/cartoros2/install/yahboom_color_identify_server:/home/yahboom/cartoros2/install/yahboom_bringup:/home/yahboom/cartoros2/install/yahboom_base:/home/yahboom/cartoros2/install/yahboom_app_save_map:/home/yahboom/cartoros2/install/update_map:/home/yahboom/cartoros2/install/rosboard:/home/yahboom/cartoros2/install/path_planner_server:/home/yahboom/cartoros2/install/nav2_simple_commander:/home/yahboom/cartoros2/install/nav2_gazebo_spawner:/home/yahboom/cartoros2/install/localization_server:/home/yahboom/cartoros2/install/laserscan_to_point_pulisher:/home/yahboom/yahboomcar_ws/install/yahboom_dog_example:/opt/ros/humble /usr/bin/cmake --install /home/yahboom/intro_ws/build/examples_rclcpp_cbg_executor
[1.703s] Level 1:colcon.colcon_core.environment:create_environment_scripts_only(examples_rclcpp_async_client)
[1.706s] DEBUG:colcon.colcon_core.event_handler.log_command:Invoked command in '/home/yahboom/intro_ws/build/examples_rclcpp_async_client' returned '0': CMAKE_PREFIX_PATH=${CMAKE_PREFIX_PATH}:/home/yahboom/intro_ws/install/turtle_test:/home/yahboom/intro_ws/install/time_tf2_py:/home/yahboom/intro_ws/install/test_tf2_py:/home/yahboom/intro_ws/install/python_parameters:/home/yahboom/intro_ws/install/launch_testing_examples:/home/yahboom/intro_ws/install/examples_rclpy_pointcloud_publisher:/home/yahboom/intro_ws/install/examples_rclpy_minimal_subscriber:/home/yahboom/intro_ws/install/examples_rclpy_minimal_service:/home/yahboom/intro_ws/install/examples_rclpy_minimal_publisher:/home/yahboom/intro_ws/install/examples_rclpy_minimal_client:/home/yahboom/intro_ws/install/examples_rclpy_minimal_action_server:/home/yahboom/intro_ws/install/examples_rclpy_minimal_action_client:/home/yahboom/intro_ws/install/examples_rclpy_guard_conditions:/home/yahboom/intro_ws/install/examples_rclpy_executors:/home/yahboom/cartoros2/install/yahboomcar_nav:/home/yahboom/cartoros2/install/yahboomcar_ctrl:/home/yahboom/cartoros2/install/yahboom_visual:/home/yahboom/cartoros2/install/yahboom_dog_joint_state:/home/yahboom/cartoros2/install/yahboom_description:/home/yahboom/cartoros2/install/yahboom_color_identify_server:/home/yahboom/cartoros2/install/yahboom_bringup:/home/yahboom/cartoros2/install/yahboom_base:/home/yahboom/cartoros2/install/yahboom_app_save_map:/home/yahboom/cartoros2/install/update_map:/home/yahboom/cartoros2/install/rosboard:/home/yahboom/cartoros2/install/path_planner_server:/home/yahboom/cartoros2/install/nav2_simple_commander:/home/yahboom/cartoros2/install/nav2_gazebo_spawner:/home/yahboom/cartoros2/install/localization_server:/home/yahboom/cartoros2/install/laserscan_to_point_pulisher:/home/yahboom/yahboomcar_ws/install/yahboom_dog_example:/opt/ros/humble /usr/bin/cmake --install /home/yahboom/intro_ws/build/examples_rclcpp_async_client
[1.707s] Level 1:colcon.colcon_core.environment:checking '/home/yahboom/intro_ws/install/examples_rclcpp_async_client' for CMake module files
[1.709s] Level 1:colcon.colcon_core.environment:checking '/home/yahboom/intro_ws/install/examples_rclcpp_async_client' for CMake config files
[1.709s] Level 1:colcon.colcon_core.shell:create_environment_hook('examples_rclcpp_async_client', 'cmake_prefix_path')
[1.709s] INFO:colcon.colcon_core.shell:Creating environment hook '/home/yahboom/intro_ws/install/examples_rclcpp_async_client/share/examples_rclcpp_async_client/hook/cmake_prefix_path.ps1'
[1.710s] INFO:colcon.colcon_core.shell:Creating environment descriptor '/home/yahboom/intro_ws/install/examples_rclcpp_async_client/share/examples_rclcpp_async_client/hook/cmake_prefix_path.dsv'
[1.712s] INFO:colcon.colcon_core.shell:Creating environment hook '/home/yahboom/intro_ws/install/examples_rclcpp_async_client/share/examples_rclcpp_async_client/hook/cmake_prefix_path.sh'
[1.713s] Level 1:colcon.colcon_core.environment:checking '/home/yahboom/intro_ws/install/examples_rclcpp_async_client/lib'
[1.713s] Level 1:colcon.colcon_core.environment:checking '/home/yahboom/intro_ws/install/examples_rclcpp_async_client/bin'
[1.713s] Level 1:colcon.colcon_core.environment:checking '/home/yahboom/intro_ws/install/examples_rclcpp_async_client/lib/pkgconfig/examples_rclcpp_async_client.pc'
[1.713s] Level 1:colcon.colcon_core.environment:checking '/home/yahboom/intro_ws/install/examples_rclcpp_async_client/lib/python3.10/site-packages'
[1.713s] Level 1:colcon.colcon_core.environment:checking '/home/yahboom/intro_ws/install/examples_rclcpp_async_client/bin'
[1.714s] INFO:colcon.colcon_core.shell:Creating package script '/home/yahboom/intro_ws/install/examples_rclcpp_async_client/share/examples_rclcpp_async_client/package.ps1'
[1.715s] INFO:colcon.colcon_core.shell:Creating package descriptor '/home/yahboom/intro_ws/install/examples_rclcpp_async_client/share/examples_rclcpp_async_client/package.dsv'
[1.715s] INFO:colcon.colcon_core.shell:Creating package script '/home/yahboom/intro_ws/install/examples_rclcpp_async_client/share/examples_rclcpp_async_client/package.sh'
[1.717s] INFO:colcon.colcon_core.shell:Creating package script '/home/yahboom/intro_ws/install/examples_rclcpp_async_client/share/examples_rclcpp_async_client/package.bash'
[1.718s] INFO:colcon.colcon_core.shell:Creating package script '/home/yahboom/intro_ws/install/examples_rclcpp_async_client/share/examples_rclcpp_async_client/package.zsh'
[1.719s] Level 1:colcon.colcon_core.environment:create_file_with_runtime_dependencies(/home/yahboom/intro_ws/install/examples_rclcpp_async_client/share/colcon-core/packages/examples_rclcpp_async_client)
[1.727s] Level 1:colcon.colcon_core.environment:create_environment_scripts_only(examples_rclcpp_cbg_executor)
[1.727s] Level 1:colcon.colcon_core.environment:checking '/home/yahboom/intro_ws/install/examples_rclcpp_cbg_executor' for CMake module files
[1.728s] Level 1:colcon.colcon_core.environment:checking '/home/yahboom/intro_ws/install/examples_rclcpp_cbg_executor' for CMake config files
[1.728s] Level 1:colcon.colcon_core.shell:create_environment_hook('examples_rclcpp_cbg_executor', 'cmake_prefix_path')
[1.728s] INFO:colcon.colcon_core.shell:Creating environment hook '/home/yahboom/intro_ws/install/examples_rclcpp_cbg_executor/share/examples_rclcpp_cbg_executor/hook/cmake_prefix_path.ps1'
[1.729s] INFO:colcon.colcon_core.shell:Creating environment descriptor '/home/yahboom/intro_ws/install/examples_rclcpp_cbg_executor/share/examples_rclcpp_cbg_executor/hook/cmake_prefix_path.dsv'
[1.730s] DEBUG:colcon.colcon_core.event_handler.log_command:Invoked command in '/home/yahboom/intro_ws/build/examples_rclcpp_cbg_executor' returned '0': CMAKE_PREFIX_PATH=${CMAKE_PREFIX_PATH}:/home/yahboom/intro_ws/install/turtle_test:/home/yahboom/intro_ws/install/time_tf2_py:/home/yahboom/intro_ws/install/test_tf2_py:/home/yahboom/intro_ws/install/python_parameters:/home/yahboom/intro_ws/install/launch_testing_examples:/home/yahboom/intro_ws/install/examples_rclpy_pointcloud_publisher:/home/yahboom/intro_ws/install/examples_rclpy_minimal_subscriber:/home/yahboom/intro_ws/install/examples_rclpy_minimal_service:/home/yahboom/intro_ws/install/examples_rclpy_minimal_publisher:/home/yahboom/intro_ws/install/examples_rclpy_minimal_client:/home/yahboom/intro_ws/install/examples_rclpy_minimal_action_server:/home/yahboom/intro_ws/install/examples_rclpy_minimal_action_client:/home/yahboom/intro_ws/install/examples_rclpy_guard_conditions:/home/yahboom/intro_ws/install/examples_rclpy_executors:/home/yahboom/cartoros2/install/yahboomcar_nav:/home/yahboom/cartoros2/install/yahboomcar_ctrl:/home/yahboom/cartoros2/install/yahboom_visual:/home/yahboom/cartoros2/install/yahboom_dog_joint_state:/home/yahboom/cartoros2/install/yahboom_description:/home/yahboom/cartoros2/install/yahboom_color_identify_server:/home/yahboom/cartoros2/install/yahboom_bringup:/home/yahboom/cartoros2/install/yahboom_base:/home/yahboom/cartoros2/install/yahboom_app_save_map:/home/yahboom/cartoros2/install/update_map:/home/yahboom/cartoros2/install/rosboard:/home/yahboom/cartoros2/install/path_planner_server:/home/yahboom/cartoros2/install/nav2_simple_commander:/home/yahboom/cartoros2/install/nav2_gazebo_spawner:/home/yahboom/cartoros2/install/localization_server:/home/yahboom/cartoros2/install/laserscan_to_point_pulisher:/home/yahboom/yahboomcar_ws/install/yahboom_dog_example:/opt/ros/humble /usr/bin/cmake --install /home/yahboom/intro_ws/build/examples_rclcpp_cbg_executor
[1.730s] INFO:colcon.colcon_core.shell:Creating environment hook '/home/yahboom/intro_ws/install/examples_rclcpp_cbg_executor/share/examples_rclcpp_cbg_executor/hook/cmake_prefix_path.sh'
[1.731s] Level 1:colcon.colcon_core.environment:checking '/home/yahboom/intro_ws/install/examples_rclcpp_cbg_executor/lib'
[1.731s] Level 1:colcon.colcon_core.environment:checking '/home/yahboom/intro_ws/install/examples_rclcpp_cbg_executor/bin'
[1.731s] Level 1:colcon.colcon_core.environment:checking '/home/yahboom/intro_ws/install/examples_rclcpp_cbg_executor/lib/pkgconfig/examples_rclcpp_cbg_executor.pc'
[1.732s] Level 1:colcon.colcon_core.environment:checking '/home/yahboom/intro_ws/install/examples_rclcpp_cbg_executor/lib/python3.10/site-packages'
[1.732s] Level 1:colcon.colcon_core.environment:checking '/home/yahboom/intro_ws/install/examples_rclcpp_cbg_executor/bin'
[1.732s] INFO:colcon.colcon_core.shell:Creating package script '/home/yahboom/intro_ws/install/examples_rclcpp_cbg_executor/share/examples_rclcpp_cbg_executor/package.ps1'
[1.733s] INFO:colcon.colcon_core.shell:Creating package descriptor '/home/yahboom/intro_ws/install/examples_rclcpp_cbg_executor/share/examples_rclcpp_cbg_executor/package.dsv'
[1.733s] INFO:colcon.colcon_core.shell:Creating package script '/home/yahboom/intro_ws/install/examples_rclcpp_cbg_executor/share/examples_rclcpp_cbg_executor/package.sh'
[1.734s] INFO:colcon.colcon_core.shell:Creating package script '/home/yahboom/intro_ws/install/examples_rclcpp_cbg_executor/share/examples_rclcpp_cbg_executor/package.bash'
[1.734s] INFO:colcon.colcon_core.shell:Creating package script '/home/yahboom/intro_ws/install/examples_rclcpp_cbg_executor/share/examples_rclcpp_cbg_executor/package.zsh'
[1.735s] Level 1:colcon.colcon_core.environment:create_file_with_runtime_dependencies(/home/yahboom/intro_ws/install/examples_rclcpp_cbg_executor/share/colcon-core/packages/examples_rclcpp_cbg_executor)
[1.787s] DEBUG:colcon.colcon_core.event_handler.log_command:Invoking command in '/home/yahboom/intro_ws/build/examples_rclcpp_minimal_action_client': CMAKE_PREFIX_PATH=${CMAKE_PREFIX_PATH}:/home/yahboom/intro_ws/install/turtle_test:/home/yahboom/intro_ws/install/time_tf2_py:/home/yahboom/intro_ws/install/test_tf2_py:/home/yahboom/intro_ws/install/python_parameters:/home/yahboom/intro_ws/install/launch_testing_examples:/home/yahboom/intro_ws/install/examples_rclpy_pointcloud_publisher:/home/yahboom/intro_ws/install/examples_rclpy_minimal_subscriber:/home/yahboom/intro_ws/install/examples_rclpy_minimal_service:/home/yahboom/intro_ws/install/examples_rclpy_minimal_publisher:/home/yahboom/intro_ws/install/examples_rclpy_minimal_client:/home/yahboom/intro_ws/install/examples_rclpy_minimal_action_server:/home/yahboom/intro_ws/install/examples_rclpy_minimal_action_client:/home/yahboom/intro_ws/install/examples_rclpy_guard_conditions:/home/yahboom/intro_ws/install/examples_rclpy_executors:/home/yahboom/cartoros2/install/yahboomcar_nav:/home/yahboom/cartoros2/install/yahboomcar_ctrl:/home/yahboom/cartoros2/install/yahboom_visual:/home/yahboom/cartoros2/install/yahboom_dog_joint_state:/home/yahboom/cartoros2/install/yahboom_description:/home/yahboom/cartoros2/install/yahboom_color_identify_server:/home/yahboom/cartoros2/install/yahboom_bringup:/home/yahboom/cartoros2/install/yahboom_base:/home/yahboom/cartoros2/install/yahboom_app_save_map:/home/yahboom/cartoros2/install/update_map:/home/yahboom/cartoros2/install/rosboard:/home/yahboom/cartoros2/install/path_planner_server:/home/yahboom/cartoros2/install/nav2_simple_commander:/home/yahboom/cartoros2/install/nav2_gazebo_spawner:/home/yahboom/cartoros2/install/localization_server:/home/yahboom/cartoros2/install/laserscan_to_point_pulisher:/home/yahboom/yahboomcar_ws/install/yahboom_dog_example:/opt/ros/humble /usr/bin/cmake --install /home/yahboom/intro_ws/build/examples_rclcpp_minimal_action_client
[1.799s] Level 1:colcon.colcon_core.environment:create_environment_scripts_only(examples_rclcpp_async_client)
[1.799s] Level 1:colcon.colcon_core.environment:checking '/home/yahboom/intro_ws/install/examples_rclcpp_async_client' for CMake module files
[1.800s] Level 1:colcon.colcon_core.environment:checking '/home/yahboom/intro_ws/install/examples_rclcpp_async_client' for CMake config files
[1.800s] Level 1:colcon.colcon_core.shell:create_environment_hook('examples_rclcpp_async_client', 'cmake_prefix_path')
[1.800s] INFO:colcon.colcon_core.shell:Creating environment hook '/home/yahboom/intro_ws/install/examples_rclcpp_async_client/share/examples_rclcpp_async_client/hook/cmake_prefix_path.ps1'
[1.801s] INFO:colcon.colcon_core.shell:Creating environment descriptor '/home/yahboom/intro_ws/install/examples_rclcpp_async_client/share/examples_rclcpp_async_client/hook/cmake_prefix_path.dsv'
[1.802s] INFO:colcon.colcon_core.shell:Creating environment hook '/home/yahboom/intro_ws/install/examples_rclcpp_async_client/share/examples_rclcpp_async_client/hook/cmake_prefix_path.sh'
[1.802s] Level 1:colcon.colcon_core.environment:checking '/home/yahboom/intro_ws/install/examples_rclcpp_async_client/lib'
[1.802s] Level 1:colcon.colcon_core.environment:checking '/home/yahboom/intro_ws/install/examples_rclcpp_async_client/bin'
[1.803s] Level 1:colcon.colcon_core.environment:checking '/home/yahboom/intro_ws/install/examples_rclcpp_async_client/lib/pkgconfig/examples_rclcpp_async_client.pc'
[1.803s] Level 1:colcon.colcon_core.environment:checking '/home/yahboom/intro_ws/install/examples_rclcpp_async_client/lib/python3.10/site-packages'
[1.803s] Level 1:colcon.colcon_core.environment:checking '/home/yahboom/intro_ws/install/examples_rclcpp_async_client/bin'
[1.803s] INFO:colcon.colcon_core.shell:Creating package script '/home/yahboom/intro_ws/install/examples_rclcpp_async_client/share/examples_rclcpp_async_client/package.ps1'
[1.804s] INFO:colcon.colcon_core.shell:Creating package descriptor '/home/yahboom/intro_ws/install/examples_rclcpp_async_client/share/examples_rclcpp_async_client/package.dsv'
[1.804s] INFO:colcon.colcon_core.shell:Creating package script '/home/yahboom/intro_ws/install/examples_rclcpp_async_client/share/examples_rclcpp_async_client/package.sh'
[1.806s] INFO:colcon.colcon_core.shell:Creating package script '/home/yahboom/intro_ws/install/examples_rclcpp_async_client/share/examples_rclcpp_async_client/package.bash'
[1.807s] INFO:colcon.colcon_core.shell:Creating package script '/home/yahboom/intro_ws/install/examples_rclcpp_async_client/share/examples_rclcpp_async_client/package.zsh'
[1.808s] Level 1:colcon.colcon_core.environment:create_file_with_runtime_dependencies(/home/yahboom/intro_ws/install/examples_rclcpp_async_client/share/colcon-core/packages/examples_rclcpp_async_client)
[1.809s] INFO:colcon.colcon_ros.task.ament_cmake.build:Building ROS package in '/home/yahboom/intro_ws/src/examples/rclcpp/actions/minimal_action_server' with build type 'ament_cmake'
[1.809s] INFO:colcon.colcon_cmake.task.cmake.build:Building CMake package in '/home/yahboom/intro_ws/src/examples/rclcpp/actions/minimal_action_server'
[1.810s] INFO:colcon.colcon_core.shell:Skip shell extension 'powershell' for command environment: Not usable outside of PowerShell
[1.810s] DEBUG:colcon.colcon_core.shell:Skip shell extension 'dsv' for command environment
[1.833s] DEBUG:colcon.colcon_core.event_handler.log_command:Invoking command in '/home/yahboom/intro_ws/build/examples_rclcpp_minimal_action_server': CMAKE_PREFIX_PATH=${CMAKE_PREFIX_PATH}:/home/yahboom/intro_ws/install/turtle_test:/home/yahboom/intro_ws/install/time_tf2_py:/home/yahboom/intro_ws/install/test_tf2_py:/home/yahboom/intro_ws/install/python_parameters:/home/yahboom/intro_ws/install/launch_testing_examples:/home/yahboom/intro_ws/install/examples_rclpy_pointcloud_publisher:/home/yahboom/intro_ws/install/examples_rclpy_minimal_subscriber:/home/yahboom/intro_ws/install/examples_rclpy_minimal_service:/home/yahboom/intro_ws/install/examples_rclpy_minimal_publisher:/home/yahboom/intro_ws/install/examples_rclpy_minimal_client:/home/yahboom/intro_ws/install/examples_rclpy_minimal_action_server:/home/yahboom/intro_ws/install/examples_rclpy_minimal_action_client:/home/yahboom/intro_ws/install/examples_rclpy_guard_conditions:/home/yahboom/intro_ws/install/examples_rclpy_executors:/home/yahboom/cartoros2/install/yahboomcar_nav:/home/yahboom/cartoros2/install/yahboomcar_ctrl:/home/yahboom/cartoros2/install/yahboom_visual:/home/yahboom/cartoros2/install/yahboom_dog_joint_state:/home/yahboom/cartoros2/install/yahboom_description:/home/yahboom/cartoros2/install/yahboom_color_identify_server:/home/yahboom/cartoros2/install/yahboom_bringup:/home/yahboom/cartoros2/install/yahboom_base:/home/yahboom/cartoros2/install/yahboom_app_save_map:/home/yahboom/cartoros2/install/update_map:/home/yahboom/cartoros2/install/rosboard:/home/yahboom/cartoros2/install/path_planner_server:/home/yahboom/cartoros2/install/nav2_simple_commander:/home/yahboom/cartoros2/install/nav2_gazebo_spawner:/home/yahboom/cartoros2/install/localization_server:/home/yahboom/cartoros2/install/laserscan_to_point_pulisher:/home/yahboom/yahboomcar_ws/install/yahboom_dog_example:/opt/ros/humble /usr/bin/cmake /home/yahboom/intro_ws/src/examples/rclcpp/actions/minimal_action_server -DCMAKE_INSTALL_PREFIX=/home/yahboom/intro_ws/install/examples_rclcpp_minimal_action_server
[1.835s] Level 1:colcon.colcon_core.environment:create_environment_scripts_only(examples_rclcpp_minimal_action_client)
[1.835s] Level 1:colcon.colcon_core.environment:checking '/home/yahboom/intro_ws/install/examples_rclcpp_minimal_action_client' for CMake module files
[1.835s] DEBUG:colcon.colcon_core.event_handler.log_command:Invoked command in '/home/yahboom/intro_ws/build/examples_rclcpp_minimal_action_client' returned '0': CMAKE_PREFIX_PATH=${CMAKE_PREFIX_PATH}:/home/yahboom/intro_ws/install/turtle_test:/home/yahboom/intro_ws/install/time_tf2_py:/home/yahboom/intro_ws/install/test_tf2_py:/home/yahboom/intro_ws/install/python_parameters:/home/yahboom/intro_ws/install/launch_testing_examples:/home/yahboom/intro_ws/install/examples_rclpy_pointcloud_publisher:/home/yahboom/intro_ws/install/examples_rclpy_minimal_subscriber:/home/yahboom/intro_ws/install/examples_rclpy_minimal_service:/home/yahboom/intro_ws/install/examples_rclpy_minimal_publisher:/home/yahboom/intro_ws/install/examples_rclpy_minimal_client:/home/yahboom/intro_ws/install/examples_rclpy_minimal_action_server:/home/yahboom/intro_ws/install/examples_rclpy_minimal_action_client:/home/yahboom/intro_ws/install/examples_rclpy_guard_conditions:/home/yahboom/intro_ws/install/examples_rclpy_executors:/home/yahboom/cartoros2/install/yahboomcar_nav:/home/yahboom/cartoros2/install/yahboomcar_ctrl:/home/yahboom/cartoros2/install/yahboom_visual:/home/yahboom/cartoros2/install/yahboom_dog_joint_state:/home/yahboom/cartoros2/install/yahboom_description:/home/yahboom/cartoros2/install/yahboom_color_identify_server:/home/yahboom/cartoros2/install/yahboom_bringup:/home/yahboom/cartoros2/install/yahboom_base:/home/yahboom/cartoros2/install/yahboom_app_save_map:/home/yahboom/cartoros2/install/update_map:/home/yahboom/cartoros2/install/rosboard:/home/yahboom/cartoros2/install/path_planner_server:/home/yahboom/cartoros2/install/nav2_simple_commander:/home/yahboom/cartoros2/install/nav2_gazebo_spawner:/home/yahboom/cartoros2/install/localization_server:/home/yahboom/cartoros2/install/laserscan_to_point_pulisher:/home/yahboom/yahboomcar_ws/install/yahboom_dog_example:/opt/ros/humble /usr/bin/cmake --install /home/yahboom/intro_ws/build/examples_rclcpp_minimal_action_client
[1.836s] Level 1:colcon.colcon_core.environment:checking '/home/yahboom/intro_ws/install/examples_rclcpp_minimal_action_client' for CMake config files
[1.836s] Level 1:colcon.colcon_core.shell:create_environment_hook('examples_rclcpp_minimal_action_client', 'cmake_prefix_path')
[1.836s] INFO:colcon.colcon_core.shell:Creating environment hook '/home/yahboom/intro_ws/install/examples_rclcpp_minimal_action_client/share/examples_rclcpp_minimal_action_client/hook/cmake_prefix_path.ps1'
[1.837s] INFO:colcon.colcon_core.shell:Creating environment descriptor '/home/yahboom/intro_ws/install/examples_rclcpp_minimal_action_client/share/examples_rclcpp_minimal_action_client/hook/cmake_prefix_path.dsv'
[1.837s] INFO:colcon.colcon_core.shell:Creating environment hook '/home/yahboom/intro_ws/install/examples_rclcpp_minimal_action_client/share/examples_rclcpp_minimal_action_client/hook/cmake_prefix_path.sh'
[1.840s] Level 1:colcon.colcon_core.environment:checking '/home/yahboom/intro_ws/install/examples_rclcpp_minimal_action_client/lib'
[1.840s] Level 1:colcon.colcon_core.environment:checking '/home/yahboom/intro_ws/install/examples_rclcpp_minimal_action_client/bin'
[1.840s] Level 1:colcon.colcon_core.environment:checking '/home/yahboom/intro_ws/install/examples_rclcpp_minimal_action_client/lib/pkgconfig/examples_rclcpp_minimal_action_client.pc'
[1.840s] Level 1:colcon.colcon_core.environment:checking '/home/yahboom/intro_ws/install/examples_rclcpp_minimal_action_client/lib/python3.10/site-packages'
[1.840s] Level 1:colcon.colcon_core.environment:checking '/home/yahboom/intro_ws/install/examples_rclcpp_minimal_action_client/bin'
[1.841s] INFO:colcon.colcon_core.shell:Creating package script '/home/yahboom/intro_ws/install/examples_rclcpp_minimal_action_client/share/examples_rclcpp_minimal_action_client/package.ps1'
[1.842s] INFO:colcon.colcon_core.shell:Creating package descriptor '/home/yahboom/intro_ws/install/examples_rclcpp_minimal_action_client/share/examples_rclcpp_minimal_action_client/package.dsv'
[1.842s] INFO:colcon.colcon_core.shell:Creating package script '/home/yahboom/intro_ws/install/examples_rclcpp_minimal_action_client/share/examples_rclcpp_minimal_action_client/package.sh'
[1.843s] INFO:colcon.colcon_core.shell:Creating package script '/home/yahboom/intro_ws/install/examples_rclcpp_minimal_action_client/share/examples_rclcpp_minimal_action_client/package.bash'
[1.843s] INFO:colcon.colcon_core.shell:Creating package script '/home/yahboom/intro_ws/install/examples_rclcpp_minimal_action_client/share/examples_rclcpp_minimal_action_client/package.zsh'
[1.844s] Level 1:colcon.colcon_core.environment:create_file_with_runtime_dependencies(/home/yahboom/intro_ws/install/examples_rclcpp_minimal_action_client/share/colcon-core/packages/examples_rclcpp_minimal_action_client)
[1.857s] Level 1:colcon.colcon_core.environment:create_environment_scripts_only(examples_rclcpp_cbg_executor)
[1.857s] Level 1:colcon.colcon_core.environment:checking '/home/yahboom/intro_ws/install/examples_rclcpp_cbg_executor' for CMake module files
[1.857s] Level 1:colcon.colcon_core.environment:checking '/home/yahboom/intro_ws/install/examples_rclcpp_cbg_executor' for CMake config files
[1.858s] Level 1:colcon.colcon_core.shell:create_environment_hook('examples_rclcpp_cbg_executor', 'cmake_prefix_path')
[1.858s] INFO:colcon.colcon_core.shell:Creating environment hook '/home/yahboom/intro_ws/install/examples_rclcpp_cbg_executor/share/examples_rclcpp_cbg_executor/hook/cmake_prefix_path.ps1'
[1.859s] INFO:colcon.colcon_core.shell:Creating environment descriptor '/home/yahboom/intro_ws/install/examples_rclcpp_cbg_executor/share/examples_rclcpp_cbg_executor/hook/cmake_prefix_path.dsv'
[1.860s] INFO:colcon.colcon_core.shell:Creating environment hook '/home/yahboom/intro_ws/install/examples_rclcpp_cbg_executor/share/examples_rclcpp_cbg_executor/hook/cmake_prefix_path.sh'
[1.861s] Level 1:colcon.colcon_core.environment:checking '/home/yahboom/intro_ws/install/examples_rclcpp_cbg_executor/lib'
[1.861s] Level 1:colcon.colcon_core.environment:checking '/home/yahboom/intro_ws/install/examples_rclcpp_cbg_executor/bin'
[1.861s] Level 1:colcon.colcon_core.environment:checking '/home/yahboom/intro_ws/install/examples_rclcpp_cbg_executor/lib/pkgconfig/examples_rclcpp_cbg_executor.pc'
[1.861s] Level 1:colcon.colcon_core.environment:checking '/home/yahboom/intro_ws/install/examples_rclcpp_cbg_executor/lib/python3.10/site-packages'
[1.861s] Level 1:colcon.colcon_core.environment:checking '/home/yahboom/intro_ws/install/examples_rclcpp_cbg_executor/bin'
[1.861s] INFO:colcon.colcon_core.shell:Creating package script '/home/yahboom/intro_ws/install/examples_rclcpp_cbg_executor/share/examples_rclcpp_cbg_executor/package.ps1'
[1.862s] INFO:colcon.colcon_core.shell:Creating package descriptor '/home/yahboom/intro_ws/install/examples_rclcpp_cbg_executor/share/examples_rclcpp_cbg_executor/package.dsv'
[1.863s] INFO:colcon.colcon_core.shell:Creating package script '/home/yahboom/intro_ws/install/examples_rclcpp_cbg_executor/share/examples_rclcpp_cbg_executor/package.sh'
[1.863s] INFO:colcon.colcon_core.shell:Creating package script '/home/yahboom/intro_ws/install/examples_rclcpp_cbg_executor/share/examples_rclcpp_cbg_executor/package.bash'
[1.864s] INFO:colcon.colcon_core.shell:Creating package script '/home/yahboom/intro_ws/install/examples_rclcpp_cbg_executor/share/examples_rclcpp_cbg_executor/package.zsh'
[1.864s] Level 1:colcon.colcon_core.environment:create_file_with_runtime_dependencies(/home/yahboom/intro_ws/install/examples_rclcpp_cbg_executor/share/colcon-core/packages/examples_rclcpp_cbg_executor)
[1.865s] INFO:colcon.colcon_ros.task.ament_cmake.build:Building ROS package in '/home/yahboom/intro_ws/src/examples/rclcpp/services/minimal_client' with build type 'ament_cmake'
[1.865s] INFO:colcon.colcon_cmake.task.cmake.build:Building CMake package in '/home/yahboom/intro_ws/src/examples/rclcpp/services/minimal_client'
[1.865s] INFO:colcon.colcon_core.shell:Skip shell extension 'powershell' for command environment: Not usable outside of PowerShell
[1.865s] DEBUG:colcon.colcon_core.shell:Skip shell extension 'dsv' for command environment
[1.892s] DEBUG:colcon.colcon_core.event_handler.log_command:Invoking command in '/home/yahboom/intro_ws/build/examples_rclcpp_minimal_client': CMAKE_PREFIX_PATH=${CMAKE_PREFIX_PATH}:/home/yahboom/intro_ws/install/turtle_test:/home/yahboom/intro_ws/install/time_tf2_py:/home/yahboom/intro_ws/install/test_tf2_py:/home/yahboom/intro_ws/install/python_parameters:/home/yahboom/intro_ws/install/launch_testing_examples:/home/yahboom/intro_ws/install/examples_rclpy_pointcloud_publisher:/home/yahboom/intro_ws/install/examples_rclpy_minimal_subscriber:/home/yahboom/intro_ws/install/examples_rclpy_minimal_service:/home/yahboom/intro_ws/install/examples_rclpy_minimal_publisher:/home/yahboom/intro_ws/install/examples_rclpy_minimal_client:/home/yahboom/intro_ws/install/examples_rclpy_minimal_action_server:/home/yahboom/intro_ws/install/examples_rclpy_minimal_action_client:/home/yahboom/intro_ws/install/examples_rclpy_guard_conditions:/home/yahboom/intro_ws/install/examples_rclpy_executors:/home/yahboom/cartoros2/install/yahboomcar_nav:/home/yahboom/cartoros2/install/yahboomcar_ctrl:/home/yahboom/cartoros2/install/yahboom_visual:/home/yahboom/cartoros2/install/yahboom_dog_joint_state:/home/yahboom/cartoros2/install/yahboom_description:/home/yahboom/cartoros2/install/yahboom_color_identify_server:/home/yahboom/cartoros2/install/yahboom_bringup:/home/yahboom/cartoros2/install/yahboom_base:/home/yahboom/cartoros2/install/yahboom_app_save_map:/home/yahboom/cartoros2/install/update_map:/home/yahboom/cartoros2/install/rosboard:/home/yahboom/cartoros2/install/path_planner_server:/home/yahboom/cartoros2/install/nav2_simple_commander:/home/yahboom/cartoros2/install/nav2_gazebo_spawner:/home/yahboom/cartoros2/install/localization_server:/home/yahboom/cartoros2/install/laserscan_to_point_pulisher:/home/yahboom/yahboomcar_ws/install/yahboom_dog_example:/opt/ros/humble /usr/bin/cmake /home/yahboom/intro_ws/src/examples/rclcpp/services/minimal_client -DCMAKE_INSTALL_PREFIX=/home/yahboom/intro_ws/install/examples_rclcpp_minimal_client
[1.968s] Level 1:colcon.colcon_core.environment:create_environment_scripts_only(examples_rclcpp_minimal_action_client)
[1.968s] Level 1:colcon.colcon_core.environment:checking '/home/yahboom/intro_ws/install/examples_rclcpp_minimal_action_client' for CMake module files
[1.969s] Level 1:colcon.colcon_core.environment:checking '/home/yahboom/intro_ws/install/examples_rclcpp_minimal_action_client' for CMake config files
[1.969s] Level 1:colcon.colcon_core.shell:create_environment_hook('examples_rclcpp_minimal_action_client', 'cmake_prefix_path')
[1.969s] INFO:colcon.colcon_core.shell:Creating environment hook '/home/yahboom/intro_ws/install/examples_rclcpp_minimal_action_client/share/examples_rclcpp_minimal_action_client/hook/cmake_prefix_path.ps1'
[1.970s] INFO:colcon.colcon_core.shell:Creating environment descriptor '/home/yahboom/intro_ws/install/examples_rclcpp_minimal_action_client/share/examples_rclcpp_minimal_action_client/hook/cmake_prefix_path.dsv'
[1.971s] INFO:colcon.colcon_core.shell:Creating environment hook '/home/yahboom/intro_ws/install/examples_rclcpp_minimal_action_client/share/examples_rclcpp_minimal_action_client/hook/cmake_prefix_path.sh'
[1.971s] Level 1:colcon.colcon_core.environment:checking '/home/yahboom/intro_ws/install/examples_rclcpp_minimal_action_client/lib'
[1.972s] Level 1:colcon.colcon_core.environment:checking '/home/yahboom/intro_ws/install/examples_rclcpp_minimal_action_client/bin'
[1.972s] Level 1:colcon.colcon_core.environment:checking '/home/yahboom/intro_ws/install/examples_rclcpp_minimal_action_client/lib/pkgconfig/examples_rclcpp_minimal_action_client.pc'
[1.972s] Level 1:colcon.colcon_core.environment:checking '/home/yahboom/intro_ws/install/examples_rclcpp_minimal_action_client/lib/python3.10/site-packages'
[1.972s] Level 1:colcon.colcon_core.environment:checking '/home/yahboom/intro_ws/install/examples_rclcpp_minimal_action_client/bin'
[1.972s] INFO:colcon.colcon_core.shell:Creating package script '/home/yahboom/intro_ws/install/examples_rclcpp_minimal_action_client/share/examples_rclcpp_minimal_action_client/package.ps1'
[1.973s] INFO:colcon.colcon_core.shell:Creating package descriptor '/home/yahboom/intro_ws/install/examples_rclcpp_minimal_action_client/share/examples_rclcpp_minimal_action_client/package.dsv'
[1.974s] INFO:colcon.colcon_core.shell:Creating package script '/home/yahboom/intro_ws/install/examples_rclcpp_minimal_action_client/share/examples_rclcpp_minimal_action_client/package.sh'
[1.975s] INFO:colcon.colcon_core.shell:Creating package script '/home/yahboom/intro_ws/install/examples_rclcpp_minimal_action_client/share/examples_rclcpp_minimal_action_client/package.bash'
[1.975s] INFO:colcon.colcon_core.shell:Creating package script '/home/yahboom/intro_ws/install/examples_rclcpp_minimal_action_client/share/examples_rclcpp_minimal_action_client/package.zsh'
[1.976s] Level 1:colcon.colcon_core.environment:create_file_with_runtime_dependencies(/home/yahboom/intro_ws/install/examples_rclcpp_minimal_action_client/share/colcon-core/packages/examples_rclcpp_minimal_action_client)
[1.977s] INFO:colcon.colcon_ros.task.ament_cmake.build:Building ROS package in '/home/yahboom/intro_ws/src/examples/rclcpp/composition/minimal_composition' with build type 'ament_cmake'
[1.977s] INFO:colcon.colcon_cmake.task.cmake.build:Building CMake package in '/home/yahboom/intro_ws/src/examples/rclcpp/composition/minimal_composition'
[1.977s] INFO:colcon.colcon_core.shell:Skip shell extension 'powershell' for command environment: Not usable outside of PowerShell
[1.977s] DEBUG:colcon.colcon_core.shell:Skip shell extension 'dsv' for command environment
[2.000s] DEBUG:colcon.colcon_core.event_handler.log_command:Invoking command in '/home/yahboom/intro_ws/build/examples_rclcpp_minimal_composition': CMAKE_PREFIX_PATH=${CMAKE_PREFIX_PATH}:/home/yahboom/intro_ws/install/turtle_test:/home/yahboom/intro_ws/install/time_tf2_py:/home/yahboom/intro_ws/install/test_tf2_py:/home/yahboom/intro_ws/install/python_parameters:/home/yahboom/intro_ws/install/launch_testing_examples:/home/yahboom/intro_ws/install/examples_rclpy_pointcloud_publisher:/home/yahboom/intro_ws/install/examples_rclpy_minimal_subscriber:/home/yahboom/intro_ws/install/examples_rclpy_minimal_service:/home/yahboom/intro_ws/install/examples_rclpy_minimal_publisher:/home/yahboom/intro_ws/install/examples_rclpy_minimal_client:/home/yahboom/intro_ws/install/examples_rclpy_minimal_action_server:/home/yahboom/intro_ws/install/examples_rclpy_minimal_action_client:/home/yahboom/intro_ws/install/examples_rclpy_guard_conditions:/home/yahboom/intro_ws/install/examples_rclpy_executors:/home/yahboom/cartoros2/install/yahboomcar_nav:/home/yahboom/cartoros2/install/yahboomcar_ctrl:/home/yahboom/cartoros2/install/yahboom_visual:/home/yahboom/cartoros2/install/yahboom_dog_joint_state:/home/yahboom/cartoros2/install/yahboom_description:/home/yahboom/cartoros2/install/yahboom_color_identify_server:/home/yahboom/cartoros2/install/yahboom_bringup:/home/yahboom/cartoros2/install/yahboom_base:/home/yahboom/cartoros2/install/yahboom_app_save_map:/home/yahboom/cartoros2/install/update_map:/home/yahboom/cartoros2/install/rosboard:/home/yahboom/cartoros2/install/path_planner_server:/home/yahboom/cartoros2/install/nav2_simple_commander:/home/yahboom/cartoros2/install/nav2_gazebo_spawner:/home/yahboom/cartoros2/install/localization_server:/home/yahboom/cartoros2/install/laserscan_to_point_pulisher:/home/yahboom/yahboomcar_ws/install/yahboom_dog_example:/opt/ros/humble /usr/bin/cmake /home/yahboom/intro_ws/src/examples/rclcpp/composition/minimal_composition -DCMAKE_INSTALL_PREFIX=/home/yahboom/intro_ws/install/examples_rclcpp_minimal_composition
[2.227s] DEBUG:colcon.colcon_core.event_handler.log_command:Invoked command in '/home/yahboom/intro_ws/build/turtle_interfaces' returned '0': CMAKE_PREFIX_PATH=${CMAKE_PREFIX_PATH}:/home/yahboom/intro_ws/install/turtle_test:/home/yahboom/intro_ws/install/time_tf2_py:/home/yahboom/intro_ws/install/test_tf2_py:/home/yahboom/intro_ws/install/python_parameters:/home/yahboom/intro_ws/install/launch_testing_examples:/home/yahboom/intro_ws/install/examples_rclpy_pointcloud_publisher:/home/yahboom/intro_ws/install/examples_rclpy_minimal_subscriber:/home/yahboom/intro_ws/install/examples_rclpy_minimal_service:/home/yahboom/intro_ws/install/examples_rclpy_minimal_publisher:/home/yahboom/intro_ws/install/examples_rclpy_minimal_client:/home/yahboom/intro_ws/install/examples_rclpy_minimal_action_server:/home/yahboom/intro_ws/install/examples_rclpy_minimal_action_client:/home/yahboom/intro_ws/install/examples_rclpy_guard_conditions:/home/yahboom/intro_ws/install/examples_rclpy_executors:/home/yahboom/cartoros2/install/yahboomcar_nav:/home/yahboom/cartoros2/install/yahboomcar_ctrl:/home/yahboom/cartoros2/install/yahboom_visual:/home/yahboom/cartoros2/install/yahboom_dog_joint_state:/home/yahboom/cartoros2/install/yahboom_description:/home/yahboom/cartoros2/install/yahboom_color_identify_server:/home/yahboom/cartoros2/install/yahboom_bringup:/home/yahboom/cartoros2/install/yahboom_base:/home/yahboom/cartoros2/install/yahboom_app_save_map:/home/yahboom/cartoros2/install/update_map:/home/yahboom/cartoros2/install/rosboard:/home/yahboom/cartoros2/install/path_planner_server:/home/yahboom/cartoros2/install/nav2_simple_commander:/home/yahboom/cartoros2/install/nav2_gazebo_spawner:/home/yahboom/cartoros2/install/localization_server:/home/yahboom/cartoros2/install/laserscan_to_point_pulisher:/home/yahboom/yahboomcar_ws/install/yahboom_dog_example:/opt/ros/humble /usr/bin/cmake /home/yahboom/intro_ws/src/turtle_interfaces -DCMAKE_INSTALL_PREFIX=/home/yahboom/intro_ws/install/turtle_interfaces
[2.229s] DEBUG:colcon.colcon_core.event_handler.log_command:Invoking command in '/home/yahboom/intro_ws/build/turtle_interfaces': CMAKE_PREFIX_PATH=${CMAKE_PREFIX_PATH}:/home/yahboom/intro_ws/install/turtle_test:/home/yahboom/intro_ws/install/time_tf2_py:/home/yahboom/intro_ws/install/test_tf2_py:/home/yahboom/intro_ws/install/python_parameters:/home/yahboom/intro_ws/install/launch_testing_examples:/home/yahboom/intro_ws/install/examples_rclpy_pointcloud_publisher:/home/yahboom/intro_ws/install/examples_rclpy_minimal_subscriber:/home/yahboom/intro_ws/install/examples_rclpy_minimal_service:/home/yahboom/intro_ws/install/examples_rclpy_minimal_publisher:/home/yahboom/intro_ws/install/examples_rclpy_minimal_client:/home/yahboom/intro_ws/install/examples_rclpy_minimal_action_server:/home/yahboom/intro_ws/install/examples_rclpy_minimal_action_client:/home/yahboom/intro_ws/install/examples_rclpy_guard_conditions:/home/yahboom/intro_ws/install/examples_rclpy_executors:/home/yahboom/cartoros2/install/yahboomcar_nav:/home/yahboom/cartoros2/install/yahboomcar_ctrl:/home/yahboom/cartoros2/install/yahboom_visual:/home/yahboom/cartoros2/install/yahboom_dog_joint_state:/home/yahboom/cartoros2/install/yahboom_description:/home/yahboom/cartoros2/install/yahboom_color_identify_server:/home/yahboom/cartoros2/install/yahboom_bringup:/home/yahboom/cartoros2/install/yahboom_base:/home/yahboom/cartoros2/install/yahboom_app_save_map:/home/yahboom/cartoros2/install/update_map:/home/yahboom/cartoros2/install/rosboard:/home/yahboom/cartoros2/install/path_planner_server:/home/yahboom/cartoros2/install/nav2_simple_commander:/home/yahboom/cartoros2/install/nav2_gazebo_spawner:/home/yahboom/cartoros2/install/localization_server:/home/yahboom/cartoros2/install/laserscan_to_point_pulisher:/home/yahboom/yahboomcar_ws/install/yahboom_dog_example:/opt/ros/humble /usr/bin/cmake --build /home/yahboom/intro_ws/build/turtle_interfaces -- -j4 -l4
[2.861s] DEBUG:colcon.colcon_core.event_handler.log_command:Invoked command in '/home/yahboom/intro_ws/build/examples_rclcpp_minimal_action_server' returned '0': CMAKE_PREFIX_PATH=${CMAKE_PREFIX_PATH}:/home/yahboom/intro_ws/install/turtle_test:/home/yahboom/intro_ws/install/time_tf2_py:/home/yahboom/intro_ws/install/test_tf2_py:/home/yahboom/intro_ws/install/python_parameters:/home/yahboom/intro_ws/install/launch_testing_examples:/home/yahboom/intro_ws/install/examples_rclpy_pointcloud_publisher:/home/yahboom/intro_ws/install/examples_rclpy_minimal_subscriber:/home/yahboom/intro_ws/install/examples_rclpy_minimal_service:/home/yahboom/intro_ws/install/examples_rclpy_minimal_publisher:/home/yahboom/intro_ws/install/examples_rclpy_minimal_client:/home/yahboom/intro_ws/install/examples_rclpy_minimal_action_server:/home/yahboom/intro_ws/install/examples_rclpy_minimal_action_client:/home/yahboom/intro_ws/install/examples_rclpy_guard_conditions:/home/yahboom/intro_ws/install/examples_rclpy_executors:/home/yahboom/cartoros2/install/yahboomcar_nav:/home/yahboom/cartoros2/install/yahboomcar_ctrl:/home/yahboom/cartoros2/install/yahboom_visual:/home/yahboom/cartoros2/install/yahboom_dog_joint_state:/home/yahboom/cartoros2/install/yahboom_description:/home/yahboom/cartoros2/install/yahboom_color_identify_server:/home/yahboom/cartoros2/install/yahboom_bringup:/home/yahboom/cartoros2/install/yahboom_base:/home/yahboom/cartoros2/install/yahboom_app_save_map:/home/yahboom/cartoros2/install/update_map:/home/yahboom/cartoros2/install/rosboard:/home/yahboom/cartoros2/install/path_planner_server:/home/yahboom/cartoros2/install/nav2_simple_commander:/home/yahboom/cartoros2/install/nav2_gazebo_spawner:/home/yahboom/cartoros2/install/localization_server:/home/yahboom/cartoros2/install/laserscan_to_point_pulisher:/home/yahboom/yahboomcar_ws/install/yahboom_dog_example:/opt/ros/humble /usr/bin/cmake /home/yahboom/intro_ws/src/examples/rclcpp/actions/minimal_action_server -DCMAKE_INSTALL_PREFIX=/home/yahboom/intro_ws/install/examples_rclcpp_minimal_action_server
[2.867s] DEBUG:colcon.colcon_core.event_handler.log_command:Invoking command in '/home/yahboom/intro_ws/build/examples_rclcpp_minimal_action_server': CMAKE_PREFIX_PATH=${CMAKE_PREFIX_PATH}:/home/yahboom/intro_ws/install/turtle_test:/home/yahboom/intro_ws/install/time_tf2_py:/home/yahboom/intro_ws/install/test_tf2_py:/home/yahboom/intro_ws/install/python_parameters:/home/yahboom/intro_ws/install/launch_testing_examples:/home/yahboom/intro_ws/install/examples_rclpy_pointcloud_publisher:/home/yahboom/intro_ws/install/examples_rclpy_minimal_subscriber:/home/yahboom/intro_ws/install/examples_rclpy_minimal_service:/home/yahboom/intro_ws/install/examples_rclpy_minimal_publisher:/home/yahboom/intro_ws/install/examples_rclpy_minimal_client:/home/yahboom/intro_ws/install/examples_rclpy_minimal_action_server:/home/yahboom/intro_ws/install/examples_rclpy_minimal_action_client:/home/yahboom/intro_ws/install/examples_rclpy_guard_conditions:/home/yahboom/intro_ws/install/examples_rclpy_executors:/home/yahboom/cartoros2/install/yahboomcar_nav:/home/yahboom/cartoros2/install/yahboomcar_ctrl:/home/yahboom/cartoros2/install/yahboom_visual:/home/yahboom/cartoros2/install/yahboom_dog_joint_state:/home/yahboom/cartoros2/install/yahboom_description:/home/yahboom/cartoros2/install/yahboom_color_identify_server:/home/yahboom/cartoros2/install/yahboom_bringup:/home/yahboom/cartoros2/install/yahboom_base:/home/yahboom/cartoros2/install/yahboom_app_save_map:/home/yahboom/cartoros2/install/update_map:/home/yahboom/cartoros2/install/rosboard:/home/yahboom/cartoros2/install/path_planner_server:/home/yahboom/cartoros2/install/nav2_simple_commander:/home/yahboom/cartoros2/install/nav2_gazebo_spawner:/home/yahboom/cartoros2/install/localization_server:/home/yahboom/cartoros2/install/laserscan_to_point_pulisher:/home/yahboom/yahboomcar_ws/install/yahboom_dog_example:/opt/ros/humble /usr/bin/cmake --build /home/yahboom/intro_ws/build/examples_rclcpp_minimal_action_server -- -j4 -l4
[2.919s] DEBUG:colcon.colcon_core.event_handler.log_command:Invoked command in '/home/yahboom/intro_ws/build/examples_rclcpp_minimal_client' returned '0': CMAKE_PREFIX_PATH=${CMAKE_PREFIX_PATH}:/home/yahboom/intro_ws/install/turtle_test:/home/yahboom/intro_ws/install/time_tf2_py:/home/yahboom/intro_ws/install/test_tf2_py:/home/yahboom/intro_ws/install/python_parameters:/home/yahboom/intro_ws/install/launch_testing_examples:/home/yahboom/intro_ws/install/examples_rclpy_pointcloud_publisher:/home/yahboom/intro_ws/install/examples_rclpy_minimal_subscriber:/home/yahboom/intro_ws/install/examples_rclpy_minimal_service:/home/yahboom/intro_ws/install/examples_rclpy_minimal_publisher:/home/yahboom/intro_ws/install/examples_rclpy_minimal_client:/home/yahboom/intro_ws/install/examples_rclpy_minimal_action_server:/home/yahboom/intro_ws/install/examples_rclpy_minimal_action_client:/home/yahboom/intro_ws/install/examples_rclpy_guard_conditions:/home/yahboom/intro_ws/install/examples_rclpy_executors:/home/yahboom/cartoros2/install/yahboomcar_nav:/home/yahboom/cartoros2/install/yahboomcar_ctrl:/home/yahboom/cartoros2/install/yahboom_visual:/home/yahboom/cartoros2/install/yahboom_dog_joint_state:/home/yahboom/cartoros2/install/yahboom_description:/home/yahboom/cartoros2/install/yahboom_color_identify_server:/home/yahboom/cartoros2/install/yahboom_bringup:/home/yahboom/cartoros2/install/yahboom_base:/home/yahboom/cartoros2/install/yahboom_app_save_map:/home/yahboom/cartoros2/install/update_map:/home/yahboom/cartoros2/install/rosboard:/home/yahboom/cartoros2/install/path_planner_server:/home/yahboom/cartoros2/install/nav2_simple_commander:/home/yahboom/cartoros2/install/nav2_gazebo_spawner:/home/yahboom/cartoros2/install/localization_server:/home/yahboom/cartoros2/install/laserscan_to_point_pulisher:/home/yahboom/yahboomcar_ws/install/yahboom_dog_example:/opt/ros/humble /usr/bin/cmake /home/yahboom/intro_ws/src/examples/rclcpp/services/minimal_client -DCMAKE_INSTALL_PREFIX=/home/yahboom/intro_ws/install/examples_rclcpp_minimal_client
[2.919s] DEBUG:colcon.colcon_core.event_handler.log_command:Invoking command in '/home/yahboom/intro_ws/build/examples_rclcpp_minimal_client': CMAKE_PREFIX_PATH=${CMAKE_PREFIX_PATH}:/home/yahboom/intro_ws/install/turtle_test:/home/yahboom/intro_ws/install/time_tf2_py:/home/yahboom/intro_ws/install/test_tf2_py:/home/yahboom/intro_ws/install/python_parameters:/home/yahboom/intro_ws/install/launch_testing_examples:/home/yahboom/intro_ws/install/examples_rclpy_pointcloud_publisher:/home/yahboom/intro_ws/install/examples_rclpy_minimal_subscriber:/home/yahboom/intro_ws/install/examples_rclpy_minimal_service:/home/yahboom/intro_ws/install/examples_rclpy_minimal_publisher:/home/yahboom/intro_ws/install/examples_rclpy_minimal_client:/home/yahboom/intro_ws/install/examples_rclpy_minimal_action_server:/home/yahboom/intro_ws/install/examples_rclpy_minimal_action_client:/home/yahboom/intro_ws/install/examples_rclpy_guard_conditions:/home/yahboom/intro_ws/install/examples_rclpy_executors:/home/yahboom/cartoros2/install/yahboomcar_nav:/home/yahboom/cartoros2/install/yahboomcar_ctrl:/home/yahboom/cartoros2/install/yahboom_visual:/home/yahboom/cartoros2/install/yahboom_dog_joint_state:/home/yahboom/cartoros2/install/yahboom_description:/home/yahboom/cartoros2/install/yahboom_color_identify_server:/home/yahboom/cartoros2/install/yahboom_bringup:/home/yahboom/cartoros2/install/yahboom_base:/home/yahboom/cartoros2/install/yahboom_app_save_map:/home/yahboom/cartoros2/install/update_map:/home/yahboom/cartoros2/install/rosboard:/home/yahboom/cartoros2/install/path_planner_server:/home/yahboom/cartoros2/install/nav2_simple_commander:/home/yahboom/cartoros2/install/nav2_gazebo_spawner:/home/yahboom/cartoros2/install/localization_server:/home/yahboom/cartoros2/install/laserscan_to_point_pulisher:/home/yahboom/yahboomcar_ws/install/yahboom_dog_example:/opt/ros/humble /usr/bin/cmake --build /home/yahboom/intro_ws/build/examples_rclcpp_minimal_client -- -j4 -l4
[2.942s] DEBUG:colcon.colcon_core.event_handler.log_command:Invoked command in '/home/yahboom/intro_ws/build/turtle_interfaces' returned '0': CMAKE_PREFIX_PATH=${CMAKE_PREFIX_PATH}:/home/yahboom/intro_ws/install/turtle_test:/home/yahboom/intro_ws/install/time_tf2_py:/home/yahboom/intro_ws/install/test_tf2_py:/home/yahboom/intro_ws/install/python_parameters:/home/yahboom/intro_ws/install/launch_testing_examples:/home/yahboom/intro_ws/install/examples_rclpy_pointcloud_publisher:/home/yahboom/intro_ws/install/examples_rclpy_minimal_subscriber:/home/yahboom/intro_ws/install/examples_rclpy_minimal_service:/home/yahboom/intro_ws/install/examples_rclpy_minimal_publisher:/home/yahboom/intro_ws/install/examples_rclpy_minimal_client:/home/yahboom/intro_ws/install/examples_rclpy_minimal_action_server:/home/yahboom/intro_ws/install/examples_rclpy_minimal_action_client:/home/yahboom/intro_ws/install/examples_rclpy_guard_conditions:/home/yahboom/intro_ws/install/examples_rclpy_executors:/home/yahboom/cartoros2/install/yahboomcar_nav:/home/yahboom/cartoros2/install/yahboomcar_ctrl:/home/yahboom/cartoros2/install/yahboom_visual:/home/yahboom/cartoros2/install/yahboom_dog_joint_state:/home/yahboom/cartoros2/install/yahboom_description:/home/yahboom/cartoros2/install/yahboom_color_identify_server:/home/yahboom/cartoros2/install/yahboom_bringup:/home/yahboom/cartoros2/install/yahboom_base:/home/yahboom/cartoros2/install/yahboom_app_save_map:/home/yahboom/cartoros2/install/update_map:/home/yahboom/cartoros2/install/rosboard:/home/yahboom/cartoros2/install/path_planner_server:/home/yahboom/cartoros2/install/nav2_simple_commander:/home/yahboom/cartoros2/install/nav2_gazebo_spawner:/home/yahboom/cartoros2/install/localization_server:/home/yahboom/cartoros2/install/laserscan_to_point_pulisher:/home/yahboom/yahboomcar_ws/install/yahboom_dog_example:/opt/ros/humble /usr/bin/cmake --build /home/yahboom/intro_ws/build/turtle_interfaces -- -j4 -l4
[3.018s] DEBUG:colcon.colcon_core.event_handler.log_command:Invoked command in '/home/yahboom/intro_ws/build/examples_rclcpp_minimal_action_server' returned '0': CMAKE_PREFIX_PATH=${CMAKE_PREFIX_PATH}:/home/yahboom/intro_ws/install/turtle_test:/home/yahboom/intro_ws/install/time_tf2_py:/home/yahboom/intro_ws/install/test_tf2_py:/home/yahboom/intro_ws/install/python_parameters:/home/yahboom/intro_ws/install/launch_testing_examples:/home/yahboom/intro_ws/install/examples_rclpy_pointcloud_publisher:/home/yahboom/intro_ws/install/examples_rclpy_minimal_subscriber:/home/yahboom/intro_ws/install/examples_rclpy_minimal_service:/home/yahboom/intro_ws/install/examples_rclpy_minimal_publisher:/home/yahboom/intro_ws/install/examples_rclpy_minimal_client:/home/yahboom/intro_ws/install/examples_rclpy_minimal_action_server:/home/yahboom/intro_ws/install/examples_rclpy_minimal_action_client:/home/yahboom/intro_ws/install/examples_rclpy_guard_conditions:/home/yahboom/intro_ws/install/examples_rclpy_executors:/home/yahboom/cartoros2/install/yahboomcar_nav:/home/yahboom/cartoros2/install/yahboomcar_ctrl:/home/yahboom/cartoros2/install/yahboom_visual:/home/yahboom/cartoros2/install/yahboom_dog_joint_state:/home/yahboom/cartoros2/install/yahboom_description:/home/yahboom/cartoros2/install/yahboom_color_identify_server:/home/yahboom/cartoros2/install/yahboom_bringup:/home/yahboom/cartoros2/install/yahboom_base:/home/yahboom/cartoros2/install/yahboom_app_save_map:/home/yahboom/cartoros2/install/update_map:/home/yahboom/cartoros2/install/rosboard:/home/yahboom/cartoros2/install/path_planner_server:/home/yahboom/cartoros2/install/nav2_simple_commander:/home/yahboom/cartoros2/install/nav2_gazebo_spawner:/home/yahboom/cartoros2/install/localization_server:/home/yahboom/cartoros2/install/laserscan_to_point_pulisher:/home/yahboom/yahboomcar_ws/install/yahboom_dog_example:/opt/ros/humble /usr/bin/cmake --build /home/yahboom/intro_ws/build/examples_rclcpp_minimal_action_server -- -j4 -l4
[3.058s] DEBUG:colcon.colcon_core.event_handler.log_command:Invoked command in '/home/yahboom/intro_ws/build/examples_rclcpp_minimal_composition' returned '0': CMAKE_PREFIX_PATH=${CMAKE_PREFIX_PATH}:/home/yahboom/intro_ws/install/turtle_test:/home/yahboom/intro_ws/install/time_tf2_py:/home/yahboom/intro_ws/install/test_tf2_py:/home/yahboom/intro_ws/install/python_parameters:/home/yahboom/intro_ws/install/launch_testing_examples:/home/yahboom/intro_ws/install/examples_rclpy_pointcloud_publisher:/home/yahboom/intro_ws/install/examples_rclpy_minimal_subscriber:/home/yahboom/intro_ws/install/examples_rclpy_minimal_service:/home/yahboom/intro_ws/install/examples_rclpy_minimal_publisher:/home/yahboom/intro_ws/install/examples_rclpy_minimal_client:/home/yahboom/intro_ws/install/examples_rclpy_minimal_action_server:/home/yahboom/intro_ws/install/examples_rclpy_minimal_action_client:/home/yahboom/intro_ws/install/examples_rclpy_guard_conditions:/home/yahboom/intro_ws/install/examples_rclpy_executors:/home/yahboom/cartoros2/install/yahboomcar_nav:/home/yahboom/cartoros2/install/yahboomcar_ctrl:/home/yahboom/cartoros2/install/yahboom_visual:/home/yahboom/cartoros2/install/yahboom_dog_joint_state:/home/yahboom/cartoros2/install/yahboom_description:/home/yahboom/cartoros2/install/yahboom_color_identify_server:/home/yahboom/cartoros2/install/yahboom_bringup:/home/yahboom/cartoros2/install/yahboom_base:/home/yahboom/cartoros2/install/yahboom_app_save_map:/home/yahboom/cartoros2/install/update_map:/home/yahboom/cartoros2/install/rosboard:/home/yahboom/cartoros2/install/path_planner_server:/home/yahboom/cartoros2/install/nav2_simple_commander:/home/yahboom/cartoros2/install/nav2_gazebo_spawner:/home/yahboom/cartoros2/install/localization_server:/home/yahboom/cartoros2/install/laserscan_to_point_pulisher:/home/yahboom/yahboomcar_ws/install/yahboom_dog_example:/opt/ros/humble /usr/bin/cmake /home/yahboom/intro_ws/src/examples/rclcpp/composition/minimal_composition -DCMAKE_INSTALL_PREFIX=/home/yahboom/intro_ws/install/examples_rclcpp_minimal_composition
[3.058s] DEBUG:colcon.colcon_core.event_handler.log_command:Invoking command in '/home/yahboom/intro_ws/build/examples_rclcpp_minimal_composition': CMAKE_PREFIX_PATH=${CMAKE_PREFIX_PATH}:/home/yahboom/intro_ws/install/turtle_test:/home/yahboom/intro_ws/install/time_tf2_py:/home/yahboom/intro_ws/install/test_tf2_py:/home/yahboom/intro_ws/install/python_parameters:/home/yahboom/intro_ws/install/launch_testing_examples:/home/yahboom/intro_ws/install/examples_rclpy_pointcloud_publisher:/home/yahboom/intro_ws/install/examples_rclpy_minimal_subscriber:/home/yahboom/intro_ws/install/examples_rclpy_minimal_service:/home/yahboom/intro_ws/install/examples_rclpy_minimal_publisher:/home/yahboom/intro_ws/install/examples_rclpy_minimal_client:/home/yahboom/intro_ws/install/examples_rclpy_minimal_action_server:/home/yahboom/intro_ws/install/examples_rclpy_minimal_action_client:/home/yahboom/intro_ws/install/examples_rclpy_guard_conditions:/home/yahboom/intro_ws/install/examples_rclpy_executors:/home/yahboom/cartoros2/install/yahboomcar_nav:/home/yahboom/cartoros2/install/yahboomcar_ctrl:/home/yahboom/cartoros2/install/yahboom_visual:/home/yahboom/cartoros2/install/yahboom_dog_joint_state:/home/yahboom/cartoros2/install/yahboom_description:/home/yahboom/cartoros2/install/yahboom_color_identify_server:/home/yahboom/cartoros2/install/yahboom_bringup:/home/yahboom/cartoros2/install/yahboom_base:/home/yahboom/cartoros2/install/yahboom_app_save_map:/home/yahboom/cartoros2/install/update_map:/home/yahboom/cartoros2/install/rosboard:/home/yahboom/cartoros2/install/path_planner_server:/home/yahboom/cartoros2/install/nav2_simple_commander:/home/yahboom/cartoros2/install/nav2_gazebo_spawner:/home/yahboom/cartoros2/install/localization_server:/home/yahboom/cartoros2/install/laserscan_to_point_pulisher:/home/yahboom/yahboomcar_ws/install/yahboom_dog_example:/opt/ros/humble /usr/bin/cmake --build /home/yahboom/intro_ws/build/examples_rclcpp_minimal_composition -- -j4 -l4
[3.073s] DEBUG:colcon.colcon_core.event_handler.log_command:Invoked command in '/home/yahboom/intro_ws/build/examples_rclcpp_minimal_client' returned '0': CMAKE_PREFIX_PATH=${CMAKE_PREFIX_PATH}:/home/yahboom/intro_ws/install/turtle_test:/home/yahboom/intro_ws/install/time_tf2_py:/home/yahboom/intro_ws/install/test_tf2_py:/home/yahboom/intro_ws/install/python_parameters:/home/yahboom/intro_ws/install/launch_testing_examples:/home/yahboom/intro_ws/install/examples_rclpy_pointcloud_publisher:/home/yahboom/intro_ws/install/examples_rclpy_minimal_subscriber:/home/yahboom/intro_ws/install/examples_rclpy_minimal_service:/home/yahboom/intro_ws/install/examples_rclpy_minimal_publisher:/home/yahboom/intro_ws/install/examples_rclpy_minimal_client:/home/yahboom/intro_ws/install/examples_rclpy_minimal_action_server:/home/yahboom/intro_ws/install/examples_rclpy_minimal_action_client:/home/yahboom/intro_ws/install/examples_rclpy_guard_conditions:/home/yahboom/intro_ws/install/examples_rclpy_executors:/home/yahboom/cartoros2/install/yahboomcar_nav:/home/yahboom/cartoros2/install/yahboomcar_ctrl:/home/yahboom/cartoros2/install/yahboom_visual:/home/yahboom/cartoros2/install/yahboom_dog_joint_state:/home/yahboom/cartoros2/install/yahboom_description:/home/yahboom/cartoros2/install/yahboom_color_identify_server:/home/yahboom/cartoros2/install/yahboom_bringup:/home/yahboom/cartoros2/install/yahboom_base:/home/yahboom/cartoros2/install/yahboom_app_save_map:/home/yahboom/cartoros2/install/update_map:/home/yahboom/cartoros2/install/rosboard:/home/yahboom/cartoros2/install/path_planner_server:/home/yahboom/cartoros2/install/nav2_simple_commander:/home/yahboom/cartoros2/install/nav2_gazebo_spawner:/home/yahboom/cartoros2/install/localization_server:/home/yahboom/cartoros2/install/laserscan_to_point_pulisher:/home/yahboom/yahboomcar_ws/install/yahboom_dog_example:/opt/ros/humble /usr/bin/cmake --build /home/yahboom/intro_ws/build/examples_rclcpp_minimal_client -- -j4 -l4
[3.112s] DEBUG:colcon.colcon_core.event_handler.log_command:Invoking command in '/home/yahboom/intro_ws/build/examples_rclcpp_minimal_action_server': CMAKE_PREFIX_PATH=${CMAKE_PREFIX_PATH}:/home/yahboom/intro_ws/install/turtle_test:/home/yahboom/intro_ws/install/time_tf2_py:/home/yahboom/intro_ws/install/test_tf2_py:/home/yahboom/intro_ws/install/python_parameters:/home/yahboom/intro_ws/install/launch_testing_examples:/home/yahboom/intro_ws/install/examples_rclpy_pointcloud_publisher:/home/yahboom/intro_ws/install/examples_rclpy_minimal_subscriber:/home/yahboom/intro_ws/install/examples_rclpy_minimal_service:/home/yahboom/intro_ws/install/examples_rclpy_minimal_publisher:/home/yahboom/intro_ws/install/examples_rclpy_minimal_client:/home/yahboom/intro_ws/install/examples_rclpy_minimal_action_server:/home/yahboom/intro_ws/install/examples_rclpy_minimal_action_client:/home/yahboom/intro_ws/install/examples_rclpy_guard_conditions:/home/yahboom/intro_ws/install/examples_rclpy_executors:/home/yahboom/cartoros2/install/yahboomcar_nav:/home/yahboom/cartoros2/install/yahboomcar_ctrl:/home/yahboom/cartoros2/install/yahboom_visual:/home/yahboom/cartoros2/install/yahboom_dog_joint_state:/home/yahboom/cartoros2/install/yahboom_description:/home/yahboom/cartoros2/install/yahboom_color_identify_server:/home/yahboom/cartoros2/install/yahboom_bringup:/home/yahboom/cartoros2/install/yahboom_base:/home/yahboom/cartoros2/install/yahboom_app_save_map:/home/yahboom/cartoros2/install/update_map:/home/yahboom/cartoros2/install/rosboard:/home/yahboom/cartoros2/install/path_planner_server:/home/yahboom/cartoros2/install/nav2_simple_commander:/home/yahboom/cartoros2/install/nav2_gazebo_spawner:/home/yahboom/cartoros2/install/localization_server:/home/yahboom/cartoros2/install/laserscan_to_point_pulisher:/home/yahboom/yahboomcar_ws/install/yahboom_dog_example:/opt/ros/humble /usr/bin/cmake --install /home/yahboom/intro_ws/build/examples_rclcpp_minimal_action_server
[3.153s] DEBUG:colcon.colcon_core.event_handler.log_command:Invoking command in '/home/yahboom/intro_ws/build/examples_rclcpp_minimal_client': CMAKE_PREFIX_PATH=${CMAKE_PREFIX_PATH}:/home/yahboom/intro_ws/install/turtle_test:/home/yahboom/intro_ws/install/time_tf2_py:/home/yahboom/intro_ws/install/test_tf2_py:/home/yahboom/intro_ws/install/python_parameters:/home/yahboom/intro_ws/install/launch_testing_examples:/home/yahboom/intro_ws/install/examples_rclpy_pointcloud_publisher:/home/yahboom/intro_ws/install/examples_rclpy_minimal_subscriber:/home/yahboom/intro_ws/install/examples_rclpy_minimal_service:/home/yahboom/intro_ws/install/examples_rclpy_minimal_publisher:/home/yahboom/intro_ws/install/examples_rclpy_minimal_client:/home/yahboom/intro_ws/install/examples_rclpy_minimal_action_server:/home/yahboom/intro_ws/install/examples_rclpy_minimal_action_client:/home/yahboom/intro_ws/install/examples_rclpy_guard_conditions:/home/yahboom/intro_ws/install/examples_rclpy_executors:/home/yahboom/cartoros2/install/yahboomcar_nav:/home/yahboom/cartoros2/install/yahboomcar_ctrl:/home/yahboom/cartoros2/install/yahboom_visual:/home/yahboom/cartoros2/install/yahboom_dog_joint_state:/home/yahboom/cartoros2/install/yahboom_description:/home/yahboom/cartoros2/install/yahboom_color_identify_server:/home/yahboom/cartoros2/install/yahboom_bringup:/home/yahboom/cartoros2/install/yahboom_base:/home/yahboom/cartoros2/install/yahboom_app_save_map:/home/yahboom/cartoros2/install/update_map:/home/yahboom/cartoros2/install/rosboard:/home/yahboom/cartoros2/install/path_planner_server:/home/yahboom/cartoros2/install/nav2_simple_commander:/home/yahboom/cartoros2/install/nav2_gazebo_spawner:/home/yahboom/cartoros2/install/localization_server:/home/yahboom/cartoros2/install/laserscan_to_point_pulisher:/home/yahboom/yahboomcar_ws/install/yahboom_dog_example:/opt/ros/humble /usr/bin/cmake --install /home/yahboom/intro_ws/build/examples_rclcpp_minimal_client
[3.156s] Level 1:colcon.colcon_core.environment:create_environment_scripts_only(examples_rclcpp_minimal_action_server)
[3.156s] Level 1:colcon.colcon_core.environment:checking '/home/yahboom/intro_ws/install/examples_rclcpp_minimal_action_server' for CMake module files
[3.156s] Level 1:colcon.colcon_core.environment:checking '/home/yahboom/intro_ws/install/examples_rclcpp_minimal_action_server' for CMake config files
[3.157s] Level 1:colcon.colcon_core.shell:create_environment_hook('examples_rclcpp_minimal_action_server', 'cmake_prefix_path')
[3.157s] INFO:colcon.colcon_core.shell:Creating environment hook '/home/yahboom/intro_ws/install/examples_rclcpp_minimal_action_server/share/examples_rclcpp_minimal_action_server/hook/cmake_prefix_path.ps1'
[3.158s] DEBUG:colcon.colcon_core.event_handler.log_command:Invoked command in '/home/yahboom/intro_ws/build/examples_rclcpp_minimal_action_server' returned '0': CMAKE_PREFIX_PATH=${CMAKE_PREFIX_PATH}:/home/yahboom/intro_ws/install/turtle_test:/home/yahboom/intro_ws/install/time_tf2_py:/home/yahboom/intro_ws/install/test_tf2_py:/home/yahboom/intro_ws/install/python_parameters:/home/yahboom/intro_ws/install/launch_testing_examples:/home/yahboom/intro_ws/install/examples_rclpy_pointcloud_publisher:/home/yahboom/intro_ws/install/examples_rclpy_minimal_subscriber:/home/yahboom/intro_ws/install/examples_rclpy_minimal_service:/home/yahboom/intro_ws/install/examples_rclpy_minimal_publisher:/home/yahboom/intro_ws/install/examples_rclpy_minimal_client:/home/yahboom/intro_ws/install/examples_rclpy_minimal_action_server:/home/yahboom/intro_ws/install/examples_rclpy_minimal_action_client:/home/yahboom/intro_ws/install/examples_rclpy_guard_conditions:/home/yahboom/intro_ws/install/examples_rclpy_executors:/home/yahboom/cartoros2/install/yahboomcar_nav:/home/yahboom/cartoros2/install/yahboomcar_ctrl:/home/yahboom/cartoros2/install/yahboom_visual:/home/yahboom/cartoros2/install/yahboom_dog_joint_state:/home/yahboom/cartoros2/install/yahboom_description:/home/yahboom/cartoros2/install/yahboom_color_identify_server:/home/yahboom/cartoros2/install/yahboom_bringup:/home/yahboom/cartoros2/install/yahboom_base:/home/yahboom/cartoros2/install/yahboom_app_save_map:/home/yahboom/cartoros2/install/update_map:/home/yahboom/cartoros2/install/rosboard:/home/yahboom/cartoros2/install/path_planner_server:/home/yahboom/cartoros2/install/nav2_simple_commander:/home/yahboom/cartoros2/install/nav2_gazebo_spawner:/home/yahboom/cartoros2/install/localization_server:/home/yahboom/cartoros2/install/laserscan_to_point_pulisher:/home/yahboom/yahboomcar_ws/install/yahboom_dog_example:/opt/ros/humble /usr/bin/cmake --install /home/yahboom/intro_ws/build/examples_rclcpp_minimal_action_server
[3.158s] INFO:colcon.colcon_core.shell:Creating environment descriptor '/home/yahboom/intro_ws/install/examples_rclcpp_minimal_action_server/share/examples_rclcpp_minimal_action_server/hook/cmake_prefix_path.dsv'
[3.159s] INFO:colcon.colcon_core.shell:Creating environment hook '/home/yahboom/intro_ws/install/examples_rclcpp_minimal_action_server/share/examples_rclcpp_minimal_action_server/hook/cmake_prefix_path.sh'
[3.159s] Level 1:colcon.colcon_core.environment:checking '/home/yahboom/intro_ws/install/examples_rclcpp_minimal_action_server/lib'
[3.159s] Level 1:colcon.colcon_core.environment:checking '/home/yahboom/intro_ws/install/examples_rclcpp_minimal_action_server/bin'
[3.160s] Level 1:colcon.colcon_core.environment:checking '/home/yahboom/intro_ws/install/examples_rclcpp_minimal_action_server/lib/pkgconfig/examples_rclcpp_minimal_action_server.pc'
[3.160s] Level 1:colcon.colcon_core.environment:checking '/home/yahboom/intro_ws/install/examples_rclcpp_minimal_action_server/lib/python3.10/site-packages'
[3.160s] Level 1:colcon.colcon_core.environment:checking '/home/yahboom/intro_ws/install/examples_rclcpp_minimal_action_server/bin'
[3.160s] INFO:colcon.colcon_core.shell:Creating package script '/home/yahboom/intro_ws/install/examples_rclcpp_minimal_action_server/share/examples_rclcpp_minimal_action_server/package.ps1'
[3.161s] INFO:colcon.colcon_core.shell:Creating package descriptor '/home/yahboom/intro_ws/install/examples_rclcpp_minimal_action_server/share/examples_rclcpp_minimal_action_server/package.dsv'
[3.161s] INFO:colcon.colcon_core.shell:Creating package script '/home/yahboom/intro_ws/install/examples_rclcpp_minimal_action_server/share/examples_rclcpp_minimal_action_server/package.sh'
[3.162s] INFO:colcon.colcon_core.shell:Creating package script '/home/yahboom/intro_ws/install/examples_rclcpp_minimal_action_server/share/examples_rclcpp_minimal_action_server/package.bash'
[3.162s] INFO:colcon.colcon_core.shell:Creating package script '/home/yahboom/intro_ws/install/examples_rclcpp_minimal_action_server/share/examples_rclcpp_minimal_action_server/package.zsh'
[3.163s] Level 1:colcon.colcon_core.environment:create_file_with_runtime_dependencies(/home/yahboom/intro_ws/install/examples_rclcpp_minimal_action_server/share/colcon-core/packages/examples_rclcpp_minimal_action_server)
[3.204s] Level 1:colcon.colcon_core.environment:create_environment_scripts_only(examples_rclcpp_minimal_client)
[3.204s] Level 1:colcon.colcon_core.environment:checking '/home/yahboom/intro_ws/install/examples_rclcpp_minimal_client' for CMake module files
[3.205s] DEBUG:colcon.colcon_core.event_handler.log_command:Invoked command in '/home/yahboom/intro_ws/build/examples_rclcpp_minimal_client' returned '0': CMAKE_PREFIX_PATH=${CMAKE_PREFIX_PATH}:/home/yahboom/intro_ws/install/turtle_test:/home/yahboom/intro_ws/install/time_tf2_py:/home/yahboom/intro_ws/install/test_tf2_py:/home/yahboom/intro_ws/install/python_parameters:/home/yahboom/intro_ws/install/launch_testing_examples:/home/yahboom/intro_ws/install/examples_rclpy_pointcloud_publisher:/home/yahboom/intro_ws/install/examples_rclpy_minimal_subscriber:/home/yahboom/intro_ws/install/examples_rclpy_minimal_service:/home/yahboom/intro_ws/install/examples_rclpy_minimal_publisher:/home/yahboom/intro_ws/install/examples_rclpy_minimal_client:/home/yahboom/intro_ws/install/examples_rclpy_minimal_action_server:/home/yahboom/intro_ws/install/examples_rclpy_minimal_action_client:/home/yahboom/intro_ws/install/examples_rclpy_guard_conditions:/home/yahboom/intro_ws/install/examples_rclpy_executors:/home/yahboom/cartoros2/install/yahboomcar_nav:/home/yahboom/cartoros2/install/yahboomcar_ctrl:/home/yahboom/cartoros2/install/yahboom_visual:/home/yahboom/cartoros2/install/yahboom_dog_joint_state:/home/yahboom/cartoros2/install/yahboom_description:/home/yahboom/cartoros2/install/yahboom_color_identify_server:/home/yahboom/cartoros2/install/yahboom_bringup:/home/yahboom/cartoros2/install/yahboom_base:/home/yahboom/cartoros2/install/yahboom_app_save_map:/home/yahboom/cartoros2/install/update_map:/home/yahboom/cartoros2/install/rosboard:/home/yahboom/cartoros2/install/path_planner_server:/home/yahboom/cartoros2/install/nav2_simple_commander:/home/yahboom/cartoros2/install/nav2_gazebo_spawner:/home/yahboom/cartoros2/install/localization_server:/home/yahboom/cartoros2/install/laserscan_to_point_pulisher:/home/yahboom/yahboomcar_ws/install/yahboom_dog_example:/opt/ros/humble /usr/bin/cmake --install /home/yahboom/intro_ws/build/examples_rclcpp_minimal_client
[3.206s] Level 1:colcon.colcon_core.environment:checking '/home/yahboom/intro_ws/install/examples_rclcpp_minimal_client' for CMake config files
[3.206s] Level 1:colcon.colcon_core.shell:create_environment_hook('examples_rclcpp_minimal_client', 'cmake_prefix_path')
[3.207s] INFO:colcon.colcon_core.shell:Creating environment hook '/home/yahboom/intro_ws/install/examples_rclcpp_minimal_client/share/examples_rclcpp_minimal_client/hook/cmake_prefix_path.ps1'
[3.209s] INFO:colcon.colcon_core.shell:Creating environment descriptor '/home/yahboom/intro_ws/install/examples_rclcpp_minimal_client/share/examples_rclcpp_minimal_client/hook/cmake_prefix_path.dsv'
[3.210s] INFO:colcon.colcon_core.shell:Creating environment hook '/home/yahboom/intro_ws/install/examples_rclcpp_minimal_client/share/examples_rclcpp_minimal_client/hook/cmake_prefix_path.sh'
[3.211s] Level 1:colcon.colcon_core.environment:checking '/home/yahboom/intro_ws/install/examples_rclcpp_minimal_client/lib'
[3.211s] Level 1:colcon.colcon_core.environment:checking '/home/yahboom/intro_ws/install/examples_rclcpp_minimal_client/bin'
[3.211s] Level 1:colcon.colcon_core.environment:checking '/home/yahboom/intro_ws/install/examples_rclcpp_minimal_client/lib/pkgconfig/examples_rclcpp_minimal_client.pc'
[3.211s] Level 1:colcon.colcon_core.environment:checking '/home/yahboom/intro_ws/install/examples_rclcpp_minimal_client/lib/python3.10/site-packages'
[3.211s] Level 1:colcon.colcon_core.environment:checking '/home/yahboom/intro_ws/install/examples_rclcpp_minimal_client/bin'
[3.211s] INFO:colcon.colcon_core.shell:Creating package script '/home/yahboom/intro_ws/install/examples_rclcpp_minimal_client/share/examples_rclcpp_minimal_client/package.ps1'
[3.212s] INFO:colcon.colcon_core.shell:Creating package descriptor '/home/yahboom/intro_ws/install/examples_rclcpp_minimal_client/share/examples_rclcpp_minimal_client/package.dsv'
[3.212s] INFO:colcon.colcon_core.shell:Creating package script '/home/yahboom/intro_ws/install/examples_rclcpp_minimal_client/share/examples_rclcpp_minimal_client/package.sh'
[3.213s] INFO:colcon.colcon_core.shell:Creating package script '/home/yahboom/intro_ws/install/examples_rclcpp_minimal_client/share/examples_rclcpp_minimal_client/package.bash'
[3.214s] INFO:colcon.colcon_core.shell:Creating package script '/home/yahboom/intro_ws/install/examples_rclcpp_minimal_client/share/examples_rclcpp_minimal_client/package.zsh'
[3.214s] Level 1:colcon.colcon_core.environment:create_file_with_runtime_dependencies(/home/yahboom/intro_ws/install/examples_rclcpp_minimal_client/share/colcon-core/packages/examples_rclcpp_minimal_client)
[3.279s] Level 1:colcon.colcon_core.environment:create_environment_scripts_only(examples_rclcpp_minimal_action_server)
[3.279s] Level 1:colcon.colcon_core.environment:checking '/home/yahboom/intro_ws/install/examples_rclcpp_minimal_action_server' for CMake module files
[3.279s] Level 1:colcon.colcon_core.environment:checking '/home/yahboom/intro_ws/install/examples_rclcpp_minimal_action_server' for CMake config files
[3.280s] Level 1:colcon.colcon_core.shell:create_environment_hook('examples_rclcpp_minimal_action_server', 'cmake_prefix_path')
[3.280s] INFO:colcon.colcon_core.shell:Creating environment hook '/home/yahboom/intro_ws/install/examples_rclcpp_minimal_action_server/share/examples_rclcpp_minimal_action_server/hook/cmake_prefix_path.ps1'
[3.281s] INFO:colcon.colcon_core.shell:Creating environment descriptor '/home/yahboom/intro_ws/install/examples_rclcpp_minimal_action_server/share/examples_rclcpp_minimal_action_server/hook/cmake_prefix_path.dsv'
[3.282s] INFO:colcon.colcon_core.shell:Creating environment hook '/home/yahboom/intro_ws/install/examples_rclcpp_minimal_action_server/share/examples_rclcpp_minimal_action_server/hook/cmake_prefix_path.sh'
[3.282s] Level 1:colcon.colcon_core.environment:checking '/home/yahboom/intro_ws/install/examples_rclcpp_minimal_action_server/lib'
[3.283s] Level 1:colcon.colcon_core.environment:checking '/home/yahboom/intro_ws/install/examples_rclcpp_minimal_action_server/bin'
[3.283s] Level 1:colcon.colcon_core.environment:checking '/home/yahboom/intro_ws/install/examples_rclcpp_minimal_action_server/lib/pkgconfig/examples_rclcpp_minimal_action_server.pc'
[3.283s] Level 1:colcon.colcon_core.environment:checking '/home/yahboom/intro_ws/install/examples_rclcpp_minimal_action_server/lib/python3.10/site-packages'
[3.283s] Level 1:colcon.colcon_core.environment:checking '/home/yahboom/intro_ws/install/examples_rclcpp_minimal_action_server/bin'
[3.283s] INFO:colcon.colcon_core.shell:Creating package script '/home/yahboom/intro_ws/install/examples_rclcpp_minimal_action_server/share/examples_rclcpp_minimal_action_server/package.ps1'
[3.284s] INFO:colcon.colcon_core.shell:Creating package descriptor '/home/yahboom/intro_ws/install/examples_rclcpp_minimal_action_server/share/examples_rclcpp_minimal_action_server/package.dsv'
[3.285s] INFO:colcon.colcon_core.shell:Creating package script '/home/yahboom/intro_ws/install/examples_rclcpp_minimal_action_server/share/examples_rclcpp_minimal_action_server/package.sh'
[3.286s] INFO:colcon.colcon_core.shell:Creating package script '/home/yahboom/intro_ws/install/examples_rclcpp_minimal_action_server/share/examples_rclcpp_minimal_action_server/package.bash'
[3.286s] INFO:colcon.colcon_core.shell:Creating package script '/home/yahboom/intro_ws/install/examples_rclcpp_minimal_action_server/share/examples_rclcpp_minimal_action_server/package.zsh'
[3.287s] Level 1:colcon.colcon_core.environment:create_file_with_runtime_dependencies(/home/yahboom/intro_ws/install/examples_rclcpp_minimal_action_server/share/colcon-core/packages/examples_rclcpp_minimal_action_server)
[3.288s] INFO:colcon.colcon_ros.task.ament_cmake.build:Building ROS package in '/home/yahboom/intro_ws/src/examples/rclcpp/topics/minimal_publisher' with build type 'ament_cmake'
[3.288s] INFO:colcon.colcon_cmake.task.cmake.build:Building CMake package in '/home/yahboom/intro_ws/src/examples/rclcpp/topics/minimal_publisher'
[3.289s] INFO:colcon.colcon_core.shell:Skip shell extension 'powershell' for command environment: Not usable outside of PowerShell
[3.289s] DEBUG:colcon.colcon_core.shell:Skip shell extension 'dsv' for command environment
[3.302s] Level 1:colcon.colcon_core.environment:create_environment_scripts_only(examples_rclcpp_minimal_client)
[3.302s] Level 1:colcon.colcon_core.environment:checking '/home/yahboom/intro_ws/install/examples_rclcpp_minimal_client' for CMake module files
[3.303s] Level 1:colcon.colcon_core.environment:checking '/home/yahboom/intro_ws/install/examples_rclcpp_minimal_client' for CMake config files
[3.303s] Level 1:colcon.colcon_core.shell:create_environment_hook('examples_rclcpp_minimal_client', 'cmake_prefix_path')
[3.304s] INFO:colcon.colcon_core.shell:Creating environment hook '/home/yahboom/intro_ws/install/examples_rclcpp_minimal_client/share/examples_rclcpp_minimal_client/hook/cmake_prefix_path.ps1'
[3.305s] INFO:colcon.colcon_core.shell:Creating environment descriptor '/home/yahboom/intro_ws/install/examples_rclcpp_minimal_client/share/examples_rclcpp_minimal_client/hook/cmake_prefix_path.dsv'
[3.305s] INFO:colcon.colcon_core.shell:Creating environment hook '/home/yahboom/intro_ws/install/examples_rclcpp_minimal_client/share/examples_rclcpp_minimal_client/hook/cmake_prefix_path.sh'
[3.306s] Level 1:colcon.colcon_core.environment:checking '/home/yahboom/intro_ws/install/examples_rclcpp_minimal_client/lib'
[3.306s] Level 1:colcon.colcon_core.environment:checking '/home/yahboom/intro_ws/install/examples_rclcpp_minimal_client/bin'
[3.306s] Level 1:colcon.colcon_core.environment:checking '/home/yahboom/intro_ws/install/examples_rclcpp_minimal_client/lib/pkgconfig/examples_rclcpp_minimal_client.pc'
[3.306s] Level 1:colcon.colcon_core.environment:checking '/home/yahboom/intro_ws/install/examples_rclcpp_minimal_client/lib/python3.10/site-packages'
[3.307s] Level 1:colcon.colcon_core.environment:checking '/home/yahboom/intro_ws/install/examples_rclcpp_minimal_client/bin'
[3.307s] INFO:colcon.colcon_core.shell:Creating package script '/home/yahboom/intro_ws/install/examples_rclcpp_minimal_client/share/examples_rclcpp_minimal_client/package.ps1'
[3.307s] INFO:colcon.colcon_core.shell:Creating package descriptor '/home/yahboom/intro_ws/install/examples_rclcpp_minimal_client/share/examples_rclcpp_minimal_client/package.dsv'
[3.308s] INFO:colcon.colcon_core.shell:Creating package script '/home/yahboom/intro_ws/install/examples_rclcpp_minimal_client/share/examples_rclcpp_minimal_client/package.sh'
[3.309s] INFO:colcon.colcon_core.shell:Creating package script '/home/yahboom/intro_ws/install/examples_rclcpp_minimal_client/share/examples_rclcpp_minimal_client/package.bash'
[3.309s] INFO:colcon.colcon_core.shell:Creating package script '/home/yahboom/intro_ws/install/examples_rclcpp_minimal_client/share/examples_rclcpp_minimal_client/package.zsh'
[3.310s] Level 1:colcon.colcon_core.environment:create_file_with_runtime_dependencies(/home/yahboom/intro_ws/install/examples_rclcpp_minimal_client/share/colcon-core/packages/examples_rclcpp_minimal_client)
[3.311s] INFO:colcon.colcon_ros.task.ament_cmake.build:Building ROS package in '/home/yahboom/intro_ws/src/examples/rclcpp/services/minimal_service' with build type 'ament_cmake'
[3.311s] INFO:colcon.colcon_cmake.task.cmake.build:Building CMake package in '/home/yahboom/intro_ws/src/examples/rclcpp/services/minimal_service'
[3.312s] INFO:colcon.colcon_core.shell:Skip shell extension 'powershell' for command environment: Not usable outside of PowerShell
[3.312s] DEBUG:colcon.colcon_core.shell:Skip shell extension 'dsv' for command environment
[3.324s] DEBUG:colcon.colcon_core.event_handler.log_command:Invoked command in '/home/yahboom/intro_ws/build/examples_rclcpp_minimal_composition' returned '0': CMAKE_PREFIX_PATH=${CMAKE_PREFIX_PATH}:/home/yahboom/intro_ws/install/turtle_test:/home/yahboom/intro_ws/install/time_tf2_py:/home/yahboom/intro_ws/install/test_tf2_py:/home/yahboom/intro_ws/install/python_parameters:/home/yahboom/intro_ws/install/launch_testing_examples:/home/yahboom/intro_ws/install/examples_rclpy_pointcloud_publisher:/home/yahboom/intro_ws/install/examples_rclpy_minimal_subscriber:/home/yahboom/intro_ws/install/examples_rclpy_minimal_service:/home/yahboom/intro_ws/install/examples_rclpy_minimal_publisher:/home/yahboom/intro_ws/install/examples_rclpy_minimal_client:/home/yahboom/intro_ws/install/examples_rclpy_minimal_action_server:/home/yahboom/intro_ws/install/examples_rclpy_minimal_action_client:/home/yahboom/intro_ws/install/examples_rclpy_guard_conditions:/home/yahboom/intro_ws/install/examples_rclpy_executors:/home/yahboom/cartoros2/install/yahboomcar_nav:/home/yahboom/cartoros2/install/yahboomcar_ctrl:/home/yahboom/cartoros2/install/yahboom_visual:/home/yahboom/cartoros2/install/yahboom_dog_joint_state:/home/yahboom/cartoros2/install/yahboom_description:/home/yahboom/cartoros2/install/yahboom_color_identify_server:/home/yahboom/cartoros2/install/yahboom_bringup:/home/yahboom/cartoros2/install/yahboom_base:/home/yahboom/cartoros2/install/yahboom_app_save_map:/home/yahboom/cartoros2/install/update_map:/home/yahboom/cartoros2/install/rosboard:/home/yahboom/cartoros2/install/path_planner_server:/home/yahboom/cartoros2/install/nav2_simple_commander:/home/yahboom/cartoros2/install/nav2_gazebo_spawner:/home/yahboom/cartoros2/install/localization_server:/home/yahboom/cartoros2/install/laserscan_to_point_pulisher:/home/yahboom/yahboomcar_ws/install/yahboom_dog_example:/opt/ros/humble /usr/bin/cmake --build /home/yahboom/intro_ws/build/examples_rclcpp_minimal_composition -- -j4 -l4
[3.330s] DEBUG:colcon.colcon_core.event_handler.log_command:Invoking command in '/home/yahboom/intro_ws/build/examples_rclcpp_minimal_publisher': CMAKE_PREFIX_PATH=${CMAKE_PREFIX_PATH}:/home/yahboom/intro_ws/install/turtle_test:/home/yahboom/intro_ws/install/time_tf2_py:/home/yahboom/intro_ws/install/test_tf2_py:/home/yahboom/intro_ws/install/python_parameters:/home/yahboom/intro_ws/install/launch_testing_examples:/home/yahboom/intro_ws/install/examples_rclpy_pointcloud_publisher:/home/yahboom/intro_ws/install/examples_rclpy_minimal_subscriber:/home/yahboom/intro_ws/install/examples_rclpy_minimal_service:/home/yahboom/intro_ws/install/examples_rclpy_minimal_publisher:/home/yahboom/intro_ws/install/examples_rclpy_minimal_client:/home/yahboom/intro_ws/install/examples_rclpy_minimal_action_server:/home/yahboom/intro_ws/install/examples_rclpy_minimal_action_client:/home/yahboom/intro_ws/install/examples_rclpy_guard_conditions:/home/yahboom/intro_ws/install/examples_rclpy_executors:/home/yahboom/cartoros2/install/yahboomcar_nav:/home/yahboom/cartoros2/install/yahboomcar_ctrl:/home/yahboom/cartoros2/install/yahboom_visual:/home/yahboom/cartoros2/install/yahboom_dog_joint_state:/home/yahboom/cartoros2/install/yahboom_description:/home/yahboom/cartoros2/install/yahboom_color_identify_server:/home/yahboom/cartoros2/install/yahboom_bringup:/home/yahboom/cartoros2/install/yahboom_base:/home/yahboom/cartoros2/install/yahboom_app_save_map:/home/yahboom/cartoros2/install/update_map:/home/yahboom/cartoros2/install/rosboard:/home/yahboom/cartoros2/install/path_planner_server:/home/yahboom/cartoros2/install/nav2_simple_commander:/home/yahboom/cartoros2/install/nav2_gazebo_spawner:/home/yahboom/cartoros2/install/localization_server:/home/yahboom/cartoros2/install/laserscan_to_point_pulisher:/home/yahboom/yahboomcar_ws/install/yahboom_dog_example:/opt/ros/humble /usr/bin/cmake /home/yahboom/intro_ws/src/examples/rclcpp/topics/minimal_publisher -DCMAKE_INSTALL_PREFIX=/home/yahboom/intro_ws/install/examples_rclcpp_minimal_publisher
[3.338s] DEBUG:colcon.colcon_core.event_handler.log_command:Invoking command in '/home/yahboom/intro_ws/build/examples_rclcpp_minimal_service': CMAKE_PREFIX_PATH=${CMAKE_PREFIX_PATH}:/home/yahboom/intro_ws/install/turtle_test:/home/yahboom/intro_ws/install/time_tf2_py:/home/yahboom/intro_ws/install/test_tf2_py:/home/yahboom/intro_ws/install/python_parameters:/home/yahboom/intro_ws/install/launch_testing_examples:/home/yahboom/intro_ws/install/examples_rclpy_pointcloud_publisher:/home/yahboom/intro_ws/install/examples_rclpy_minimal_subscriber:/home/yahboom/intro_ws/install/examples_rclpy_minimal_service:/home/yahboom/intro_ws/install/examples_rclpy_minimal_publisher:/home/yahboom/intro_ws/install/examples_rclpy_minimal_client:/home/yahboom/intro_ws/install/examples_rclpy_minimal_action_server:/home/yahboom/intro_ws/install/examples_rclpy_minimal_action_client:/home/yahboom/intro_ws/install/examples_rclpy_guard_conditions:/home/yahboom/intro_ws/install/examples_rclpy_executors:/home/yahboom/cartoros2/install/yahboomcar_nav:/home/yahboom/cartoros2/install/yahboomcar_ctrl:/home/yahboom/cartoros2/install/yahboom_visual:/home/yahboom/cartoros2/install/yahboom_dog_joint_state:/home/yahboom/cartoros2/install/yahboom_description:/home/yahboom/cartoros2/install/yahboom_color_identify_server:/home/yahboom/cartoros2/install/yahboom_bringup:/home/yahboom/cartoros2/install/yahboom_base:/home/yahboom/cartoros2/install/yahboom_app_save_map:/home/yahboom/cartoros2/install/update_map:/home/yahboom/cartoros2/install/rosboard:/home/yahboom/cartoros2/install/path_planner_server:/home/yahboom/cartoros2/install/nav2_simple_commander:/home/yahboom/cartoros2/install/nav2_gazebo_spawner:/home/yahboom/cartoros2/install/localization_server:/home/yahboom/cartoros2/install/laserscan_to_point_pulisher:/home/yahboom/yahboomcar_ws/install/yahboom_dog_example:/opt/ros/humble /usr/bin/cmake /home/yahboom/intro_ws/src/examples/rclcpp/services/minimal_service -DCMAKE_INSTALL_PREFIX=/home/yahboom/intro_ws/install/examples_rclcpp_minimal_service
[3.374s] DEBUG:colcon.colcon_core.event_handler.log_command:Invoking command in '/home/yahboom/intro_ws/build/turtle_interfaces': CMAKE_PREFIX_PATH=${CMAKE_PREFIX_PATH}:/home/yahboom/intro_ws/install/turtle_test:/home/yahboom/intro_ws/install/time_tf2_py:/home/yahboom/intro_ws/install/test_tf2_py:/home/yahboom/intro_ws/install/python_parameters:/home/yahboom/intro_ws/install/launch_testing_examples:/home/yahboom/intro_ws/install/examples_rclpy_pointcloud_publisher:/home/yahboom/intro_ws/install/examples_rclpy_minimal_subscriber:/home/yahboom/intro_ws/install/examples_rclpy_minimal_service:/home/yahboom/intro_ws/install/examples_rclpy_minimal_publisher:/home/yahboom/intro_ws/install/examples_rclpy_minimal_client:/home/yahboom/intro_ws/install/examples_rclpy_minimal_action_server:/home/yahboom/intro_ws/install/examples_rclpy_minimal_action_client:/home/yahboom/intro_ws/install/examples_rclpy_guard_conditions:/home/yahboom/intro_ws/install/examples_rclpy_executors:/home/yahboom/cartoros2/install/yahboomcar_nav:/home/yahboom/cartoros2/install/yahboomcar_ctrl:/home/yahboom/cartoros2/install/yahboom_visual:/home/yahboom/cartoros2/install/yahboom_dog_joint_state:/home/yahboom/cartoros2/install/yahboom_description:/home/yahboom/cartoros2/install/yahboom_color_identify_server:/home/yahboom/cartoros2/install/yahboom_bringup:/home/yahboom/cartoros2/install/yahboom_base:/home/yahboom/cartoros2/install/yahboom_app_save_map:/home/yahboom/cartoros2/install/update_map:/home/yahboom/cartoros2/install/rosboard:/home/yahboom/cartoros2/install/path_planner_server:/home/yahboom/cartoros2/install/nav2_simple_commander:/home/yahboom/cartoros2/install/nav2_gazebo_spawner:/home/yahboom/cartoros2/install/localization_server:/home/yahboom/cartoros2/install/laserscan_to_point_pulisher:/home/yahboom/yahboomcar_ws/install/yahboom_dog_example:/opt/ros/humble /usr/bin/cmake --install /home/yahboom/intro_ws/build/turtle_interfaces
[3.462s] DEBUG:colcon.colcon_core.event_handler.log_command:Invoking command in '/home/yahboom/intro_ws/build/examples_rclcpp_minimal_composition': CMAKE_PREFIX_PATH=${CMAKE_PREFIX_PATH}:/home/yahboom/intro_ws/install/turtle_test:/home/yahboom/intro_ws/install/time_tf2_py:/home/yahboom/intro_ws/install/test_tf2_py:/home/yahboom/intro_ws/install/python_parameters:/home/yahboom/intro_ws/install/launch_testing_examples:/home/yahboom/intro_ws/install/examples_rclpy_pointcloud_publisher:/home/yahboom/intro_ws/install/examples_rclpy_minimal_subscriber:/home/yahboom/intro_ws/install/examples_rclpy_minimal_service:/home/yahboom/intro_ws/install/examples_rclpy_minimal_publisher:/home/yahboom/intro_ws/install/examples_rclpy_minimal_client:/home/yahboom/intro_ws/install/examples_rclpy_minimal_action_server:/home/yahboom/intro_ws/install/examples_rclpy_minimal_action_client:/home/yahboom/intro_ws/install/examples_rclpy_guard_conditions:/home/yahboom/intro_ws/install/examples_rclpy_executors:/home/yahboom/cartoros2/install/yahboomcar_nav:/home/yahboom/cartoros2/install/yahboomcar_ctrl:/home/yahboom/cartoros2/install/yahboom_visual:/home/yahboom/cartoros2/install/yahboom_dog_joint_state:/home/yahboom/cartoros2/install/yahboom_description:/home/yahboom/cartoros2/install/yahboom_color_identify_server:/home/yahboom/cartoros2/install/yahboom_bringup:/home/yahboom/cartoros2/install/yahboom_base:/home/yahboom/cartoros2/install/yahboom_app_save_map:/home/yahboom/cartoros2/install/update_map:/home/yahboom/cartoros2/install/rosboard:/home/yahboom/cartoros2/install/path_planner_server:/home/yahboom/cartoros2/install/nav2_simple_commander:/home/yahboom/cartoros2/install/nav2_gazebo_spawner:/home/yahboom/cartoros2/install/localization_server:/home/yahboom/cartoros2/install/laserscan_to_point_pulisher:/home/yahboom/yahboomcar_ws/install/yahboom_dog_example:/opt/ros/humble /usr/bin/cmake --install /home/yahboom/intro_ws/build/examples_rclcpp_minimal_composition
[3.496s] Level 1:colcon.colcon_core.environment:create_environment_scripts_only(turtle_interfaces)
[3.496s] Level 1:colcon.colcon_core.environment:checking '/home/yahboom/intro_ws/install/turtle_interfaces' for CMake module files
[3.497s] Level 1:colcon.colcon_core.environment:checking '/home/yahboom/intro_ws/install/turtle_interfaces' for CMake config files
[3.498s] Level 1:colcon.colcon_core.shell:create_environment_hook('turtle_interfaces', 'cmake_prefix_path')
[3.498s] INFO:colcon.colcon_core.shell:Creating environment hook '/home/yahboom/intro_ws/install/turtle_interfaces/share/turtle_interfaces/hook/cmake_prefix_path.ps1'
[3.499s] DEBUG:colcon.colcon_core.event_handler.log_command:Invoked command in '/home/yahboom/intro_ws/build/turtle_interfaces' returned '0': CMAKE_PREFIX_PATH=${CMAKE_PREFIX_PATH}:/home/yahboom/intro_ws/install/turtle_test:/home/yahboom/intro_ws/install/time_tf2_py:/home/yahboom/intro_ws/install/test_tf2_py:/home/yahboom/intro_ws/install/python_parameters:/home/yahboom/intro_ws/install/launch_testing_examples:/home/yahboom/intro_ws/install/examples_rclpy_pointcloud_publisher:/home/yahboom/intro_ws/install/examples_rclpy_minimal_subscriber:/home/yahboom/intro_ws/install/examples_rclpy_minimal_service:/home/yahboom/intro_ws/install/examples_rclpy_minimal_publisher:/home/yahboom/intro_ws/install/examples_rclpy_minimal_client:/home/yahboom/intro_ws/install/examples_rclpy_minimal_action_server:/home/yahboom/intro_ws/install/examples_rclpy_minimal_action_client:/home/yahboom/intro_ws/install/examples_rclpy_guard_conditions:/home/yahboom/intro_ws/install/examples_rclpy_executors:/home/yahboom/cartoros2/install/yahboomcar_nav:/home/yahboom/cartoros2/install/yahboomcar_ctrl:/home/yahboom/cartoros2/install/yahboom_visual:/home/yahboom/cartoros2/install/yahboom_dog_joint_state:/home/yahboom/cartoros2/install/yahboom_description:/home/yahboom/cartoros2/install/yahboom_color_identify_server:/home/yahboom/cartoros2/install/yahboom_bringup:/home/yahboom/cartoros2/install/yahboom_base:/home/yahboom/cartoros2/install/yahboom_app_save_map:/home/yahboom/cartoros2/install/update_map:/home/yahboom/cartoros2/install/rosboard:/home/yahboom/cartoros2/install/path_planner_server:/home/yahboom/cartoros2/install/nav2_simple_commander:/home/yahboom/cartoros2/install/nav2_gazebo_spawner:/home/yahboom/cartoros2/install/localization_server:/home/yahboom/cartoros2/install/laserscan_to_point_pulisher:/home/yahboom/yahboomcar_ws/install/yahboom_dog_example:/opt/ros/humble /usr/bin/cmake --install /home/yahboom/intro_ws/build/turtle_interfaces
[3.499s] INFO:colcon.colcon_core.shell:Creating environment descriptor '/home/yahboom/intro_ws/install/turtle_interfaces/share/turtle_interfaces/hook/cmake_prefix_path.dsv'
[3.500s] INFO:colcon.colcon_core.shell:Creating environment hook '/home/yahboom/intro_ws/install/turtle_interfaces/share/turtle_interfaces/hook/cmake_prefix_path.sh'
[3.501s] Level 1:colcon.colcon_core.environment:checking '/home/yahboom/intro_ws/install/turtle_interfaces/lib'
[3.501s] Level 1:colcon.colcon_core.shell:create_environment_hook('turtle_interfaces', 'ld_library_path_lib')
[3.501s] INFO:colcon.colcon_core.shell:Creating environment hook '/home/yahboom/intro_ws/install/turtle_interfaces/share/turtle_interfaces/hook/ld_library_path_lib.ps1'
[3.502s] INFO:colcon.colcon_core.shell:Creating environment descriptor '/home/yahboom/intro_ws/install/turtle_interfaces/share/turtle_interfaces/hook/ld_library_path_lib.dsv'
[3.502s] INFO:colcon.colcon_core.shell:Creating environment hook '/home/yahboom/intro_ws/install/turtle_interfaces/share/turtle_interfaces/hook/ld_library_path_lib.sh'
[3.502s] Level 1:colcon.colcon_core.environment:checking '/home/yahboom/intro_ws/install/turtle_interfaces/bin'
[3.502s] Level 1:colcon.colcon_core.environment:checking '/home/yahboom/intro_ws/install/turtle_interfaces/lib/pkgconfig/turtle_interfaces.pc'
[3.503s] Level 1:colcon.colcon_core.environment:checking '/home/yahboom/intro_ws/install/turtle_interfaces/lib/python3.10/site-packages'
[3.503s] Level 1:colcon.colcon_core.environment:checking '/home/yahboom/intro_ws/install/turtle_interfaces/bin'
[3.503s] INFO:colcon.colcon_core.shell:Creating package script '/home/yahboom/intro_ws/install/turtle_interfaces/share/turtle_interfaces/package.ps1'
[3.504s] INFO:colcon.colcon_core.shell:Creating package descriptor '/home/yahboom/intro_ws/install/turtle_interfaces/share/turtle_interfaces/package.dsv'
[3.504s] INFO:colcon.colcon_core.shell:Creating package script '/home/yahboom/intro_ws/install/turtle_interfaces/share/turtle_interfaces/package.sh'
[3.505s] INFO:colcon.colcon_core.shell:Creating package script '/home/yahboom/intro_ws/install/turtle_interfaces/share/turtle_interfaces/package.bash'
[3.505s] INFO:colcon.colcon_core.shell:Creating package script '/home/yahboom/intro_ws/install/turtle_interfaces/share/turtle_interfaces/package.zsh'
[3.506s] Level 1:colcon.colcon_core.environment:create_file_with_runtime_dependencies(/home/yahboom/intro_ws/install/turtle_interfaces/share/colcon-core/packages/turtle_interfaces)
[3.513s] Level 1:colcon.colcon_core.environment:create_environment_scripts_only(examples_rclcpp_minimal_composition)
[3.513s] Level 1:colcon.colcon_core.environment:checking '/home/yahboom/intro_ws/install/examples_rclcpp_minimal_composition' for CMake module files
[3.513s] DEBUG:colcon.colcon_core.event_handler.log_command:Invoked command in '/home/yahboom/intro_ws/build/examples_rclcpp_minimal_composition' returned '0': CMAKE_PREFIX_PATH=${CMAKE_PREFIX_PATH}:/home/yahboom/intro_ws/install/turtle_test:/home/yahboom/intro_ws/install/time_tf2_py:/home/yahboom/intro_ws/install/test_tf2_py:/home/yahboom/intro_ws/install/python_parameters:/home/yahboom/intro_ws/install/launch_testing_examples:/home/yahboom/intro_ws/install/examples_rclpy_pointcloud_publisher:/home/yahboom/intro_ws/install/examples_rclpy_minimal_subscriber:/home/yahboom/intro_ws/install/examples_rclpy_minimal_service:/home/yahboom/intro_ws/install/examples_rclpy_minimal_publisher:/home/yahboom/intro_ws/install/examples_rclpy_minimal_client:/home/yahboom/intro_ws/install/examples_rclpy_minimal_action_server:/home/yahboom/intro_ws/install/examples_rclpy_minimal_action_client:/home/yahboom/intro_ws/install/examples_rclpy_guard_conditions:/home/yahboom/intro_ws/install/examples_rclpy_executors:/home/yahboom/cartoros2/install/yahboomcar_nav:/home/yahboom/cartoros2/install/yahboomcar_ctrl:/home/yahboom/cartoros2/install/yahboom_visual:/home/yahboom/cartoros2/install/yahboom_dog_joint_state:/home/yahboom/cartoros2/install/yahboom_description:/home/yahboom/cartoros2/install/yahboom_color_identify_server:/home/yahboom/cartoros2/install/yahboom_bringup:/home/yahboom/cartoros2/install/yahboom_base:/home/yahboom/cartoros2/install/yahboom_app_save_map:/home/yahboom/cartoros2/install/update_map:/home/yahboom/cartoros2/install/rosboard:/home/yahboom/cartoros2/install/path_planner_server:/home/yahboom/cartoros2/install/nav2_simple_commander:/home/yahboom/cartoros2/install/nav2_gazebo_spawner:/home/yahboom/cartoros2/install/localization_server:/home/yahboom/cartoros2/install/laserscan_to_point_pulisher:/home/yahboom/yahboomcar_ws/install/yahboom_dog_example:/opt/ros/humble /usr/bin/cmake --install /home/yahboom/intro_ws/build/examples_rclcpp_minimal_composition
[3.514s] Level 1:colcon.colcon_core.environment:checking '/home/yahboom/intro_ws/install/examples_rclcpp_minimal_composition' for CMake config files
[3.514s] Level 1:colcon.colcon_core.shell:create_environment_hook('examples_rclcpp_minimal_composition', 'cmake_prefix_path')
[3.515s] INFO:colcon.colcon_core.shell:Creating environment hook '/home/yahboom/intro_ws/install/examples_rclcpp_minimal_composition/share/examples_rclcpp_minimal_composition/hook/cmake_prefix_path.ps1'
[3.516s] INFO:colcon.colcon_core.shell:Creating environment descriptor '/home/yahboom/intro_ws/install/examples_rclcpp_minimal_composition/share/examples_rclcpp_minimal_composition/hook/cmake_prefix_path.dsv'
[3.517s] INFO:colcon.colcon_core.shell:Creating environment hook '/home/yahboom/intro_ws/install/examples_rclcpp_minimal_composition/share/examples_rclcpp_minimal_composition/hook/cmake_prefix_path.sh'
[3.518s] Level 1:colcon.colcon_core.environment:checking '/home/yahboom/intro_ws/install/examples_rclcpp_minimal_composition/lib'
[3.519s] Level 1:colcon.colcon_core.shell:create_environment_hook('examples_rclcpp_minimal_composition', 'ld_library_path_lib')
[3.519s] INFO:colcon.colcon_core.shell:Creating environment hook '/home/yahboom/intro_ws/install/examples_rclcpp_minimal_composition/share/examples_rclcpp_minimal_composition/hook/ld_library_path_lib.ps1'
[3.520s] INFO:colcon.colcon_core.shell:Creating environment descriptor '/home/yahboom/intro_ws/install/examples_rclcpp_minimal_composition/share/examples_rclcpp_minimal_composition/hook/ld_library_path_lib.dsv'
[3.520s] INFO:colcon.colcon_core.shell:Creating environment hook '/home/yahboom/intro_ws/install/examples_rclcpp_minimal_composition/share/examples_rclcpp_minimal_composition/hook/ld_library_path_lib.sh'
[3.522s] Level 1:colcon.colcon_core.environment:checking '/home/yahboom/intro_ws/install/examples_rclcpp_minimal_composition/bin'
[3.522s] Level 1:colcon.colcon_core.environment:checking '/home/yahboom/intro_ws/install/examples_rclcpp_minimal_composition/lib/pkgconfig/examples_rclcpp_minimal_composition.pc'
[3.522s] Level 1:colcon.colcon_core.environment:checking '/home/yahboom/intro_ws/install/examples_rclcpp_minimal_composition/lib/python3.10/site-packages'
[3.522s] Level 1:colcon.colcon_core.environment:checking '/home/yahboom/intro_ws/install/examples_rclcpp_minimal_composition/bin'
[3.522s] INFO:colcon.colcon_core.shell:Creating package script '/home/yahboom/intro_ws/install/examples_rclcpp_minimal_composition/share/examples_rclcpp_minimal_composition/package.ps1'
[3.523s] INFO:colcon.colcon_core.shell:Creating package descriptor '/home/yahboom/intro_ws/install/examples_rclcpp_minimal_composition/share/examples_rclcpp_minimal_composition/package.dsv'
[3.524s] INFO:colcon.colcon_core.shell:Creating package script '/home/yahboom/intro_ws/install/examples_rclcpp_minimal_composition/share/examples_rclcpp_minimal_composition/package.sh'
[3.525s] INFO:colcon.colcon_core.shell:Creating package script '/home/yahboom/intro_ws/install/examples_rclcpp_minimal_composition/share/examples_rclcpp_minimal_composition/package.bash'
[3.526s] INFO:colcon.colcon_core.shell:Creating package script '/home/yahboom/intro_ws/install/examples_rclcpp_minimal_composition/share/examples_rclcpp_minimal_composition/package.zsh'
[3.527s] Level 1:colcon.colcon_core.environment:create_file_with_runtime_dependencies(/home/yahboom/intro_ws/install/examples_rclcpp_minimal_composition/share/colcon-core/packages/examples_rclcpp_minimal_composition)
[3.657s] Level 1:colcon.colcon_core.environment:create_environment_scripts_only(examples_rclcpp_minimal_composition)
[3.657s] Level 1:colcon.colcon_core.environment:checking '/home/yahboom/intro_ws/install/examples_rclcpp_minimal_composition' for CMake module files
[3.658s] Level 1:colcon.colcon_core.environment:checking '/home/yahboom/intro_ws/install/examples_rclcpp_minimal_composition' for CMake config files
[3.658s] Level 1:colcon.colcon_core.shell:create_environment_hook('examples_rclcpp_minimal_composition', 'cmake_prefix_path')
[3.658s] INFO:colcon.colcon_core.shell:Creating environment hook '/home/yahboom/intro_ws/install/examples_rclcpp_minimal_composition/share/examples_rclcpp_minimal_composition/hook/cmake_prefix_path.ps1'
[3.659s] INFO:colcon.colcon_core.shell:Creating environment descriptor '/home/yahboom/intro_ws/install/examples_rclcpp_minimal_composition/share/examples_rclcpp_minimal_composition/hook/cmake_prefix_path.dsv'
[3.660s] INFO:colcon.colcon_core.shell:Creating environment hook '/home/yahboom/intro_ws/install/examples_rclcpp_minimal_composition/share/examples_rclcpp_minimal_composition/hook/cmake_prefix_path.sh'
[3.661s] Level 1:colcon.colcon_core.environment:checking '/home/yahboom/intro_ws/install/examples_rclcpp_minimal_composition/lib'
[3.661s] Level 1:colcon.colcon_core.shell:create_environment_hook('examples_rclcpp_minimal_composition', 'ld_library_path_lib')
[3.661s] INFO:colcon.colcon_core.shell:Creating environment hook '/home/yahboom/intro_ws/install/examples_rclcpp_minimal_composition/share/examples_rclcpp_minimal_composition/hook/ld_library_path_lib.ps1'
[3.661s] INFO:colcon.colcon_core.shell:Creating environment descriptor '/home/yahboom/intro_ws/install/examples_rclcpp_minimal_composition/share/examples_rclcpp_minimal_composition/hook/ld_library_path_lib.dsv'
[3.662s] INFO:colcon.colcon_core.shell:Creating environment hook '/home/yahboom/intro_ws/install/examples_rclcpp_minimal_composition/share/examples_rclcpp_minimal_composition/hook/ld_library_path_lib.sh'
[3.663s] Level 1:colcon.colcon_core.environment:checking '/home/yahboom/intro_ws/install/examples_rclcpp_minimal_composition/bin'
[3.663s] Level 1:colcon.colcon_core.environment:checking '/home/yahboom/intro_ws/install/examples_rclcpp_minimal_composition/lib/pkgconfig/examples_rclcpp_minimal_composition.pc'
[3.663s] Level 1:colcon.colcon_core.environment:checking '/home/yahboom/intro_ws/install/examples_rclcpp_minimal_composition/lib/python3.10/site-packages'
[3.663s] Level 1:colcon.colcon_core.environment:checking '/home/yahboom/intro_ws/install/examples_rclcpp_minimal_composition/bin'
[3.664s] INFO:colcon.colcon_core.shell:Creating package script '/home/yahboom/intro_ws/install/examples_rclcpp_minimal_composition/share/examples_rclcpp_minimal_composition/package.ps1'
[3.664s] INFO:colcon.colcon_core.shell:Creating package descriptor '/home/yahboom/intro_ws/install/examples_rclcpp_minimal_composition/share/examples_rclcpp_minimal_composition/package.dsv'
[3.665s] INFO:colcon.colcon_core.shell:Creating package script '/home/yahboom/intro_ws/install/examples_rclcpp_minimal_composition/share/examples_rclcpp_minimal_composition/package.sh'
[3.666s] INFO:colcon.colcon_core.shell:Creating package script '/home/yahboom/intro_ws/install/examples_rclcpp_minimal_composition/share/examples_rclcpp_minimal_composition/package.bash'
[3.666s] INFO:colcon.colcon_core.shell:Creating package script '/home/yahboom/intro_ws/install/examples_rclcpp_minimal_composition/share/examples_rclcpp_minimal_composition/package.zsh'
[3.667s] Level 1:colcon.colcon_core.environment:create_file_with_runtime_dependencies(/home/yahboom/intro_ws/install/examples_rclcpp_minimal_composition/share/colcon-core/packages/examples_rclcpp_minimal_composition)
[3.669s] INFO:colcon.colcon_ros.task.ament_cmake.build:Building ROS package in '/home/yahboom/intro_ws/src/examples/rclcpp/topics/minimal_subscriber' with build type 'ament_cmake'
[3.669s] INFO:colcon.colcon_cmake.task.cmake.build:Building CMake package in '/home/yahboom/intro_ws/src/examples/rclcpp/topics/minimal_subscriber'
[3.669s] INFO:colcon.colcon_core.shell:Skip shell extension 'powershell' for command environment: Not usable outside of PowerShell
[3.669s] DEBUG:colcon.colcon_core.shell:Skip shell extension 'dsv' for command environment
[3.703s] DEBUG:colcon.colcon_core.event_handler.log_command:Invoking command in '/home/yahboom/intro_ws/build/examples_rclcpp_minimal_subscriber': CMAKE_PREFIX_PATH=${CMAKE_PREFIX_PATH}:/home/yahboom/intro_ws/install/turtle_test:/home/yahboom/intro_ws/install/time_tf2_py:/home/yahboom/intro_ws/install/test_tf2_py:/home/yahboom/intro_ws/install/python_parameters:/home/yahboom/intro_ws/install/launch_testing_examples:/home/yahboom/intro_ws/install/examples_rclpy_pointcloud_publisher:/home/yahboom/intro_ws/install/examples_rclpy_minimal_subscriber:/home/yahboom/intro_ws/install/examples_rclpy_minimal_service:/home/yahboom/intro_ws/install/examples_rclpy_minimal_publisher:/home/yahboom/intro_ws/install/examples_rclpy_minimal_client:/home/yahboom/intro_ws/install/examples_rclpy_minimal_action_server:/home/yahboom/intro_ws/install/examples_rclpy_minimal_action_client:/home/yahboom/intro_ws/install/examples_rclpy_guard_conditions:/home/yahboom/intro_ws/install/examples_rclpy_executors:/home/yahboom/cartoros2/install/yahboomcar_nav:/home/yahboom/cartoros2/install/yahboomcar_ctrl:/home/yahboom/cartoros2/install/yahboom_visual:/home/yahboom/cartoros2/install/yahboom_dog_joint_state:/home/yahboom/cartoros2/install/yahboom_description:/home/yahboom/cartoros2/install/yahboom_color_identify_server:/home/yahboom/cartoros2/install/yahboom_bringup:/home/yahboom/cartoros2/install/yahboom_base:/home/yahboom/cartoros2/install/yahboom_app_save_map:/home/yahboom/cartoros2/install/update_map:/home/yahboom/cartoros2/install/rosboard:/home/yahboom/cartoros2/install/path_planner_server:/home/yahboom/cartoros2/install/nav2_simple_commander:/home/yahboom/cartoros2/install/nav2_gazebo_spawner:/home/yahboom/cartoros2/install/localization_server:/home/yahboom/cartoros2/install/laserscan_to_point_pulisher:/home/yahboom/yahboomcar_ws/install/yahboom_dog_example:/opt/ros/humble /usr/bin/cmake /home/yahboom/intro_ws/src/examples/rclcpp/topics/minimal_subscriber -DCMAKE_INSTALL_PREFIX=/home/yahboom/intro_ws/install/examples_rclcpp_minimal_subscriber
[3.914s] Level 1:colcon.colcon_core.environment:create_environment_scripts_only(turtle_interfaces)
[3.914s] Level 1:colcon.colcon_core.environment:checking '/home/yahboom/intro_ws/install/turtle_interfaces' for CMake module files
[3.915s] Level 1:colcon.colcon_core.environment:checking '/home/yahboom/intro_ws/install/turtle_interfaces' for CMake config files
[3.916s] Level 1:colcon.colcon_core.shell:create_environment_hook('turtle_interfaces', 'cmake_prefix_path')
[3.917s] INFO:colcon.colcon_core.shell:Creating environment hook '/home/yahboom/intro_ws/install/turtle_interfaces/share/turtle_interfaces/hook/cmake_prefix_path.ps1'
[3.918s] INFO:colcon.colcon_core.shell:Creating environment descriptor '/home/yahboom/intro_ws/install/turtle_interfaces/share/turtle_interfaces/hook/cmake_prefix_path.dsv'
[3.919s] INFO:colcon.colcon_core.shell:Creating environment hook '/home/yahboom/intro_ws/install/turtle_interfaces/share/turtle_interfaces/hook/cmake_prefix_path.sh'
[3.920s] Level 1:colcon.colcon_core.environment:checking '/home/yahboom/intro_ws/install/turtle_interfaces/lib'
[3.920s] Level 1:colcon.colcon_core.shell:create_environment_hook('turtle_interfaces', 'ld_library_path_lib')
[3.920s] INFO:colcon.colcon_core.shell:Creating environment hook '/home/yahboom/intro_ws/install/turtle_interfaces/share/turtle_interfaces/hook/ld_library_path_lib.ps1'
[3.921s] INFO:colcon.colcon_core.shell:Creating environment descriptor '/home/yahboom/intro_ws/install/turtle_interfaces/share/turtle_interfaces/hook/ld_library_path_lib.dsv'
[3.922s] INFO:colcon.colcon_core.shell:Creating environment hook '/home/yahboom/intro_ws/install/turtle_interfaces/share/turtle_interfaces/hook/ld_library_path_lib.sh'
[3.922s] Level 1:colcon.colcon_core.environment:checking '/home/yahboom/intro_ws/install/turtle_interfaces/bin'
[3.923s] Level 1:colcon.colcon_core.environment:checking '/home/yahboom/intro_ws/install/turtle_interfaces/lib/pkgconfig/turtle_interfaces.pc'
[3.923s] Level 1:colcon.colcon_core.environment:checking '/home/yahboom/intro_ws/install/turtle_interfaces/lib/python3.10/site-packages'
[3.923s] Level 1:colcon.colcon_core.environment:checking '/home/yahboom/intro_ws/install/turtle_interfaces/bin'
[3.923s] INFO:colcon.colcon_core.shell:Creating package script '/home/yahboom/intro_ws/install/turtle_interfaces/share/turtle_interfaces/package.ps1'
[3.924s] INFO:colcon.colcon_core.shell:Creating package descriptor '/home/yahboom/intro_ws/install/turtle_interfaces/share/turtle_interfaces/package.dsv'
[3.926s] INFO:colcon.colcon_core.shell:Creating package script '/home/yahboom/intro_ws/install/turtle_interfaces/share/turtle_interfaces/package.sh'
[3.928s] INFO:colcon.colcon_core.shell:Creating package script '/home/yahboom/intro_ws/install/turtle_interfaces/share/turtle_interfaces/package.bash'
[3.929s] INFO:colcon.colcon_core.shell:Creating package script '/home/yahboom/intro_ws/install/turtle_interfaces/share/turtle_interfaces/package.zsh'
[3.930s] Level 1:colcon.colcon_core.environment:create_file_with_runtime_dependencies(/home/yahboom/intro_ws/install/turtle_interfaces/share/colcon-core/packages/turtle_interfaces)
[3.932s] INFO:colcon.colcon_ros.task.ament_cmake.build:Building ROS package in '/home/yahboom/intro_ws/src/examples/rclcpp/timers/minimal_timer' with build type 'ament_cmake'
[3.932s] INFO:colcon.colcon_cmake.task.cmake.build:Building CMake package in '/home/yahboom/intro_ws/src/examples/rclcpp/timers/minimal_timer'
[3.932s] INFO:colcon.colcon_core.shell:Skip shell extension 'powershell' for command environment: Not usable outside of PowerShell
[3.932s] DEBUG:colcon.colcon_core.shell:Skip shell extension 'dsv' for command environment
[3.958s] DEBUG:colcon.colcon_core.event_handler.log_command:Invoking command in '/home/yahboom/intro_ws/build/examples_rclcpp_minimal_timer': CMAKE_PREFIX_PATH=${CMAKE_PREFIX_PATH}:/home/yahboom/intro_ws/install/turtle_test:/home/yahboom/intro_ws/install/time_tf2_py:/home/yahboom/intro_ws/install/test_tf2_py:/home/yahboom/intro_ws/install/python_parameters:/home/yahboom/intro_ws/install/launch_testing_examples:/home/yahboom/intro_ws/install/examples_rclpy_pointcloud_publisher:/home/yahboom/intro_ws/install/examples_rclpy_minimal_subscriber:/home/yahboom/intro_ws/install/examples_rclpy_minimal_service:/home/yahboom/intro_ws/install/examples_rclpy_minimal_publisher:/home/yahboom/intro_ws/install/examples_rclpy_minimal_client:/home/yahboom/intro_ws/install/examples_rclpy_minimal_action_server:/home/yahboom/intro_ws/install/examples_rclpy_minimal_action_client:/home/yahboom/intro_ws/install/examples_rclpy_guard_conditions:/home/yahboom/intro_ws/install/examples_rclpy_executors:/home/yahboom/cartoros2/install/yahboomcar_nav:/home/yahboom/cartoros2/install/yahboomcar_ctrl:/home/yahboom/cartoros2/install/yahboom_visual:/home/yahboom/cartoros2/install/yahboom_dog_joint_state:/home/yahboom/cartoros2/install/yahboom_description:/home/yahboom/cartoros2/install/yahboom_color_identify_server:/home/yahboom/cartoros2/install/yahboom_bringup:/home/yahboom/cartoros2/install/yahboom_base:/home/yahboom/cartoros2/install/yahboom_app_save_map:/home/yahboom/cartoros2/install/update_map:/home/yahboom/cartoros2/install/rosboard:/home/yahboom/cartoros2/install/path_planner_server:/home/yahboom/cartoros2/install/nav2_simple_commander:/home/yahboom/cartoros2/install/nav2_gazebo_spawner:/home/yahboom/cartoros2/install/localization_server:/home/yahboom/cartoros2/install/laserscan_to_point_pulisher:/home/yahboom/yahboomcar_ws/install/yahboom_dog_example:/opt/ros/humble /usr/bin/cmake /home/yahboom/intro_ws/src/examples/rclcpp/timers/minimal_timer -DCMAKE_INSTALL_PREFIX=/home/yahboom/intro_ws/install/examples_rclcpp_minimal_timer
[4.164s] DEBUG:colcon.colcon_core.event_handler.log_command:Invoked command in '/home/yahboom/intro_ws/build/examples_rclcpp_minimal_publisher' returned '0': CMAKE_PREFIX_PATH=${CMAKE_PREFIX_PATH}:/home/yahboom/intro_ws/install/turtle_test:/home/yahboom/intro_ws/install/time_tf2_py:/home/yahboom/intro_ws/install/test_tf2_py:/home/yahboom/intro_ws/install/python_parameters:/home/yahboom/intro_ws/install/launch_testing_examples:/home/yahboom/intro_ws/install/examples_rclpy_pointcloud_publisher:/home/yahboom/intro_ws/install/examples_rclpy_minimal_subscriber:/home/yahboom/intro_ws/install/examples_rclpy_minimal_service:/home/yahboom/intro_ws/install/examples_rclpy_minimal_publisher:/home/yahboom/intro_ws/install/examples_rclpy_minimal_client:/home/yahboom/intro_ws/install/examples_rclpy_minimal_action_server:/home/yahboom/intro_ws/install/examples_rclpy_minimal_action_client:/home/yahboom/intro_ws/install/examples_rclpy_guard_conditions:/home/yahboom/intro_ws/install/examples_rclpy_executors:/home/yahboom/cartoros2/install/yahboomcar_nav:/home/yahboom/cartoros2/install/yahboomcar_ctrl:/home/yahboom/cartoros2/install/yahboom_visual:/home/yahboom/cartoros2/install/yahboom_dog_joint_state:/home/yahboom/cartoros2/install/yahboom_description:/home/yahboom/cartoros2/install/yahboom_color_identify_server:/home/yahboom/cartoros2/install/yahboom_bringup:/home/yahboom/cartoros2/install/yahboom_base:/home/yahboom/cartoros2/install/yahboom_app_save_map:/home/yahboom/cartoros2/install/update_map:/home/yahboom/cartoros2/install/rosboard:/home/yahboom/cartoros2/install/path_planner_server:/home/yahboom/cartoros2/install/nav2_simple_commander:/home/yahboom/cartoros2/install/nav2_gazebo_spawner:/home/yahboom/cartoros2/install/localization_server:/home/yahboom/cartoros2/install/laserscan_to_point_pulisher:/home/yahboom/yahboomcar_ws/install/yahboom_dog_example:/opt/ros/humble /usr/bin/cmake /home/yahboom/intro_ws/src/examples/rclcpp/topics/minimal_publisher -DCMAKE_INSTALL_PREFIX=/home/yahboom/intro_ws/install/examples_rclcpp_minimal_publisher
[4.169s] DEBUG:colcon.colcon_core.event_handler.log_command:Invoking command in '/home/yahboom/intro_ws/build/examples_rclcpp_minimal_publisher': CMAKE_PREFIX_PATH=${CMAKE_PREFIX_PATH}:/home/yahboom/intro_ws/install/turtle_test:/home/yahboom/intro_ws/install/time_tf2_py:/home/yahboom/intro_ws/install/test_tf2_py:/home/yahboom/intro_ws/install/python_parameters:/home/yahboom/intro_ws/install/launch_testing_examples:/home/yahboom/intro_ws/install/examples_rclpy_pointcloud_publisher:/home/yahboom/intro_ws/install/examples_rclpy_minimal_subscriber:/home/yahboom/intro_ws/install/examples_rclpy_minimal_service:/home/yahboom/intro_ws/install/examples_rclpy_minimal_publisher:/home/yahboom/intro_ws/install/examples_rclpy_minimal_client:/home/yahboom/intro_ws/install/examples_rclpy_minimal_action_server:/home/yahboom/intro_ws/install/examples_rclpy_minimal_action_client:/home/yahboom/intro_ws/install/examples_rclpy_guard_conditions:/home/yahboom/intro_ws/install/examples_rclpy_executors:/home/yahboom/cartoros2/install/yahboomcar_nav:/home/yahboom/cartoros2/install/yahboomcar_ctrl:/home/yahboom/cartoros2/install/yahboom_visual:/home/yahboom/cartoros2/install/yahboom_dog_joint_state:/home/yahboom/cartoros2/install/yahboom_description:/home/yahboom/cartoros2/install/yahboom_color_identify_server:/home/yahboom/cartoros2/install/yahboom_bringup:/home/yahboom/cartoros2/install/yahboom_base:/home/yahboom/cartoros2/install/yahboom_app_save_map:/home/yahboom/cartoros2/install/update_map:/home/yahboom/cartoros2/install/rosboard:/home/yahboom/cartoros2/install/path_planner_server:/home/yahboom/cartoros2/install/nav2_simple_commander:/home/yahboom/cartoros2/install/nav2_gazebo_spawner:/home/yahboom/cartoros2/install/localization_server:/home/yahboom/cartoros2/install/laserscan_to_point_pulisher:/home/yahboom/yahboomcar_ws/install/yahboom_dog_example:/opt/ros/humble /usr/bin/cmake --build /home/yahboom/intro_ws/build/examples_rclcpp_minimal_publisher -- -j4 -l4
[4.225s] DEBUG:colcon.colcon_core.event_handler.log_command:Invoked command in '/home/yahboom/intro_ws/build/examples_rclcpp_minimal_service' returned '0': CMAKE_PREFIX_PATH=${CMAKE_PREFIX_PATH}:/home/yahboom/intro_ws/install/turtle_test:/home/yahboom/intro_ws/install/time_tf2_py:/home/yahboom/intro_ws/install/test_tf2_py:/home/yahboom/intro_ws/install/python_parameters:/home/yahboom/intro_ws/install/launch_testing_examples:/home/yahboom/intro_ws/install/examples_rclpy_pointcloud_publisher:/home/yahboom/intro_ws/install/examples_rclpy_minimal_subscriber:/home/yahboom/intro_ws/install/examples_rclpy_minimal_service:/home/yahboom/intro_ws/install/examples_rclpy_minimal_publisher:/home/yahboom/intro_ws/install/examples_rclpy_minimal_client:/home/yahboom/intro_ws/install/examples_rclpy_minimal_action_server:/home/yahboom/intro_ws/install/examples_rclpy_minimal_action_client:/home/yahboom/intro_ws/install/examples_rclpy_guard_conditions:/home/yahboom/intro_ws/install/examples_rclpy_executors:/home/yahboom/cartoros2/install/yahboomcar_nav:/home/yahboom/cartoros2/install/yahboomcar_ctrl:/home/yahboom/cartoros2/install/yahboom_visual:/home/yahboom/cartoros2/install/yahboom_dog_joint_state:/home/yahboom/cartoros2/install/yahboom_description:/home/yahboom/cartoros2/install/yahboom_color_identify_server:/home/yahboom/cartoros2/install/yahboom_bringup:/home/yahboom/cartoros2/install/yahboom_base:/home/yahboom/cartoros2/install/yahboom_app_save_map:/home/yahboom/cartoros2/install/update_map:/home/yahboom/cartoros2/install/rosboard:/home/yahboom/cartoros2/install/path_planner_server:/home/yahboom/cartoros2/install/nav2_simple_commander:/home/yahboom/cartoros2/install/nav2_gazebo_spawner:/home/yahboom/cartoros2/install/localization_server:/home/yahboom/cartoros2/install/laserscan_to_point_pulisher:/home/yahboom/yahboomcar_ws/install/yahboom_dog_example:/opt/ros/humble /usr/bin/cmake /home/yahboom/intro_ws/src/examples/rclcpp/services/minimal_service -DCMAKE_INSTALL_PREFIX=/home/yahboom/intro_ws/install/examples_rclcpp_minimal_service
[4.226s] DEBUG:colcon.colcon_core.event_handler.log_command:Invoking command in '/home/yahboom/intro_ws/build/examples_rclcpp_minimal_service': CMAKE_PREFIX_PATH=${CMAKE_PREFIX_PATH}:/home/yahboom/intro_ws/install/turtle_test:/home/yahboom/intro_ws/install/time_tf2_py:/home/yahboom/intro_ws/install/test_tf2_py:/home/yahboom/intro_ws/install/python_parameters:/home/yahboom/intro_ws/install/launch_testing_examples:/home/yahboom/intro_ws/install/examples_rclpy_pointcloud_publisher:/home/yahboom/intro_ws/install/examples_rclpy_minimal_subscriber:/home/yahboom/intro_ws/install/examples_rclpy_minimal_service:/home/yahboom/intro_ws/install/examples_rclpy_minimal_publisher:/home/yahboom/intro_ws/install/examples_rclpy_minimal_client:/home/yahboom/intro_ws/install/examples_rclpy_minimal_action_server:/home/yahboom/intro_ws/install/examples_rclpy_minimal_action_client:/home/yahboom/intro_ws/install/examples_rclpy_guard_conditions:/home/yahboom/intro_ws/install/examples_rclpy_executors:/home/yahboom/cartoros2/install/yahboomcar_nav:/home/yahboom/cartoros2/install/yahboomcar_ctrl:/home/yahboom/cartoros2/install/yahboom_visual:/home/yahboom/cartoros2/install/yahboom_dog_joint_state:/home/yahboom/cartoros2/install/yahboom_description:/home/yahboom/cartoros2/install/yahboom_color_identify_server:/home/yahboom/cartoros2/install/yahboom_bringup:/home/yahboom/cartoros2/install/yahboom_base:/home/yahboom/cartoros2/install/yahboom_app_save_map:/home/yahboom/cartoros2/install/update_map:/home/yahboom/cartoros2/install/rosboard:/home/yahboom/cartoros2/install/path_planner_server:/home/yahboom/cartoros2/install/nav2_simple_commander:/home/yahboom/cartoros2/install/nav2_gazebo_spawner:/home/yahboom/cartoros2/install/localization_server:/home/yahboom/cartoros2/install/laserscan_to_point_pulisher:/home/yahboom/yahboomcar_ws/install/yahboom_dog_example:/opt/ros/humble /usr/bin/cmake --build /home/yahboom/intro_ws/build/examples_rclcpp_minimal_service -- -j4 -l4
[4.453s] DEBUG:colcon.colcon_core.event_handler.log_command:Invoked command in '/home/yahboom/intro_ws/build/examples_rclcpp_minimal_service' returned '0': CMAKE_PREFIX_PATH=${CMAKE_PREFIX_PATH}:/home/yahboom/intro_ws/install/turtle_test:/home/yahboom/intro_ws/install/time_tf2_py:/home/yahboom/intro_ws/install/test_tf2_py:/home/yahboom/intro_ws/install/python_parameters:/home/yahboom/intro_ws/install/launch_testing_examples:/home/yahboom/intro_ws/install/examples_rclpy_pointcloud_publisher:/home/yahboom/intro_ws/install/examples_rclpy_minimal_subscriber:/home/yahboom/intro_ws/install/examples_rclpy_minimal_service:/home/yahboom/intro_ws/install/examples_rclpy_minimal_publisher:/home/yahboom/intro_ws/install/examples_rclpy_minimal_client:/home/yahboom/intro_ws/install/examples_rclpy_minimal_action_server:/home/yahboom/intro_ws/install/examples_rclpy_minimal_action_client:/home/yahboom/intro_ws/install/examples_rclpy_guard_conditions:/home/yahboom/intro_ws/install/examples_rclpy_executors:/home/yahboom/cartoros2/install/yahboomcar_nav:/home/yahboom/cartoros2/install/yahboomcar_ctrl:/home/yahboom/cartoros2/install/yahboom_visual:/home/yahboom/cartoros2/install/yahboom_dog_joint_state:/home/yahboom/cartoros2/install/yahboom_description:/home/yahboom/cartoros2/install/yahboom_color_identify_server:/home/yahboom/cartoros2/install/yahboom_bringup:/home/yahboom/cartoros2/install/yahboom_base:/home/yahboom/cartoros2/install/yahboom_app_save_map:/home/yahboom/cartoros2/install/update_map:/home/yahboom/cartoros2/install/rosboard:/home/yahboom/cartoros2/install/path_planner_server:/home/yahboom/cartoros2/install/nav2_simple_commander:/home/yahboom/cartoros2/install/nav2_gazebo_spawner:/home/yahboom/cartoros2/install/localization_server:/home/yahboom/cartoros2/install/laserscan_to_point_pulisher:/home/yahboom/yahboomcar_ws/install/yahboom_dog_example:/opt/ros/humble /usr/bin/cmake --build /home/yahboom/intro_ws/build/examples_rclcpp_minimal_service -- -j4 -l4
[4.530s] DEBUG:colcon.colcon_core.event_handler.log_command:Invoked command in '/home/yahboom/intro_ws/build/examples_rclcpp_minimal_publisher' returned '0': CMAKE_PREFIX_PATH=${CMAKE_PREFIX_PATH}:/home/yahboom/intro_ws/install/turtle_test:/home/yahboom/intro_ws/install/time_tf2_py:/home/yahboom/intro_ws/install/test_tf2_py:/home/yahboom/intro_ws/install/python_parameters:/home/yahboom/intro_ws/install/launch_testing_examples:/home/yahboom/intro_ws/install/examples_rclpy_pointcloud_publisher:/home/yahboom/intro_ws/install/examples_rclpy_minimal_subscriber:/home/yahboom/intro_ws/install/examples_rclpy_minimal_service:/home/yahboom/intro_ws/install/examples_rclpy_minimal_publisher:/home/yahboom/intro_ws/install/examples_rclpy_minimal_client:/home/yahboom/intro_ws/install/examples_rclpy_minimal_action_server:/home/yahboom/intro_ws/install/examples_rclpy_minimal_action_client:/home/yahboom/intro_ws/install/examples_rclpy_guard_conditions:/home/yahboom/intro_ws/install/examples_rclpy_executors:/home/yahboom/cartoros2/install/yahboomcar_nav:/home/yahboom/cartoros2/install/yahboomcar_ctrl:/home/yahboom/cartoros2/install/yahboom_visual:/home/yahboom/cartoros2/install/yahboom_dog_joint_state:/home/yahboom/cartoros2/install/yahboom_description:/home/yahboom/cartoros2/install/yahboom_color_identify_server:/home/yahboom/cartoros2/install/yahboom_bringup:/home/yahboom/cartoros2/install/yahboom_base:/home/yahboom/cartoros2/install/yahboom_app_save_map:/home/yahboom/cartoros2/install/update_map:/home/yahboom/cartoros2/install/rosboard:/home/yahboom/cartoros2/install/path_planner_server:/home/yahboom/cartoros2/install/nav2_simple_commander:/home/yahboom/cartoros2/install/nav2_gazebo_spawner:/home/yahboom/cartoros2/install/localization_server:/home/yahboom/cartoros2/install/laserscan_to_point_pulisher:/home/yahboom/yahboomcar_ws/install/yahboom_dog_example:/opt/ros/humble /usr/bin/cmake --build /home/yahboom/intro_ws/build/examples_rclcpp_minimal_publisher -- -j4 -l4
[4.541s] DEBUG:colcon.colcon_core.event_handler.log_command:Invoking command in '/home/yahboom/intro_ws/build/examples_rclcpp_minimal_service': CMAKE_PREFIX_PATH=${CMAKE_PREFIX_PATH}:/home/yahboom/intro_ws/install/turtle_test:/home/yahboom/intro_ws/install/time_tf2_py:/home/yahboom/intro_ws/install/test_tf2_py:/home/yahboom/intro_ws/install/python_parameters:/home/yahboom/intro_ws/install/launch_testing_examples:/home/yahboom/intro_ws/install/examples_rclpy_pointcloud_publisher:/home/yahboom/intro_ws/install/examples_rclpy_minimal_subscriber:/home/yahboom/intro_ws/install/examples_rclpy_minimal_service:/home/yahboom/intro_ws/install/examples_rclpy_minimal_publisher:/home/yahboom/intro_ws/install/examples_rclpy_minimal_client:/home/yahboom/intro_ws/install/examples_rclpy_minimal_action_server:/home/yahboom/intro_ws/install/examples_rclpy_minimal_action_client:/home/yahboom/intro_ws/install/examples_rclpy_guard_conditions:/home/yahboom/intro_ws/install/examples_rclpy_executors:/home/yahboom/cartoros2/install/yahboomcar_nav:/home/yahboom/cartoros2/install/yahboomcar_ctrl:/home/yahboom/cartoros2/install/yahboom_visual:/home/yahboom/cartoros2/install/yahboom_dog_joint_state:/home/yahboom/cartoros2/install/yahboom_description:/home/yahboom/cartoros2/install/yahboom_color_identify_server:/home/yahboom/cartoros2/install/yahboom_bringup:/home/yahboom/cartoros2/install/yahboom_base:/home/yahboom/cartoros2/install/yahboom_app_save_map:/home/yahboom/cartoros2/install/update_map:/home/yahboom/cartoros2/install/rosboard:/home/yahboom/cartoros2/install/path_planner_server:/home/yahboom/cartoros2/install/nav2_simple_commander:/home/yahboom/cartoros2/install/nav2_gazebo_spawner:/home/yahboom/cartoros2/install/localization_server:/home/yahboom/cartoros2/install/laserscan_to_point_pulisher:/home/yahboom/yahboomcar_ws/install/yahboom_dog_example:/opt/ros/humble /usr/bin/cmake --install /home/yahboom/intro_ws/build/examples_rclcpp_minimal_service
[4.589s] Level 1:colcon.colcon_core.environment:create_environment_scripts_only(examples_rclcpp_minimal_service)
[4.590s] Level 1:colcon.colcon_core.environment:checking '/home/yahboom/intro_ws/install/examples_rclcpp_minimal_service' for CMake module files
[4.590s] DEBUG:colcon.colcon_core.event_handler.log_command:Invoked command in '/home/yahboom/intro_ws/build/examples_rclcpp_minimal_service' returned '0': CMAKE_PREFIX_PATH=${CMAKE_PREFIX_PATH}:/home/yahboom/intro_ws/install/turtle_test:/home/yahboom/intro_ws/install/time_tf2_py:/home/yahboom/intro_ws/install/test_tf2_py:/home/yahboom/intro_ws/install/python_parameters:/home/yahboom/intro_ws/install/launch_testing_examples:/home/yahboom/intro_ws/install/examples_rclpy_pointcloud_publisher:/home/yahboom/intro_ws/install/examples_rclpy_minimal_subscriber:/home/yahboom/intro_ws/install/examples_rclpy_minimal_service:/home/yahboom/intro_ws/install/examples_rclpy_minimal_publisher:/home/yahboom/intro_ws/install/examples_rclpy_minimal_client:/home/yahboom/intro_ws/install/examples_rclpy_minimal_action_server:/home/yahboom/intro_ws/install/examples_rclpy_minimal_action_client:/home/yahboom/intro_ws/install/examples_rclpy_guard_conditions:/home/yahboom/intro_ws/install/examples_rclpy_executors:/home/yahboom/cartoros2/install/yahboomcar_nav:/home/yahboom/cartoros2/install/yahboomcar_ctrl:/home/yahboom/cartoros2/install/yahboom_visual:/home/yahboom/cartoros2/install/yahboom_dog_joint_state:/home/yahboom/cartoros2/install/yahboom_description:/home/yahboom/cartoros2/install/yahboom_color_identify_server:/home/yahboom/cartoros2/install/yahboom_bringup:/home/yahboom/cartoros2/install/yahboom_base:/home/yahboom/cartoros2/install/yahboom_app_save_map:/home/yahboom/cartoros2/install/update_map:/home/yahboom/cartoros2/install/rosboard:/home/yahboom/cartoros2/install/path_planner_server:/home/yahboom/cartoros2/install/nav2_simple_commander:/home/yahboom/cartoros2/install/nav2_gazebo_spawner:/home/yahboom/cartoros2/install/localization_server:/home/yahboom/cartoros2/install/laserscan_to_point_pulisher:/home/yahboom/yahboomcar_ws/install/yahboom_dog_example:/opt/ros/humble /usr/bin/cmake --install /home/yahboom/intro_ws/build/examples_rclcpp_minimal_service
[4.591s] Level 1:colcon.colcon_core.environment:checking '/home/yahboom/intro_ws/install/examples_rclcpp_minimal_service' for CMake config files
[4.591s] Level 1:colcon.colcon_core.shell:create_environment_hook('examples_rclcpp_minimal_service', 'cmake_prefix_path')
[4.591s] INFO:colcon.colcon_core.shell:Creating environment hook '/home/yahboom/intro_ws/install/examples_rclcpp_minimal_service/share/examples_rclcpp_minimal_service/hook/cmake_prefix_path.ps1'
[4.592s] INFO:colcon.colcon_core.shell:Creating environment descriptor '/home/yahboom/intro_ws/install/examples_rclcpp_minimal_service/share/examples_rclcpp_minimal_service/hook/cmake_prefix_path.dsv'
[4.593s] INFO:colcon.colcon_core.shell:Creating environment hook '/home/yahboom/intro_ws/install/examples_rclcpp_minimal_service/share/examples_rclcpp_minimal_service/hook/cmake_prefix_path.sh'
[4.594s] Level 1:colcon.colcon_core.environment:checking '/home/yahboom/intro_ws/install/examples_rclcpp_minimal_service/lib'
[4.594s] Level 1:colcon.colcon_core.environment:checking '/home/yahboom/intro_ws/install/examples_rclcpp_minimal_service/bin'
[4.594s] Level 1:colcon.colcon_core.environment:checking '/home/yahboom/intro_ws/install/examples_rclcpp_minimal_service/lib/pkgconfig/examples_rclcpp_minimal_service.pc'
[4.594s] Level 1:colcon.colcon_core.environment:checking '/home/yahboom/intro_ws/install/examples_rclcpp_minimal_service/lib/python3.10/site-packages'
[4.594s] Level 1:colcon.colcon_core.environment:checking '/home/yahboom/intro_ws/install/examples_rclcpp_minimal_service/bin'
[4.595s] INFO:colcon.colcon_core.shell:Creating package script '/home/yahboom/intro_ws/install/examples_rclcpp_minimal_service/share/examples_rclcpp_minimal_service/package.ps1'
[4.597s] INFO:colcon.colcon_core.shell:Creating package descriptor '/home/yahboom/intro_ws/install/examples_rclcpp_minimal_service/share/examples_rclcpp_minimal_service/package.dsv'
[4.598s] INFO:colcon.colcon_core.shell:Creating package script '/home/yahboom/intro_ws/install/examples_rclcpp_minimal_service/share/examples_rclcpp_minimal_service/package.sh'
[4.599s] INFO:colcon.colcon_core.shell:Creating package script '/home/yahboom/intro_ws/install/examples_rclcpp_minimal_service/share/examples_rclcpp_minimal_service/package.bash'
[4.601s] INFO:colcon.colcon_core.shell:Creating package script '/home/yahboom/intro_ws/install/examples_rclcpp_minimal_service/share/examples_rclcpp_minimal_service/package.zsh'
[4.602s] Level 1:colcon.colcon_core.environment:create_file_with_runtime_dependencies(/home/yahboom/intro_ws/install/examples_rclcpp_minimal_service/share/colcon-core/packages/examples_rclcpp_minimal_service)
[4.687s] Level 1:colcon.colcon_core.environment:create_environment_scripts_only(examples_rclcpp_minimal_service)
[4.687s] Level 1:colcon.colcon_core.environment:checking '/home/yahboom/intro_ws/install/examples_rclcpp_minimal_service' for CMake module files
[4.688s] Level 1:colcon.colcon_core.environment:checking '/home/yahboom/intro_ws/install/examples_rclcpp_minimal_service' for CMake config files
[4.690s] Level 1:colcon.colcon_core.shell:create_environment_hook('examples_rclcpp_minimal_service', 'cmake_prefix_path')
[4.690s] INFO:colcon.colcon_core.shell:Creating environment hook '/home/yahboom/intro_ws/install/examples_rclcpp_minimal_service/share/examples_rclcpp_minimal_service/hook/cmake_prefix_path.ps1'
[4.691s] INFO:colcon.colcon_core.shell:Creating environment descriptor '/home/yahboom/intro_ws/install/examples_rclcpp_minimal_service/share/examples_rclcpp_minimal_service/hook/cmake_prefix_path.dsv'
[4.693s] INFO:colcon.colcon_core.shell:Creating environment hook '/home/yahboom/intro_ws/install/examples_rclcpp_minimal_service/share/examples_rclcpp_minimal_service/hook/cmake_prefix_path.sh'
[4.694s] Level 1:colcon.colcon_core.environment:checking '/home/yahboom/intro_ws/install/examples_rclcpp_minimal_service/lib'
[4.694s] Level 1:colcon.colcon_core.environment:checking '/home/yahboom/intro_ws/install/examples_rclcpp_minimal_service/bin'
[4.694s] Level 1:colcon.colcon_core.environment:checking '/home/yahboom/intro_ws/install/examples_rclcpp_minimal_service/lib/pkgconfig/examples_rclcpp_minimal_service.pc'
[4.694s] Level 1:colcon.colcon_core.environment:checking '/home/yahboom/intro_ws/install/examples_rclcpp_minimal_service/lib/python3.10/site-packages'
[4.694s] Level 1:colcon.colcon_core.environment:checking '/home/yahboom/intro_ws/install/examples_rclcpp_minimal_service/bin'
[4.694s] INFO:colcon.colcon_core.shell:Creating package script '/home/yahboom/intro_ws/install/examples_rclcpp_minimal_service/share/examples_rclcpp_minimal_service/package.ps1'
[4.696s] INFO:colcon.colcon_core.shell:Creating package descriptor '/home/yahboom/intro_ws/install/examples_rclcpp_minimal_service/share/examples_rclcpp_minimal_service/package.dsv'
[4.696s] INFO:colcon.colcon_core.shell:Creating package script '/home/yahboom/intro_ws/install/examples_rclcpp_minimal_service/share/examples_rclcpp_minimal_service/package.sh'
[4.697s] INFO:colcon.colcon_core.shell:Creating package script '/home/yahboom/intro_ws/install/examples_rclcpp_minimal_service/share/examples_rclcpp_minimal_service/package.bash'
[4.698s] INFO:colcon.colcon_core.shell:Creating package script '/home/yahboom/intro_ws/install/examples_rclcpp_minimal_service/share/examples_rclcpp_minimal_service/package.zsh'
[4.699s] Level 1:colcon.colcon_core.environment:create_file_with_runtime_dependencies(/home/yahboom/intro_ws/install/examples_rclcpp_minimal_service/share/colcon-core/packages/examples_rclcpp_minimal_service)
[4.702s] INFO:colcon.colcon_ros.task.ament_cmake.build:Building ROS package in '/home/yahboom/intro_ws/src/examples/rclcpp/executors/multithreaded_executor' with build type 'ament_cmake'
[4.702s] INFO:colcon.colcon_cmake.task.cmake.build:Building CMake package in '/home/yahboom/intro_ws/src/examples/rclcpp/executors/multithreaded_executor'
[4.703s] INFO:colcon.colcon_core.shell:Skip shell extension 'powershell' for command environment: Not usable outside of PowerShell
[4.703s] DEBUG:colcon.colcon_core.shell:Skip shell extension 'dsv' for command environment
[4.729s] DEBUG:colcon.colcon_core.event_handler.log_command:Invoking command in '/home/yahboom/intro_ws/build/examples_rclcpp_minimal_publisher': CMAKE_PREFIX_PATH=${CMAKE_PREFIX_PATH}:/home/yahboom/intro_ws/install/turtle_test:/home/yahboom/intro_ws/install/time_tf2_py:/home/yahboom/intro_ws/install/test_tf2_py:/home/yahboom/intro_ws/install/python_parameters:/home/yahboom/intro_ws/install/launch_testing_examples:/home/yahboom/intro_ws/install/examples_rclpy_pointcloud_publisher:/home/yahboom/intro_ws/install/examples_rclpy_minimal_subscriber:/home/yahboom/intro_ws/install/examples_rclpy_minimal_service:/home/yahboom/intro_ws/install/examples_rclpy_minimal_publisher:/home/yahboom/intro_ws/install/examples_rclpy_minimal_client:/home/yahboom/intro_ws/install/examples_rclpy_minimal_action_server:/home/yahboom/intro_ws/install/examples_rclpy_minimal_action_client:/home/yahboom/intro_ws/install/examples_rclpy_guard_conditions:/home/yahboom/intro_ws/install/examples_rclpy_executors:/home/yahboom/cartoros2/install/yahboomcar_nav:/home/yahboom/cartoros2/install/yahboomcar_ctrl:/home/yahboom/cartoros2/install/yahboom_visual:/home/yahboom/cartoros2/install/yahboom_dog_joint_state:/home/yahboom/cartoros2/install/yahboom_description:/home/yahboom/cartoros2/install/yahboom_color_identify_server:/home/yahboom/cartoros2/install/yahboom_bringup:/home/yahboom/cartoros2/install/yahboom_base:/home/yahboom/cartoros2/install/yahboom_app_save_map:/home/yahboom/cartoros2/install/update_map:/home/yahboom/cartoros2/install/rosboard:/home/yahboom/cartoros2/install/path_planner_server:/home/yahboom/cartoros2/install/nav2_simple_commander:/home/yahboom/cartoros2/install/nav2_gazebo_spawner:/home/yahboom/cartoros2/install/localization_server:/home/yahboom/cartoros2/install/laserscan_to_point_pulisher:/home/yahboom/yahboomcar_ws/install/yahboom_dog_example:/opt/ros/humble /usr/bin/cmake --install /home/yahboom/intro_ws/build/examples_rclcpp_minimal_publisher
[4.744s] DEBUG:colcon.colcon_core.event_handler.log_command:Invoking command in '/home/yahboom/intro_ws/build/examples_rclcpp_multithreaded_executor': CMAKE_PREFIX_PATH=${CMAKE_PREFIX_PATH}:/home/yahboom/intro_ws/install/turtle_test:/home/yahboom/intro_ws/install/time_tf2_py:/home/yahboom/intro_ws/install/test_tf2_py:/home/yahboom/intro_ws/install/python_parameters:/home/yahboom/intro_ws/install/launch_testing_examples:/home/yahboom/intro_ws/install/examples_rclpy_pointcloud_publisher:/home/yahboom/intro_ws/install/examples_rclpy_minimal_subscriber:/home/yahboom/intro_ws/install/examples_rclpy_minimal_service:/home/yahboom/intro_ws/install/examples_rclpy_minimal_publisher:/home/yahboom/intro_ws/install/examples_rclpy_minimal_client:/home/yahboom/intro_ws/install/examples_rclpy_minimal_action_server:/home/yahboom/intro_ws/install/examples_rclpy_minimal_action_client:/home/yahboom/intro_ws/install/examples_rclpy_guard_conditions:/home/yahboom/intro_ws/install/examples_rclpy_executors:/home/yahboom/cartoros2/install/yahboomcar_nav:/home/yahboom/cartoros2/install/yahboomcar_ctrl:/home/yahboom/cartoros2/install/yahboom_visual:/home/yahboom/cartoros2/install/yahboom_dog_joint_state:/home/yahboom/cartoros2/install/yahboom_description:/home/yahboom/cartoros2/install/yahboom_color_identify_server:/home/yahboom/cartoros2/install/yahboom_bringup:/home/yahboom/cartoros2/install/yahboom_base:/home/yahboom/cartoros2/install/yahboom_app_save_map:/home/yahboom/cartoros2/install/update_map:/home/yahboom/cartoros2/install/rosboard:/home/yahboom/cartoros2/install/path_planner_server:/home/yahboom/cartoros2/install/nav2_simple_commander:/home/yahboom/cartoros2/install/nav2_gazebo_spawner:/home/yahboom/cartoros2/install/localization_server:/home/yahboom/cartoros2/install/laserscan_to_point_pulisher:/home/yahboom/yahboomcar_ws/install/yahboom_dog_example:/opt/ros/humble /usr/bin/cmake /home/yahboom/intro_ws/src/examples/rclcpp/executors/multithreaded_executor -DCMAKE_INSTALL_PREFIX=/home/yahboom/intro_ws/install/examples_rclcpp_multithreaded_executor
[4.775s] Level 1:colcon.colcon_core.environment:create_environment_scripts_only(examples_rclcpp_minimal_publisher)
[4.776s] Level 1:colcon.colcon_core.environment:checking '/home/yahboom/intro_ws/install/examples_rclcpp_minimal_publisher' for CMake module files
[4.777s] DEBUG:colcon.colcon_core.event_handler.log_command:Invoked command in '/home/yahboom/intro_ws/build/examples_rclcpp_minimal_publisher' returned '0': CMAKE_PREFIX_PATH=${CMAKE_PREFIX_PATH}:/home/yahboom/intro_ws/install/turtle_test:/home/yahboom/intro_ws/install/time_tf2_py:/home/yahboom/intro_ws/install/test_tf2_py:/home/yahboom/intro_ws/install/python_parameters:/home/yahboom/intro_ws/install/launch_testing_examples:/home/yahboom/intro_ws/install/examples_rclpy_pointcloud_publisher:/home/yahboom/intro_ws/install/examples_rclpy_minimal_subscriber:/home/yahboom/intro_ws/install/examples_rclpy_minimal_service:/home/yahboom/intro_ws/install/examples_rclpy_minimal_publisher:/home/yahboom/intro_ws/install/examples_rclpy_minimal_client:/home/yahboom/intro_ws/install/examples_rclpy_minimal_action_server:/home/yahboom/intro_ws/install/examples_rclpy_minimal_action_client:/home/yahboom/intro_ws/install/examples_rclpy_guard_conditions:/home/yahboom/intro_ws/install/examples_rclpy_executors:/home/yahboom/cartoros2/install/yahboomcar_nav:/home/yahboom/cartoros2/install/yahboomcar_ctrl:/home/yahboom/cartoros2/install/yahboom_visual:/home/yahboom/cartoros2/install/yahboom_dog_joint_state:/home/yahboom/cartoros2/install/yahboom_description:/home/yahboom/cartoros2/install/yahboom_color_identify_server:/home/yahboom/cartoros2/install/yahboom_bringup:/home/yahboom/cartoros2/install/yahboom_base:/home/yahboom/cartoros2/install/yahboom_app_save_map:/home/yahboom/cartoros2/install/update_map:/home/yahboom/cartoros2/install/rosboard:/home/yahboom/cartoros2/install/path_planner_server:/home/yahboom/cartoros2/install/nav2_simple_commander:/home/yahboom/cartoros2/install/nav2_gazebo_spawner:/home/yahboom/cartoros2/install/localization_server:/home/yahboom/cartoros2/install/laserscan_to_point_pulisher:/home/yahboom/yahboomcar_ws/install/yahboom_dog_example:/opt/ros/humble /usr/bin/cmake --install /home/yahboom/intro_ws/build/examples_rclcpp_minimal_publisher
[4.777s] Level 1:colcon.colcon_core.environment:checking '/home/yahboom/intro_ws/install/examples_rclcpp_minimal_publisher' for CMake config files
[4.778s] Level 1:colcon.colcon_core.shell:create_environment_hook('examples_rclcpp_minimal_publisher', 'cmake_prefix_path')
[4.778s] INFO:colcon.colcon_core.shell:Creating environment hook '/home/yahboom/intro_ws/install/examples_rclcpp_minimal_publisher/share/examples_rclcpp_minimal_publisher/hook/cmake_prefix_path.ps1'
[4.779s] INFO:colcon.colcon_core.shell:Creating environment descriptor '/home/yahboom/intro_ws/install/examples_rclcpp_minimal_publisher/share/examples_rclcpp_minimal_publisher/hook/cmake_prefix_path.dsv'
[4.781s] INFO:colcon.colcon_core.shell:Creating environment hook '/home/yahboom/intro_ws/install/examples_rclcpp_minimal_publisher/share/examples_rclcpp_minimal_publisher/hook/cmake_prefix_path.sh'
[4.782s] Level 1:colcon.colcon_core.environment:checking '/home/yahboom/intro_ws/install/examples_rclcpp_minimal_publisher/lib'
[4.782s] Level 1:colcon.colcon_core.environment:checking '/home/yahboom/intro_ws/install/examples_rclcpp_minimal_publisher/bin'
[4.782s] Level 1:colcon.colcon_core.environment:checking '/home/yahboom/intro_ws/install/examples_rclcpp_minimal_publisher/lib/pkgconfig/examples_rclcpp_minimal_publisher.pc'
[4.782s] Level 1:colcon.colcon_core.environment:checking '/home/yahboom/intro_ws/install/examples_rclcpp_minimal_publisher/lib/python3.10/site-packages'
[4.782s] Level 1:colcon.colcon_core.environment:checking '/home/yahboom/intro_ws/install/examples_rclcpp_minimal_publisher/bin'
[4.782s] INFO:colcon.colcon_core.shell:Creating package script '/home/yahboom/intro_ws/install/examples_rclcpp_minimal_publisher/share/examples_rclcpp_minimal_publisher/package.ps1'
[4.783s] INFO:colcon.colcon_core.shell:Creating package descriptor '/home/yahboom/intro_ws/install/examples_rclcpp_minimal_publisher/share/examples_rclcpp_minimal_publisher/package.dsv'
[4.784s] INFO:colcon.colcon_core.shell:Creating package script '/home/yahboom/intro_ws/install/examples_rclcpp_minimal_publisher/share/examples_rclcpp_minimal_publisher/package.sh'
[4.785s] INFO:colcon.colcon_core.shell:Creating package script '/home/yahboom/intro_ws/install/examples_rclcpp_minimal_publisher/share/examples_rclcpp_minimal_publisher/package.bash'
[4.786s] INFO:colcon.colcon_core.shell:Creating package script '/home/yahboom/intro_ws/install/examples_rclcpp_minimal_publisher/share/examples_rclcpp_minimal_publisher/package.zsh'
[4.787s] Level 1:colcon.colcon_core.environment:create_file_with_runtime_dependencies(/home/yahboom/intro_ws/install/examples_rclcpp_minimal_publisher/share/colcon-core/packages/examples_rclcpp_minimal_publisher)
[4.840s] DEBUG:colcon.colcon_core.event_handler.log_command:Invoked command in '/home/yahboom/intro_ws/build/examples_rclcpp_minimal_subscriber' returned '0': CMAKE_PREFIX_PATH=${CMAKE_PREFIX_PATH}:/home/yahboom/intro_ws/install/turtle_test:/home/yahboom/intro_ws/install/time_tf2_py:/home/yahboom/intro_ws/install/test_tf2_py:/home/yahboom/intro_ws/install/python_parameters:/home/yahboom/intro_ws/install/launch_testing_examples:/home/yahboom/intro_ws/install/examples_rclpy_pointcloud_publisher:/home/yahboom/intro_ws/install/examples_rclpy_minimal_subscriber:/home/yahboom/intro_ws/install/examples_rclpy_minimal_service:/home/yahboom/intro_ws/install/examples_rclpy_minimal_publisher:/home/yahboom/intro_ws/install/examples_rclpy_minimal_client:/home/yahboom/intro_ws/install/examples_rclpy_minimal_action_server:/home/yahboom/intro_ws/install/examples_rclpy_minimal_action_client:/home/yahboom/intro_ws/install/examples_rclpy_guard_conditions:/home/yahboom/intro_ws/install/examples_rclpy_executors:/home/yahboom/cartoros2/install/yahboomcar_nav:/home/yahboom/cartoros2/install/yahboomcar_ctrl:/home/yahboom/cartoros2/install/yahboom_visual:/home/yahboom/cartoros2/install/yahboom_dog_joint_state:/home/yahboom/cartoros2/install/yahboom_description:/home/yahboom/cartoros2/install/yahboom_color_identify_server:/home/yahboom/cartoros2/install/yahboom_bringup:/home/yahboom/cartoros2/install/yahboom_base:/home/yahboom/cartoros2/install/yahboom_app_save_map:/home/yahboom/cartoros2/install/update_map:/home/yahboom/cartoros2/install/rosboard:/home/yahboom/cartoros2/install/path_planner_server:/home/yahboom/cartoros2/install/nav2_simple_commander:/home/yahboom/cartoros2/install/nav2_gazebo_spawner:/home/yahboom/cartoros2/install/localization_server:/home/yahboom/cartoros2/install/laserscan_to_point_pulisher:/home/yahboom/yahboomcar_ws/install/yahboom_dog_example:/opt/ros/humble /usr/bin/cmake /home/yahboom/intro_ws/src/examples/rclcpp/topics/minimal_subscriber -DCMAKE_INSTALL_PREFIX=/home/yahboom/intro_ws/install/examples_rclcpp_minimal_subscriber
[4.841s] DEBUG:colcon.colcon_core.event_handler.log_command:Invoking command in '/home/yahboom/intro_ws/build/examples_rclcpp_minimal_subscriber': CMAKE_PREFIX_PATH=${CMAKE_PREFIX_PATH}:/home/yahboom/intro_ws/install/turtle_test:/home/yahboom/intro_ws/install/time_tf2_py:/home/yahboom/intro_ws/install/test_tf2_py:/home/yahboom/intro_ws/install/python_parameters:/home/yahboom/intro_ws/install/launch_testing_examples:/home/yahboom/intro_ws/install/examples_rclpy_pointcloud_publisher:/home/yahboom/intro_ws/install/examples_rclpy_minimal_subscriber:/home/yahboom/intro_ws/install/examples_rclpy_minimal_service:/home/yahboom/intro_ws/install/examples_rclpy_minimal_publisher:/home/yahboom/intro_ws/install/examples_rclpy_minimal_client:/home/yahboom/intro_ws/install/examples_rclpy_minimal_action_server:/home/yahboom/intro_ws/install/examples_rclpy_minimal_action_client:/home/yahboom/intro_ws/install/examples_rclpy_guard_conditions:/home/yahboom/intro_ws/install/examples_rclpy_executors:/home/yahboom/cartoros2/install/yahboomcar_nav:/home/yahboom/cartoros2/install/yahboomcar_ctrl:/home/yahboom/cartoros2/install/yahboom_visual:/home/yahboom/cartoros2/install/yahboom_dog_joint_state:/home/yahboom/cartoros2/install/yahboom_description:/home/yahboom/cartoros2/install/yahboom_color_identify_server:/home/yahboom/cartoros2/install/yahboom_bringup:/home/yahboom/cartoros2/install/yahboom_base:/home/yahboom/cartoros2/install/yahboom_app_save_map:/home/yahboom/cartoros2/install/update_map:/home/yahboom/cartoros2/install/rosboard:/home/yahboom/cartoros2/install/path_planner_server:/home/yahboom/cartoros2/install/nav2_simple_commander:/home/yahboom/cartoros2/install/nav2_gazebo_spawner:/home/yahboom/cartoros2/install/localization_server:/home/yahboom/cartoros2/install/laserscan_to_point_pulisher:/home/yahboom/yahboomcar_ws/install/yahboom_dog_example:/opt/ros/humble /usr/bin/cmake --build /home/yahboom/intro_ws/build/examples_rclcpp_minimal_subscriber -- -j4 -l4
[4.916s] DEBUG:colcon.colcon_core.event_handler.log_command:Invoked command in '/home/yahboom/intro_ws/build/examples_rclcpp_minimal_timer' returned '0': CMAKE_PREFIX_PATH=${CMAKE_PREFIX_PATH}:/home/yahboom/intro_ws/install/turtle_test:/home/yahboom/intro_ws/install/time_tf2_py:/home/yahboom/intro_ws/install/test_tf2_py:/home/yahboom/intro_ws/install/python_parameters:/home/yahboom/intro_ws/install/launch_testing_examples:/home/yahboom/intro_ws/install/examples_rclpy_pointcloud_publisher:/home/yahboom/intro_ws/install/examples_rclpy_minimal_subscriber:/home/yahboom/intro_ws/install/examples_rclpy_minimal_service:/home/yahboom/intro_ws/install/examples_rclpy_minimal_publisher:/home/yahboom/intro_ws/install/examples_rclpy_minimal_client:/home/yahboom/intro_ws/install/examples_rclpy_minimal_action_server:/home/yahboom/intro_ws/install/examples_rclpy_minimal_action_client:/home/yahboom/intro_ws/install/examples_rclpy_guard_conditions:/home/yahboom/intro_ws/install/examples_rclpy_executors:/home/yahboom/cartoros2/install/yahboomcar_nav:/home/yahboom/cartoros2/install/yahboomcar_ctrl:/home/yahboom/cartoros2/install/yahboom_visual:/home/yahboom/cartoros2/install/yahboom_dog_joint_state:/home/yahboom/cartoros2/install/yahboom_description:/home/yahboom/cartoros2/install/yahboom_color_identify_server:/home/yahboom/cartoros2/install/yahboom_bringup:/home/yahboom/cartoros2/install/yahboom_base:/home/yahboom/cartoros2/install/yahboom_app_save_map:/home/yahboom/cartoros2/install/update_map:/home/yahboom/cartoros2/install/rosboard:/home/yahboom/cartoros2/install/path_planner_server:/home/yahboom/cartoros2/install/nav2_simple_commander:/home/yahboom/cartoros2/install/nav2_gazebo_spawner:/home/yahboom/cartoros2/install/localization_server:/home/yahboom/cartoros2/install/laserscan_to_point_pulisher:/home/yahboom/yahboomcar_ws/install/yahboom_dog_example:/opt/ros/humble /usr/bin/cmake /home/yahboom/intro_ws/src/examples/rclcpp/timers/minimal_timer -DCMAKE_INSTALL_PREFIX=/home/yahboom/intro_ws/install/examples_rclcpp_minimal_timer
[4.917s] DEBUG:colcon.colcon_core.event_handler.log_command:Invoking command in '/home/yahboom/intro_ws/build/examples_rclcpp_minimal_timer': CMAKE_PREFIX_PATH=${CMAKE_PREFIX_PATH}:/home/yahboom/intro_ws/install/turtle_test:/home/yahboom/intro_ws/install/time_tf2_py:/home/yahboom/intro_ws/install/test_tf2_py:/home/yahboom/intro_ws/install/python_parameters:/home/yahboom/intro_ws/install/launch_testing_examples:/home/yahboom/intro_ws/install/examples_rclpy_pointcloud_publisher:/home/yahboom/intro_ws/install/examples_rclpy_minimal_subscriber:/home/yahboom/intro_ws/install/examples_rclpy_minimal_service:/home/yahboom/intro_ws/install/examples_rclpy_minimal_publisher:/home/yahboom/intro_ws/install/examples_rclpy_minimal_client:/home/yahboom/intro_ws/install/examples_rclpy_minimal_action_server:/home/yahboom/intro_ws/install/examples_rclpy_minimal_action_client:/home/yahboom/intro_ws/install/examples_rclpy_guard_conditions:/home/yahboom/intro_ws/install/examples_rclpy_executors:/home/yahboom/cartoros2/install/yahboomcar_nav:/home/yahboom/cartoros2/install/yahboomcar_ctrl:/home/yahboom/cartoros2/install/yahboom_visual:/home/yahboom/cartoros2/install/yahboom_dog_joint_state:/home/yahboom/cartoros2/install/yahboom_description:/home/yahboom/cartoros2/install/yahboom_color_identify_server:/home/yahboom/cartoros2/install/yahboom_bringup:/home/yahboom/cartoros2/install/yahboom_base:/home/yahboom/cartoros2/install/yahboom_app_save_map:/home/yahboom/cartoros2/install/update_map:/home/yahboom/cartoros2/install/rosboard:/home/yahboom/cartoros2/install/path_planner_server:/home/yahboom/cartoros2/install/nav2_simple_commander:/home/yahboom/cartoros2/install/nav2_gazebo_spawner:/home/yahboom/cartoros2/install/localization_server:/home/yahboom/cartoros2/install/laserscan_to_point_pulisher:/home/yahboom/yahboomcar_ws/install/yahboom_dog_example:/opt/ros/humble /usr/bin/cmake --build /home/yahboom/intro_ws/build/examples_rclcpp_minimal_timer -- -j4 -l4
[5.002s] Level 1:colcon.colcon_core.environment:create_environment_scripts_only(examples_rclcpp_minimal_publisher)
[5.002s] Level 1:colcon.colcon_core.environment:checking '/home/yahboom/intro_ws/install/examples_rclcpp_minimal_publisher' for CMake module files
[5.002s] Level 1:colcon.colcon_core.environment:checking '/home/yahboom/intro_ws/install/examples_rclcpp_minimal_publisher' for CMake config files
[5.003s] Level 1:colcon.colcon_core.shell:create_environment_hook('examples_rclcpp_minimal_publisher', 'cmake_prefix_path')
[5.003s] INFO:colcon.colcon_core.shell:Creating environment hook '/home/yahboom/intro_ws/install/examples_rclcpp_minimal_publisher/share/examples_rclcpp_minimal_publisher/hook/cmake_prefix_path.ps1'
[5.004s] INFO:colcon.colcon_core.shell:Creating environment descriptor '/home/yahboom/intro_ws/install/examples_rclcpp_minimal_publisher/share/examples_rclcpp_minimal_publisher/hook/cmake_prefix_path.dsv'
[5.013s] INFO:colcon.colcon_core.shell:Creating environment hook '/home/yahboom/intro_ws/install/examples_rclcpp_minimal_publisher/share/examples_rclcpp_minimal_publisher/hook/cmake_prefix_path.sh'
[5.020s] Level 1:colcon.colcon_core.environment:checking '/home/yahboom/intro_ws/install/examples_rclcpp_minimal_publisher/lib'
[5.021s] Level 1:colcon.colcon_core.environment:checking '/home/yahboom/intro_ws/install/examples_rclcpp_minimal_publisher/bin'
[5.021s] Level 1:colcon.colcon_core.environment:checking '/home/yahboom/intro_ws/install/examples_rclcpp_minimal_publisher/lib/pkgconfig/examples_rclcpp_minimal_publisher.pc'
[5.021s] Level 1:colcon.colcon_core.environment:checking '/home/yahboom/intro_ws/install/examples_rclcpp_minimal_publisher/lib/python3.10/site-packages'
[5.021s] Level 1:colcon.colcon_core.environment:checking '/home/yahboom/intro_ws/install/examples_rclcpp_minimal_publisher/bin'
[5.021s] INFO:colcon.colcon_core.shell:Creating package script '/home/yahboom/intro_ws/install/examples_rclcpp_minimal_publisher/share/examples_rclcpp_minimal_publisher/package.ps1'
[5.025s] INFO:colcon.colcon_core.shell:Creating package descriptor '/home/yahboom/intro_ws/install/examples_rclcpp_minimal_publisher/share/examples_rclcpp_minimal_publisher/package.dsv'
[5.027s] INFO:colcon.colcon_core.shell:Creating package script '/home/yahboom/intro_ws/install/examples_rclcpp_minimal_publisher/share/examples_rclcpp_minimal_publisher/package.sh'
[5.028s] INFO:colcon.colcon_core.shell:Creating package script '/home/yahboom/intro_ws/install/examples_rclcpp_minimal_publisher/share/examples_rclcpp_minimal_publisher/package.bash'
[5.029s] INFO:colcon.colcon_core.shell:Creating package script '/home/yahboom/intro_ws/install/examples_rclcpp_minimal_publisher/share/examples_rclcpp_minimal_publisher/package.zsh'
[5.032s] Level 1:colcon.colcon_core.environment:create_file_with_runtime_dependencies(/home/yahboom/intro_ws/install/examples_rclcpp_minimal_publisher/share/colcon-core/packages/examples_rclcpp_minimal_publisher)
[5.038s] INFO:colcon.colcon_ros.task.ament_cmake.build:Building ROS package in '/home/yahboom/intro_ws/src/examples/rclcpp/wait_set' with build type 'ament_cmake'
[5.038s] INFO:colcon.colcon_cmake.task.cmake.build:Building CMake package in '/home/yahboom/intro_ws/src/examples/rclcpp/wait_set'
[5.038s] INFO:colcon.colcon_core.shell:Skip shell extension 'powershell' for command environment: Not usable outside of PowerShell
[5.038s] DEBUG:colcon.colcon_core.shell:Skip shell extension 'dsv' for command environment
[5.065s] DEBUG:colcon.colcon_core.event_handler.log_command:Invoking command in '/home/yahboom/intro_ws/build/examples_rclcpp_wait_set': CMAKE_PREFIX_PATH=${CMAKE_PREFIX_PATH}:/home/yahboom/intro_ws/install/turtle_test:/home/yahboom/intro_ws/install/time_tf2_py:/home/yahboom/intro_ws/install/test_tf2_py:/home/yahboom/intro_ws/install/python_parameters:/home/yahboom/intro_ws/install/launch_testing_examples:/home/yahboom/intro_ws/install/examples_rclpy_pointcloud_publisher:/home/yahboom/intro_ws/install/examples_rclpy_minimal_subscriber:/home/yahboom/intro_ws/install/examples_rclpy_minimal_service:/home/yahboom/intro_ws/install/examples_rclpy_minimal_publisher:/home/yahboom/intro_ws/install/examples_rclpy_minimal_client:/home/yahboom/intro_ws/install/examples_rclpy_minimal_action_server:/home/yahboom/intro_ws/install/examples_rclpy_minimal_action_client:/home/yahboom/intro_ws/install/examples_rclpy_guard_conditions:/home/yahboom/intro_ws/install/examples_rclpy_executors:/home/yahboom/cartoros2/install/yahboomcar_nav:/home/yahboom/cartoros2/install/yahboomcar_ctrl:/home/yahboom/cartoros2/install/yahboom_visual:/home/yahboom/cartoros2/install/yahboom_dog_joint_state:/home/yahboom/cartoros2/install/yahboom_description:/home/yahboom/cartoros2/install/yahboom_color_identify_server:/home/yahboom/cartoros2/install/yahboom_bringup:/home/yahboom/cartoros2/install/yahboom_base:/home/yahboom/cartoros2/install/yahboom_app_save_map:/home/yahboom/cartoros2/install/update_map:/home/yahboom/cartoros2/install/rosboard:/home/yahboom/cartoros2/install/path_planner_server:/home/yahboom/cartoros2/install/nav2_simple_commander:/home/yahboom/cartoros2/install/nav2_gazebo_spawner:/home/yahboom/cartoros2/install/localization_server:/home/yahboom/cartoros2/install/laserscan_to_point_pulisher:/home/yahboom/yahboomcar_ws/install/yahboom_dog_example:/opt/ros/humble /usr/bin/cmake /home/yahboom/intro_ws/src/examples/rclcpp/wait_set -DCMAKE_INSTALL_PREFIX=/home/yahboom/intro_ws/install/examples_rclcpp_wait_set
[5.141s] DEBUG:colcon.colcon_core.event_handler.log_command:Invoked command in '/home/yahboom/intro_ws/build/examples_rclcpp_minimal_timer' returned '0': CMAKE_PREFIX_PATH=${CMAKE_PREFIX_PATH}:/home/yahboom/intro_ws/install/turtle_test:/home/yahboom/intro_ws/install/time_tf2_py:/home/yahboom/intro_ws/install/test_tf2_py:/home/yahboom/intro_ws/install/python_parameters:/home/yahboom/intro_ws/install/launch_testing_examples:/home/yahboom/intro_ws/install/examples_rclpy_pointcloud_publisher:/home/yahboom/intro_ws/install/examples_rclpy_minimal_subscriber:/home/yahboom/intro_ws/install/examples_rclpy_minimal_service:/home/yahboom/intro_ws/install/examples_rclpy_minimal_publisher:/home/yahboom/intro_ws/install/examples_rclpy_minimal_client:/home/yahboom/intro_ws/install/examples_rclpy_minimal_action_server:/home/yahboom/intro_ws/install/examples_rclpy_minimal_action_client:/home/yahboom/intro_ws/install/examples_rclpy_guard_conditions:/home/yahboom/intro_ws/install/examples_rclpy_executors:/home/yahboom/cartoros2/install/yahboomcar_nav:/home/yahboom/cartoros2/install/yahboomcar_ctrl:/home/yahboom/cartoros2/install/yahboom_visual:/home/yahboom/cartoros2/install/yahboom_dog_joint_state:/home/yahboom/cartoros2/install/yahboom_description:/home/yahboom/cartoros2/install/yahboom_color_identify_server:/home/yahboom/cartoros2/install/yahboom_bringup:/home/yahboom/cartoros2/install/yahboom_base:/home/yahboom/cartoros2/install/yahboom_app_save_map:/home/yahboom/cartoros2/install/update_map:/home/yahboom/cartoros2/install/rosboard:/home/yahboom/cartoros2/install/path_planner_server:/home/yahboom/cartoros2/install/nav2_simple_commander:/home/yahboom/cartoros2/install/nav2_gazebo_spawner:/home/yahboom/cartoros2/install/localization_server:/home/yahboom/cartoros2/install/laserscan_to_point_pulisher:/home/yahboom/yahboomcar_ws/install/yahboom_dog_example:/opt/ros/humble /usr/bin/cmake --build /home/yahboom/intro_ws/build/examples_rclcpp_minimal_timer -- -j4 -l4
[5.232s] DEBUG:colcon.colcon_core.event_handler.log_command:Invoked command in '/home/yahboom/intro_ws/build/examples_rclcpp_minimal_subscriber' returned '0': CMAKE_PREFIX_PATH=${CMAKE_PREFIX_PATH}:/home/yahboom/intro_ws/install/turtle_test:/home/yahboom/intro_ws/install/time_tf2_py:/home/yahboom/intro_ws/install/test_tf2_py:/home/yahboom/intro_ws/install/python_parameters:/home/yahboom/intro_ws/install/launch_testing_examples:/home/yahboom/intro_ws/install/examples_rclpy_pointcloud_publisher:/home/yahboom/intro_ws/install/examples_rclpy_minimal_subscriber:/home/yahboom/intro_ws/install/examples_rclpy_minimal_service:/home/yahboom/intro_ws/install/examples_rclpy_minimal_publisher:/home/yahboom/intro_ws/install/examples_rclpy_minimal_client:/home/yahboom/intro_ws/install/examples_rclpy_minimal_action_server:/home/yahboom/intro_ws/install/examples_rclpy_minimal_action_client:/home/yahboom/intro_ws/install/examples_rclpy_guard_conditions:/home/yahboom/intro_ws/install/examples_rclpy_executors:/home/yahboom/cartoros2/install/yahboomcar_nav:/home/yahboom/cartoros2/install/yahboomcar_ctrl:/home/yahboom/cartoros2/install/yahboom_visual:/home/yahboom/cartoros2/install/yahboom_dog_joint_state:/home/yahboom/cartoros2/install/yahboom_description:/home/yahboom/cartoros2/install/yahboom_color_identify_server:/home/yahboom/cartoros2/install/yahboom_bringup:/home/yahboom/cartoros2/install/yahboom_base:/home/yahboom/cartoros2/install/yahboom_app_save_map:/home/yahboom/cartoros2/install/update_map:/home/yahboom/cartoros2/install/rosboard:/home/yahboom/cartoros2/install/path_planner_server:/home/yahboom/cartoros2/install/nav2_simple_commander:/home/yahboom/cartoros2/install/nav2_gazebo_spawner:/home/yahboom/cartoros2/install/localization_server:/home/yahboom/cartoros2/install/laserscan_to_point_pulisher:/home/yahboom/yahboomcar_ws/install/yahboom_dog_example:/opt/ros/humble /usr/bin/cmake --build /home/yahboom/intro_ws/build/examples_rclcpp_minimal_subscriber -- -j4 -l4
[5.264s] DEBUG:colcon.colcon_core.event_handler.log_command:Invoking command in '/home/yahboom/intro_ws/build/examples_rclcpp_minimal_timer': CMAKE_PREFIX_PATH=${CMAKE_PREFIX_PATH}:/home/yahboom/intro_ws/install/turtle_test:/home/yahboom/intro_ws/install/time_tf2_py:/home/yahboom/intro_ws/install/test_tf2_py:/home/yahboom/intro_ws/install/python_parameters:/home/yahboom/intro_ws/install/launch_testing_examples:/home/yahboom/intro_ws/install/examples_rclpy_pointcloud_publisher:/home/yahboom/intro_ws/install/examples_rclpy_minimal_subscriber:/home/yahboom/intro_ws/install/examples_rclpy_minimal_service:/home/yahboom/intro_ws/install/examples_rclpy_minimal_publisher:/home/yahboom/intro_ws/install/examples_rclpy_minimal_client:/home/yahboom/intro_ws/install/examples_rclpy_minimal_action_server:/home/yahboom/intro_ws/install/examples_rclpy_minimal_action_client:/home/yahboom/intro_ws/install/examples_rclpy_guard_conditions:/home/yahboom/intro_ws/install/examples_rclpy_executors:/home/yahboom/cartoros2/install/yahboomcar_nav:/home/yahboom/cartoros2/install/yahboomcar_ctrl:/home/yahboom/cartoros2/install/yahboom_visual:/home/yahboom/cartoros2/install/yahboom_dog_joint_state:/home/yahboom/cartoros2/install/yahboom_description:/home/yahboom/cartoros2/install/yahboom_color_identify_server:/home/yahboom/cartoros2/install/yahboom_bringup:/home/yahboom/cartoros2/install/yahboom_base:/home/yahboom/cartoros2/install/yahboom_app_save_map:/home/yahboom/cartoros2/install/update_map:/home/yahboom/cartoros2/install/rosboard:/home/yahboom/cartoros2/install/path_planner_server:/home/yahboom/cartoros2/install/nav2_simple_commander:/home/yahboom/cartoros2/install/nav2_gazebo_spawner:/home/yahboom/cartoros2/install/localization_server:/home/yahboom/cartoros2/install/laserscan_to_point_pulisher:/home/yahboom/yahboomcar_ws/install/yahboom_dog_example:/opt/ros/humble /usr/bin/cmake --install /home/yahboom/intro_ws/build/examples_rclcpp_minimal_timer
[5.301s] Level 1:colcon.colcon_core.environment:create_environment_scripts_only(examples_rclcpp_minimal_timer)
[5.301s] Level 1:colcon.colcon_core.environment:checking '/home/yahboom/intro_ws/install/examples_rclcpp_minimal_timer' for CMake module files
[5.301s] Level 1:colcon.colcon_core.environment:checking '/home/yahboom/intro_ws/install/examples_rclcpp_minimal_timer' for CMake config files
[5.301s] Level 1:colcon.colcon_core.shell:create_environment_hook('examples_rclcpp_minimal_timer', 'cmake_prefix_path')
[5.302s] INFO:colcon.colcon_core.shell:Creating environment hook '/home/yahboom/intro_ws/install/examples_rclcpp_minimal_timer/share/examples_rclcpp_minimal_timer/hook/cmake_prefix_path.ps1'
[5.303s] INFO:colcon.colcon_core.shell:Creating environment descriptor '/home/yahboom/intro_ws/install/examples_rclcpp_minimal_timer/share/examples_rclcpp_minimal_timer/hook/cmake_prefix_path.dsv'
[5.303s] DEBUG:colcon.colcon_core.event_handler.log_command:Invoked command in '/home/yahboom/intro_ws/build/examples_rclcpp_minimal_timer' returned '0': CMAKE_PREFIX_PATH=${CMAKE_PREFIX_PATH}:/home/yahboom/intro_ws/install/turtle_test:/home/yahboom/intro_ws/install/time_tf2_py:/home/yahboom/intro_ws/install/test_tf2_py:/home/yahboom/intro_ws/install/python_parameters:/home/yahboom/intro_ws/install/launch_testing_examples:/home/yahboom/intro_ws/install/examples_rclpy_pointcloud_publisher:/home/yahboom/intro_ws/install/examples_rclpy_minimal_subscriber:/home/yahboom/intro_ws/install/examples_rclpy_minimal_service:/home/yahboom/intro_ws/install/examples_rclpy_minimal_publisher:/home/yahboom/intro_ws/install/examples_rclpy_minimal_client:/home/yahboom/intro_ws/install/examples_rclpy_minimal_action_server:/home/yahboom/intro_ws/install/examples_rclpy_minimal_action_client:/home/yahboom/intro_ws/install/examples_rclpy_guard_conditions:/home/yahboom/intro_ws/install/examples_rclpy_executors:/home/yahboom/cartoros2/install/yahboomcar_nav:/home/yahboom/cartoros2/install/yahboomcar_ctrl:/home/yahboom/cartoros2/install/yahboom_visual:/home/yahboom/cartoros2/install/yahboom_dog_joint_state:/home/yahboom/cartoros2/install/yahboom_description:/home/yahboom/cartoros2/install/yahboom_color_identify_server:/home/yahboom/cartoros2/install/yahboom_bringup:/home/yahboom/cartoros2/install/yahboom_base:/home/yahboom/cartoros2/install/yahboom_app_save_map:/home/yahboom/cartoros2/install/update_map:/home/yahboom/cartoros2/install/rosboard:/home/yahboom/cartoros2/install/path_planner_server:/home/yahboom/cartoros2/install/nav2_simple_commander:/home/yahboom/cartoros2/install/nav2_gazebo_spawner:/home/yahboom/cartoros2/install/localization_server:/home/yahboom/cartoros2/install/laserscan_to_point_pulisher:/home/yahboom/yahboomcar_ws/install/yahboom_dog_example:/opt/ros/humble /usr/bin/cmake --install /home/yahboom/intro_ws/build/examples_rclcpp_minimal_timer
[5.304s] INFO:colcon.colcon_core.shell:Creating environment hook '/home/yahboom/intro_ws/install/examples_rclcpp_minimal_timer/share/examples_rclcpp_minimal_timer/hook/cmake_prefix_path.sh'
[5.305s] Level 1:colcon.colcon_core.environment:checking '/home/yahboom/intro_ws/install/examples_rclcpp_minimal_timer/lib'
[5.306s] Level 1:colcon.colcon_core.environment:checking '/home/yahboom/intro_ws/install/examples_rclcpp_minimal_timer/bin'
[5.306s] Level 1:colcon.colcon_core.environment:checking '/home/yahboom/intro_ws/install/examples_rclcpp_minimal_timer/lib/pkgconfig/examples_rclcpp_minimal_timer.pc'
[5.306s] Level 1:colcon.colcon_core.environment:checking '/home/yahboom/intro_ws/install/examples_rclcpp_minimal_timer/lib/python3.10/site-packages'
[5.306s] Level 1:colcon.colcon_core.environment:checking '/home/yahboom/intro_ws/install/examples_rclcpp_minimal_timer/bin'
[5.306s] INFO:colcon.colcon_core.shell:Creating package script '/home/yahboom/intro_ws/install/examples_rclcpp_minimal_timer/share/examples_rclcpp_minimal_timer/package.ps1'
[5.307s] INFO:colcon.colcon_core.shell:Creating package descriptor '/home/yahboom/intro_ws/install/examples_rclcpp_minimal_timer/share/examples_rclcpp_minimal_timer/package.dsv'
[5.308s] INFO:colcon.colcon_core.shell:Creating package script '/home/yahboom/intro_ws/install/examples_rclcpp_minimal_timer/share/examples_rclcpp_minimal_timer/package.sh'
[5.308s] INFO:colcon.colcon_core.shell:Creating package script '/home/yahboom/intro_ws/install/examples_rclcpp_minimal_timer/share/examples_rclcpp_minimal_timer/package.bash'
[5.309s] INFO:colcon.colcon_core.shell:Creating package script '/home/yahboom/intro_ws/install/examples_rclcpp_minimal_timer/share/examples_rclcpp_minimal_timer/package.zsh'
[5.310s] Level 1:colcon.colcon_core.environment:create_file_with_runtime_dependencies(/home/yahboom/intro_ws/install/examples_rclcpp_minimal_timer/share/colcon-core/packages/examples_rclcpp_minimal_timer)
[5.401s] Level 1:colcon.colcon_core.environment:create_environment_scripts_only(examples_rclcpp_minimal_timer)
[5.401s] Level 1:colcon.colcon_core.environment:checking '/home/yahboom/intro_ws/install/examples_rclcpp_minimal_timer' for CMake module files
[5.402s] Level 1:colcon.colcon_core.environment:checking '/home/yahboom/intro_ws/install/examples_rclcpp_minimal_timer' for CMake config files
[5.402s] Level 1:colcon.colcon_core.shell:create_environment_hook('examples_rclcpp_minimal_timer', 'cmake_prefix_path')
[5.402s] INFO:colcon.colcon_core.shell:Creating environment hook '/home/yahboom/intro_ws/install/examples_rclcpp_minimal_timer/share/examples_rclcpp_minimal_timer/hook/cmake_prefix_path.ps1'
[5.404s] INFO:colcon.colcon_core.shell:Creating environment descriptor '/home/yahboom/intro_ws/install/examples_rclcpp_minimal_timer/share/examples_rclcpp_minimal_timer/hook/cmake_prefix_path.dsv'
[5.404s] INFO:colcon.colcon_core.shell:Creating environment hook '/home/yahboom/intro_ws/install/examples_rclcpp_minimal_timer/share/examples_rclcpp_minimal_timer/hook/cmake_prefix_path.sh'
[5.405s] Level 1:colcon.colcon_core.environment:checking '/home/yahboom/intro_ws/install/examples_rclcpp_minimal_timer/lib'
[5.406s] Level 1:colcon.colcon_core.environment:checking '/home/yahboom/intro_ws/install/examples_rclcpp_minimal_timer/bin'
[5.406s] Level 1:colcon.colcon_core.environment:checking '/home/yahboom/intro_ws/install/examples_rclcpp_minimal_timer/lib/pkgconfig/examples_rclcpp_minimal_timer.pc'
[5.406s] Level 1:colcon.colcon_core.environment:checking '/home/yahboom/intro_ws/install/examples_rclcpp_minimal_timer/lib/python3.10/site-packages'
[5.406s] Level 1:colcon.colcon_core.environment:checking '/home/yahboom/intro_ws/install/examples_rclcpp_minimal_timer/bin'
[5.406s] INFO:colcon.colcon_core.shell:Creating package script '/home/yahboom/intro_ws/install/examples_rclcpp_minimal_timer/share/examples_rclcpp_minimal_timer/package.ps1'
[5.407s] INFO:colcon.colcon_core.shell:Creating package descriptor '/home/yahboom/intro_ws/install/examples_rclcpp_minimal_timer/share/examples_rclcpp_minimal_timer/package.dsv'
[5.407s] INFO:colcon.colcon_core.shell:Creating package script '/home/yahboom/intro_ws/install/examples_rclcpp_minimal_timer/share/examples_rclcpp_minimal_timer/package.sh'
[5.408s] INFO:colcon.colcon_core.shell:Creating package script '/home/yahboom/intro_ws/install/examples_rclcpp_minimal_timer/share/examples_rclcpp_minimal_timer/package.bash'
[5.409s] INFO:colcon.colcon_core.shell:Creating package script '/home/yahboom/intro_ws/install/examples_rclcpp_minimal_timer/share/examples_rclcpp_minimal_timer/package.zsh'
[5.410s] Level 1:colcon.colcon_core.environment:create_file_with_runtime_dependencies(/home/yahboom/intro_ws/install/examples_rclcpp_minimal_timer/share/colcon-core/packages/examples_rclcpp_minimal_timer)
[5.411s] INFO:colcon.colcon_ros.task.ament_python.build:Building ROS package in '/home/yahboom/intro_ws/src/examples/rclpy/executors' with build type 'ament_python'
[5.411s] Level 1:colcon.colcon_core.shell:create_environment_hook('examples_rclpy_executors', 'ament_prefix_path')
[5.411s] INFO:colcon.colcon_core.shell:Creating environment hook '/home/yahboom/intro_ws/install/examples_rclpy_executors/share/examples_rclpy_executors/hook/ament_prefix_path.ps1'
[5.412s] INFO:colcon.colcon_core.shell:Creating environment descriptor '/home/yahboom/intro_ws/install/examples_rclpy_executors/share/examples_rclpy_executors/hook/ament_prefix_path.dsv'
[5.413s] INFO:colcon.colcon_core.shell:Creating environment hook '/home/yahboom/intro_ws/install/examples_rclpy_executors/share/examples_rclpy_executors/hook/ament_prefix_path.sh'
[5.414s] INFO:colcon.colcon_core.shell:Skip shell extension 'powershell' for command environment: Not usable outside of PowerShell
[5.414s] DEBUG:colcon.colcon_core.shell:Skip shell extension 'dsv' for command environment
[5.714s] INFO:colcon.colcon_core.task.python.build:Building Python package in '/home/yahboom/intro_ws/src/examples/rclpy/executors'
[5.714s] INFO:colcon.colcon_core.shell:Skip shell extension 'powershell' for command environment: Not usable outside of PowerShell
[5.715s] DEBUG:colcon.colcon_core.shell:Skip shell extension 'dsv' for command environment
[5.727s] DEBUG:colcon.colcon_core.event_handler.log_command:Invoked command in '/home/yahboom/intro_ws/build/examples_rclcpp_multithreaded_executor' returned '0': CMAKE_PREFIX_PATH=${CMAKE_PREFIX_PATH}:/home/yahboom/intro_ws/install/turtle_test:/home/yahboom/intro_ws/install/time_tf2_py:/home/yahboom/intro_ws/install/test_tf2_py:/home/yahboom/intro_ws/install/python_parameters:/home/yahboom/intro_ws/install/launch_testing_examples:/home/yahboom/intro_ws/install/examples_rclpy_pointcloud_publisher:/home/yahboom/intro_ws/install/examples_rclpy_minimal_subscriber:/home/yahboom/intro_ws/install/examples_rclpy_minimal_service:/home/yahboom/intro_ws/install/examples_rclpy_minimal_publisher:/home/yahboom/intro_ws/install/examples_rclpy_minimal_client:/home/yahboom/intro_ws/install/examples_rclpy_minimal_action_server:/home/yahboom/intro_ws/install/examples_rclpy_minimal_action_client:/home/yahboom/intro_ws/install/examples_rclpy_guard_conditions:/home/yahboom/intro_ws/install/examples_rclpy_executors:/home/yahboom/cartoros2/install/yahboomcar_nav:/home/yahboom/cartoros2/install/yahboomcar_ctrl:/home/yahboom/cartoros2/install/yahboom_visual:/home/yahboom/cartoros2/install/yahboom_dog_joint_state:/home/yahboom/cartoros2/install/yahboom_description:/home/yahboom/cartoros2/install/yahboom_color_identify_server:/home/yahboom/cartoros2/install/yahboom_bringup:/home/yahboom/cartoros2/install/yahboom_base:/home/yahboom/cartoros2/install/yahboom_app_save_map:/home/yahboom/cartoros2/install/update_map:/home/yahboom/cartoros2/install/rosboard:/home/yahboom/cartoros2/install/path_planner_server:/home/yahboom/cartoros2/install/nav2_simple_commander:/home/yahboom/cartoros2/install/nav2_gazebo_spawner:/home/yahboom/cartoros2/install/localization_server:/home/yahboom/cartoros2/install/laserscan_to_point_pulisher:/home/yahboom/yahboomcar_ws/install/yahboom_dog_example:/opt/ros/humble /usr/bin/cmake /home/yahboom/intro_ws/src/examples/rclcpp/executors/multithreaded_executor -DCMAKE_INSTALL_PREFIX=/home/yahboom/intro_ws/install/examples_rclcpp_multithreaded_executor
[5.727s] DEBUG:colcon.colcon_core.event_handler.log_command:Invoking command in '/home/yahboom/intro_ws/build/examples_rclcpp_multithreaded_executor': CMAKE_PREFIX_PATH=${CMAKE_PREFIX_PATH}:/home/yahboom/intro_ws/install/turtle_test:/home/yahboom/intro_ws/install/time_tf2_py:/home/yahboom/intro_ws/install/test_tf2_py:/home/yahboom/intro_ws/install/python_parameters:/home/yahboom/intro_ws/install/launch_testing_examples:/home/yahboom/intro_ws/install/examples_rclpy_pointcloud_publisher:/home/yahboom/intro_ws/install/examples_rclpy_minimal_subscriber:/home/yahboom/intro_ws/install/examples_rclpy_minimal_service:/home/yahboom/intro_ws/install/examples_rclpy_minimal_publisher:/home/yahboom/intro_ws/install/examples_rclpy_minimal_client:/home/yahboom/intro_ws/install/examples_rclpy_minimal_action_server:/home/yahboom/intro_ws/install/examples_rclpy_minimal_action_client:/home/yahboom/intro_ws/install/examples_rclpy_guard_conditions:/home/yahboom/intro_ws/install/examples_rclpy_executors:/home/yahboom/cartoros2/install/yahboomcar_nav:/home/yahboom/cartoros2/install/yahboomcar_ctrl:/home/yahboom/cartoros2/install/yahboom_visual:/home/yahboom/cartoros2/install/yahboom_dog_joint_state:/home/yahboom/cartoros2/install/yahboom_description:/home/yahboom/cartoros2/install/yahboom_color_identify_server:/home/yahboom/cartoros2/install/yahboom_bringup:/home/yahboom/cartoros2/install/yahboom_base:/home/yahboom/cartoros2/install/yahboom_app_save_map:/home/yahboom/cartoros2/install/update_map:/home/yahboom/cartoros2/install/rosboard:/home/yahboom/cartoros2/install/path_planner_server:/home/yahboom/cartoros2/install/nav2_simple_commander:/home/yahboom/cartoros2/install/nav2_gazebo_spawner:/home/yahboom/cartoros2/install/localization_server:/home/yahboom/cartoros2/install/laserscan_to_point_pulisher:/home/yahboom/yahboomcar_ws/install/yahboom_dog_example:/opt/ros/humble /usr/bin/cmake --build /home/yahboom/intro_ws/build/examples_rclcpp_multithreaded_executor -- -j4 -l4
[5.728s] DEBUG:colcon.colcon_core.event_handler.log_command:Invoking command in '/home/yahboom/intro_ws/build/examples_rclcpp_minimal_subscriber': CMAKE_PREFIX_PATH=${CMAKE_PREFIX_PATH}:/home/yahboom/intro_ws/install/turtle_test:/home/yahboom/intro_ws/install/time_tf2_py:/home/yahboom/intro_ws/install/test_tf2_py:/home/yahboom/intro_ws/install/python_parameters:/home/yahboom/intro_ws/install/launch_testing_examples:/home/yahboom/intro_ws/install/examples_rclpy_pointcloud_publisher:/home/yahboom/intro_ws/install/examples_rclpy_minimal_subscriber:/home/yahboom/intro_ws/install/examples_rclpy_minimal_service:/home/yahboom/intro_ws/install/examples_rclpy_minimal_publisher:/home/yahboom/intro_ws/install/examples_rclpy_minimal_client:/home/yahboom/intro_ws/install/examples_rclpy_minimal_action_server:/home/yahboom/intro_ws/install/examples_rclpy_minimal_action_client:/home/yahboom/intro_ws/install/examples_rclpy_guard_conditions:/home/yahboom/intro_ws/install/examples_rclpy_executors:/home/yahboom/cartoros2/install/yahboomcar_nav:/home/yahboom/cartoros2/install/yahboomcar_ctrl:/home/yahboom/cartoros2/install/yahboom_visual:/home/yahboom/cartoros2/install/yahboom_dog_joint_state:/home/yahboom/cartoros2/install/yahboom_description:/home/yahboom/cartoros2/install/yahboom_color_identify_server:/home/yahboom/cartoros2/install/yahboom_bringup:/home/yahboom/cartoros2/install/yahboom_base:/home/yahboom/cartoros2/install/yahboom_app_save_map:/home/yahboom/cartoros2/install/update_map:/home/yahboom/cartoros2/install/rosboard:/home/yahboom/cartoros2/install/path_planner_server:/home/yahboom/cartoros2/install/nav2_simple_commander:/home/yahboom/cartoros2/install/nav2_gazebo_spawner:/home/yahboom/cartoros2/install/localization_server:/home/yahboom/cartoros2/install/laserscan_to_point_pulisher:/home/yahboom/yahboomcar_ws/install/yahboom_dog_example:/opt/ros/humble /usr/bin/cmake --install /home/yahboom/intro_ws/build/examples_rclcpp_minimal_subscriber
[5.771s] Level 1:colcon.colcon_core.environment:create_environment_scripts_only(examples_rclcpp_minimal_subscriber)
[5.771s] Level 1:colcon.colcon_core.environment:checking '/home/yahboom/intro_ws/install/examples_rclcpp_minimal_subscriber' for CMake module files
[5.772s] Level 1:colcon.colcon_core.environment:checking '/home/yahboom/intro_ws/install/examples_rclcpp_minimal_subscriber' for CMake config files
[5.772s] Level 1:colcon.colcon_core.shell:create_environment_hook('examples_rclcpp_minimal_subscriber', 'cmake_prefix_path')
[5.772s] INFO:colcon.colcon_core.shell:Creating environment hook '/home/yahboom/intro_ws/install/examples_rclcpp_minimal_subscriber/share/examples_rclcpp_minimal_subscriber/hook/cmake_prefix_path.ps1'
[5.773s] INFO:colcon.colcon_core.shell:Creating environment descriptor '/home/yahboom/intro_ws/install/examples_rclcpp_minimal_subscriber/share/examples_rclcpp_minimal_subscriber/hook/cmake_prefix_path.dsv'
[5.773s] DEBUG:colcon.colcon_core.event_handler.log_command:Invoked command in '/home/yahboom/intro_ws/build/examples_rclcpp_minimal_subscriber' returned '0': CMAKE_PREFIX_PATH=${CMAKE_PREFIX_PATH}:/home/yahboom/intro_ws/install/turtle_test:/home/yahboom/intro_ws/install/time_tf2_py:/home/yahboom/intro_ws/install/test_tf2_py:/home/yahboom/intro_ws/install/python_parameters:/home/yahboom/intro_ws/install/launch_testing_examples:/home/yahboom/intro_ws/install/examples_rclpy_pointcloud_publisher:/home/yahboom/intro_ws/install/examples_rclpy_minimal_subscriber:/home/yahboom/intro_ws/install/examples_rclpy_minimal_service:/home/yahboom/intro_ws/install/examples_rclpy_minimal_publisher:/home/yahboom/intro_ws/install/examples_rclpy_minimal_client:/home/yahboom/intro_ws/install/examples_rclpy_minimal_action_server:/home/yahboom/intro_ws/install/examples_rclpy_minimal_action_client:/home/yahboom/intro_ws/install/examples_rclpy_guard_conditions:/home/yahboom/intro_ws/install/examples_rclpy_executors:/home/yahboom/cartoros2/install/yahboomcar_nav:/home/yahboom/cartoros2/install/yahboomcar_ctrl:/home/yahboom/cartoros2/install/yahboom_visual:/home/yahboom/cartoros2/install/yahboom_dog_joint_state:/home/yahboom/cartoros2/install/yahboom_description:/home/yahboom/cartoros2/install/yahboom_color_identify_server:/home/yahboom/cartoros2/install/yahboom_bringup:/home/yahboom/cartoros2/install/yahboom_base:/home/yahboom/cartoros2/install/yahboom_app_save_map:/home/yahboom/cartoros2/install/update_map:/home/yahboom/cartoros2/install/rosboard:/home/yahboom/cartoros2/install/path_planner_server:/home/yahboom/cartoros2/install/nav2_simple_commander:/home/yahboom/cartoros2/install/nav2_gazebo_spawner:/home/yahboom/cartoros2/install/localization_server:/home/yahboom/cartoros2/install/laserscan_to_point_pulisher:/home/yahboom/yahboomcar_ws/install/yahboom_dog_example:/opt/ros/humble /usr/bin/cmake --install /home/yahboom/intro_ws/build/examples_rclcpp_minimal_subscriber
[5.774s] INFO:colcon.colcon_core.shell:Creating environment hook '/home/yahboom/intro_ws/install/examples_rclcpp_minimal_subscriber/share/examples_rclcpp_minimal_subscriber/hook/cmake_prefix_path.sh'
[5.774s] Level 1:colcon.colcon_core.environment:checking '/home/yahboom/intro_ws/install/examples_rclcpp_minimal_subscriber/lib'
[5.775s] Level 1:colcon.colcon_core.shell:create_environment_hook('examples_rclcpp_minimal_subscriber', 'ld_library_path_lib')
[5.775s] INFO:colcon.colcon_core.shell:Creating environment hook '/home/yahboom/intro_ws/install/examples_rclcpp_minimal_subscriber/share/examples_rclcpp_minimal_subscriber/hook/ld_library_path_lib.ps1'
[5.775s] INFO:colcon.colcon_core.shell:Creating environment descriptor '/home/yahboom/intro_ws/install/examples_rclcpp_minimal_subscriber/share/examples_rclcpp_minimal_subscriber/hook/ld_library_path_lib.dsv'
[5.776s] INFO:colcon.colcon_core.shell:Creating environment hook '/home/yahboom/intro_ws/install/examples_rclcpp_minimal_subscriber/share/examples_rclcpp_minimal_subscriber/hook/ld_library_path_lib.sh'
[5.776s] Level 1:colcon.colcon_core.environment:checking '/home/yahboom/intro_ws/install/examples_rclcpp_minimal_subscriber/bin'
[5.776s] Level 1:colcon.colcon_core.environment:checking '/home/yahboom/intro_ws/install/examples_rclcpp_minimal_subscriber/lib/pkgconfig/examples_rclcpp_minimal_subscriber.pc'
[5.777s] Level 1:colcon.colcon_core.environment:checking '/home/yahboom/intro_ws/install/examples_rclcpp_minimal_subscriber/lib/python3.10/site-packages'
[5.777s] Level 1:colcon.colcon_core.environment:checking '/home/yahboom/intro_ws/install/examples_rclcpp_minimal_subscriber/bin'
[5.777s] INFO:colcon.colcon_core.shell:Creating package script '/home/yahboom/intro_ws/install/examples_rclcpp_minimal_subscriber/share/examples_rclcpp_minimal_subscriber/package.ps1'
[5.778s] INFO:colcon.colcon_core.shell:Creating package descriptor '/home/yahboom/intro_ws/install/examples_rclcpp_minimal_subscriber/share/examples_rclcpp_minimal_subscriber/package.dsv'
[5.778s] INFO:colcon.colcon_core.shell:Creating package script '/home/yahboom/intro_ws/install/examples_rclcpp_minimal_subscriber/share/examples_rclcpp_minimal_subscriber/package.sh'
[5.778s] INFO:colcon.colcon_core.shell:Creating package script '/home/yahboom/intro_ws/install/examples_rclcpp_minimal_subscriber/share/examples_rclcpp_minimal_subscriber/package.bash'
[5.779s] INFO:colcon.colcon_core.shell:Creating package script '/home/yahboom/intro_ws/install/examples_rclcpp_minimal_subscriber/share/examples_rclcpp_minimal_subscriber/package.zsh'
[5.779s] Level 1:colcon.colcon_core.environment:create_file_with_runtime_dependencies(/home/yahboom/intro_ws/install/examples_rclcpp_minimal_subscriber/share/colcon-core/packages/examples_rclcpp_minimal_subscriber)
[5.863s] DEBUG:colcon.colcon_core.event_handler.log_command:Invoked command in '/home/yahboom/intro_ws/build/examples_rclcpp_multithreaded_executor' returned '0': CMAKE_PREFIX_PATH=${CMAKE_PREFIX_PATH}:/home/yahboom/intro_ws/install/turtle_test:/home/yahboom/intro_ws/install/time_tf2_py:/home/yahboom/intro_ws/install/test_tf2_py:/home/yahboom/intro_ws/install/python_parameters:/home/yahboom/intro_ws/install/launch_testing_examples:/home/yahboom/intro_ws/install/examples_rclpy_pointcloud_publisher:/home/yahboom/intro_ws/install/examples_rclpy_minimal_subscriber:/home/yahboom/intro_ws/install/examples_rclpy_minimal_service:/home/yahboom/intro_ws/install/examples_rclpy_minimal_publisher:/home/yahboom/intro_ws/install/examples_rclpy_minimal_client:/home/yahboom/intro_ws/install/examples_rclpy_minimal_action_server:/home/yahboom/intro_ws/install/examples_rclpy_minimal_action_client:/home/yahboom/intro_ws/install/examples_rclpy_guard_conditions:/home/yahboom/intro_ws/install/examples_rclpy_executors:/home/yahboom/cartoros2/install/yahboomcar_nav:/home/yahboom/cartoros2/install/yahboomcar_ctrl:/home/yahboom/cartoros2/install/yahboom_visual:/home/yahboom/cartoros2/install/yahboom_dog_joint_state:/home/yahboom/cartoros2/install/yahboom_description:/home/yahboom/cartoros2/install/yahboom_color_identify_server:/home/yahboom/cartoros2/install/yahboom_bringup:/home/yahboom/cartoros2/install/yahboom_base:/home/yahboom/cartoros2/install/yahboom_app_save_map:/home/yahboom/cartoros2/install/update_map:/home/yahboom/cartoros2/install/rosboard:/home/yahboom/cartoros2/install/path_planner_server:/home/yahboom/cartoros2/install/nav2_simple_commander:/home/yahboom/cartoros2/install/nav2_gazebo_spawner:/home/yahboom/cartoros2/install/localization_server:/home/yahboom/cartoros2/install/laserscan_to_point_pulisher:/home/yahboom/yahboomcar_ws/install/yahboom_dog_example:/opt/ros/humble /usr/bin/cmake --build /home/yahboom/intro_ws/build/examples_rclcpp_multithreaded_executor -- -j4 -l4
[5.942s] DEBUG:colcon.colcon_core.event_handler.log_command:Invoking command in '/home/yahboom/intro_ws/build/examples_rclcpp_multithreaded_executor': CMAKE_PREFIX_PATH=${CMAKE_PREFIX_PATH}:/home/yahboom/intro_ws/install/turtle_test:/home/yahboom/intro_ws/install/time_tf2_py:/home/yahboom/intro_ws/install/test_tf2_py:/home/yahboom/intro_ws/install/python_parameters:/home/yahboom/intro_ws/install/launch_testing_examples:/home/yahboom/intro_ws/install/examples_rclpy_pointcloud_publisher:/home/yahboom/intro_ws/install/examples_rclpy_minimal_subscriber:/home/yahboom/intro_ws/install/examples_rclpy_minimal_service:/home/yahboom/intro_ws/install/examples_rclpy_minimal_publisher:/home/yahboom/intro_ws/install/examples_rclpy_minimal_client:/home/yahboom/intro_ws/install/examples_rclpy_minimal_action_server:/home/yahboom/intro_ws/install/examples_rclpy_minimal_action_client:/home/yahboom/intro_ws/install/examples_rclpy_guard_conditions:/home/yahboom/intro_ws/install/examples_rclpy_executors:/home/yahboom/cartoros2/install/yahboomcar_nav:/home/yahboom/cartoros2/install/yahboomcar_ctrl:/home/yahboom/cartoros2/install/yahboom_visual:/home/yahboom/cartoros2/install/yahboom_dog_joint_state:/home/yahboom/cartoros2/install/yahboom_description:/home/yahboom/cartoros2/install/yahboom_color_identify_server:/home/yahboom/cartoros2/install/yahboom_bringup:/home/yahboom/cartoros2/install/yahboom_base:/home/yahboom/cartoros2/install/yahboom_app_save_map:/home/yahboom/cartoros2/install/update_map:/home/yahboom/cartoros2/install/rosboard:/home/yahboom/cartoros2/install/path_planner_server:/home/yahboom/cartoros2/install/nav2_simple_commander:/home/yahboom/cartoros2/install/nav2_gazebo_spawner:/home/yahboom/cartoros2/install/localization_server:/home/yahboom/cartoros2/install/laserscan_to_point_pulisher:/home/yahboom/yahboomcar_ws/install/yahboom_dog_example:/opt/ros/humble /usr/bin/cmake --install /home/yahboom/intro_ws/build/examples_rclcpp_multithreaded_executor
[5.988s] Level 1:colcon.colcon_core.environment:create_environment_scripts_only(examples_rclcpp_multithreaded_executor)
[5.988s] Level 1:colcon.colcon_core.environment:checking '/home/yahboom/intro_ws/install/examples_rclcpp_multithreaded_executor' for CMake module files
[5.988s] Level 1:colcon.colcon_core.environment:checking '/home/yahboom/intro_ws/install/examples_rclcpp_multithreaded_executor' for CMake config files
[5.988s] Level 1:colcon.colcon_core.shell:create_environment_hook('examples_rclcpp_multithreaded_executor', 'cmake_prefix_path')
[5.989s] INFO:colcon.colcon_core.shell:Creating environment hook '/home/yahboom/intro_ws/install/examples_rclcpp_multithreaded_executor/share/examples_rclcpp_multithreaded_executor/hook/cmake_prefix_path.ps1'
[5.990s] DEBUG:colcon.colcon_core.event_handler.log_command:Invoked command in '/home/yahboom/intro_ws/build/examples_rclcpp_multithreaded_executor' returned '0': CMAKE_PREFIX_PATH=${CMAKE_PREFIX_PATH}:/home/yahboom/intro_ws/install/turtle_test:/home/yahboom/intro_ws/install/time_tf2_py:/home/yahboom/intro_ws/install/test_tf2_py:/home/yahboom/intro_ws/install/python_parameters:/home/yahboom/intro_ws/install/launch_testing_examples:/home/yahboom/intro_ws/install/examples_rclpy_pointcloud_publisher:/home/yahboom/intro_ws/install/examples_rclpy_minimal_subscriber:/home/yahboom/intro_ws/install/examples_rclpy_minimal_service:/home/yahboom/intro_ws/install/examples_rclpy_minimal_publisher:/home/yahboom/intro_ws/install/examples_rclpy_minimal_client:/home/yahboom/intro_ws/install/examples_rclpy_minimal_action_server:/home/yahboom/intro_ws/install/examples_rclpy_minimal_action_client:/home/yahboom/intro_ws/install/examples_rclpy_guard_conditions:/home/yahboom/intro_ws/install/examples_rclpy_executors:/home/yahboom/cartoros2/install/yahboomcar_nav:/home/yahboom/cartoros2/install/yahboomcar_ctrl:/home/yahboom/cartoros2/install/yahboom_visual:/home/yahboom/cartoros2/install/yahboom_dog_joint_state:/home/yahboom/cartoros2/install/yahboom_description:/home/yahboom/cartoros2/install/yahboom_color_identify_server:/home/yahboom/cartoros2/install/yahboom_bringup:/home/yahboom/cartoros2/install/yahboom_base:/home/yahboom/cartoros2/install/yahboom_app_save_map:/home/yahboom/cartoros2/install/update_map:/home/yahboom/cartoros2/install/rosboard:/home/yahboom/cartoros2/install/path_planner_server:/home/yahboom/cartoros2/install/nav2_simple_commander:/home/yahboom/cartoros2/install/nav2_gazebo_spawner:/home/yahboom/cartoros2/install/localization_server:/home/yahboom/cartoros2/install/laserscan_to_point_pulisher:/home/yahboom/yahboomcar_ws/install/yahboom_dog_example:/opt/ros/humble /usr/bin/cmake --install /home/yahboom/intro_ws/build/examples_rclcpp_multithreaded_executor
[5.990s] INFO:colcon.colcon_core.shell:Creating environment descriptor '/home/yahboom/intro_ws/install/examples_rclcpp_multithreaded_executor/share/examples_rclcpp_multithreaded_executor/hook/cmake_prefix_path.dsv'
[5.991s] INFO:colcon.colcon_core.shell:Creating environment hook '/home/yahboom/intro_ws/install/examples_rclcpp_multithreaded_executor/share/examples_rclcpp_multithreaded_executor/hook/cmake_prefix_path.sh'
[5.991s] Level 1:colcon.colcon_core.environment:checking '/home/yahboom/intro_ws/install/examples_rclcpp_multithreaded_executor/lib'
[5.991s] Level 1:colcon.colcon_core.environment:checking '/home/yahboom/intro_ws/install/examples_rclcpp_multithreaded_executor/bin'
[5.991s] Level 1:colcon.colcon_core.environment:checking '/home/yahboom/intro_ws/install/examples_rclcpp_multithreaded_executor/lib/pkgconfig/examples_rclcpp_multithreaded_executor.pc'
[5.992s] Level 1:colcon.colcon_core.environment:checking '/home/yahboom/intro_ws/install/examples_rclcpp_multithreaded_executor/lib/python3.10/site-packages'
[5.992s] Level 1:colcon.colcon_core.environment:checking '/home/yahboom/intro_ws/install/examples_rclcpp_multithreaded_executor/bin'
[5.992s] INFO:colcon.colcon_core.shell:Creating package script '/home/yahboom/intro_ws/install/examples_rclcpp_multithreaded_executor/share/examples_rclcpp_multithreaded_executor/package.ps1'
[5.992s] INFO:colcon.colcon_core.shell:Creating package descriptor '/home/yahboom/intro_ws/install/examples_rclcpp_multithreaded_executor/share/examples_rclcpp_multithreaded_executor/package.dsv'
[5.993s] INFO:colcon.colcon_core.shell:Creating package script '/home/yahboom/intro_ws/install/examples_rclcpp_multithreaded_executor/share/examples_rclcpp_multithreaded_executor/package.sh'
[5.993s] INFO:colcon.colcon_core.shell:Creating package script '/home/yahboom/intro_ws/install/examples_rclcpp_multithreaded_executor/share/examples_rclcpp_multithreaded_executor/package.bash'
[5.994s] INFO:colcon.colcon_core.shell:Creating package script '/home/yahboom/intro_ws/install/examples_rclcpp_multithreaded_executor/share/examples_rclcpp_multithreaded_executor/package.zsh'
[5.994s] Level 1:colcon.colcon_core.environment:create_file_with_runtime_dependencies(/home/yahboom/intro_ws/install/examples_rclcpp_multithreaded_executor/share/colcon-core/packages/examples_rclcpp_multithreaded_executor)
[6.007s] Level 1:colcon.colcon_core.environment:create_environment_scripts_only(examples_rclcpp_minimal_subscriber)
[6.007s] Level 1:colcon.colcon_core.environment:checking '/home/yahboom/intro_ws/install/examples_rclcpp_minimal_subscriber' for CMake module files
[6.008s] Level 1:colcon.colcon_core.environment:checking '/home/yahboom/intro_ws/install/examples_rclcpp_minimal_subscriber' for CMake config files
[6.008s] Level 1:colcon.colcon_core.shell:create_environment_hook('examples_rclcpp_minimal_subscriber', 'cmake_prefix_path')
[6.009s] INFO:colcon.colcon_core.shell:Creating environment hook '/home/yahboom/intro_ws/install/examples_rclcpp_minimal_subscriber/share/examples_rclcpp_minimal_subscriber/hook/cmake_prefix_path.ps1'
[6.010s] INFO:colcon.colcon_core.shell:Creating environment descriptor '/home/yahboom/intro_ws/install/examples_rclcpp_minimal_subscriber/share/examples_rclcpp_minimal_subscriber/hook/cmake_prefix_path.dsv'
[6.010s] INFO:colcon.colcon_core.shell:Creating environment hook '/home/yahboom/intro_ws/install/examples_rclcpp_minimal_subscriber/share/examples_rclcpp_minimal_subscriber/hook/cmake_prefix_path.sh'
[6.011s] Level 1:colcon.colcon_core.environment:checking '/home/yahboom/intro_ws/install/examples_rclcpp_minimal_subscriber/lib'
[6.011s] Level 1:colcon.colcon_core.shell:create_environment_hook('examples_rclcpp_minimal_subscriber', 'ld_library_path_lib')
[6.011s] INFO:colcon.colcon_core.shell:Creating environment hook '/home/yahboom/intro_ws/install/examples_rclcpp_minimal_subscriber/share/examples_rclcpp_minimal_subscriber/hook/ld_library_path_lib.ps1'
[6.012s] INFO:colcon.colcon_core.shell:Creating environment descriptor '/home/yahboom/intro_ws/install/examples_rclcpp_minimal_subscriber/share/examples_rclcpp_minimal_subscriber/hook/ld_library_path_lib.dsv'
[6.013s] INFO:colcon.colcon_core.shell:Creating environment hook '/home/yahboom/intro_ws/install/examples_rclcpp_minimal_subscriber/share/examples_rclcpp_minimal_subscriber/hook/ld_library_path_lib.sh'
[6.013s] Level 1:colcon.colcon_core.environment:checking '/home/yahboom/intro_ws/install/examples_rclcpp_minimal_subscriber/bin'
[6.013s] Level 1:colcon.colcon_core.environment:checking '/home/yahboom/intro_ws/install/examples_rclcpp_minimal_subscriber/lib/pkgconfig/examples_rclcpp_minimal_subscriber.pc'
[6.014s] Level 1:colcon.colcon_core.environment:checking '/home/yahboom/intro_ws/install/examples_rclcpp_minimal_subscriber/lib/python3.10/site-packages'
[6.014s] Level 1:colcon.colcon_core.environment:checking '/home/yahboom/intro_ws/install/examples_rclcpp_minimal_subscriber/bin'
[6.014s] INFO:colcon.colcon_core.shell:Creating package script '/home/yahboom/intro_ws/install/examples_rclcpp_minimal_subscriber/share/examples_rclcpp_minimal_subscriber/package.ps1'
[6.014s] INFO:colcon.colcon_core.shell:Creating package descriptor '/home/yahboom/intro_ws/install/examples_rclcpp_minimal_subscriber/share/examples_rclcpp_minimal_subscriber/package.dsv'
[6.015s] INFO:colcon.colcon_core.shell:Creating package script '/home/yahboom/intro_ws/install/examples_rclcpp_minimal_subscriber/share/examples_rclcpp_minimal_subscriber/package.sh'
[6.016s] INFO:colcon.colcon_core.shell:Creating package script '/home/yahboom/intro_ws/install/examples_rclcpp_minimal_subscriber/share/examples_rclcpp_minimal_subscriber/package.bash'
[6.017s] INFO:colcon.colcon_core.shell:Creating package script '/home/yahboom/intro_ws/install/examples_rclcpp_minimal_subscriber/share/examples_rclcpp_minimal_subscriber/package.zsh'
[6.017s] Level 1:colcon.colcon_core.environment:create_file_with_runtime_dependencies(/home/yahboom/intro_ws/install/examples_rclcpp_minimal_subscriber/share/colcon-core/packages/examples_rclcpp_minimal_subscriber)
[6.019s] INFO:colcon.colcon_ros.task.ament_python.build:Building ROS package in '/home/yahboom/intro_ws/src/examples/rclpy/guard_conditions' with build type 'ament_python'
[6.019s] Level 1:colcon.colcon_core.shell:create_environment_hook('examples_rclpy_guard_conditions', 'ament_prefix_path')
[6.019s] INFO:colcon.colcon_core.shell:Creating environment hook '/home/yahboom/intro_ws/install/examples_rclpy_guard_conditions/share/examples_rclpy_guard_conditions/hook/ament_prefix_path.ps1'
[6.020s] INFO:colcon.colcon_core.shell:Creating environment descriptor '/home/yahboom/intro_ws/install/examples_rclpy_guard_conditions/share/examples_rclpy_guard_conditions/hook/ament_prefix_path.dsv'
[6.020s] INFO:colcon.colcon_core.shell:Creating environment hook '/home/yahboom/intro_ws/install/examples_rclpy_guard_conditions/share/examples_rclpy_guard_conditions/hook/ament_prefix_path.sh'
[6.021s] INFO:colcon.colcon_core.shell:Skip shell extension 'powershell' for command environment: Not usable outside of PowerShell
[6.021s] DEBUG:colcon.colcon_core.shell:Skip shell extension 'dsv' for command environment
[6.312s] INFO:colcon.colcon_core.task.python.build:Building Python package in '/home/yahboom/intro_ws/src/examples/rclpy/guard_conditions'
[6.312s] INFO:colcon.colcon_core.shell:Skip shell extension 'powershell' for command environment: Not usable outside of PowerShell
[6.312s] DEBUG:colcon.colcon_core.shell:Skip shell extension 'dsv' for command environment
[6.324s] Level 1:colcon.colcon_core.environment:create_environment_scripts_only(examples_rclcpp_multithreaded_executor)
[6.324s] Level 1:colcon.colcon_core.environment:checking '/home/yahboom/intro_ws/install/examples_rclcpp_multithreaded_executor' for CMake module files
[6.324s] Level 1:colcon.colcon_core.environment:checking '/home/yahboom/intro_ws/install/examples_rclcpp_multithreaded_executor' for CMake config files
[6.325s] Level 1:colcon.colcon_core.shell:create_environment_hook('examples_rclcpp_multithreaded_executor', 'cmake_prefix_path')
[6.325s] INFO:colcon.colcon_core.shell:Creating environment hook '/home/yahboom/intro_ws/install/examples_rclcpp_multithreaded_executor/share/examples_rclcpp_multithreaded_executor/hook/cmake_prefix_path.ps1'
[6.326s] INFO:colcon.colcon_core.shell:Creating environment descriptor '/home/yahboom/intro_ws/install/examples_rclcpp_multithreaded_executor/share/examples_rclcpp_multithreaded_executor/hook/cmake_prefix_path.dsv'
[6.327s] INFO:colcon.colcon_core.shell:Creating environment hook '/home/yahboom/intro_ws/install/examples_rclcpp_multithreaded_executor/share/examples_rclcpp_multithreaded_executor/hook/cmake_prefix_path.sh'
[6.327s] Level 1:colcon.colcon_core.environment:checking '/home/yahboom/intro_ws/install/examples_rclcpp_multithreaded_executor/lib'
[6.327s] Level 1:colcon.colcon_core.environment:checking '/home/yahboom/intro_ws/install/examples_rclcpp_multithreaded_executor/bin'
[6.327s] Level 1:colcon.colcon_core.environment:checking '/home/yahboom/intro_ws/install/examples_rclcpp_multithreaded_executor/lib/pkgconfig/examples_rclcpp_multithreaded_executor.pc'
[6.328s] Level 1:colcon.colcon_core.environment:checking '/home/yahboom/intro_ws/install/examples_rclcpp_multithreaded_executor/lib/python3.10/site-packages'
[6.328s] Level 1:colcon.colcon_core.environment:checking '/home/yahboom/intro_ws/install/examples_rclcpp_multithreaded_executor/bin'
[6.328s] INFO:colcon.colcon_core.shell:Creating package script '/home/yahboom/intro_ws/install/examples_rclcpp_multithreaded_executor/share/examples_rclcpp_multithreaded_executor/package.ps1'
[6.328s] INFO:colcon.colcon_core.shell:Creating package descriptor '/home/yahboom/intro_ws/install/examples_rclcpp_multithreaded_executor/share/examples_rclcpp_multithreaded_executor/package.dsv'
[6.329s] INFO:colcon.colcon_core.shell:Creating package script '/home/yahboom/intro_ws/install/examples_rclcpp_multithreaded_executor/share/examples_rclcpp_multithreaded_executor/package.sh'
[6.330s] INFO:colcon.colcon_core.shell:Creating package script '/home/yahboom/intro_ws/install/examples_rclcpp_multithreaded_executor/share/examples_rclcpp_multithreaded_executor/package.bash'
[6.331s] INFO:colcon.colcon_core.shell:Creating package script '/home/yahboom/intro_ws/install/examples_rclcpp_multithreaded_executor/share/examples_rclcpp_multithreaded_executor/package.zsh'
[6.331s] Level 1:colcon.colcon_core.environment:create_file_with_runtime_dependencies(/home/yahboom/intro_ws/install/examples_rclcpp_multithreaded_executor/share/colcon-core/packages/examples_rclcpp_multithreaded_executor)
[6.333s] INFO:colcon.colcon_ros.task.ament_python.build:Building ROS package in '/home/yahboom/intro_ws/src/examples/rclpy/actions/minimal_action_client' with build type 'ament_python'
[6.334s] Level 1:colcon.colcon_core.shell:create_environment_hook('examples_rclpy_minimal_action_client', 'ament_prefix_path')
[6.334s] INFO:colcon.colcon_core.shell:Creating environment hook '/home/yahboom/intro_ws/install/examples_rclpy_minimal_action_client/share/examples_rclpy_minimal_action_client/hook/ament_prefix_path.ps1'
[6.335s] INFO:colcon.colcon_core.shell:Creating environment descriptor '/home/yahboom/intro_ws/install/examples_rclpy_minimal_action_client/share/examples_rclpy_minimal_action_client/hook/ament_prefix_path.dsv'
[6.335s] DEBUG:colcon.colcon_core.event_handler.log_command:Invoking command in '/home/yahboom/intro_ws/build/examples_rclpy_executors': PYTHONPATH=/home/yahboom/intro_ws/build/examples_rclpy_executors/prefix_override:/home/yahboom/intro_ws/install/examples_rclpy_executors/lib/python3.10/site-packages:${PYTHONPATH} /usr/bin/python3 -W ignore:setup.py install is deprecated setup.py develop --uninstall --editable --build-directory /home/yahboom/intro_ws/build/examples_rclpy_executors/build
[6.335s] INFO:colcon.colcon_core.shell:Creating environment hook '/home/yahboom/intro_ws/install/examples_rclpy_minimal_action_client/share/examples_rclpy_minimal_action_client/hook/ament_prefix_path.sh'
[6.336s] INFO:colcon.colcon_core.shell:Skip shell extension 'powershell' for command environment: Not usable outside of PowerShell
[6.336s] DEBUG:colcon.colcon_core.shell:Skip shell extension 'dsv' for command environment
[6.347s] DEBUG:colcon.colcon_core.event_handler.log_command:Invoked command in '/home/yahboom/intro_ws/build/examples_rclcpp_wait_set' returned '0': CMAKE_PREFIX_PATH=${CMAKE_PREFIX_PATH}:/home/yahboom/intro_ws/install/turtle_test:/home/yahboom/intro_ws/install/time_tf2_py:/home/yahboom/intro_ws/install/test_tf2_py:/home/yahboom/intro_ws/install/python_parameters:/home/yahboom/intro_ws/install/launch_testing_examples:/home/yahboom/intro_ws/install/examples_rclpy_pointcloud_publisher:/home/yahboom/intro_ws/install/examples_rclpy_minimal_subscriber:/home/yahboom/intro_ws/install/examples_rclpy_minimal_service:/home/yahboom/intro_ws/install/examples_rclpy_minimal_publisher:/home/yahboom/intro_ws/install/examples_rclpy_minimal_client:/home/yahboom/intro_ws/install/examples_rclpy_minimal_action_server:/home/yahboom/intro_ws/install/examples_rclpy_minimal_action_client:/home/yahboom/intro_ws/install/examples_rclpy_guard_conditions:/home/yahboom/intro_ws/install/examples_rclpy_executors:/home/yahboom/cartoros2/install/yahboomcar_nav:/home/yahboom/cartoros2/install/yahboomcar_ctrl:/home/yahboom/cartoros2/install/yahboom_visual:/home/yahboom/cartoros2/install/yahboom_dog_joint_state:/home/yahboom/cartoros2/install/yahboom_description:/home/yahboom/cartoros2/install/yahboom_color_identify_server:/home/yahboom/cartoros2/install/yahboom_bringup:/home/yahboom/cartoros2/install/yahboom_base:/home/yahboom/cartoros2/install/yahboom_app_save_map:/home/yahboom/cartoros2/install/update_map:/home/yahboom/cartoros2/install/rosboard:/home/yahboom/cartoros2/install/path_planner_server:/home/yahboom/cartoros2/install/nav2_simple_commander:/home/yahboom/cartoros2/install/nav2_gazebo_spawner:/home/yahboom/cartoros2/install/localization_server:/home/yahboom/cartoros2/install/laserscan_to_point_pulisher:/home/yahboom/yahboomcar_ws/install/yahboom_dog_example:/opt/ros/humble /usr/bin/cmake /home/yahboom/intro_ws/src/examples/rclcpp/wait_set -DCMAKE_INSTALL_PREFIX=/home/yahboom/intro_ws/install/examples_rclcpp_wait_set
[6.352s] DEBUG:colcon.colcon_core.event_handler.log_command:Invoking command in '/home/yahboom/intro_ws/build/examples_rclcpp_wait_set': CMAKE_PREFIX_PATH=${CMAKE_PREFIX_PATH}:/home/yahboom/intro_ws/install/turtle_test:/home/yahboom/intro_ws/install/time_tf2_py:/home/yahboom/intro_ws/install/test_tf2_py:/home/yahboom/intro_ws/install/python_parameters:/home/yahboom/intro_ws/install/launch_testing_examples:/home/yahboom/intro_ws/install/examples_rclpy_pointcloud_publisher:/home/yahboom/intro_ws/install/examples_rclpy_minimal_subscriber:/home/yahboom/intro_ws/install/examples_rclpy_minimal_service:/home/yahboom/intro_ws/install/examples_rclpy_minimal_publisher:/home/yahboom/intro_ws/install/examples_rclpy_minimal_client:/home/yahboom/intro_ws/install/examples_rclpy_minimal_action_server:/home/yahboom/intro_ws/install/examples_rclpy_minimal_action_client:/home/yahboom/intro_ws/install/examples_rclpy_guard_conditions:/home/yahboom/intro_ws/install/examples_rclpy_executors:/home/yahboom/cartoros2/install/yahboomcar_nav:/home/yahboom/cartoros2/install/yahboomcar_ctrl:/home/yahboom/cartoros2/install/yahboom_visual:/home/yahboom/cartoros2/install/yahboom_dog_joint_state:/home/yahboom/cartoros2/install/yahboom_description:/home/yahboom/cartoros2/install/yahboom_color_identify_server:/home/yahboom/cartoros2/install/yahboom_bringup:/home/yahboom/cartoros2/install/yahboom_base:/home/yahboom/cartoros2/install/yahboom_app_save_map:/home/yahboom/cartoros2/install/update_map:/home/yahboom/cartoros2/install/rosboard:/home/yahboom/cartoros2/install/path_planner_server:/home/yahboom/cartoros2/install/nav2_simple_commander:/home/yahboom/cartoros2/install/nav2_gazebo_spawner:/home/yahboom/cartoros2/install/localization_server:/home/yahboom/cartoros2/install/laserscan_to_point_pulisher:/home/yahboom/yahboomcar_ws/install/yahboom_dog_example:/opt/ros/humble /usr/bin/cmake --build /home/yahboom/intro_ws/build/examples_rclcpp_wait_set -- -j4 -l4
[6.795s] INFO:colcon.colcon_core.task.python.build:Building Python package in '/home/yahboom/intro_ws/src/examples/rclpy/actions/minimal_action_client'
[6.796s] INFO:colcon.colcon_core.shell:Skip shell extension 'powershell' for command environment: Not usable outside of PowerShell
[6.796s] DEBUG:colcon.colcon_core.shell:Skip shell extension 'dsv' for command environment
[6.812s] DEBUG:colcon.colcon_core.event_handler.log_command:Invoking command in '/home/yahboom/intro_ws/build/examples_rclpy_guard_conditions': PYTHONPATH=/home/yahboom/intro_ws/build/examples_rclpy_guard_conditions/prefix_override:/home/yahboom/intro_ws/install/examples_rclpy_guard_conditions/lib/python3.10/site-packages:${PYTHONPATH} /usr/bin/python3 -W ignore:setup.py install is deprecated setup.py develop --uninstall --editable --build-directory /home/yahboom/intro_ws/build/examples_rclpy_guard_conditions/build
[6.813s] DEBUG:colcon.colcon_core.event_handler.log_command:Invoked command in '/home/yahboom/intro_ws/build/examples_rclcpp_wait_set' returned '0': CMAKE_PREFIX_PATH=${CMAKE_PREFIX_PATH}:/home/yahboom/intro_ws/install/turtle_test:/home/yahboom/intro_ws/install/time_tf2_py:/home/yahboom/intro_ws/install/test_tf2_py:/home/yahboom/intro_ws/install/python_parameters:/home/yahboom/intro_ws/install/launch_testing_examples:/home/yahboom/intro_ws/install/examples_rclpy_pointcloud_publisher:/home/yahboom/intro_ws/install/examples_rclpy_minimal_subscriber:/home/yahboom/intro_ws/install/examples_rclpy_minimal_service:/home/yahboom/intro_ws/install/examples_rclpy_minimal_publisher:/home/yahboom/intro_ws/install/examples_rclpy_minimal_client:/home/yahboom/intro_ws/install/examples_rclpy_minimal_action_server:/home/yahboom/intro_ws/install/examples_rclpy_minimal_action_client:/home/yahboom/intro_ws/install/examples_rclpy_guard_conditions:/home/yahboom/intro_ws/install/examples_rclpy_executors:/home/yahboom/cartoros2/install/yahboomcar_nav:/home/yahboom/cartoros2/install/yahboomcar_ctrl:/home/yahboom/cartoros2/install/yahboom_visual:/home/yahboom/cartoros2/install/yahboom_dog_joint_state:/home/yahboom/cartoros2/install/yahboom_description:/home/yahboom/cartoros2/install/yahboom_color_identify_server:/home/yahboom/cartoros2/install/yahboom_bringup:/home/yahboom/cartoros2/install/yahboom_base:/home/yahboom/cartoros2/install/yahboom_app_save_map:/home/yahboom/cartoros2/install/update_map:/home/yahboom/cartoros2/install/rosboard:/home/yahboom/cartoros2/install/path_planner_server:/home/yahboom/cartoros2/install/nav2_simple_commander:/home/yahboom/cartoros2/install/nav2_gazebo_spawner:/home/yahboom/cartoros2/install/localization_server:/home/yahboom/cartoros2/install/laserscan_to_point_pulisher:/home/yahboom/yahboomcar_ws/install/yahboom_dog_example:/opt/ros/humble /usr/bin/cmake --build /home/yahboom/intro_ws/build/examples_rclcpp_wait_set -- -j4 -l4
[6.946s] DEBUG:colcon.colcon_core.event_handler.log_command:Invoked command in '/home/yahboom/intro_ws/build/examples_rclpy_executors' returned '0': PYTHONPATH=/home/yahboom/intro_ws/build/examples_rclpy_executors/prefix_override:/home/yahboom/intro_ws/install/examples_rclpy_executors/lib/python3.10/site-packages:${PYTHONPATH} /usr/bin/python3 -W ignore:setup.py install is deprecated setup.py develop --uninstall --editable --build-directory /home/yahboom/intro_ws/build/examples_rclpy_executors/build
[6.951s] DEBUG:colcon.colcon_core.event_handler.log_command:Invoking command in '/home/yahboom/intro_ws/src/examples/rclpy/executors': PYTHONPATH=/home/yahboom/intro_ws/build/examples_rclpy_executors/prefix_override:/home/yahboom/intro_ws/install/examples_rclpy_executors/lib/python3.10/site-packages:${PYTHONPATH} /usr/bin/python3 -W ignore:setup.py install is deprecated setup.py egg_info --egg-base ../../../../build/examples_rclpy_executors build --build-base /home/yahboom/intro_ws/build/examples_rclpy_executors/build install --record /home/yahboom/intro_ws/build/examples_rclpy_executors/install.log --single-version-externally-managed install_data --force
[7.038s] DEBUG:colcon.colcon_core.event_handler.log_command:Invoking command in '/home/yahboom/intro_ws/build/examples_rclcpp_wait_set': CMAKE_PREFIX_PATH=${CMAKE_PREFIX_PATH}:/home/yahboom/intro_ws/install/turtle_test:/home/yahboom/intro_ws/install/time_tf2_py:/home/yahboom/intro_ws/install/test_tf2_py:/home/yahboom/intro_ws/install/python_parameters:/home/yahboom/intro_ws/install/launch_testing_examples:/home/yahboom/intro_ws/install/examples_rclpy_pointcloud_publisher:/home/yahboom/intro_ws/install/examples_rclpy_minimal_subscriber:/home/yahboom/intro_ws/install/examples_rclpy_minimal_service:/home/yahboom/intro_ws/install/examples_rclpy_minimal_publisher:/home/yahboom/intro_ws/install/examples_rclpy_minimal_client:/home/yahboom/intro_ws/install/examples_rclpy_minimal_action_server:/home/yahboom/intro_ws/install/examples_rclpy_minimal_action_client:/home/yahboom/intro_ws/install/examples_rclpy_guard_conditions:/home/yahboom/intro_ws/install/examples_rclpy_executors:/home/yahboom/cartoros2/install/yahboomcar_nav:/home/yahboom/cartoros2/install/yahboomcar_ctrl:/home/yahboom/cartoros2/install/yahboom_visual:/home/yahboom/cartoros2/install/yahboom_dog_joint_state:/home/yahboom/cartoros2/install/yahboom_description:/home/yahboom/cartoros2/install/yahboom_color_identify_server:/home/yahboom/cartoros2/install/yahboom_bringup:/home/yahboom/cartoros2/install/yahboom_base:/home/yahboom/cartoros2/install/yahboom_app_save_map:/home/yahboom/cartoros2/install/update_map:/home/yahboom/cartoros2/install/rosboard:/home/yahboom/cartoros2/install/path_planner_server:/home/yahboom/cartoros2/install/nav2_simple_commander:/home/yahboom/cartoros2/install/nav2_gazebo_spawner:/home/yahboom/cartoros2/install/localization_server:/home/yahboom/cartoros2/install/laserscan_to_point_pulisher:/home/yahboom/yahboomcar_ws/install/yahboom_dog_example:/opt/ros/humble /usr/bin/cmake --install /home/yahboom/intro_ws/build/examples_rclcpp_wait_set
[7.083s] Level 1:colcon.colcon_core.environment:create_environment_scripts_only(examples_rclcpp_wait_set)
[7.083s] Level 1:colcon.colcon_core.environment:checking '/home/yahboom/intro_ws/install/examples_rclcpp_wait_set' for CMake module files
[7.084s] Level 1:colcon.colcon_core.environment:checking '/home/yahboom/intro_ws/install/examples_rclcpp_wait_set' for CMake config files
[7.084s] Level 1:colcon.colcon_core.shell:create_environment_hook('examples_rclcpp_wait_set', 'cmake_prefix_path')
[7.084s] INFO:colcon.colcon_core.shell:Creating environment hook '/home/yahboom/intro_ws/install/examples_rclcpp_wait_set/share/examples_rclcpp_wait_set/hook/cmake_prefix_path.ps1'
[7.085s] INFO:colcon.colcon_core.shell:Creating environment descriptor '/home/yahboom/intro_ws/install/examples_rclcpp_wait_set/share/examples_rclcpp_wait_set/hook/cmake_prefix_path.dsv'
[7.086s] DEBUG:colcon.colcon_core.event_handler.log_command:Invoked command in '/home/yahboom/intro_ws/build/examples_rclcpp_wait_set' returned '0': CMAKE_PREFIX_PATH=${CMAKE_PREFIX_PATH}:/home/yahboom/intro_ws/install/turtle_test:/home/yahboom/intro_ws/install/time_tf2_py:/home/yahboom/intro_ws/install/test_tf2_py:/home/yahboom/intro_ws/install/python_parameters:/home/yahboom/intro_ws/install/launch_testing_examples:/home/yahboom/intro_ws/install/examples_rclpy_pointcloud_publisher:/home/yahboom/intro_ws/install/examples_rclpy_minimal_subscriber:/home/yahboom/intro_ws/install/examples_rclpy_minimal_service:/home/yahboom/intro_ws/install/examples_rclpy_minimal_publisher:/home/yahboom/intro_ws/install/examples_rclpy_minimal_client:/home/yahboom/intro_ws/install/examples_rclpy_minimal_action_server:/home/yahboom/intro_ws/install/examples_rclpy_minimal_action_client:/home/yahboom/intro_ws/install/examples_rclpy_guard_conditions:/home/yahboom/intro_ws/install/examples_rclpy_executors:/home/yahboom/cartoros2/install/yahboomcar_nav:/home/yahboom/cartoros2/install/yahboomcar_ctrl:/home/yahboom/cartoros2/install/yahboom_visual:/home/yahboom/cartoros2/install/yahboom_dog_joint_state:/home/yahboom/cartoros2/install/yahboom_description:/home/yahboom/cartoros2/install/yahboom_color_identify_server:/home/yahboom/cartoros2/install/yahboom_bringup:/home/yahboom/cartoros2/install/yahboom_base:/home/yahboom/cartoros2/install/yahboom_app_save_map:/home/yahboom/cartoros2/install/update_map:/home/yahboom/cartoros2/install/rosboard:/home/yahboom/cartoros2/install/path_planner_server:/home/yahboom/cartoros2/install/nav2_simple_commander:/home/yahboom/cartoros2/install/nav2_gazebo_spawner:/home/yahboom/cartoros2/install/localization_server:/home/yahboom/cartoros2/install/laserscan_to_point_pulisher:/home/yahboom/yahboomcar_ws/install/yahboom_dog_example:/opt/ros/humble /usr/bin/cmake --install /home/yahboom/intro_ws/build/examples_rclcpp_wait_set
[7.086s] INFO:colcon.colcon_core.shell:Creating environment hook '/home/yahboom/intro_ws/install/examples_rclcpp_wait_set/share/examples_rclcpp_wait_set/hook/cmake_prefix_path.sh'
[7.087s] Level 1:colcon.colcon_core.environment:checking '/home/yahboom/intro_ws/install/examples_rclcpp_wait_set/lib'
[7.087s] Level 1:colcon.colcon_core.shell:create_environment_hook('examples_rclcpp_wait_set', 'ld_library_path_lib')
[7.087s] INFO:colcon.colcon_core.shell:Creating environment hook '/home/yahboom/intro_ws/install/examples_rclcpp_wait_set/share/examples_rclcpp_wait_set/hook/ld_library_path_lib.ps1'
[7.088s] INFO:colcon.colcon_core.shell:Creating environment descriptor '/home/yahboom/intro_ws/install/examples_rclcpp_wait_set/share/examples_rclcpp_wait_set/hook/ld_library_path_lib.dsv'
[7.089s] INFO:colcon.colcon_core.shell:Creating environment hook '/home/yahboom/intro_ws/install/examples_rclcpp_wait_set/share/examples_rclcpp_wait_set/hook/ld_library_path_lib.sh'
[7.089s] Level 1:colcon.colcon_core.environment:checking '/home/yahboom/intro_ws/install/examples_rclcpp_wait_set/bin'
[7.090s] Level 1:colcon.colcon_core.environment:checking '/home/yahboom/intro_ws/install/examples_rclcpp_wait_set/lib/pkgconfig/examples_rclcpp_wait_set.pc'
[7.090s] Level 1:colcon.colcon_core.environment:checking '/home/yahboom/intro_ws/install/examples_rclcpp_wait_set/lib/python3.10/site-packages'
[7.090s] Level 1:colcon.colcon_core.environment:checking '/home/yahboom/intro_ws/install/examples_rclcpp_wait_set/bin'
[7.090s] INFO:colcon.colcon_core.shell:Creating package script '/home/yahboom/intro_ws/install/examples_rclcpp_wait_set/share/examples_rclcpp_wait_set/package.ps1'
[7.091s] INFO:colcon.colcon_core.shell:Creating package descriptor '/home/yahboom/intro_ws/install/examples_rclcpp_wait_set/share/examples_rclcpp_wait_set/package.dsv'
[7.091s] INFO:colcon.colcon_core.shell:Creating package script '/home/yahboom/intro_ws/install/examples_rclcpp_wait_set/share/examples_rclcpp_wait_set/package.sh'
[7.092s] INFO:colcon.colcon_core.shell:Creating package script '/home/yahboom/intro_ws/install/examples_rclcpp_wait_set/share/examples_rclcpp_wait_set/package.bash'
[7.092s] INFO:colcon.colcon_core.shell:Creating package script '/home/yahboom/intro_ws/install/examples_rclcpp_wait_set/share/examples_rclcpp_wait_set/package.zsh'
[7.093s] Level 1:colcon.colcon_core.environment:create_file_with_runtime_dependencies(/home/yahboom/intro_ws/install/examples_rclcpp_wait_set/share/colcon-core/packages/examples_rclcpp_wait_set)
[7.178s] DEBUG:colcon.colcon_core.event_handler.log_command:Invoking command in '/home/yahboom/intro_ws/build/examples_rclpy_minimal_action_client': PYTHONPATH=/home/yahboom/intro_ws/build/examples_rclpy_minimal_action_client/prefix_override:/home/yahboom/intro_ws/install/examples_rclpy_minimal_action_client/lib/python3.10/site-packages:${PYTHONPATH} /usr/bin/python3 -W ignore:setup.py install is deprecated setup.py develop --uninstall --editable --build-directory /home/yahboom/intro_ws/build/examples_rclpy_minimal_action_client/build
[7.312s] DEBUG:colcon.colcon_core.event_handler.log_command:Invoked command in '/home/yahboom/intro_ws/build/examples_rclpy_guard_conditions' returned '0': PYTHONPATH=/home/yahboom/intro_ws/build/examples_rclpy_guard_conditions/prefix_override:/home/yahboom/intro_ws/install/examples_rclpy_guard_conditions/lib/python3.10/site-packages:${PYTHONPATH} /usr/bin/python3 -W ignore:setup.py install is deprecated setup.py develop --uninstall --editable --build-directory /home/yahboom/intro_ws/build/examples_rclpy_guard_conditions/build
[7.315s] DEBUG:colcon.colcon_core.event_handler.log_command:Invoking command in '/home/yahboom/intro_ws/src/examples/rclpy/guard_conditions': PYTHONPATH=/home/yahboom/intro_ws/build/examples_rclpy_guard_conditions/prefix_override:/home/yahboom/intro_ws/install/examples_rclpy_guard_conditions/lib/python3.10/site-packages:${PYTHONPATH} /usr/bin/python3 -W ignore:setup.py install is deprecated setup.py egg_info --egg-base ../../../../build/examples_rclpy_guard_conditions build --build-base /home/yahboom/intro_ws/build/examples_rclpy_guard_conditions/build install --record /home/yahboom/intro_ws/build/examples_rclpy_guard_conditions/install.log --single-version-externally-managed install_data --force
[7.316s] Level 1:colcon.colcon_core.environment:checking '/home/yahboom/intro_ws/install/examples_rclpy_executors' for CMake module files
[7.317s] Level 1:colcon.colcon_core.environment:checking '/home/yahboom/intro_ws/install/examples_rclpy_executors' for CMake config files
[7.317s] Level 1:colcon.colcon_core.environment:checking '/home/yahboom/intro_ws/install/examples_rclpy_executors/lib'
[7.317s] Level 1:colcon.colcon_core.environment:checking '/home/yahboom/intro_ws/install/examples_rclpy_executors/bin'
[7.317s] Level 1:colcon.colcon_core.environment:checking '/home/yahboom/intro_ws/install/examples_rclpy_executors/lib/pkgconfig/examples_rclpy_executors.pc'
[7.317s] Level 1:colcon.colcon_core.environment:checking '/home/yahboom/intro_ws/install/examples_rclpy_executors/lib/python3.10/site-packages'
[7.317s] Level 1:colcon.colcon_core.shell:create_environment_hook('examples_rclpy_executors', 'pythonpath')
[7.318s] INFO:colcon.colcon_core.shell:Creating environment hook '/home/yahboom/intro_ws/install/examples_rclpy_executors/share/examples_rclpy_executors/hook/pythonpath.ps1'
[7.319s] INFO:colcon.colcon_core.shell:Creating environment descriptor '/home/yahboom/intro_ws/install/examples_rclpy_executors/share/examples_rclpy_executors/hook/pythonpath.dsv'
[7.319s] DEBUG:colcon.colcon_core.event_handler.log_command:Invoked command in '/home/yahboom/intro_ws/src/examples/rclpy/executors' returned '0': PYTHONPATH=/home/yahboom/intro_ws/build/examples_rclpy_executors/prefix_override:/home/yahboom/intro_ws/install/examples_rclpy_executors/lib/python3.10/site-packages:${PYTHONPATH} /usr/bin/python3 -W ignore:setup.py install is deprecated setup.py egg_info --egg-base ../../../../build/examples_rclpy_executors build --build-base /home/yahboom/intro_ws/build/examples_rclpy_executors/build install --record /home/yahboom/intro_ws/build/examples_rclpy_executors/install.log --single-version-externally-managed install_data --force
[7.320s] INFO:colcon.colcon_core.shell:Creating environment hook '/home/yahboom/intro_ws/install/examples_rclpy_executors/share/examples_rclpy_executors/hook/pythonpath.sh'
[7.321s] Level 1:colcon.colcon_core.environment:checking '/home/yahboom/intro_ws/install/examples_rclpy_executors/bin'
[7.321s] Level 1:colcon.colcon_core.environment:create_environment_scripts_only(examples_rclpy_executors)
[7.321s] INFO:colcon.colcon_core.shell:Creating package script '/home/yahboom/intro_ws/install/examples_rclpy_executors/share/examples_rclpy_executors/package.ps1'
[7.322s] INFO:colcon.colcon_core.shell:Creating package descriptor '/home/yahboom/intro_ws/install/examples_rclpy_executors/share/examples_rclpy_executors/package.dsv'
[7.323s] INFO:colcon.colcon_core.shell:Creating package script '/home/yahboom/intro_ws/install/examples_rclpy_executors/share/examples_rclpy_executors/package.sh'
[7.324s] INFO:colcon.colcon_core.shell:Creating package script '/home/yahboom/intro_ws/install/examples_rclpy_executors/share/examples_rclpy_executors/package.bash'
[7.324s] INFO:colcon.colcon_core.shell:Creating package script '/home/yahboom/intro_ws/install/examples_rclpy_executors/share/examples_rclpy_executors/package.zsh'
[7.325s] Level 1:colcon.colcon_core.environment:create_file_with_runtime_dependencies(/home/yahboom/intro_ws/install/examples_rclpy_executors/share/colcon-core/packages/examples_rclpy_executors)
[7.326s] INFO:colcon.colcon_ros.task.ament_python.build:Building ROS package in '/home/yahboom/intro_ws/src/examples/rclpy/actions/minimal_action_server' with build type 'ament_python'
[7.326s] Level 1:colcon.colcon_core.shell:create_environment_hook('examples_rclpy_minimal_action_server', 'ament_prefix_path')
[7.326s] INFO:colcon.colcon_core.shell:Creating environment hook '/home/yahboom/intro_ws/install/examples_rclpy_minimal_action_server/share/examples_rclpy_minimal_action_server/hook/ament_prefix_path.ps1'
[7.327s] INFO:colcon.colcon_core.shell:Creating environment descriptor '/home/yahboom/intro_ws/install/examples_rclpy_minimal_action_server/share/examples_rclpy_minimal_action_server/hook/ament_prefix_path.dsv'
[7.327s] INFO:colcon.colcon_core.shell:Creating environment hook '/home/yahboom/intro_ws/install/examples_rclpy_minimal_action_server/share/examples_rclpy_minimal_action_server/hook/ament_prefix_path.sh'
[7.328s] INFO:colcon.colcon_core.shell:Skip shell extension 'powershell' for command environment: Not usable outside of PowerShell
[7.328s] DEBUG:colcon.colcon_core.shell:Skip shell extension 'dsv' for command environment
[7.340s] Level 1:colcon.colcon_core.environment:create_environment_scripts_only(examples_rclcpp_wait_set)
[7.340s] Level 1:colcon.colcon_core.environment:checking '/home/yahboom/intro_ws/install/examples_rclcpp_wait_set' for CMake module files
[7.340s] Level 1:colcon.colcon_core.environment:checking '/home/yahboom/intro_ws/install/examples_rclcpp_wait_set' for CMake config files
[7.341s] Level 1:colcon.colcon_core.shell:create_environment_hook('examples_rclcpp_wait_set', 'cmake_prefix_path')
[7.341s] INFO:colcon.colcon_core.shell:Creating environment hook '/home/yahboom/intro_ws/install/examples_rclcpp_wait_set/share/examples_rclcpp_wait_set/hook/cmake_prefix_path.ps1'
[7.342s] INFO:colcon.colcon_core.shell:Creating environment descriptor '/home/yahboom/intro_ws/install/examples_rclcpp_wait_set/share/examples_rclcpp_wait_set/hook/cmake_prefix_path.dsv'
[7.342s] INFO:colcon.colcon_core.shell:Creating environment hook '/home/yahboom/intro_ws/install/examples_rclcpp_wait_set/share/examples_rclcpp_wait_set/hook/cmake_prefix_path.sh'
[7.343s] Level 1:colcon.colcon_core.environment:checking '/home/yahboom/intro_ws/install/examples_rclcpp_wait_set/lib'
[7.343s] Level 1:colcon.colcon_core.shell:create_environment_hook('examples_rclcpp_wait_set', 'ld_library_path_lib')
[7.343s] INFO:colcon.colcon_core.shell:Creating environment hook '/home/yahboom/intro_ws/install/examples_rclcpp_wait_set/share/examples_rclcpp_wait_set/hook/ld_library_path_lib.ps1'
[7.344s] INFO:colcon.colcon_core.shell:Creating environment descriptor '/home/yahboom/intro_ws/install/examples_rclcpp_wait_set/share/examples_rclcpp_wait_set/hook/ld_library_path_lib.dsv'
[7.344s] INFO:colcon.colcon_core.shell:Creating environment hook '/home/yahboom/intro_ws/install/examples_rclcpp_wait_set/share/examples_rclcpp_wait_set/hook/ld_library_path_lib.sh'
[7.345s] Level 1:colcon.colcon_core.environment:checking '/home/yahboom/intro_ws/install/examples_rclcpp_wait_set/bin'
[7.346s] Level 1:colcon.colcon_core.environment:checking '/home/yahboom/intro_ws/install/examples_rclcpp_wait_set/lib/pkgconfig/examples_rclcpp_wait_set.pc'
[7.346s] Level 1:colcon.colcon_core.environment:checking '/home/yahboom/intro_ws/install/examples_rclcpp_wait_set/lib/python3.10/site-packages'
[7.346s] Level 1:colcon.colcon_core.environment:checking '/home/yahboom/intro_ws/install/examples_rclcpp_wait_set/bin'
[7.347s] INFO:colcon.colcon_core.shell:Creating package script '/home/yahboom/intro_ws/install/examples_rclcpp_wait_set/share/examples_rclcpp_wait_set/package.ps1'
[7.348s] INFO:colcon.colcon_core.shell:Creating package descriptor '/home/yahboom/intro_ws/install/examples_rclcpp_wait_set/share/examples_rclcpp_wait_set/package.dsv'
[7.349s] INFO:colcon.colcon_core.shell:Creating package script '/home/yahboom/intro_ws/install/examples_rclcpp_wait_set/share/examples_rclcpp_wait_set/package.sh'
[7.350s] INFO:colcon.colcon_core.shell:Creating package script '/home/yahboom/intro_ws/install/examples_rclcpp_wait_set/share/examples_rclcpp_wait_set/package.bash'
[7.351s] INFO:colcon.colcon_core.shell:Creating package script '/home/yahboom/intro_ws/install/examples_rclcpp_wait_set/share/examples_rclcpp_wait_set/package.zsh'
[7.351s] Level 1:colcon.colcon_core.environment:create_file_with_runtime_dependencies(/home/yahboom/intro_ws/install/examples_rclcpp_wait_set/share/colcon-core/packages/examples_rclcpp_wait_set)
[7.352s] INFO:colcon.colcon_ros.task.ament_python.build:Building ROS package in '/home/yahboom/intro_ws/src/examples/rclpy/services/minimal_client' with build type 'ament_python'
[7.352s] Level 1:colcon.colcon_core.shell:create_environment_hook('examples_rclpy_minimal_client', 'ament_prefix_path')
[7.353s] INFO:colcon.colcon_core.shell:Creating environment hook '/home/yahboom/intro_ws/install/examples_rclpy_minimal_client/share/examples_rclpy_minimal_client/hook/ament_prefix_path.ps1'
[7.355s] INFO:colcon.colcon_core.shell:Creating environment descriptor '/home/yahboom/intro_ws/install/examples_rclpy_minimal_client/share/examples_rclpy_minimal_client/hook/ament_prefix_path.dsv'
[7.356s] INFO:colcon.colcon_core.shell:Creating environment hook '/home/yahboom/intro_ws/install/examples_rclpy_minimal_client/share/examples_rclpy_minimal_client/hook/ament_prefix_path.sh'
[7.357s] INFO:colcon.colcon_core.shell:Skip shell extension 'powershell' for command environment: Not usable outside of PowerShell
[7.357s] DEBUG:colcon.colcon_core.shell:Skip shell extension 'dsv' for command environment
[7.671s] INFO:colcon.colcon_core.task.python.build:Building Python package in '/home/yahboom/intro_ws/src/examples/rclpy/actions/minimal_action_server'
[7.671s] INFO:colcon.colcon_core.shell:Skip shell extension 'powershell' for command environment: Not usable outside of PowerShell
[7.671s] DEBUG:colcon.colcon_core.shell:Skip shell extension 'dsv' for command environment
[7.685s] DEBUG:colcon.colcon_core.event_handler.log_command:Invoked command in '/home/yahboom/intro_ws/build/examples_rclpy_minimal_action_client' returned '0': PYTHONPATH=/home/yahboom/intro_ws/build/examples_rclpy_minimal_action_client/prefix_override:/home/yahboom/intro_ws/install/examples_rclpy_minimal_action_client/lib/python3.10/site-packages:${PYTHONPATH} /usr/bin/python3 -W ignore:setup.py install is deprecated setup.py develop --uninstall --editable --build-directory /home/yahboom/intro_ws/build/examples_rclpy_minimal_action_client/build
[7.688s] DEBUG:colcon.colcon_core.event_handler.log_command:Invoking command in '/home/yahboom/intro_ws/src/examples/rclpy/actions/minimal_action_client': PYTHONPATH=/home/yahboom/intro_ws/build/examples_rclpy_minimal_action_client/prefix_override:/home/yahboom/intro_ws/install/examples_rclpy_minimal_action_client/lib/python3.10/site-packages:${PYTHONPATH} /usr/bin/python3 -W ignore:setup.py install is deprecated setup.py egg_info --egg-base ../../../../../build/examples_rclpy_minimal_action_client build --build-base /home/yahboom/intro_ws/build/examples_rclpy_minimal_action_client/build install --record /home/yahboom/intro_ws/build/examples_rclpy_minimal_action_client/install.log --single-version-externally-managed install_data --force
[7.951s] INFO:colcon.colcon_core.task.python.build:Building Python package in '/home/yahboom/intro_ws/src/examples/rclpy/services/minimal_client'
[7.951s] INFO:colcon.colcon_core.shell:Skip shell extension 'powershell' for command environment: Not usable outside of PowerShell
[7.951s] DEBUG:colcon.colcon_core.shell:Skip shell extension 'dsv' for command environment
[7.962s] Level 1:colcon.colcon_core.environment:checking '/home/yahboom/intro_ws/install/examples_rclpy_guard_conditions' for CMake module files
[7.963s] Level 1:colcon.colcon_core.environment:checking '/home/yahboom/intro_ws/install/examples_rclpy_guard_conditions' for CMake config files
[7.963s] Level 1:colcon.colcon_core.environment:checking '/home/yahboom/intro_ws/install/examples_rclpy_guard_conditions/lib'
[7.963s] Level 1:colcon.colcon_core.environment:checking '/home/yahboom/intro_ws/install/examples_rclpy_guard_conditions/bin'
[7.963s] Level 1:colcon.colcon_core.environment:checking '/home/yahboom/intro_ws/install/examples_rclpy_guard_conditions/lib/pkgconfig/examples_rclpy_guard_conditions.pc'
[7.964s] Level 1:colcon.colcon_core.environment:checking '/home/yahboom/intro_ws/install/examples_rclpy_guard_conditions/lib/python3.10/site-packages'
[7.964s] Level 1:colcon.colcon_core.shell:create_environment_hook('examples_rclpy_guard_conditions', 'pythonpath')
[7.964s] INFO:colcon.colcon_core.shell:Creating environment hook '/home/yahboom/intro_ws/install/examples_rclpy_guard_conditions/share/examples_rclpy_guard_conditions/hook/pythonpath.ps1'
[7.966s] DEBUG:colcon.colcon_core.event_handler.log_command:Invoked command in '/home/yahboom/intro_ws/src/examples/rclpy/guard_conditions' returned '0': PYTHONPATH=/home/yahboom/intro_ws/build/examples_rclpy_guard_conditions/prefix_override:/home/yahboom/intro_ws/install/examples_rclpy_guard_conditions/lib/python3.10/site-packages:${PYTHONPATH} /usr/bin/python3 -W ignore:setup.py install is deprecated setup.py egg_info --egg-base ../../../../build/examples_rclpy_guard_conditions build --build-base /home/yahboom/intro_ws/build/examples_rclpy_guard_conditions/build install --record /home/yahboom/intro_ws/build/examples_rclpy_guard_conditions/install.log --single-version-externally-managed install_data --force
[7.967s] INFO:colcon.colcon_core.shell:Creating environment descriptor '/home/yahboom/intro_ws/install/examples_rclpy_guard_conditions/share/examples_rclpy_guard_conditions/hook/pythonpath.dsv'
[7.968s] INFO:colcon.colcon_core.shell:Creating environment hook '/home/yahboom/intro_ws/install/examples_rclpy_guard_conditions/share/examples_rclpy_guard_conditions/hook/pythonpath.sh'
[7.969s] Level 1:colcon.colcon_core.environment:checking '/home/yahboom/intro_ws/install/examples_rclpy_guard_conditions/bin'
[7.969s] Level 1:colcon.colcon_core.environment:create_environment_scripts_only(examples_rclpy_guard_conditions)
[7.969s] INFO:colcon.colcon_core.shell:Creating package script '/home/yahboom/intro_ws/install/examples_rclpy_guard_conditions/share/examples_rclpy_guard_conditions/package.ps1'
[7.970s] INFO:colcon.colcon_core.shell:Creating package descriptor '/home/yahboom/intro_ws/install/examples_rclpy_guard_conditions/share/examples_rclpy_guard_conditions/package.dsv'
[7.970s] INFO:colcon.colcon_core.shell:Creating package script '/home/yahboom/intro_ws/install/examples_rclpy_guard_conditions/share/examples_rclpy_guard_conditions/package.sh'
[7.971s] INFO:colcon.colcon_core.shell:Creating package script '/home/yahboom/intro_ws/install/examples_rclpy_guard_conditions/share/examples_rclpy_guard_conditions/package.bash'
[7.972s] INFO:colcon.colcon_core.shell:Creating package script '/home/yahboom/intro_ws/install/examples_rclpy_guard_conditions/share/examples_rclpy_guard_conditions/package.zsh'
[7.972s] Level 1:colcon.colcon_core.environment:create_file_with_runtime_dependencies(/home/yahboom/intro_ws/install/examples_rclpy_guard_conditions/share/colcon-core/packages/examples_rclpy_guard_conditions)
[7.974s] INFO:colcon.colcon_ros.task.ament_python.build:Building ROS package in '/home/yahboom/intro_ws/src/examples/rclpy/topics/minimal_publisher' with build type 'ament_python'
[7.975s] Level 1:colcon.colcon_core.shell:create_environment_hook('examples_rclpy_minimal_publisher', 'ament_prefix_path')
[7.975s] INFO:colcon.colcon_core.shell:Creating environment hook '/home/yahboom/intro_ws/install/examples_rclpy_minimal_publisher/share/examples_rclpy_minimal_publisher/hook/ament_prefix_path.ps1'
[7.977s] INFO:colcon.colcon_core.shell:Creating environment descriptor '/home/yahboom/intro_ws/install/examples_rclpy_minimal_publisher/share/examples_rclpy_minimal_publisher/hook/ament_prefix_path.dsv'
[7.978s] INFO:colcon.colcon_core.shell:Creating environment hook '/home/yahboom/intro_ws/install/examples_rclpy_minimal_publisher/share/examples_rclpy_minimal_publisher/hook/ament_prefix_path.sh'
[7.979s] INFO:colcon.colcon_core.shell:Skip shell extension 'powershell' for command environment: Not usable outside of PowerShell
[7.979s] DEBUG:colcon.colcon_core.shell:Skip shell extension 'dsv' for command environment
[8.270s] INFO:colcon.colcon_core.task.python.build:Building Python package in '/home/yahboom/intro_ws/src/examples/rclpy/topics/minimal_publisher'
[8.270s] INFO:colcon.colcon_core.shell:Skip shell extension 'powershell' for command environment: Not usable outside of PowerShell
[8.270s] DEBUG:colcon.colcon_core.shell:Skip shell extension 'dsv' for command environment
[8.283s] Level 1:colcon.colcon_core.environment:checking '/home/yahboom/intro_ws/install/examples_rclpy_minimal_action_client' for CMake module files
[8.284s] Level 1:colcon.colcon_core.environment:checking '/home/yahboom/intro_ws/install/examples_rclpy_minimal_action_client' for CMake config files
[8.284s] Level 1:colcon.colcon_core.environment:checking '/home/yahboom/intro_ws/install/examples_rclpy_minimal_action_client/lib'
[8.284s] DEBUG:colcon.colcon_core.event_handler.log_command:Invoked command in '/home/yahboom/intro_ws/src/examples/rclpy/actions/minimal_action_client' returned '0': PYTHONPATH=/home/yahboom/intro_ws/build/examples_rclpy_minimal_action_client/prefix_override:/home/yahboom/intro_ws/install/examples_rclpy_minimal_action_client/lib/python3.10/site-packages:${PYTHONPATH} /usr/bin/python3 -W ignore:setup.py install is deprecated setup.py egg_info --egg-base ../../../../../build/examples_rclpy_minimal_action_client build --build-base /home/yahboom/intro_ws/build/examples_rclpy_minimal_action_client/build install --record /home/yahboom/intro_ws/build/examples_rclpy_minimal_action_client/install.log --single-version-externally-managed install_data --force
[8.285s] Level 1:colcon.colcon_core.environment:checking '/home/yahboom/intro_ws/install/examples_rclpy_minimal_action_client/bin'
[8.285s] Level 1:colcon.colcon_core.environment:checking '/home/yahboom/intro_ws/install/examples_rclpy_minimal_action_client/lib/pkgconfig/examples_rclpy_minimal_action_client.pc'
[8.285s] Level 1:colcon.colcon_core.environment:checking '/home/yahboom/intro_ws/install/examples_rclpy_minimal_action_client/lib/python3.10/site-packages'
[8.285s] Level 1:colcon.colcon_core.shell:create_environment_hook('examples_rclpy_minimal_action_client', 'pythonpath')
[8.285s] INFO:colcon.colcon_core.shell:Creating environment hook '/home/yahboom/intro_ws/install/examples_rclpy_minimal_action_client/share/examples_rclpy_minimal_action_client/hook/pythonpath.ps1'
[8.286s] INFO:colcon.colcon_core.shell:Creating environment descriptor '/home/yahboom/intro_ws/install/examples_rclpy_minimal_action_client/share/examples_rclpy_minimal_action_client/hook/pythonpath.dsv'
[8.287s] INFO:colcon.colcon_core.shell:Creating environment hook '/home/yahboom/intro_ws/install/examples_rclpy_minimal_action_client/share/examples_rclpy_minimal_action_client/hook/pythonpath.sh'
[8.287s] Level 1:colcon.colcon_core.environment:checking '/home/yahboom/intro_ws/install/examples_rclpy_minimal_action_client/bin'
[8.287s] Level 1:colcon.colcon_core.environment:create_environment_scripts_only(examples_rclpy_minimal_action_client)
[8.288s] INFO:colcon.colcon_core.shell:Creating package script '/home/yahboom/intro_ws/install/examples_rclpy_minimal_action_client/share/examples_rclpy_minimal_action_client/package.ps1'
[8.289s] INFO:colcon.colcon_core.shell:Creating package descriptor '/home/yahboom/intro_ws/install/examples_rclpy_minimal_action_client/share/examples_rclpy_minimal_action_client/package.dsv'
[8.289s] INFO:colcon.colcon_core.shell:Creating package script '/home/yahboom/intro_ws/install/examples_rclpy_minimal_action_client/share/examples_rclpy_minimal_action_client/package.sh'
[8.290s] INFO:colcon.colcon_core.shell:Creating package script '/home/yahboom/intro_ws/install/examples_rclpy_minimal_action_client/share/examples_rclpy_minimal_action_client/package.bash'
[8.290s] INFO:colcon.colcon_core.shell:Creating package script '/home/yahboom/intro_ws/install/examples_rclpy_minimal_action_client/share/examples_rclpy_minimal_action_client/package.zsh'
[8.291s] Level 1:colcon.colcon_core.environment:create_file_with_runtime_dependencies(/home/yahboom/intro_ws/install/examples_rclpy_minimal_action_client/share/colcon-core/packages/examples_rclpy_minimal_action_client)
[8.293s] INFO:colcon.colcon_ros.task.ament_python.build:Building ROS package in '/home/yahboom/intro_ws/src/examples/rclpy/services/minimal_service' with build type 'ament_python'
[8.293s] Level 1:colcon.colcon_core.shell:create_environment_hook('examples_rclpy_minimal_service', 'ament_prefix_path')
[8.293s] INFO:colcon.colcon_core.shell:Creating environment hook '/home/yahboom/intro_ws/install/examples_rclpy_minimal_service/share/examples_rclpy_minimal_service/hook/ament_prefix_path.ps1'
[8.295s] INFO:colcon.colcon_core.shell:Creating environment descriptor '/home/yahboom/intro_ws/install/examples_rclpy_minimal_service/share/examples_rclpy_minimal_service/hook/ament_prefix_path.dsv'
[8.296s] INFO:colcon.colcon_core.shell:Creating environment hook '/home/yahboom/intro_ws/install/examples_rclpy_minimal_service/share/examples_rclpy_minimal_service/hook/ament_prefix_path.sh'
[8.297s] INFO:colcon.colcon_core.shell:Skip shell extension 'powershell' for command environment: Not usable outside of PowerShell
[8.297s] DEBUG:colcon.colcon_core.shell:Skip shell extension 'dsv' for command environment
[8.586s] INFO:colcon.colcon_core.task.python.build:Building Python package in '/home/yahboom/intro_ws/src/examples/rclpy/services/minimal_service'
[8.587s] INFO:colcon.colcon_core.shell:Skip shell extension 'powershell' for command environment: Not usable outside of PowerShell
[8.587s] DEBUG:colcon.colcon_core.shell:Skip shell extension 'dsv' for command environment
[8.604s] DEBUG:colcon.colcon_core.event_handler.log_command:Invoking command in '/home/yahboom/intro_ws/build/examples_rclpy_minimal_action_server': PYTHONPATH=/home/yahboom/intro_ws/build/examples_rclpy_minimal_action_server/prefix_override:/home/yahboom/intro_ws/install/examples_rclpy_minimal_action_server/lib/python3.10/site-packages:${PYTHONPATH} /usr/bin/python3 -W ignore:setup.py install is deprecated setup.py develop --uninstall --editable --build-directory /home/yahboom/intro_ws/build/examples_rclpy_minimal_action_server/build
[8.605s] DEBUG:colcon.colcon_core.event_handler.log_command:Invoking command in '/home/yahboom/intro_ws/build/examples_rclpy_minimal_client': PYTHONPATH=/home/yahboom/intro_ws/build/examples_rclpy_minimal_client/prefix_override:/home/yahboom/intro_ws/install/examples_rclpy_minimal_client/lib/python3.10/site-packages:${PYTHONPATH} /usr/bin/python3 -W ignore:setup.py install is deprecated setup.py develop --uninstall --editable --build-directory /home/yahboom/intro_ws/build/examples_rclpy_minimal_client/build
[8.662s] DEBUG:colcon.colcon_core.event_handler.log_command:Invoking command in '/home/yahboom/intro_ws/build/examples_rclpy_minimal_publisher': PYTHONPATH=/home/yahboom/intro_ws/build/examples_rclpy_minimal_publisher/prefix_override:/home/yahboom/intro_ws/install/examples_rclpy_minimal_publisher/lib/python3.10/site-packages:${PYTHONPATH} /usr/bin/python3 -W ignore:setup.py install is deprecated setup.py develop --uninstall --editable --build-directory /home/yahboom/intro_ws/build/examples_rclpy_minimal_publisher/build
[8.959s] DEBUG:colcon.colcon_core.event_handler.log_command:Invoking command in '/home/yahboom/intro_ws/build/examples_rclpy_minimal_service': PYTHONPATH=/home/yahboom/intro_ws/build/examples_rclpy_minimal_service/prefix_override:/home/yahboom/intro_ws/install/examples_rclpy_minimal_service/lib/python3.10/site-packages:${PYTHONPATH} /usr/bin/python3 -W ignore:setup.py install is deprecated setup.py develop --uninstall --editable --build-directory /home/yahboom/intro_ws/build/examples_rclpy_minimal_service/build
[9.085s] DEBUG:colcon.colcon_core.event_handler.log_command:Invoked command in '/home/yahboom/intro_ws/build/examples_rclpy_minimal_client' returned '0': PYTHONPATH=/home/yahboom/intro_ws/build/examples_rclpy_minimal_client/prefix_override:/home/yahboom/intro_ws/install/examples_rclpy_minimal_client/lib/python3.10/site-packages:${PYTHONPATH} /usr/bin/python3 -W ignore:setup.py install is deprecated setup.py develop --uninstall --editable --build-directory /home/yahboom/intro_ws/build/examples_rclpy_minimal_client/build
[9.085s] DEBUG:colcon.colcon_core.event_handler.log_command:Invoking command in '/home/yahboom/intro_ws/src/examples/rclpy/services/minimal_client': PYTHONPATH=/home/yahboom/intro_ws/build/examples_rclpy_minimal_client/prefix_override:/home/yahboom/intro_ws/install/examples_rclpy_minimal_client/lib/python3.10/site-packages:${PYTHONPATH} /usr/bin/python3 -W ignore:setup.py install is deprecated setup.py egg_info --egg-base ../../../../../build/examples_rclpy_minimal_client build --build-base /home/yahboom/intro_ws/build/examples_rclpy_minimal_client/build install --record /home/yahboom/intro_ws/build/examples_rclpy_minimal_client/install.log --single-version-externally-managed install_data --force
[9.097s] DEBUG:colcon.colcon_core.event_handler.log_command:Invoked command in '/home/yahboom/intro_ws/build/examples_rclpy_minimal_action_server' returned '0': PYTHONPATH=/home/yahboom/intro_ws/build/examples_rclpy_minimal_action_server/prefix_override:/home/yahboom/intro_ws/install/examples_rclpy_minimal_action_server/lib/python3.10/site-packages:${PYTHONPATH} /usr/bin/python3 -W ignore:setup.py install is deprecated setup.py develop --uninstall --editable --build-directory /home/yahboom/intro_ws/build/examples_rclpy_minimal_action_server/build
[9.097s] DEBUG:colcon.colcon_core.event_handler.log_command:Invoking command in '/home/yahboom/intro_ws/src/examples/rclpy/actions/minimal_action_server': PYTHONPATH=/home/yahboom/intro_ws/build/examples_rclpy_minimal_action_server/prefix_override:/home/yahboom/intro_ws/install/examples_rclpy_minimal_action_server/lib/python3.10/site-packages:${PYTHONPATH} /usr/bin/python3 -W ignore:setup.py install is deprecated setup.py egg_info --egg-base ../../../../../build/examples_rclpy_minimal_action_server build --build-base /home/yahboom/intro_ws/build/examples_rclpy_minimal_action_server/build install --record /home/yahboom/intro_ws/build/examples_rclpy_minimal_action_server/install.log --single-version-externally-managed install_data --force
[9.136s] DEBUG:colcon.colcon_core.event_handler.log_command:Invoked command in '/home/yahboom/intro_ws/build/examples_rclpy_minimal_publisher' returned '0': PYTHONPATH=/home/yahboom/intro_ws/build/examples_rclpy_minimal_publisher/prefix_override:/home/yahboom/intro_ws/install/examples_rclpy_minimal_publisher/lib/python3.10/site-packages:${PYTHONPATH} /usr/bin/python3 -W ignore:setup.py install is deprecated setup.py develop --uninstall --editable --build-directory /home/yahboom/intro_ws/build/examples_rclpy_minimal_publisher/build
[9.137s] DEBUG:colcon.colcon_core.event_handler.log_command:Invoking command in '/home/yahboom/intro_ws/src/examples/rclpy/topics/minimal_publisher': PYTHONPATH=/home/yahboom/intro_ws/build/examples_rclpy_minimal_publisher/prefix_override:/home/yahboom/intro_ws/install/examples_rclpy_minimal_publisher/lib/python3.10/site-packages:${PYTHONPATH} /usr/bin/python3 -W ignore:setup.py install is deprecated setup.py egg_info --egg-base ../../../../../build/examples_rclpy_minimal_publisher build --build-base /home/yahboom/intro_ws/build/examples_rclpy_minimal_publisher/build install --record /home/yahboom/intro_ws/build/examples_rclpy_minimal_publisher/install.log --single-version-externally-managed install_data --force
[9.433s] Level 1:colcon.colcon_core.environment:checking '/home/yahboom/intro_ws/install/examples_rclpy_minimal_client' for CMake module files
[9.434s] DEBUG:colcon.colcon_core.event_handler.log_command:Invoked command in '/home/yahboom/intro_ws/src/examples/rclpy/services/minimal_client' returned '0': PYTHONPATH=/home/yahboom/intro_ws/build/examples_rclpy_minimal_client/prefix_override:/home/yahboom/intro_ws/install/examples_rclpy_minimal_client/lib/python3.10/site-packages:${PYTHONPATH} /usr/bin/python3 -W ignore:setup.py install is deprecated setup.py egg_info --egg-base ../../../../../build/examples_rclpy_minimal_client build --build-base /home/yahboom/intro_ws/build/examples_rclpy_minimal_client/build install --record /home/yahboom/intro_ws/build/examples_rclpy_minimal_client/install.log --single-version-externally-managed install_data --force
[9.436s] Level 1:colcon.colcon_core.environment:checking '/home/yahboom/intro_ws/install/examples_rclpy_minimal_client' for CMake config files
[9.437s] Level 1:colcon.colcon_core.environment:checking '/home/yahboom/intro_ws/install/examples_rclpy_minimal_client/lib'
[9.437s] Level 1:colcon.colcon_core.environment:checking '/home/yahboom/intro_ws/install/examples_rclpy_minimal_client/bin'
[9.437s] Level 1:colcon.colcon_core.environment:checking '/home/yahboom/intro_ws/install/examples_rclpy_minimal_client/lib/pkgconfig/examples_rclpy_minimal_client.pc'
[9.437s] Level 1:colcon.colcon_core.environment:checking '/home/yahboom/intro_ws/install/examples_rclpy_minimal_client/lib/python3.10/site-packages'
[9.437s] Level 1:colcon.colcon_core.shell:create_environment_hook('examples_rclpy_minimal_client', 'pythonpath')
[9.437s] INFO:colcon.colcon_core.shell:Creating environment hook '/home/yahboom/intro_ws/install/examples_rclpy_minimal_client/share/examples_rclpy_minimal_client/hook/pythonpath.ps1'
[9.438s] INFO:colcon.colcon_core.shell:Creating environment descriptor '/home/yahboom/intro_ws/install/examples_rclpy_minimal_client/share/examples_rclpy_minimal_client/hook/pythonpath.dsv'
[9.439s] INFO:colcon.colcon_core.shell:Creating environment hook '/home/yahboom/intro_ws/install/examples_rclpy_minimal_client/share/examples_rclpy_minimal_client/hook/pythonpath.sh'
[9.440s] Level 1:colcon.colcon_core.environment:checking '/home/yahboom/intro_ws/install/examples_rclpy_minimal_client/bin'
[9.440s] Level 1:colcon.colcon_core.environment:create_environment_scripts_only(examples_rclpy_minimal_client)
[9.441s] INFO:colcon.colcon_core.shell:Creating package script '/home/yahboom/intro_ws/install/examples_rclpy_minimal_client/share/examples_rclpy_minimal_client/package.ps1'
[9.441s] INFO:colcon.colcon_core.shell:Creating package descriptor '/home/yahboom/intro_ws/install/examples_rclpy_minimal_client/share/examples_rclpy_minimal_client/package.dsv'
[9.442s] INFO:colcon.colcon_core.shell:Creating package script '/home/yahboom/intro_ws/install/examples_rclpy_minimal_client/share/examples_rclpy_minimal_client/package.sh'
[9.443s] INFO:colcon.colcon_core.shell:Creating package script '/home/yahboom/intro_ws/install/examples_rclpy_minimal_client/share/examples_rclpy_minimal_client/package.bash'
[9.444s] INFO:colcon.colcon_core.shell:Creating package script '/home/yahboom/intro_ws/install/examples_rclpy_minimal_client/share/examples_rclpy_minimal_client/package.zsh'
[9.445s] Level 1:colcon.colcon_core.environment:create_file_with_runtime_dependencies(/home/yahboom/intro_ws/install/examples_rclpy_minimal_client/share/colcon-core/packages/examples_rclpy_minimal_client)
[9.446s] INFO:colcon.colcon_ros.task.ament_python.build:Building ROS package in '/home/yahboom/intro_ws/src/examples/rclpy/topics/minimal_subscriber' with build type 'ament_python'
[9.446s] Level 1:colcon.colcon_core.shell:create_environment_hook('examples_rclpy_minimal_subscriber', 'ament_prefix_path')
[9.446s] INFO:colcon.colcon_core.shell:Creating environment hook '/home/yahboom/intro_ws/install/examples_rclpy_minimal_subscriber/share/examples_rclpy_minimal_subscriber/hook/ament_prefix_path.ps1'
[9.447s] INFO:colcon.colcon_core.shell:Creating environment descriptor '/home/yahboom/intro_ws/install/examples_rclpy_minimal_subscriber/share/examples_rclpy_minimal_subscriber/hook/ament_prefix_path.dsv'
[9.447s] INFO:colcon.colcon_core.shell:Creating environment hook '/home/yahboom/intro_ws/install/examples_rclpy_minimal_subscriber/share/examples_rclpy_minimal_subscriber/hook/ament_prefix_path.sh'
[9.448s] INFO:colcon.colcon_core.shell:Skip shell extension 'powershell' for command environment: Not usable outside of PowerShell
[9.450s] DEBUG:colcon.colcon_core.shell:Skip shell extension 'dsv' for command environment
[9.464s] Level 1:colcon.colcon_core.environment:checking '/home/yahboom/intro_ws/install/examples_rclpy_minimal_action_server' for CMake module files
[9.464s] DEBUG:colcon.colcon_core.event_handler.log_command:Invoked command in '/home/yahboom/intro_ws/src/examples/rclpy/actions/minimal_action_server' returned '0': PYTHONPATH=/home/yahboom/intro_ws/build/examples_rclpy_minimal_action_server/prefix_override:/home/yahboom/intro_ws/install/examples_rclpy_minimal_action_server/lib/python3.10/site-packages:${PYTHONPATH} /usr/bin/python3 -W ignore:setup.py install is deprecated setup.py egg_info --egg-base ../../../../../build/examples_rclpy_minimal_action_server build --build-base /home/yahboom/intro_ws/build/examples_rclpy_minimal_action_server/build install --record /home/yahboom/intro_ws/build/examples_rclpy_minimal_action_server/install.log --single-version-externally-managed install_data --force
[9.465s] Level 1:colcon.colcon_core.environment:checking '/home/yahboom/intro_ws/install/examples_rclpy_minimal_action_server' for CMake config files
[9.465s] Level 1:colcon.colcon_core.environment:checking '/home/yahboom/intro_ws/install/examples_rclpy_minimal_action_server/lib'
[9.465s] Level 1:colcon.colcon_core.environment:checking '/home/yahboom/intro_ws/install/examples_rclpy_minimal_action_server/bin'
[9.465s] Level 1:colcon.colcon_core.environment:checking '/home/yahboom/intro_ws/install/examples_rclpy_minimal_action_server/lib/pkgconfig/examples_rclpy_minimal_action_server.pc'
[9.465s] Level 1:colcon.colcon_core.environment:checking '/home/yahboom/intro_ws/install/examples_rclpy_minimal_action_server/lib/python3.10/site-packages'
[9.465s] Level 1:colcon.colcon_core.shell:create_environment_hook('examples_rclpy_minimal_action_server', 'pythonpath')
[9.465s] INFO:colcon.colcon_core.shell:Creating environment hook '/home/yahboom/intro_ws/install/examples_rclpy_minimal_action_server/share/examples_rclpy_minimal_action_server/hook/pythonpath.ps1'
[9.466s] INFO:colcon.colcon_core.shell:Creating environment descriptor '/home/yahboom/intro_ws/install/examples_rclpy_minimal_action_server/share/examples_rclpy_minimal_action_server/hook/pythonpath.dsv'
[9.468s] INFO:colcon.colcon_core.shell:Creating environment hook '/home/yahboom/intro_ws/install/examples_rclpy_minimal_action_server/share/examples_rclpy_minimal_action_server/hook/pythonpath.sh'
[9.468s] Level 1:colcon.colcon_core.environment:checking '/home/yahboom/intro_ws/install/examples_rclpy_minimal_action_server/bin'
[9.469s] Level 1:colcon.colcon_core.environment:create_environment_scripts_only(examples_rclpy_minimal_action_server)
[9.469s] INFO:colcon.colcon_core.shell:Creating package script '/home/yahboom/intro_ws/install/examples_rclpy_minimal_action_server/share/examples_rclpy_minimal_action_server/package.ps1'
[9.471s] INFO:colcon.colcon_core.shell:Creating package descriptor '/home/yahboom/intro_ws/install/examples_rclpy_minimal_action_server/share/examples_rclpy_minimal_action_server/package.dsv'
[9.472s] INFO:colcon.colcon_core.shell:Creating package script '/home/yahboom/intro_ws/install/examples_rclpy_minimal_action_server/share/examples_rclpy_minimal_action_server/package.sh'
[9.473s] INFO:colcon.colcon_core.shell:Creating package script '/home/yahboom/intro_ws/install/examples_rclpy_minimal_action_server/share/examples_rclpy_minimal_action_server/package.bash'
[9.473s] INFO:colcon.colcon_core.shell:Creating package script '/home/yahboom/intro_ws/install/examples_rclpy_minimal_action_server/share/examples_rclpy_minimal_action_server/package.zsh'
[9.474s] Level 1:colcon.colcon_core.environment:create_file_with_runtime_dependencies(/home/yahboom/intro_ws/install/examples_rclpy_minimal_action_server/share/colcon-core/packages/examples_rclpy_minimal_action_server)
[9.478s] INFO:colcon.colcon_ros.task.ament_python.build:Building ROS package in '/home/yahboom/intro_ws/src/examples/rclpy/topics/pointcloud_publisher' with build type 'ament_python'
[9.478s] Level 1:colcon.colcon_core.shell:create_environment_hook('examples_rclpy_pointcloud_publisher', 'ament_prefix_path')
[9.478s] INFO:colcon.colcon_core.shell:Creating environment hook '/home/yahboom/intro_ws/install/examples_rclpy_pointcloud_publisher/share/examples_rclpy_pointcloud_publisher/hook/ament_prefix_path.ps1'
[9.479s] DEBUG:colcon.colcon_core.event_handler.log_command:Invoked command in '/home/yahboom/intro_ws/build/examples_rclpy_minimal_service' returned '0': PYTHONPATH=/home/yahboom/intro_ws/build/examples_rclpy_minimal_service/prefix_override:/home/yahboom/intro_ws/install/examples_rclpy_minimal_service/lib/python3.10/site-packages:${PYTHONPATH} /usr/bin/python3 -W ignore:setup.py install is deprecated setup.py develop --uninstall --editable --build-directory /home/yahboom/intro_ws/build/examples_rclpy_minimal_service/build
[9.480s] DEBUG:colcon.colcon_core.event_handler.log_command:Invoking command in '/home/yahboom/intro_ws/src/examples/rclpy/services/minimal_service': PYTHONPATH=/home/yahboom/intro_ws/build/examples_rclpy_minimal_service/prefix_override:/home/yahboom/intro_ws/install/examples_rclpy_minimal_service/lib/python3.10/site-packages:${PYTHONPATH} /usr/bin/python3 -W ignore:setup.py install is deprecated setup.py egg_info --egg-base ../../../../../build/examples_rclpy_minimal_service build --build-base /home/yahboom/intro_ws/build/examples_rclpy_minimal_service/build install --record /home/yahboom/intro_ws/build/examples_rclpy_minimal_service/install.log --single-version-externally-managed install_data --force
[9.480s] INFO:colcon.colcon_core.shell:Creating environment descriptor '/home/yahboom/intro_ws/install/examples_rclpy_pointcloud_publisher/share/examples_rclpy_pointcloud_publisher/hook/ament_prefix_path.dsv'
[9.481s] INFO:colcon.colcon_core.shell:Creating environment hook '/home/yahboom/intro_ws/install/examples_rclpy_pointcloud_publisher/share/examples_rclpy_pointcloud_publisher/hook/ament_prefix_path.sh'
[9.482s] INFO:colcon.colcon_core.shell:Skip shell extension 'powershell' for command environment: Not usable outside of PowerShell
[9.482s] DEBUG:colcon.colcon_core.shell:Skip shell extension 'dsv' for command environment
[9.772s] INFO:colcon.colcon_core.task.python.build:Building Python package in '/home/yahboom/intro_ws/src/examples/rclpy/topics/minimal_subscriber'
[9.773s] INFO:colcon.colcon_core.shell:Skip shell extension 'powershell' for command environment: Not usable outside of PowerShell
[9.773s] DEBUG:colcon.colcon_core.shell:Skip shell extension 'dsv' for command environment
[10.048s] INFO:colcon.colcon_core.task.python.build:Building Python package in '/home/yahboom/intro_ws/src/examples/rclpy/topics/pointcloud_publisher'
[10.048s] INFO:colcon.colcon_core.shell:Skip shell extension 'powershell' for command environment: Not usable outside of PowerShell
[10.048s] DEBUG:colcon.colcon_core.shell:Skip shell extension 'dsv' for command environment
[10.059s] Level 1:colcon.colcon_core.environment:checking '/home/yahboom/intro_ws/install/examples_rclpy_minimal_publisher' for CMake module files
[10.059s] DEBUG:colcon.colcon_core.event_handler.log_command:Invoked command in '/home/yahboom/intro_ws/src/examples/rclpy/topics/minimal_publisher' returned '0': PYTHONPATH=/home/yahboom/intro_ws/build/examples_rclpy_minimal_publisher/prefix_override:/home/yahboom/intro_ws/install/examples_rclpy_minimal_publisher/lib/python3.10/site-packages:${PYTHONPATH} /usr/bin/python3 -W ignore:setup.py install is deprecated setup.py egg_info --egg-base ../../../../../build/examples_rclpy_minimal_publisher build --build-base /home/yahboom/intro_ws/build/examples_rclpy_minimal_publisher/build install --record /home/yahboom/intro_ws/build/examples_rclpy_minimal_publisher/install.log --single-version-externally-managed install_data --force
[10.059s] Level 1:colcon.colcon_core.environment:checking '/home/yahboom/intro_ws/install/examples_rclpy_minimal_publisher' for CMake config files
[10.060s] Level 1:colcon.colcon_core.environment:checking '/home/yahboom/intro_ws/install/examples_rclpy_minimal_publisher/lib'
[10.060s] Level 1:colcon.colcon_core.environment:checking '/home/yahboom/intro_ws/install/examples_rclpy_minimal_publisher/bin'
[10.060s] Level 1:colcon.colcon_core.environment:checking '/home/yahboom/intro_ws/install/examples_rclpy_minimal_publisher/lib/pkgconfig/examples_rclpy_minimal_publisher.pc'
[10.060s] Level 1:colcon.colcon_core.environment:checking '/home/yahboom/intro_ws/install/examples_rclpy_minimal_publisher/lib/python3.10/site-packages'
[10.060s] Level 1:colcon.colcon_core.shell:create_environment_hook('examples_rclpy_minimal_publisher', 'pythonpath')
[10.060s] INFO:colcon.colcon_core.shell:Creating environment hook '/home/yahboom/intro_ws/install/examples_rclpy_minimal_publisher/share/examples_rclpy_minimal_publisher/hook/pythonpath.ps1'
[10.061s] INFO:colcon.colcon_core.shell:Creating environment descriptor '/home/yahboom/intro_ws/install/examples_rclpy_minimal_publisher/share/examples_rclpy_minimal_publisher/hook/pythonpath.dsv'
[10.061s] INFO:colcon.colcon_core.shell:Creating environment hook '/home/yahboom/intro_ws/install/examples_rclpy_minimal_publisher/share/examples_rclpy_minimal_publisher/hook/pythonpath.sh'
[10.062s] Level 1:colcon.colcon_core.environment:checking '/home/yahboom/intro_ws/install/examples_rclpy_minimal_publisher/bin'
[10.062s] Level 1:colcon.colcon_core.environment:create_environment_scripts_only(examples_rclpy_minimal_publisher)
[10.062s] INFO:colcon.colcon_core.shell:Creating package script '/home/yahboom/intro_ws/install/examples_rclpy_minimal_publisher/share/examples_rclpy_minimal_publisher/package.ps1'
[10.063s] INFO:colcon.colcon_core.shell:Creating package descriptor '/home/yahboom/intro_ws/install/examples_rclpy_minimal_publisher/share/examples_rclpy_minimal_publisher/package.dsv'
[10.063s] INFO:colcon.colcon_core.shell:Creating package script '/home/yahboom/intro_ws/install/examples_rclpy_minimal_publisher/share/examples_rclpy_minimal_publisher/package.sh'
[10.064s] INFO:colcon.colcon_core.shell:Creating package script '/home/yahboom/intro_ws/install/examples_rclpy_minimal_publisher/share/examples_rclpy_minimal_publisher/package.bash'
[10.065s] INFO:colcon.colcon_core.shell:Creating package script '/home/yahboom/intro_ws/install/examples_rclpy_minimal_publisher/share/examples_rclpy_minimal_publisher/package.zsh'
[10.065s] Level 1:colcon.colcon_core.environment:create_file_with_runtime_dependencies(/home/yahboom/intro_ws/install/examples_rclpy_minimal_publisher/share/colcon-core/packages/examples_rclpy_minimal_publisher)
[10.068s] INFO:colcon.colcon_ros.task.ament_python.build:Building ROS package in '/home/yahboom/intro_ws/src/examples/launch_testing/launch_testing_examples' with build type 'ament_python'
[10.068s] Level 1:colcon.colcon_core.shell:create_environment_hook('launch_testing_examples', 'ament_prefix_path')
[10.068s] INFO:colcon.colcon_core.shell:Creating environment hook '/home/yahboom/intro_ws/install/launch_testing_examples/share/launch_testing_examples/hook/ament_prefix_path.ps1'
[10.069s] INFO:colcon.colcon_core.shell:Creating environment descriptor '/home/yahboom/intro_ws/install/launch_testing_examples/share/launch_testing_examples/hook/ament_prefix_path.dsv'
[10.070s] INFO:colcon.colcon_core.shell:Creating environment hook '/home/yahboom/intro_ws/install/launch_testing_examples/share/launch_testing_examples/hook/ament_prefix_path.sh'
[10.070s] INFO:colcon.colcon_core.shell:Skip shell extension 'powershell' for command environment: Not usable outside of PowerShell
[10.070s] DEBUG:colcon.colcon_core.shell:Skip shell extension 'dsv' for command environment
[10.083s] Level 1:colcon.colcon_core.environment:checking '/home/yahboom/intro_ws/install/examples_rclpy_minimal_service' for CMake module files
[10.083s] DEBUG:colcon.colcon_core.event_handler.log_command:Invoked command in '/home/yahboom/intro_ws/src/examples/rclpy/services/minimal_service' returned '0': PYTHONPATH=/home/yahboom/intro_ws/build/examples_rclpy_minimal_service/prefix_override:/home/yahboom/intro_ws/install/examples_rclpy_minimal_service/lib/python3.10/site-packages:${PYTHONPATH} /usr/bin/python3 -W ignore:setup.py install is deprecated setup.py egg_info --egg-base ../../../../../build/examples_rclpy_minimal_service build --build-base /home/yahboom/intro_ws/build/examples_rclpy_minimal_service/build install --record /home/yahboom/intro_ws/build/examples_rclpy_minimal_service/install.log --single-version-externally-managed install_data --force
[10.084s] Level 1:colcon.colcon_core.environment:checking '/home/yahboom/intro_ws/install/examples_rclpy_minimal_service' for CMake config files
[10.084s] Level 1:colcon.colcon_core.environment:checking '/home/yahboom/intro_ws/install/examples_rclpy_minimal_service/lib'
[10.084s] Level 1:colcon.colcon_core.environment:checking '/home/yahboom/intro_ws/install/examples_rclpy_minimal_service/bin'
[10.084s] Level 1:colcon.colcon_core.environment:checking '/home/yahboom/intro_ws/install/examples_rclpy_minimal_service/lib/pkgconfig/examples_rclpy_minimal_service.pc'
[10.084s] Level 1:colcon.colcon_core.environment:checking '/home/yahboom/intro_ws/install/examples_rclpy_minimal_service/lib/python3.10/site-packages'
[10.084s] Level 1:colcon.colcon_core.shell:create_environment_hook('examples_rclpy_minimal_service', 'pythonpath')
[10.084s] INFO:colcon.colcon_core.shell:Creating environment hook '/home/yahboom/intro_ws/install/examples_rclpy_minimal_service/share/examples_rclpy_minimal_service/hook/pythonpath.ps1'
[10.085s] INFO:colcon.colcon_core.shell:Creating environment descriptor '/home/yahboom/intro_ws/install/examples_rclpy_minimal_service/share/examples_rclpy_minimal_service/hook/pythonpath.dsv'
[10.086s] INFO:colcon.colcon_core.shell:Creating environment hook '/home/yahboom/intro_ws/install/examples_rclpy_minimal_service/share/examples_rclpy_minimal_service/hook/pythonpath.sh'
[10.087s] Level 1:colcon.colcon_core.environment:checking '/home/yahboom/intro_ws/install/examples_rclpy_minimal_service/bin'
[10.087s] Level 1:colcon.colcon_core.environment:create_environment_scripts_only(examples_rclpy_minimal_service)
[10.087s] INFO:colcon.colcon_core.shell:Creating package script '/home/yahboom/intro_ws/install/examples_rclpy_minimal_service/share/examples_rclpy_minimal_service/package.ps1'
[10.087s] INFO:colcon.colcon_core.shell:Creating package descriptor '/home/yahboom/intro_ws/install/examples_rclpy_minimal_service/share/examples_rclpy_minimal_service/package.dsv'
[10.088s] INFO:colcon.colcon_core.shell:Creating package script '/home/yahboom/intro_ws/install/examples_rclpy_minimal_service/share/examples_rclpy_minimal_service/package.sh'
[10.089s] INFO:colcon.colcon_core.shell:Creating package script '/home/yahboom/intro_ws/install/examples_rclpy_minimal_service/share/examples_rclpy_minimal_service/package.bash'
[10.090s] INFO:colcon.colcon_core.shell:Creating package script '/home/yahboom/intro_ws/install/examples_rclpy_minimal_service/share/examples_rclpy_minimal_service/package.zsh'
[10.090s] Level 1:colcon.colcon_core.environment:create_file_with_runtime_dependencies(/home/yahboom/intro_ws/install/examples_rclpy_minimal_service/share/colcon-core/packages/examples_rclpy_minimal_service)
[10.092s] INFO:colcon.colcon_ros.task.ament_python.build:Building ROS package in '/home/yahboom/intro_ws/src/python_parameters' with build type 'ament_python'
[10.092s] Level 1:colcon.colcon_core.shell:create_environment_hook('python_parameters', 'ament_prefix_path')
[10.092s] INFO:colcon.colcon_core.shell:Creating environment hook '/home/yahboom/intro_ws/install/python_parameters/share/python_parameters/hook/ament_prefix_path.ps1'
[10.093s] INFO:colcon.colcon_core.shell:Creating environment descriptor '/home/yahboom/intro_ws/install/python_parameters/share/python_parameters/hook/ament_prefix_path.dsv'
[10.094s] INFO:colcon.colcon_core.shell:Creating environment hook '/home/yahboom/intro_ws/install/python_parameters/share/python_parameters/hook/ament_prefix_path.sh'
[10.095s] INFO:colcon.colcon_core.shell:Skip shell extension 'powershell' for command environment: Not usable outside of PowerShell
[10.095s] DEBUG:colcon.colcon_core.shell:Skip shell extension 'dsv' for command environment
[10.373s] INFO:colcon.colcon_core.task.python.build:Building Python package in '/home/yahboom/intro_ws/src/examples/launch_testing/launch_testing_examples'
[10.373s] INFO:colcon.colcon_core.shell:Skip shell extension 'powershell' for command environment: Not usable outside of PowerShell
[10.373s] DEBUG:colcon.colcon_core.shell:Skip shell extension 'dsv' for command environment
[10.651s] INFO:colcon.colcon_core.task.python.build:Building Python package in '/home/yahboom/intro_ws/src/python_parameters'
[10.651s] INFO:colcon.colcon_core.shell:Skip shell extension 'powershell' for command environment: Not usable outside of PowerShell
[10.651s] DEBUG:colcon.colcon_core.shell:Skip shell extension 'dsv' for command environment
[10.664s] DEBUG:colcon.colcon_core.event_handler.log_command:Invoking command in '/home/yahboom/intro_ws/build/examples_rclpy_minimal_subscriber': PYTHONPATH=/home/yahboom/intro_ws/build/examples_rclpy_minimal_subscriber/prefix_override:/home/yahboom/intro_ws/install/examples_rclpy_minimal_subscriber/lib/python3.10/site-packages:${PYTHONPATH} /usr/bin/python3 -W ignore:setup.py install is deprecated setup.py develop --uninstall --editable --build-directory /home/yahboom/intro_ws/build/examples_rclpy_minimal_subscriber/build
[10.668s] DEBUG:colcon.colcon_core.event_handler.log_command:Invoking command in '/home/yahboom/intro_ws/build/examples_rclpy_pointcloud_publisher': PYTHONPATH=/home/yahboom/intro_ws/build/examples_rclpy_pointcloud_publisher/prefix_override:/home/yahboom/intro_ws/install/examples_rclpy_pointcloud_publisher/lib/python3.10/site-packages:${PYTHONPATH} /usr/bin/python3 -W ignore:setup.py install is deprecated setup.py develop --uninstall --editable --build-directory /home/yahboom/intro_ws/build/examples_rclpy_pointcloud_publisher/build
[11.024s] DEBUG:colcon.colcon_core.event_handler.log_command:Invoking command in '/home/yahboom/intro_ws/build/launch_testing_examples': PYTHONPATH=/home/yahboom/intro_ws/build/launch_testing_examples/prefix_override:/home/yahboom/intro_ws/install/launch_testing_examples/lib/python3.10/site-packages:${PYTHONPATH} /usr/bin/python3 -W ignore:setup.py install is deprecated setup.py develop --uninstall --editable --build-directory /home/yahboom/intro_ws/build/launch_testing_examples/build
[11.039s] DEBUG:colcon.colcon_core.event_handler.log_command:Invoking command in '/home/yahboom/intro_ws/build/python_parameters': PYTHONPATH=/home/yahboom/intro_ws/build/python_parameters/prefix_override:/home/yahboom/intro_ws/install/python_parameters/lib/python3.10/site-packages:${PYTHONPATH} /usr/bin/python3 -W ignore:setup.py install is deprecated setup.py develop --uninstall --editable --build-directory /home/yahboom/intro_ws/build/python_parameters/build
[11.136s] DEBUG:colcon.colcon_core.event_handler.log_command:Invoked command in '/home/yahboom/intro_ws/build/examples_rclpy_minimal_subscriber' returned '0': PYTHONPATH=/home/yahboom/intro_ws/build/examples_rclpy_minimal_subscriber/prefix_override:/home/yahboom/intro_ws/install/examples_rclpy_minimal_subscriber/lib/python3.10/site-packages:${PYTHONPATH} /usr/bin/python3 -W ignore:setup.py install is deprecated setup.py develop --uninstall --editable --build-directory /home/yahboom/intro_ws/build/examples_rclpy_minimal_subscriber/build
[11.138s] DEBUG:colcon.colcon_core.event_handler.log_command:Invoking command in '/home/yahboom/intro_ws/src/examples/rclpy/topics/minimal_subscriber': PYTHONPATH=/home/yahboom/intro_ws/build/examples_rclpy_minimal_subscriber/prefix_override:/home/yahboom/intro_ws/install/examples_rclpy_minimal_subscriber/lib/python3.10/site-packages:${PYTHONPATH} /usr/bin/python3 -W ignore:setup.py install is deprecated setup.py egg_info --egg-base ../../../../../build/examples_rclpy_minimal_subscriber build --build-base /home/yahboom/intro_ws/build/examples_rclpy_minimal_subscriber/build install --record /home/yahboom/intro_ws/build/examples_rclpy_minimal_subscriber/install.log --single-version-externally-managed install_data --force
[11.142s] DEBUG:colcon.colcon_core.event_handler.log_command:Invoked command in '/home/yahboom/intro_ws/build/examples_rclpy_pointcloud_publisher' returned '0': PYTHONPATH=/home/yahboom/intro_ws/build/examples_rclpy_pointcloud_publisher/prefix_override:/home/yahboom/intro_ws/install/examples_rclpy_pointcloud_publisher/lib/python3.10/site-packages:${PYTHONPATH} /usr/bin/python3 -W ignore:setup.py install is deprecated setup.py develop --uninstall --editable --build-directory /home/yahboom/intro_ws/build/examples_rclpy_pointcloud_publisher/build
[11.143s] DEBUG:colcon.colcon_core.event_handler.log_command:Invoking command in '/home/yahboom/intro_ws/src/examples/rclpy/topics/pointcloud_publisher': PYTHONPATH=/home/yahboom/intro_ws/build/examples_rclpy_pointcloud_publisher/prefix_override:/home/yahboom/intro_ws/install/examples_rclpy_pointcloud_publisher/lib/python3.10/site-packages:${PYTHONPATH} /usr/bin/python3 -W ignore:setup.py install is deprecated setup.py egg_info --egg-base ../../../../../build/examples_rclpy_pointcloud_publisher build --build-base /home/yahboom/intro_ws/build/examples_rclpy_pointcloud_publisher/build install --record /home/yahboom/intro_ws/build/examples_rclpy_pointcloud_publisher/install.log --single-version-externally-managed install_data --force
[11.474s] Level 1:colcon.colcon_core.environment:checking '/home/yahboom/intro_ws/install/examples_rclpy_minimal_subscriber' for CMake module files
[11.474s] DEBUG:colcon.colcon_core.event_handler.log_command:Invoked command in '/home/yahboom/intro_ws/src/examples/rclpy/topics/minimal_subscriber' returned '0': PYTHONPATH=/home/yahboom/intro_ws/build/examples_rclpy_minimal_subscriber/prefix_override:/home/yahboom/intro_ws/install/examples_rclpy_minimal_subscriber/lib/python3.10/site-packages:${PYTHONPATH} /usr/bin/python3 -W ignore:setup.py install is deprecated setup.py egg_info --egg-base ../../../../../build/examples_rclpy_minimal_subscriber build --build-base /home/yahboom/intro_ws/build/examples_rclpy_minimal_subscriber/build install --record /home/yahboom/intro_ws/build/examples_rclpy_minimal_subscriber/install.log --single-version-externally-managed install_data --force
[11.474s] Level 1:colcon.colcon_core.environment:checking '/home/yahboom/intro_ws/install/examples_rclpy_minimal_subscriber' for CMake config files
[11.475s] Level 1:colcon.colcon_core.environment:checking '/home/yahboom/intro_ws/install/examples_rclpy_minimal_subscriber/lib'
[11.475s] Level 1:colcon.colcon_core.environment:checking '/home/yahboom/intro_ws/install/examples_rclpy_minimal_subscriber/bin'
[11.475s] Level 1:colcon.colcon_core.environment:checking '/home/yahboom/intro_ws/install/examples_rclpy_minimal_subscriber/lib/pkgconfig/examples_rclpy_minimal_subscriber.pc'
[11.475s] Level 1:colcon.colcon_core.environment:checking '/home/yahboom/intro_ws/install/examples_rclpy_minimal_subscriber/lib/python3.10/site-packages'
[11.475s] Level 1:colcon.colcon_core.shell:create_environment_hook('examples_rclpy_minimal_subscriber', 'pythonpath')
[11.476s] INFO:colcon.colcon_core.shell:Creating environment hook '/home/yahboom/intro_ws/install/examples_rclpy_minimal_subscriber/share/examples_rclpy_minimal_subscriber/hook/pythonpath.ps1'
[11.477s] INFO:colcon.colcon_core.shell:Creating environment descriptor '/home/yahboom/intro_ws/install/examples_rclpy_minimal_subscriber/share/examples_rclpy_minimal_subscriber/hook/pythonpath.dsv'
[11.477s] INFO:colcon.colcon_core.shell:Creating environment hook '/home/yahboom/intro_ws/install/examples_rclpy_minimal_subscriber/share/examples_rclpy_minimal_subscriber/hook/pythonpath.sh'
[11.478s] Level 1:colcon.colcon_core.environment:checking '/home/yahboom/intro_ws/install/examples_rclpy_minimal_subscriber/bin'
[11.478s] Level 1:colcon.colcon_core.environment:create_environment_scripts_only(examples_rclpy_minimal_subscriber)
[11.478s] INFO:colcon.colcon_core.shell:Creating package script '/home/yahboom/intro_ws/install/examples_rclpy_minimal_subscriber/share/examples_rclpy_minimal_subscriber/package.ps1'
[11.479s] INFO:colcon.colcon_core.shell:Creating package descriptor '/home/yahboom/intro_ws/install/examples_rclpy_minimal_subscriber/share/examples_rclpy_minimal_subscriber/package.dsv'
[11.479s] INFO:colcon.colcon_core.shell:Creating package script '/home/yahboom/intro_ws/install/examples_rclpy_minimal_subscriber/share/examples_rclpy_minimal_subscriber/package.sh'
[11.480s] INFO:colcon.colcon_core.shell:Creating package script '/home/yahboom/intro_ws/install/examples_rclpy_minimal_subscriber/share/examples_rclpy_minimal_subscriber/package.bash'
[11.481s] INFO:colcon.colcon_core.shell:Creating package script '/home/yahboom/intro_ws/install/examples_rclpy_minimal_subscriber/share/examples_rclpy_minimal_subscriber/package.zsh'
[11.482s] Level 1:colcon.colcon_core.environment:create_file_with_runtime_dependencies(/home/yahboom/intro_ws/install/examples_rclpy_minimal_subscriber/share/colcon-core/packages/examples_rclpy_minimal_subscriber)
[11.483s] INFO:colcon.colcon_ros.task.ament_python.build:Building ROS package in '/home/yahboom/intro_ws/src/test_tf2_py' with build type 'ament_python'
[11.483s] Level 1:colcon.colcon_core.shell:create_environment_hook('test_tf2_py', 'ament_prefix_path')
[11.483s] INFO:colcon.colcon_core.shell:Creating environment hook '/home/yahboom/intro_ws/install/test_tf2_py/share/test_tf2_py/hook/ament_prefix_path.ps1'
[11.484s] INFO:colcon.colcon_core.shell:Creating environment descriptor '/home/yahboom/intro_ws/install/test_tf2_py/share/test_tf2_py/hook/ament_prefix_path.dsv'
[11.485s] INFO:colcon.colcon_core.shell:Creating environment hook '/home/yahboom/intro_ws/install/test_tf2_py/share/test_tf2_py/hook/ament_prefix_path.sh'
[11.486s] INFO:colcon.colcon_core.shell:Skip shell extension 'powershell' for command environment: Not usable outside of PowerShell
[11.486s] DEBUG:colcon.colcon_core.shell:Skip shell extension 'dsv' for command environment
[11.500s] Level 1:colcon.colcon_core.environment:checking '/home/yahboom/intro_ws/install/examples_rclpy_pointcloud_publisher' for CMake module files
[11.500s] Level 1:colcon.colcon_core.environment:checking '/home/yahboom/intro_ws/install/examples_rclpy_pointcloud_publisher' for CMake config files
[11.501s] Level 1:colcon.colcon_core.environment:checking '/home/yahboom/intro_ws/install/examples_rclpy_pointcloud_publisher/lib'
[11.501s] Level 1:colcon.colcon_core.environment:checking '/home/yahboom/intro_ws/install/examples_rclpy_pointcloud_publisher/bin'
[11.501s] Level 1:colcon.colcon_core.environment:checking '/home/yahboom/intro_ws/install/examples_rclpy_pointcloud_publisher/lib/pkgconfig/examples_rclpy_pointcloud_publisher.pc'
[11.501s] Level 1:colcon.colcon_core.environment:checking '/home/yahboom/intro_ws/install/examples_rclpy_pointcloud_publisher/lib/python3.10/site-packages'
[11.501s] Level 1:colcon.colcon_core.shell:create_environment_hook('examples_rclpy_pointcloud_publisher', 'pythonpath')
[11.501s] INFO:colcon.colcon_core.shell:Creating environment hook '/home/yahboom/intro_ws/install/examples_rclpy_pointcloud_publisher/share/examples_rclpy_pointcloud_publisher/hook/pythonpath.ps1'
[11.502s] DEBUG:colcon.colcon_core.event_handler.log_command:Invoked command in '/home/yahboom/intro_ws/src/examples/rclpy/topics/pointcloud_publisher' returned '0': PYTHONPATH=/home/yahboom/intro_ws/build/examples_rclpy_pointcloud_publisher/prefix_override:/home/yahboom/intro_ws/install/examples_rclpy_pointcloud_publisher/lib/python3.10/site-packages:${PYTHONPATH} /usr/bin/python3 -W ignore:setup.py install is deprecated setup.py egg_info --egg-base ../../../../../build/examples_rclpy_pointcloud_publisher build --build-base /home/yahboom/intro_ws/build/examples_rclpy_pointcloud_publisher/build install --record /home/yahboom/intro_ws/build/examples_rclpy_pointcloud_publisher/install.log --single-version-externally-managed install_data --force
[11.503s] INFO:colcon.colcon_core.shell:Creating environment descriptor '/home/yahboom/intro_ws/install/examples_rclpy_pointcloud_publisher/share/examples_rclpy_pointcloud_publisher/hook/pythonpath.dsv'
[11.503s] INFO:colcon.colcon_core.shell:Creating environment hook '/home/yahboom/intro_ws/install/examples_rclpy_pointcloud_publisher/share/examples_rclpy_pointcloud_publisher/hook/pythonpath.sh'
[11.504s] Level 1:colcon.colcon_core.environment:checking '/home/yahboom/intro_ws/install/examples_rclpy_pointcloud_publisher/bin'
[11.505s] Level 1:colcon.colcon_core.environment:create_environment_scripts_only(examples_rclpy_pointcloud_publisher)
[11.505s] INFO:colcon.colcon_core.shell:Creating package script '/home/yahboom/intro_ws/install/examples_rclpy_pointcloud_publisher/share/examples_rclpy_pointcloud_publisher/package.ps1'
[11.506s] INFO:colcon.colcon_core.shell:Creating package descriptor '/home/yahboom/intro_ws/install/examples_rclpy_pointcloud_publisher/share/examples_rclpy_pointcloud_publisher/package.dsv'
[11.507s] INFO:colcon.colcon_core.shell:Creating package script '/home/yahboom/intro_ws/install/examples_rclpy_pointcloud_publisher/share/examples_rclpy_pointcloud_publisher/package.sh'
[11.508s] INFO:colcon.colcon_core.shell:Creating package script '/home/yahboom/intro_ws/install/examples_rclpy_pointcloud_publisher/share/examples_rclpy_pointcloud_publisher/package.bash'
[11.508s] INFO:colcon.colcon_core.shell:Creating package script '/home/yahboom/intro_ws/install/examples_rclpy_pointcloud_publisher/share/examples_rclpy_pointcloud_publisher/package.zsh'
[11.509s] Level 1:colcon.colcon_core.environment:create_file_with_runtime_dependencies(/home/yahboom/intro_ws/install/examples_rclpy_pointcloud_publisher/share/colcon-core/packages/examples_rclpy_pointcloud_publisher)
[11.510s] INFO:colcon.colcon_ros.task.ament_python.build:Building ROS package in '/home/yahboom/intro_ws/src/time_tf2_py' with build type 'ament_python'
[11.510s] Level 1:colcon.colcon_core.shell:create_environment_hook('time_tf2_py', 'ament_prefix_path')
[11.511s] INFO:colcon.colcon_core.shell:Creating environment hook '/home/yahboom/intro_ws/install/time_tf2_py/share/time_tf2_py/hook/ament_prefix_path.ps1'
[11.512s] INFO:colcon.colcon_core.shell:Creating environment descriptor '/home/yahboom/intro_ws/install/time_tf2_py/share/time_tf2_py/hook/ament_prefix_path.dsv'
[11.512s] INFO:colcon.colcon_core.shell:Creating environment hook '/home/yahboom/intro_ws/install/time_tf2_py/share/time_tf2_py/hook/ament_prefix_path.sh'
[11.513s] INFO:colcon.colcon_core.shell:Skip shell extension 'powershell' for command environment: Not usable outside of PowerShell
[11.513s] DEBUG:colcon.colcon_core.shell:Skip shell extension 'dsv' for command environment
[11.792s] INFO:colcon.colcon_core.task.python.build:Building Python package in '/home/yahboom/intro_ws/src/test_tf2_py'
[11.792s] INFO:colcon.colcon_core.shell:Skip shell extension 'powershell' for command environment: Not usable outside of PowerShell
[11.792s] DEBUG:colcon.colcon_core.shell:Skip shell extension 'dsv' for command environment
[11.802s] DEBUG:colcon.colcon_core.event_handler.log_command:Invoked command in '/home/yahboom/intro_ws/build/launch_testing_examples' returned '0': PYTHONPATH=/home/yahboom/intro_ws/build/launch_testing_examples/prefix_override:/home/yahboom/intro_ws/install/launch_testing_examples/lib/python3.10/site-packages:${PYTHONPATH} /usr/bin/python3 -W ignore:setup.py install is deprecated setup.py develop --uninstall --editable --build-directory /home/yahboom/intro_ws/build/launch_testing_examples/build
[11.807s] DEBUG:colcon.colcon_core.event_handler.log_command:Invoking command in '/home/yahboom/intro_ws/src/examples/launch_testing/launch_testing_examples': PYTHONPATH=/home/yahboom/intro_ws/build/launch_testing_examples/prefix_override:/home/yahboom/intro_ws/install/launch_testing_examples/lib/python3.10/site-packages:${PYTHONPATH} /usr/bin/python3 -W ignore:setup.py install is deprecated setup.py egg_info --egg-base ../../../../build/launch_testing_examples build --build-base /home/yahboom/intro_ws/build/launch_testing_examples/build install --record /home/yahboom/intro_ws/build/launch_testing_examples/install.log --single-version-externally-managed install_data --force
[11.807s] DEBUG:colcon.colcon_core.event_handler.log_command:Invoked command in '/home/yahboom/intro_ws/build/python_parameters' returned '0': PYTHONPATH=/home/yahboom/intro_ws/build/python_parameters/prefix_override:/home/yahboom/intro_ws/install/python_parameters/lib/python3.10/site-packages:${PYTHONPATH} /usr/bin/python3 -W ignore:setup.py install is deprecated setup.py develop --uninstall --editable --build-directory /home/yahboom/intro_ws/build/python_parameters/build
[11.807s] DEBUG:colcon.colcon_core.event_handler.log_command:Invoking command in '/home/yahboom/intro_ws/src/python_parameters': PYTHONPATH=/home/yahboom/intro_ws/build/python_parameters/prefix_override:/home/yahboom/intro_ws/install/python_parameters/lib/python3.10/site-packages:${PYTHONPATH} /usr/bin/python3 -W ignore:setup.py install is deprecated setup.py egg_info --egg-base ../../build/python_parameters build --build-base /home/yahboom/intro_ws/build/python_parameters/build install --record /home/yahboom/intro_ws/build/python_parameters/install.log --single-version-externally-managed install_data --force
[12.093s] INFO:colcon.colcon_core.task.python.build:Building Python package in '/home/yahboom/intro_ws/src/time_tf2_py'
[12.093s] INFO:colcon.colcon_core.shell:Skip shell extension 'powershell' for command environment: Not usable outside of PowerShell
[12.093s] DEBUG:colcon.colcon_core.shell:Skip shell extension 'dsv' for command environment
[12.143s] Level 1:colcon.colcon_core.environment:checking '/home/yahboom/intro_ws/install/launch_testing_examples' for CMake module files
[12.146s] Level 1:colcon.colcon_core.environment:checking '/home/yahboom/intro_ws/install/launch_testing_examples' for CMake config files
[12.147s] Level 1:colcon.colcon_core.environment:checking '/home/yahboom/intro_ws/install/launch_testing_examples/lib'
[12.147s] Level 1:colcon.colcon_core.environment:checking '/home/yahboom/intro_ws/install/launch_testing_examples/bin'
[12.147s] Level 1:colcon.colcon_core.environment:checking '/home/yahboom/intro_ws/install/launch_testing_examples/lib/pkgconfig/launch_testing_examples.pc'
[12.147s] Level 1:colcon.colcon_core.environment:checking '/home/yahboom/intro_ws/install/launch_testing_examples/lib/python3.10/site-packages'
[12.147s] Level 1:colcon.colcon_core.shell:create_environment_hook('launch_testing_examples', 'pythonpath')
[12.147s] INFO:colcon.colcon_core.shell:Creating environment hook '/home/yahboom/intro_ws/install/launch_testing_examples/share/launch_testing_examples/hook/pythonpath.ps1'
[12.148s] DEBUG:colcon.colcon_core.event_handler.log_command:Invoked command in '/home/yahboom/intro_ws/src/examples/launch_testing/launch_testing_examples' returned '0': PYTHONPATH=/home/yahboom/intro_ws/build/launch_testing_examples/prefix_override:/home/yahboom/intro_ws/install/launch_testing_examples/lib/python3.10/site-packages:${PYTHONPATH} /usr/bin/python3 -W ignore:setup.py install is deprecated setup.py egg_info --egg-base ../../../../build/launch_testing_examples build --build-base /home/yahboom/intro_ws/build/launch_testing_examples/build install --record /home/yahboom/intro_ws/build/launch_testing_examples/install.log --single-version-externally-managed install_data --force
[12.149s] INFO:colcon.colcon_core.shell:Creating environment descriptor '/home/yahboom/intro_ws/install/launch_testing_examples/share/launch_testing_examples/hook/pythonpath.dsv'
[12.149s] INFO:colcon.colcon_core.shell:Creating environment hook '/home/yahboom/intro_ws/install/launch_testing_examples/share/launch_testing_examples/hook/pythonpath.sh'
[12.150s] Level 1:colcon.colcon_core.environment:checking '/home/yahboom/intro_ws/install/launch_testing_examples/bin'
[12.150s] Level 1:colcon.colcon_core.environment:create_environment_scripts_only(launch_testing_examples)
[12.150s] INFO:colcon.colcon_core.shell:Creating package script '/home/yahboom/intro_ws/install/launch_testing_examples/share/launch_testing_examples/package.ps1'
[12.151s] INFO:colcon.colcon_core.shell:Creating package descriptor '/home/yahboom/intro_ws/install/launch_testing_examples/share/launch_testing_examples/package.dsv'
[12.152s] INFO:colcon.colcon_core.shell:Creating package script '/home/yahboom/intro_ws/install/launch_testing_examples/share/launch_testing_examples/package.sh'
[12.152s] INFO:colcon.colcon_core.shell:Creating package script '/home/yahboom/intro_ws/install/launch_testing_examples/share/launch_testing_examples/package.bash'
[12.153s] INFO:colcon.colcon_core.shell:Creating package script '/home/yahboom/intro_ws/install/launch_testing_examples/share/launch_testing_examples/package.zsh'
[12.153s] Level 1:colcon.colcon_core.environment:create_file_with_runtime_dependencies(/home/yahboom/intro_ws/install/launch_testing_examples/share/colcon-core/packages/launch_testing_examples)
[12.154s] Level 1:colcon.colcon_core.environment:checking '/home/yahboom/intro_ws/install/python_parameters' for CMake module files
[12.155s] DEBUG:colcon.colcon_core.event_handler.log_command:Invoked command in '/home/yahboom/intro_ws/src/python_parameters' returned '0': PYTHONPATH=/home/yahboom/intro_ws/build/python_parameters/prefix_override:/home/yahboom/intro_ws/install/python_parameters/lib/python3.10/site-packages:${PYTHONPATH} /usr/bin/python3 -W ignore:setup.py install is deprecated setup.py egg_info --egg-base ../../build/python_parameters build --build-base /home/yahboom/intro_ws/build/python_parameters/build install --record /home/yahboom/intro_ws/build/python_parameters/install.log --single-version-externally-managed install_data --force
[12.155s] Level 1:colcon.colcon_core.environment:checking '/home/yahboom/intro_ws/install/python_parameters' for CMake config files
[12.156s] Level 1:colcon.colcon_core.environment:checking '/home/yahboom/intro_ws/install/python_parameters/lib'
[12.156s] Level 1:colcon.colcon_core.environment:checking '/home/yahboom/intro_ws/install/python_parameters/bin'
[12.156s] Level 1:colcon.colcon_core.environment:checking '/home/yahboom/intro_ws/install/python_parameters/lib/pkgconfig/python_parameters.pc'
[12.157s] Level 1:colcon.colcon_core.environment:checking '/home/yahboom/intro_ws/install/python_parameters/lib/python3.10/site-packages'
[12.157s] Level 1:colcon.colcon_core.shell:create_environment_hook('python_parameters', 'pythonpath')
[12.157s] INFO:colcon.colcon_core.shell:Creating environment hook '/home/yahboom/intro_ws/install/python_parameters/share/python_parameters/hook/pythonpath.ps1'
[12.158s] INFO:colcon.colcon_core.shell:Creating environment descriptor '/home/yahboom/intro_ws/install/python_parameters/share/python_parameters/hook/pythonpath.dsv'
[12.158s] INFO:colcon.colcon_core.shell:Creating environment hook '/home/yahboom/intro_ws/install/python_parameters/share/python_parameters/hook/pythonpath.sh'
[12.159s] Level 1:colcon.colcon_core.environment:checking '/home/yahboom/intro_ws/install/python_parameters/bin'
[12.159s] Level 1:colcon.colcon_core.environment:create_environment_scripts_only(python_parameters)
[12.159s] INFO:colcon.colcon_core.shell:Creating package script '/home/yahboom/intro_ws/install/python_parameters/share/python_parameters/package.ps1'
[12.160s] INFO:colcon.colcon_core.shell:Creating package descriptor '/home/yahboom/intro_ws/install/python_parameters/share/python_parameters/package.dsv'
[12.161s] INFO:colcon.colcon_core.shell:Creating package script '/home/yahboom/intro_ws/install/python_parameters/share/python_parameters/package.sh'
[12.161s] INFO:colcon.colcon_core.shell:Creating package script '/home/yahboom/intro_ws/install/python_parameters/share/python_parameters/package.bash'
[12.162s] INFO:colcon.colcon_core.shell:Creating package script '/home/yahboom/intro_ws/install/python_parameters/share/python_parameters/package.zsh'
[12.162s] Level 1:colcon.colcon_core.environment:create_file_with_runtime_dependencies(/home/yahboom/intro_ws/install/python_parameters/share/colcon-core/packages/python_parameters)
[12.163s] INFO:colcon.colcon_ros.task.ament_python.build:Building ROS package in '/home/yahboom/intro_ws/src/turtle_test' with build type 'ament_python'
[12.163s] Level 1:colcon.colcon_core.shell:create_environment_hook('turtle_test', 'ament_prefix_path')
[12.164s] INFO:colcon.colcon_core.shell:Creating environment hook '/home/yahboom/intro_ws/install/turtle_test/share/turtle_test/hook/ament_prefix_path.ps1'
[12.164s] INFO:colcon.colcon_core.shell:Creating environment descriptor '/home/yahboom/intro_ws/install/turtle_test/share/turtle_test/hook/ament_prefix_path.dsv'
[12.167s] INFO:colcon.colcon_core.shell:Creating environment hook '/home/yahboom/intro_ws/install/turtle_test/share/turtle_test/hook/ament_prefix_path.sh'
[12.169s] INFO:colcon.colcon_core.shell:Skip shell extension 'powershell' for command environment: Not usable outside of PowerShell
[12.169s] DEBUG:colcon.colcon_core.shell:Skip shell extension 'dsv' for command environment
[12.469s] INFO:colcon.colcon_core.task.python.build:Building Python package in '/home/yahboom/intro_ws/src/turtle_test'
[12.469s] INFO:colcon.colcon_core.shell:Skip shell extension 'powershell' for command environment: Not usable outside of PowerShell
[12.470s] DEBUG:colcon.colcon_core.shell:Skip shell extension 'dsv' for command environment
[12.483s] DEBUG:colcon.colcon_core.event_handler.log_command:Invoking command in '/home/yahboom/intro_ws/build/test_tf2_py': PYTHONPATH=/home/yahboom/intro_ws/build/test_tf2_py/prefix_override:/home/yahboom/intro_ws/install/test_tf2_py/lib/python3.10/site-packages:${PYTHONPATH} /usr/bin/python3 -W ignore:setup.py install is deprecated setup.py develop --uninstall --editable --build-directory /home/yahboom/intro_ws/build/test_tf2_py/build
[12.484s] DEBUG:colcon.colcon_core.event_handler.log_command:Invoking command in '/home/yahboom/intro_ws/build/time_tf2_py': PYTHONPATH=/home/yahboom/intro_ws/build/time_tf2_py/prefix_override:/home/yahboom/intro_ws/install/time_tf2_py/lib/python3.10/site-packages:${PYTHONPATH} /usr/bin/python3 -W ignore:setup.py install is deprecated setup.py develop --uninstall --editable --build-directory /home/yahboom/intro_ws/build/time_tf2_py/build
[12.849s] DEBUG:colcon.colcon_core.event_handler.log_command:Invoking command in '/home/yahboom/intro_ws/build/turtle_test': LD_LIBRARY_PATH=/home/yahboom/intro_ws/install/turtle_interfaces/lib:/home/yahboom/intro_ws/install/examples_rclcpp_wait_set/lib:/home/yahboom/intro_ws/install/examples_rclcpp_minimal_subscriber/lib:/home/yahboom/intro_ws/install/examples_rclcpp_minimal_composition/lib:/home/yahboom/cartoros2/install/yahboom_web_savmap_interfaces/lib:/home/yahboom/cartoros2/install/yahboom_msgs/lib:/home/yahboom/cartoros2/install/yahboom_color_identify_interfaces/lib:/home/yahboom/cartoros2/install/yahboom_attitude_record_interfaces/lib:/home/yahboom/cartoros2/install/nav2_smoother/lib:/home/yahboom/cartoros2/install/nav2_graceful_controller/lib:/home/yahboom/cartoros2/install/nav2_controller/lib:/home/yahboom/cartoros2/install/dwb_plugins/lib:/home/yahboom/cartoros2/install/dwb_critics/lib:/home/yahboom/cartoros2/install/dwb_core/lib:/home/yahboom/cartoros2/install/nav_2d_utils/lib:/home/yahboom/cartoros2/install/dwb_msgs/lib:/home/yahboom/cartoros2/install/nav_2d_msgs/lib:/home/yahboom/cartoros2/install/nav2_waypoint_follower/lib:/home/yahboom/cartoros2/install/nav2_theta_star_planner/lib:/home/yahboom/cartoros2/install/nav2_smac_planner/lib:/home/yahboom/cartoros2/install/nav2_rotation_shim_controller/lib:/home/yahboom/cartoros2/install/nav2_regulated_pure_pursuit_controller/lib:/home/yahboom/cartoros2/install/nav2_planner/lib:/home/yahboom/cartoros2/install/nav2_navfn_planner/lib:/home/yahboom/cartoros2/install/nav2_mppi_controller/lib:/home/yahboom/cartoros2/install/nav2_constrained_smoother/lib:/home/yahboom/cartoros2/install/nav2_bt_navigator/lib:/home/yahboom/cartoros2/install/nav2_behaviors/lib:/home/yahboom/cartoros2/install/nav2_collision_monitor/lib:/home/yahboom/cartoros2/install/costmap_queue/lib:/home/yahboom/cartoros2/install/nav2_costmap_2d/lib:/home/yahboom/cartoros2/install/nav2_voxel_grid/lib:/home/yahboom/cartoros2/install/nav2_velocity_smoother/lib:/home/yahboom/cartoros2/install/nav2_rviz_plugins/lib:/home/yahboom/cartoros2/install/nav2_map_server/lib:/home/yahboom/cartoros2/install/nav2_lifecycle_manager/lib:/home/yahboom/cartoros2/install/nav2_behavior_tree/lib:/home/yahboom/cartoros2/install/nav2_amcl/lib:/home/yahboom/cartoros2/install/nav2_util/lib:/home/yahboom/cartoros2/install/nav2_msgs/lib:/home/yahboom/cartoros2/install/image_color_lab/lib:/home/yahboom/cartoros2/install/dynamixel_sdk_custom_interfaces/lib:/home/yahboom/cartoros2/install/dynamixel_sdk/lib:/home/yahboom/cartoros2/install/csm/lib:/home/yahboom/cartoros2/install/champ_msgs/lib:/home/yahboom/cartoros2/install/cartographer_ros_msgs/lib:/home/yahboom/yahboomcar_ws/install/yahboom_dog_msgs/lib:/home/yahboom/yahboomcar_ws/install/dynamixel_sdk_custom_interfaces/lib:/home/yahboom/yahboomcar_ws/install/dynamixel_sdk/lib:/home/yahboom/yahboomcar_ws/install/champ_msgs/lib:/home/yahboom/gmapping_ws/install/openslam_gmapping/lib:/usr/lib/x86_64-linux-gnu/gazebo-11/plugins:/opt/ros/humble/opt/rviz_ogre_vendor/lib:/opt/ros/humble/lib/x86_64-linux-gnu:/opt/ros/humble/lib:/opt/ros/humble/include/std_msgs/std_msgs/msg/:/usr/lib/jvm/java-11-openjdk-amd64/lib/:/usr/lib/jvm/java-11-openjdk-amd64/lib/server/ PYTHONPATH=/home/yahboom/intro_ws/build/turtle_test/prefix_override:/home/yahboom/intro_ws/install/turtle_test/lib/python3.10/site-packages:${PYTHONPATH} /usr/bin/python3 -W ignore:setup.py install is deprecated setup.py develop --uninstall --editable --build-directory /home/yahboom/intro_ws/build/turtle_test/build
[12.947s] DEBUG:colcon.colcon_core.event_handler.log_command:Invoked command in '/home/yahboom/intro_ws/build/time_tf2_py' returned '0': PYTHONPATH=/home/yahboom/intro_ws/build/time_tf2_py/prefix_override:/home/yahboom/intro_ws/install/time_tf2_py/lib/python3.10/site-packages:${PYTHONPATH} /usr/bin/python3 -W ignore:setup.py install is deprecated setup.py develop --uninstall --editable --build-directory /home/yahboom/intro_ws/build/time_tf2_py/build
[12.947s] DEBUG:colcon.colcon_core.event_handler.log_command:Invoking command in '/home/yahboom/intro_ws/src/time_tf2_py': PYTHONPATH=/home/yahboom/intro_ws/build/time_tf2_py/prefix_override:/home/yahboom/intro_ws/install/time_tf2_py/lib/python3.10/site-packages:${PYTHONPATH} /usr/bin/python3 -W ignore:setup.py install is deprecated setup.py egg_info --egg-base ../../build/time_tf2_py build --build-base /home/yahboom/intro_ws/build/time_tf2_py/build install --record /home/yahboom/intro_ws/build/time_tf2_py/install.log --single-version-externally-managed install_data --force
[12.949s] DEBUG:colcon.colcon_core.event_handler.log_command:Invoked command in '/home/yahboom/intro_ws/build/test_tf2_py' returned '0': PYTHONPATH=/home/yahboom/intro_ws/build/test_tf2_py/prefix_override:/home/yahboom/intro_ws/install/test_tf2_py/lib/python3.10/site-packages:${PYTHONPATH} /usr/bin/python3 -W ignore:setup.py install is deprecated setup.py develop --uninstall --editable --build-directory /home/yahboom/intro_ws/build/test_tf2_py/build
[12.952s] DEBUG:colcon.colcon_core.event_handler.log_command:Invoking command in '/home/yahboom/intro_ws/src/test_tf2_py': PYTHONPATH=/home/yahboom/intro_ws/build/test_tf2_py/prefix_override:/home/yahboom/intro_ws/install/test_tf2_py/lib/python3.10/site-packages:${PYTHONPATH} /usr/bin/python3 -W ignore:setup.py install is deprecated setup.py egg_info --egg-base ../../build/test_tf2_py build --build-base /home/yahboom/intro_ws/build/test_tf2_py/build install --record /home/yahboom/intro_ws/build/test_tf2_py/install.log --single-version-externally-managed install_data --force
[13.278s] Level 1:colcon.colcon_core.environment:checking '/home/yahboom/intro_ws/install/time_tf2_py' for CMake module files
[13.279s] DEBUG:colcon.colcon_core.event_handler.log_command:Invoked command in '/home/yahboom/intro_ws/src/time_tf2_py' returned '0': PYTHONPATH=/home/yahboom/intro_ws/build/time_tf2_py/prefix_override:/home/yahboom/intro_ws/install/time_tf2_py/lib/python3.10/site-packages:${PYTHONPATH} /usr/bin/python3 -W ignore:setup.py install is deprecated setup.py egg_info --egg-base ../../build/time_tf2_py build --build-base /home/yahboom/intro_ws/build/time_tf2_py/build install --record /home/yahboom/intro_ws/build/time_tf2_py/install.log --single-version-externally-managed install_data --force
[13.279s] Level 1:colcon.colcon_core.environment:checking '/home/yahboom/intro_ws/install/time_tf2_py' for CMake config files
[13.279s] Level 1:colcon.colcon_core.environment:checking '/home/yahboom/intro_ws/install/time_tf2_py/lib'
[13.280s] Level 1:colcon.colcon_core.environment:checking '/home/yahboom/intro_ws/install/time_tf2_py/bin'
[13.280s] Level 1:colcon.colcon_core.environment:checking '/home/yahboom/intro_ws/install/time_tf2_py/lib/pkgconfig/time_tf2_py.pc'
[13.280s] Level 1:colcon.colcon_core.environment:checking '/home/yahboom/intro_ws/install/time_tf2_py/lib/python3.10/site-packages'
[13.280s] Level 1:colcon.colcon_core.shell:create_environment_hook('time_tf2_py', 'pythonpath')
[13.280s] INFO:colcon.colcon_core.shell:Creating environment hook '/home/yahboom/intro_ws/install/time_tf2_py/share/time_tf2_py/hook/pythonpath.ps1'
[13.281s] INFO:colcon.colcon_core.shell:Creating environment descriptor '/home/yahboom/intro_ws/install/time_tf2_py/share/time_tf2_py/hook/pythonpath.dsv'
[13.282s] INFO:colcon.colcon_core.shell:Creating environment hook '/home/yahboom/intro_ws/install/time_tf2_py/share/time_tf2_py/hook/pythonpath.sh'
[13.282s] Level 1:colcon.colcon_core.environment:checking '/home/yahboom/intro_ws/install/time_tf2_py/bin'
[13.283s] Level 1:colcon.colcon_core.environment:create_environment_scripts_only(time_tf2_py)
[13.283s] INFO:colcon.colcon_core.shell:Creating package script '/home/yahboom/intro_ws/install/time_tf2_py/share/time_tf2_py/package.ps1'
[13.283s] INFO:colcon.colcon_core.shell:Creating package descriptor '/home/yahboom/intro_ws/install/time_tf2_py/share/time_tf2_py/package.dsv'
[13.284s] INFO:colcon.colcon_core.shell:Creating package script '/home/yahboom/intro_ws/install/time_tf2_py/share/time_tf2_py/package.sh'
[13.285s] INFO:colcon.colcon_core.shell:Creating package script '/home/yahboom/intro_ws/install/time_tf2_py/share/time_tf2_py/package.bash'
[13.286s] INFO:colcon.colcon_core.shell:Creating package script '/home/yahboom/intro_ws/install/time_tf2_py/share/time_tf2_py/package.zsh'
[13.286s] Level 1:colcon.colcon_core.environment:create_file_with_runtime_dependencies(/home/yahboom/intro_ws/install/time_tf2_py/share/colcon-core/packages/time_tf2_py)
[13.288s] Level 1:colcon.colcon_core.environment:checking '/home/yahboom/intro_ws/install/test_tf2_py' for CMake module files
[13.288s] Level 1:colcon.colcon_core.environment:checking '/home/yahboom/intro_ws/install/test_tf2_py' for CMake config files
[13.289s] Level 1:colcon.colcon_core.environment:checking '/home/yahboom/intro_ws/install/test_tf2_py/lib'
[13.289s] Level 1:colcon.colcon_core.environment:checking '/home/yahboom/intro_ws/install/test_tf2_py/bin'
[13.289s] Level 1:colcon.colcon_core.environment:checking '/home/yahboom/intro_ws/install/test_tf2_py/lib/pkgconfig/test_tf2_py.pc'
[13.289s] Level 1:colcon.colcon_core.environment:checking '/home/yahboom/intro_ws/install/test_tf2_py/lib/python3.10/site-packages'
[13.289s] Level 1:colcon.colcon_core.shell:create_environment_hook('test_tf2_py', 'pythonpath')
[13.290s] INFO:colcon.colcon_core.shell:Creating environment hook '/home/yahboom/intro_ws/install/test_tf2_py/share/test_tf2_py/hook/pythonpath.ps1'
[13.290s] DEBUG:colcon.colcon_core.event_handler.log_command:Invoked command in '/home/yahboom/intro_ws/src/test_tf2_py' returned '0': PYTHONPATH=/home/yahboom/intro_ws/build/test_tf2_py/prefix_override:/home/yahboom/intro_ws/install/test_tf2_py/lib/python3.10/site-packages:${PYTHONPATH} /usr/bin/python3 -W ignore:setup.py install is deprecated setup.py egg_info --egg-base ../../build/test_tf2_py build --build-base /home/yahboom/intro_ws/build/test_tf2_py/build install --record /home/yahboom/intro_ws/build/test_tf2_py/install.log --single-version-externally-managed install_data --force
[13.291s] INFO:colcon.colcon_core.shell:Creating environment descriptor '/home/yahboom/intro_ws/install/test_tf2_py/share/test_tf2_py/hook/pythonpath.dsv'
[13.291s] INFO:colcon.colcon_core.shell:Creating environment hook '/home/yahboom/intro_ws/install/test_tf2_py/share/test_tf2_py/hook/pythonpath.sh'
[13.292s] Level 1:colcon.colcon_core.environment:checking '/home/yahboom/intro_ws/install/test_tf2_py/bin'
[13.292s] Level 1:colcon.colcon_core.environment:create_environment_scripts_only(test_tf2_py)
[13.292s] INFO:colcon.colcon_core.shell:Creating package script '/home/yahboom/intro_ws/install/test_tf2_py/share/test_tf2_py/package.ps1'
[13.293s] INFO:colcon.colcon_core.shell:Creating package descriptor '/home/yahboom/intro_ws/install/test_tf2_py/share/test_tf2_py/package.dsv'
[13.294s] INFO:colcon.colcon_core.shell:Creating package script '/home/yahboom/intro_ws/install/test_tf2_py/share/test_tf2_py/package.sh'
[13.294s] INFO:colcon.colcon_core.shell:Creating package script '/home/yahboom/intro_ws/install/test_tf2_py/share/test_tf2_py/package.bash'
[13.295s] INFO:colcon.colcon_core.shell:Creating package script '/home/yahboom/intro_ws/install/test_tf2_py/share/test_tf2_py/package.zsh'
[13.296s] Level 1:colcon.colcon_core.environment:create_file_with_runtime_dependencies(/home/yahboom/intro_ws/install/test_tf2_py/share/colcon-core/packages/test_tf2_py)
[13.323s] DEBUG:colcon.colcon_core.event_handler.log_command:Invoked command in '/home/yahboom/intro_ws/build/turtle_test' returned '0': LD_LIBRARY_PATH=/home/yahboom/intro_ws/install/turtle_interfaces/lib:/home/yahboom/intro_ws/install/examples_rclcpp_wait_set/lib:/home/yahboom/intro_ws/install/examples_rclcpp_minimal_subscriber/lib:/home/yahboom/intro_ws/install/examples_rclcpp_minimal_composition/lib:/home/yahboom/cartoros2/install/yahboom_web_savmap_interfaces/lib:/home/yahboom/cartoros2/install/yahboom_msgs/lib:/home/yahboom/cartoros2/install/yahboom_color_identify_interfaces/lib:/home/yahboom/cartoros2/install/yahboom_attitude_record_interfaces/lib:/home/yahboom/cartoros2/install/nav2_smoother/lib:/home/yahboom/cartoros2/install/nav2_graceful_controller/lib:/home/yahboom/cartoros2/install/nav2_controller/lib:/home/yahboom/cartoros2/install/dwb_plugins/lib:/home/yahboom/cartoros2/install/dwb_critics/lib:/home/yahboom/cartoros2/install/dwb_core/lib:/home/yahboom/cartoros2/install/nav_2d_utils/lib:/home/yahboom/cartoros2/install/dwb_msgs/lib:/home/yahboom/cartoros2/install/nav_2d_msgs/lib:/home/yahboom/cartoros2/install/nav2_waypoint_follower/lib:/home/yahboom/cartoros2/install/nav2_theta_star_planner/lib:/home/yahboom/cartoros2/install/nav2_smac_planner/lib:/home/yahboom/cartoros2/install/nav2_rotation_shim_controller/lib:/home/yahboom/cartoros2/install/nav2_regulated_pure_pursuit_controller/lib:/home/yahboom/cartoros2/install/nav2_planner/lib:/home/yahboom/cartoros2/install/nav2_navfn_planner/lib:/home/yahboom/cartoros2/install/nav2_mppi_controller/lib:/home/yahboom/cartoros2/install/nav2_constrained_smoother/lib:/home/yahboom/cartoros2/install/nav2_bt_navigator/lib:/home/yahboom/cartoros2/install/nav2_behaviors/lib:/home/yahboom/cartoros2/install/nav2_collision_monitor/lib:/home/yahboom/cartoros2/install/costmap_queue/lib:/home/yahboom/cartoros2/install/nav2_costmap_2d/lib:/home/yahboom/cartoros2/install/nav2_voxel_grid/lib:/home/yahboom/cartoros2/install/nav2_velocity_smoother/lib:/home/yahboom/cartoros2/install/nav2_rviz_plugins/lib:/home/yahboom/cartoros2/install/nav2_map_server/lib:/home/yahboom/cartoros2/install/nav2_lifecycle_manager/lib:/home/yahboom/cartoros2/install/nav2_behavior_tree/lib:/home/yahboom/cartoros2/install/nav2_amcl/lib:/home/yahboom/cartoros2/install/nav2_util/lib:/home/yahboom/cartoros2/install/nav2_msgs/lib:/home/yahboom/cartoros2/install/image_color_lab/lib:/home/yahboom/cartoros2/install/dynamixel_sdk_custom_interfaces/lib:/home/yahboom/cartoros2/install/dynamixel_sdk/lib:/home/yahboom/cartoros2/install/csm/lib:/home/yahboom/cartoros2/install/champ_msgs/lib:/home/yahboom/cartoros2/install/cartographer_ros_msgs/lib:/home/yahboom/yahboomcar_ws/install/yahboom_dog_msgs/lib:/home/yahboom/yahboomcar_ws/install/dynamixel_sdk_custom_interfaces/lib:/home/yahboom/yahboomcar_ws/install/dynamixel_sdk/lib:/home/yahboom/yahboomcar_ws/install/champ_msgs/lib:/home/yahboom/gmapping_ws/install/openslam_gmapping/lib:/usr/lib/x86_64-linux-gnu/gazebo-11/plugins:/opt/ros/humble/opt/rviz_ogre_vendor/lib:/opt/ros/humble/lib/x86_64-linux-gnu:/opt/ros/humble/lib:/opt/ros/humble/include/std_msgs/std_msgs/msg/:/usr/lib/jvm/java-11-openjdk-amd64/lib/:/usr/lib/jvm/java-11-openjdk-amd64/lib/server/ PYTHONPATH=/home/yahboom/intro_ws/build/turtle_test/prefix_override:/home/yahboom/intro_ws/install/turtle_test/lib/python3.10/site-packages:${PYTHONPATH} /usr/bin/python3 -W ignore:setup.py install is deprecated setup.py develop --uninstall --editable --build-directory /home/yahboom/intro_ws/build/turtle_test/build
[13.325s] DEBUG:colcon.colcon_core.event_handler.log_command:Invoking command in '/home/yahboom/intro_ws/src/turtle_test': LD_LIBRARY_PATH=/home/yahboom/intro_ws/install/turtle_interfaces/lib:/home/yahboom/intro_ws/install/examples_rclcpp_wait_set/lib:/home/yahboom/intro_ws/install/examples_rclcpp_minimal_subscriber/lib:/home/yahboom/intro_ws/install/examples_rclcpp_minimal_composition/lib:/home/yahboom/cartoros2/install/yahboom_web_savmap_interfaces/lib:/home/yahboom/cartoros2/install/yahboom_msgs/lib:/home/yahboom/cartoros2/install/yahboom_color_identify_interfaces/lib:/home/yahboom/cartoros2/install/yahboom_attitude_record_interfaces/lib:/home/yahboom/cartoros2/install/nav2_smoother/lib:/home/yahboom/cartoros2/install/nav2_graceful_controller/lib:/home/yahboom/cartoros2/install/nav2_controller/lib:/home/yahboom/cartoros2/install/dwb_plugins/lib:/home/yahboom/cartoros2/install/dwb_critics/lib:/home/yahboom/cartoros2/install/dwb_core/lib:/home/yahboom/cartoros2/install/nav_2d_utils/lib:/home/yahboom/cartoros2/install/dwb_msgs/lib:/home/yahboom/cartoros2/install/nav_2d_msgs/lib:/home/yahboom/cartoros2/install/nav2_waypoint_follower/lib:/home/yahboom/cartoros2/install/nav2_theta_star_planner/lib:/home/yahboom/cartoros2/install/nav2_smac_planner/lib:/home/yahboom/cartoros2/install/nav2_rotation_shim_controller/lib:/home/yahboom/cartoros2/install/nav2_regulated_pure_pursuit_controller/lib:/home/yahboom/cartoros2/install/nav2_planner/lib:/home/yahboom/cartoros2/install/nav2_navfn_planner/lib:/home/yahboom/cartoros2/install/nav2_mppi_controller/lib:/home/yahboom/cartoros2/install/nav2_constrained_smoother/lib:/home/yahboom/cartoros2/install/nav2_bt_navigator/lib:/home/yahboom/cartoros2/install/nav2_behaviors/lib:/home/yahboom/cartoros2/install/nav2_collision_monitor/lib:/home/yahboom/cartoros2/install/costmap_queue/lib:/home/yahboom/cartoros2/install/nav2_costmap_2d/lib:/home/yahboom/cartoros2/install/nav2_voxel_grid/lib:/home/yahboom/cartoros2/install/nav2_velocity_smoother/lib:/home/yahboom/cartoros2/install/nav2_rviz_plugins/lib:/home/yahboom/cartoros2/install/nav2_map_server/lib:/home/yahboom/cartoros2/install/nav2_lifecycle_manager/lib:/home/yahboom/cartoros2/install/nav2_behavior_tree/lib:/home/yahboom/cartoros2/install/nav2_amcl/lib:/home/yahboom/cartoros2/install/nav2_util/lib:/home/yahboom/cartoros2/install/nav2_msgs/lib:/home/yahboom/cartoros2/install/image_color_lab/lib:/home/yahboom/cartoros2/install/dynamixel_sdk_custom_interfaces/lib:/home/yahboom/cartoros2/install/dynamixel_sdk/lib:/home/yahboom/cartoros2/install/csm/lib:/home/yahboom/cartoros2/install/champ_msgs/lib:/home/yahboom/cartoros2/install/cartographer_ros_msgs/lib:/home/yahboom/yahboomcar_ws/install/yahboom_dog_msgs/lib:/home/yahboom/yahboomcar_ws/install/dynamixel_sdk_custom_interfaces/lib:/home/yahboom/yahboomcar_ws/install/dynamixel_sdk/lib:/home/yahboom/yahboomcar_ws/install/champ_msgs/lib:/home/yahboom/gmapping_ws/install/openslam_gmapping/lib:/usr/lib/x86_64-linux-gnu/gazebo-11/plugins:/opt/ros/humble/opt/rviz_ogre_vendor/lib:/opt/ros/humble/lib/x86_64-linux-gnu:/opt/ros/humble/lib:/opt/ros/humble/include/std_msgs/std_msgs/msg/:/usr/lib/jvm/java-11-openjdk-amd64/lib/:/usr/lib/jvm/java-11-openjdk-amd64/lib/server/ PYTHONPATH=/home/yahboom/intro_ws/build/turtle_test/prefix_override:/home/yahboom/intro_ws/install/turtle_test/lib/python3.10/site-packages:${PYTHONPATH} /usr/bin/python3 -W ignore:setup.py install is deprecated setup.py egg_info --egg-base ../../build/turtle_test build --build-base /home/yahboom/intro_ws/build/turtle_test/build install --record /home/yahboom/intro_ws/build/turtle_test/install.log --single-version-externally-managed install_data --force
[13.630s] Level 1:colcon.colcon_core.environment:checking '/home/yahboom/intro_ws/install/turtle_test' for CMake module files
[13.631s] DEBUG:colcon.colcon_core.event_handler.log_command:Invoked command in '/home/yahboom/intro_ws/src/turtle_test' returned '0': LD_LIBRARY_PATH=/home/yahboom/intro_ws/install/turtle_interfaces/lib:/home/yahboom/intro_ws/install/examples_rclcpp_wait_set/lib:/home/yahboom/intro_ws/install/examples_rclcpp_minimal_subscriber/lib:/home/yahboom/intro_ws/install/examples_rclcpp_minimal_composition/lib:/home/yahboom/cartoros2/install/yahboom_web_savmap_interfaces/lib:/home/yahboom/cartoros2/install/yahboom_msgs/lib:/home/yahboom/cartoros2/install/yahboom_color_identify_interfaces/lib:/home/yahboom/cartoros2/install/yahboom_attitude_record_interfaces/lib:/home/yahboom/cartoros2/install/nav2_smoother/lib:/home/yahboom/cartoros2/install/nav2_graceful_controller/lib:/home/yahboom/cartoros2/install/nav2_controller/lib:/home/yahboom/cartoros2/install/dwb_plugins/lib:/home/yahboom/cartoros2/install/dwb_critics/lib:/home/yahboom/cartoros2/install/dwb_core/lib:/home/yahboom/cartoros2/install/nav_2d_utils/lib:/home/yahboom/cartoros2/install/dwb_msgs/lib:/home/yahboom/cartoros2/install/nav_2d_msgs/lib:/home/yahboom/cartoros2/install/nav2_waypoint_follower/lib:/home/yahboom/cartoros2/install/nav2_theta_star_planner/lib:/home/yahboom/cartoros2/install/nav2_smac_planner/lib:/home/yahboom/cartoros2/install/nav2_rotation_shim_controller/lib:/home/yahboom/cartoros2/install/nav2_regulated_pure_pursuit_controller/lib:/home/yahboom/cartoros2/install/nav2_planner/lib:/home/yahboom/cartoros2/install/nav2_navfn_planner/lib:/home/yahboom/cartoros2/install/nav2_mppi_controller/lib:/home/yahboom/cartoros2/install/nav2_constrained_smoother/lib:/home/yahboom/cartoros2/install/nav2_bt_navigator/lib:/home/yahboom/cartoros2/install/nav2_behaviors/lib:/home/yahboom/cartoros2/install/nav2_collision_monitor/lib:/home/yahboom/cartoros2/install/costmap_queue/lib:/home/yahboom/cartoros2/install/nav2_costmap_2d/lib:/home/yahboom/cartoros2/install/nav2_voxel_grid/lib:/home/yahboom/cartoros2/install/nav2_velocity_smoother/lib:/home/yahboom/cartoros2/install/nav2_rviz_plugins/lib:/home/yahboom/cartoros2/install/nav2_map_server/lib:/home/yahboom/cartoros2/install/nav2_lifecycle_manager/lib:/home/yahboom/cartoros2/install/nav2_behavior_tree/lib:/home/yahboom/cartoros2/install/nav2_amcl/lib:/home/yahboom/cartoros2/install/nav2_util/lib:/home/yahboom/cartoros2/install/nav2_msgs/lib:/home/yahboom/cartoros2/install/image_color_lab/lib:/home/yahboom/cartoros2/install/dynamixel_sdk_custom_interfaces/lib:/home/yahboom/cartoros2/install/dynamixel_sdk/lib:/home/yahboom/cartoros2/install/csm/lib:/home/yahboom/cartoros2/install/champ_msgs/lib:/home/yahboom/cartoros2/install/cartographer_ros_msgs/lib:/home/yahboom/yahboomcar_ws/install/yahboom_dog_msgs/lib:/home/yahboom/yahboomcar_ws/install/dynamixel_sdk_custom_interfaces/lib:/home/yahboom/yahboomcar_ws/install/dynamixel_sdk/lib:/home/yahboom/yahboomcar_ws/install/champ_msgs/lib:/home/yahboom/gmapping_ws/install/openslam_gmapping/lib:/usr/lib/x86_64-linux-gnu/gazebo-11/plugins:/opt/ros/humble/opt/rviz_ogre_vendor/lib:/opt/ros/humble/lib/x86_64-linux-gnu:/opt/ros/humble/lib:/opt/ros/humble/include/std_msgs/std_msgs/msg/:/usr/lib/jvm/java-11-openjdk-amd64/lib/:/usr/lib/jvm/java-11-openjdk-amd64/lib/server/ PYTHONPATH=/home/yahboom/intro_ws/build/turtle_test/prefix_override:/home/yahboom/intro_ws/install/turtle_test/lib/python3.10/site-packages:${PYTHONPATH} /usr/bin/python3 -W ignore:setup.py install is deprecated setup.py egg_info --egg-base ../../build/turtle_test build --build-base /home/yahboom/intro_ws/build/turtle_test/build install --record /home/yahboom/intro_ws/build/turtle_test/install.log --single-version-externally-managed install_data --force
[13.631s] Level 1:colcon.colcon_core.environment:checking '/home/yahboom/intro_ws/install/turtle_test' for CMake config files
[13.631s] Level 1:colcon.colcon_core.environment:checking '/home/yahboom/intro_ws/install/turtle_test/lib'
[13.631s] Level 1:colcon.colcon_core.environment:checking '/home/yahboom/intro_ws/install/turtle_test/bin'
[13.631s] Level 1:colcon.colcon_core.environment:checking '/home/yahboom/intro_ws/install/turtle_test/lib/pkgconfig/turtle_test.pc'
[13.632s] Level 1:colcon.colcon_core.environment:checking '/home/yahboom/intro_ws/install/turtle_test/lib/python3.10/site-packages'
[13.632s] Level 1:colcon.colcon_core.shell:create_environment_hook('turtle_test', 'pythonpath')
[13.632s] INFO:colcon.colcon_core.shell:Creating environment hook '/home/yahboom/intro_ws/install/turtle_test/share/turtle_test/hook/pythonpath.ps1'
[13.633s] INFO:colcon.colcon_core.shell:Creating environment descriptor '/home/yahboom/intro_ws/install/turtle_test/share/turtle_test/hook/pythonpath.dsv'
[13.633s] INFO:colcon.colcon_core.shell:Creating environment hook '/home/yahboom/intro_ws/install/turtle_test/share/turtle_test/hook/pythonpath.sh'
[13.636s] Level 1:colcon.colcon_core.environment:checking '/home/yahboom/intro_ws/install/turtle_test/bin'
[13.636s] Level 1:colcon.colcon_core.environment:create_environment_scripts_only(turtle_test)
[13.636s] INFO:colcon.colcon_core.shell:Creating package script '/home/yahboom/intro_ws/install/turtle_test/share/turtle_test/package.ps1'
[13.637s] INFO:colcon.colcon_core.shell:Creating package descriptor '/home/yahboom/intro_ws/install/turtle_test/share/turtle_test/package.dsv'
[13.637s] INFO:colcon.colcon_core.shell:Creating package script '/home/yahboom/intro_ws/install/turtle_test/share/turtle_test/package.sh'
[13.638s] INFO:colcon.colcon_core.shell:Creating package script '/home/yahboom/intro_ws/install/turtle_test/share/turtle_test/package.bash'
[13.638s] INFO:colcon.colcon_core.shell:Creating package script '/home/yahboom/intro_ws/install/turtle_test/share/turtle_test/package.zsh'
[13.639s] Level 1:colcon.colcon_core.environment:create_file_with_runtime_dependencies(/home/yahboom/intro_ws/install/turtle_test/share/colcon-core/packages/turtle_test)
[13.640s] DEBUG:colcon.colcon_parallel_executor.executor.parallel:closing loop
[13.640s] DEBUG:colcon.colcon_parallel_executor.executor.parallel:loop closed
[13.640s] DEBUG:colcon.colcon_parallel_executor.executor.parallel:run_until_complete finished with '0'
[13.640s] DEBUG:colcon.colcon_core.event_reactor:joining thread
[13.650s] INFO:colcon.colcon_core.plugin_system:Skipping extension 'colcon_notification.desktop_notification.terminal_notifier': Not used on non-Darwin systems
[13.650s] INFO:colcon.colcon_core.plugin_system:Skipping extension 'colcon_notification.desktop_notification.win32': Not used on non-Windows systems
[13.650s] INFO:colcon.colcon_notification.desktop_notification:Sending desktop notification using 'notify2'
[13.660s] DEBUG:colcon.colcon_core.event_reactor:joined thread
[13.661s] INFO:colcon.colcon_core.shell:Creating prefix script '/home/yahboom/intro_ws/install/local_setup.ps1'
[13.663s] INFO:colcon.colcon_core.shell:Creating prefix util module '/home/yahboom/intro_ws/install/_local_setup_util_ps1.py'
[13.664s] INFO:colcon.colcon_core.shell:Creating prefix chain script '/home/yahboom/intro_ws/install/setup.ps1'
[13.670s] INFO:colcon.colcon_core.shell:Creating prefix script '/home/yahboom/intro_ws/install/local_setup.sh'
[13.671s] INFO:colcon.colcon_core.shell:Creating prefix util module '/home/yahboom/intro_ws/install/_local_setup_util_sh.py'
[13.671s] INFO:colcon.colcon_core.shell:Creating prefix chain script '/home/yahboom/intro_ws/install/setup.sh'
[13.677s] INFO:colcon.colcon_core.shell:Creating prefix script '/home/yahboom/intro_ws/install/local_setup.bash'
[13.677s] INFO:colcon.colcon_core.shell:Creating prefix chain script '/home/yahboom/intro_ws/install/setup.bash'
[13.682s] INFO:colcon.colcon_core.shell:Creating prefix script '/home/yahboom/intro_ws/install/local_setup.zsh'
[13.683s] INFO:colcon.colcon_core.shell:Creating prefix chain script '/home/yahboom/intro_ws/install/setup.zsh'
